name,rule,grid_size,boundary,initial_density,repeat,seed,mean_density,final_density,activity,late_activity,growth,extinct
Conway Life,B3/S23,25,toroidal,0.1,0,20263440,0.01055364238410596,0.0096,0.00128,0.0,-0.0055637504356919,False
Conway Life,B3/S23,25,dead,0.1,0,20263440,0.01055364238410596,0.0096,0.00128,0.0,-0.0055637504356919,False
Conway Life,B3/S23,25,toroidal,0.1,1,20263441,0.07907814569536424,0.0576,0.0552,0.05797333333333333,0.023888741721854217,False
Conway Life,B3/S23,25,dead,0.1,1,20263441,0.041038410596026496,0.0384,0.011679999999999998,0.006399999999999999,-0.013103380968978765,False
Conway Life,B3/S23,25,toroidal,0.1,2,20263442,0.025907284768211927,0.0256,0.025461333333333343,0.025599999999999994,-0.0018646218194492913,False
Conway Life,B3/S23,25,dead,0.1,2,20263442,0.032095364238410605,0.032,0.025312000000000008,0.025599999999999994,-0.0006374346462182343,False
Conway Life,B3/S23,25,toroidal,0.1,3,20263443,0.06209271523178809,0.0624,0.047744,0.07226666666666669,0.031318787033809685,False
Conway Life,B3/S23,25,dead,0.1,3,20263443,0.06247417218543048,0.0384,0.05362133333333334,0.06607999999999999,0.032115998605785956,False
Conway Life,B3/S23,25,toroidal,0.1,4,20263444,0.04308344370860928,0.0256,0.024202666666666664,0.006399999999999999,-0.06781066573719076,False
Conway Life,B3/S23,25,dead,0.1,4,20263444,0.04313642384105961,0.0112,0.03560533333333333,0.006399999999999999,-0.08916472638550023,False
Conway Life,B3/S23,25,toroidal,0.1,5,20263445,0.0168794701986755,0.016,0.0076053333333333355,0.006399999999999999,-0.005173091669571302,False
Conway Life,B3/S23,25,dead,0.1,5,20263445,0.0010596026490066223,0.0,0.00112,0.0,-0.006232136632973176,True
Conway Life,B3/S23,25,toroidal,0.1,6,20263446,0.035592052980132446,0.0208,0.018624000000000005,0.006399999999999999,-0.052416869989543466,False
Conway Life,B3/S23,25,dead,0.1,6,20263446,0.05099867549668874,0.04,0.040704000000000004,0.03200000000000001,-0.029925967235970782,False
Conway Life,B3/S23,25,toroidal,0.1,7,20263447,0.016392052980132455,0.016,0.0008320000000000001,0.0,-0.0023280585569885183,False
Conway Life,B3/S23,25,dead,0.1,7,20263447,0.01951788079470199,0.0192,0.0008533333333333333,0.0,-0.0018939003136981694,False
Conway Life,B3/S23,25,toroidal,0.1,8,20263448,0.007258278145695365,0.0064,0.0009173333333333335,0.0,-0.005044266294876276,False
Conway Life,B3/S23,25,dead,0.1,8,20263448,0.007237086092715233,0.0064,0.0008960000000000001,0.0,-0.004920460090623934,False
Conway Life,B3/S23,25,toroidal,0.1,9,20263449,0.0798728476821192,0.024,0.06102400000000001,0.01626666666666667,-0.0535980481003835,False
Conway Life,B3/S23,25,dead,0.1,9,20263449,0.047205298013245044,0.0304,0.023477333333333336,0.006399999999999999,-0.05835454862321375,False
Conway Life,B3/S23,25,toroidal,0.3,0,20263460,0.13905165562913907,0.08,0.11646933333333331,0.07728,-0.14910115022656012,False
Conway Life,B3/S23,25,dead,0.3,0,20263460,0.06935099337748345,0.0624,0.05256533333333333,0.056319999999999995,-0.056626280934123495,False
Conway Life,B3/S23,25,toroidal,0.3,1,20263461,0.12033907284768211,0.0832,0.10318933333333333,0.08837333333333333,-0.13900090623910788,False
Conway Life,B3/S23,25,dead,0.3,1,20263461,0.05874437086092715,0.016,0.041856,0.0,-0.18235984663645874,False
Conway Life,B3/S23,25,toroidal,0.3,2,20263462,0.11581456953642384,0.0384,0.09625599999999998,0.04245333333333335,-0.13369229696758464,False
Conway Life,B3/S23,25,dead,0.3,2,20263462,0.11056953642384104,0.104,0.06919466666666667,0.06341333333333334,-0.10867842453816694,False
Conway Life,B3/S23,25,toroidal,0.3,3,20263463,0.15014569536423839,0.1136,0.123008,0.07866666666666668,-0.11446887417218567,False
Conway Life,B3/S23,25,dead,0.3,3,20263463,0.11337748344370861,0.056,0.06830933333333335,0.0,-0.18924280237016394,False
Conway Life,B3/S23,25,toroidal,0.3,4,20263464,0.10802649006622517,0.0192,0.09780266666666666,0.018080000000000002,-0.2635541303590102,False
Conway Life,B3/S23,25,dead,0.3,4,20263464,0.11788079470198673,0.0832,0.09929600000000001,0.05397333333333333,-0.14510254444057183,False
Conway Life,B3/S23,25,toroidal,0.3,5,20263465,0.11650331125827813,0.0528,0.09294933333333333,0.07578666666666665,-0.13617594980829564,False
Conway Life,B3/S23,25,dead,0.3,5,20263465,0.1074225165562914,0.0256,0.09012266666666667,0.07429333333333335,-0.07102042523527366,False
Conway Life,B3/S23,25,toroidal,0.3,6,20263466,0.15621721854304635,0.1344,0.13288533333333336,0.12208,-0.07274032764029306,False
Conway Life,B3/S23,25,dead,0.3,6,20263466,0.0800953642384106,0.0544,0.062528,0.029333333333333333,-0.12352847682119214,False
Conway Life,B3/S23,25,toroidal,0.3,7,20263467,0.10544105960264902,0.032,0.07797333333333333,0.0037333333333333333,-0.2118616939700246,False
Conway Life,B3/S23,25,dead,0.3,7,20263467,0.08721589403973509,0.0368,0.05432533333333333,0.006399999999999999,-0.1991556639944233,False
Conway Life,B3/S23,25,toroidal,0.3,8,20263468,0.12590198675496692,0.0352,0.10571733333333334,0.07338666666666666,-0.1239316835134196,False
Conway Life,B3/S23,25,dead,0.3,8,20263468,0.10989139072847684,0.0976,0.08104533333333333,0.05621333333333333,-0.08697051237364956,False
Conway Life,B3/S23,25,toroidal,0.3,9,20263469,0.07544370860927152,0.0272,0.05418666666666667,0.006399999999999999,-0.21340927152317898,False
Conway Life,B3/S23,25,dead,0.3,9,20263469,0.07955496688741721,0.0336,0.04797866666666666,0.0,-0.16460871383757428,False
Conway Life,B3/S23,25,toroidal,0.5,0,20263480,0.09263046357615895,0.0192,0.07796266666666667,0.006826666666666667,-0.23577051237364957,False
Conway Life,B3/S23,25,dead,0.5,0,20263480,0.09708079470198674,0.0512,0.050592,0.0,-0.16525367723945658,False
Conway Life,B3/S23,25,toroidal,0.5,1,20263481,0.12958940397350993,0.12,0.10650666666666667,0.04634666666666666,-0.1633279888462882,False
Conway Life,B3/S23,25,dead,0.5,1,20263481,0.1067019867549669,0.0304,0.08144000000000001,0.020319999999999998,-0.20299783896828189,False
Conway Life,B3/S23,25,toroidal,0.5,2,20263482,0.12370860927152318,0.0304,0.10842666666666666,0.03200000000000001,-0.2094608574416176,False
Conway Life,B3/S23,25,dead,0.5,2,20263482,0.10811125827814572,0.048,0.07844266666666666,0.012799999999999997,-0.20687096549320358,False
Conway Life,B3/S23,25,toroidal,0.5,3,20263483,0.07998940397350993,0.0112,0.06771200000000001,0.006399999999999999,-0.24390324154757792,False
Conway Life,B3/S23,25,dead,0.5,3,20263483,0.07824105960264902,0.0352,0.056799999999999996,0.012799999999999997,-0.16855545486232149,False
Conway Life,B3/S23,25,toroidal,0.5,4,20263484,0.12486357615894039,0.0192,0.09848533333333333,0.010133333333333333,-0.22269724642732677,False
Conway Life,B3/S23,25,dead,0.5,4,20263484,0.06950993377483446,0.0464,0.029525333333333337,0.006399999999999999,-0.1179881491808995,False
Conway Life,B3/S23,25,toroidal,0.5,5,20263485,0.1581880794701987,0.1888,0.1335466666666667,0.15781333333333333,0.010295991634715814,False
Conway Life,B3/S23,25,dead,0.5,5,20263485,0.13285298013245034,0.1104,0.095392,0.07295999999999998,-0.04352875566399473,False
Conway Life,B3/S23,25,toroidal,0.5,6,20263486,0.12039205298013243,0.0512,0.09124266666666667,0.023573333333333328,-0.2339903799233185,False
Conway Life,B3/S23,25,dead,0.5,6,20263486,0.10024900662251657,0.0368,0.07166933333333332,0.003253333333333333,-0.16031230393865498,False
Conway Life,B3/S23,25,toroidal,0.5,7,20263487,0.12998145695364238,0.1152,0.10624,0.08821333333333331,-0.1041795747647266,False
Conway Life,B3/S23,25,dead,0.5,7,20263487,0.1133774834437086,0.0496,0.07081599999999999,0.006399999999999999,-0.2000858835831301,False
Conway Life,B3/S23,25,toroidal,0.5,8,20263488,0.09559735099337748,0.0912,0.07914666666666667,0.04170666666666666,-0.18666378529104224,False
Conway Life,B3/S23,25,dead,0.5,8,20263488,0.11534834437086093,0.1104,0.08253866666666668,0.07754666666666665,-0.11949390031369844,False
Conway Life,B3/S23,25,toroidal,0.5,9,20263489,0.1441271523178808,0.064,0.122816,0.06325333333333334,-0.2135180202161036,False
Conway Life,B3/S23,25,dead,0.5,9,20263489,0.0672635761589404,0.0,0.05674666666666666,0.0,-0.24108079470198696,True
Conway Life,B3/S23,50,toroidal,0.1,0,20265940,0.05127947019867549,0.1028,0.04054666666666667,0.07224,0.05936946671314048,False
Conway Life,B3/S23,50,dead,0.1,0,20265940,0.04169801324503311,0.0564,0.03507999999999999,0.05189333333333333,0.034514534681073544,False
Conway Life,B3/S23,50,toroidal,0.1,1,20265941,0.02595496688741722,0.0188,0.010301333333333332,0.0015999999999999996,-0.024264761240850488,False
Conway Life,B3/S23,50,dead,0.1,1,20265941,0.0252635761589404,0.0212,0.008018666666666665,0.0015999999999999996,-0.012810386894388338,False
Conway Life,B3/S23,50,toroidal,0.1,2,20265942,0.014376158940397355,0.0128,0.01413066666666667,0.012799999999999997,-0.008732938306029977,False
Conway Life,B3/S23,50,dead,0.1,2,20265942,0.01277615894039735,0.0112,0.01411466666666667,0.012799999999999997,-0.00873440223074244,False
Conway Life,B3/S23,50,toroidal,0.1,3,20265943,0.048368211920529806,0.0316,0.036616,0.019946666666666665,-0.03277120948065534,False
Conway Life,B3/S23,50,dead,0.1,3,20265943,0.055229139072847676,0.0264,0.044165333333333334,0.04194666666666667,-0.01338089926803767,False
Conway Life,B3/S23,50,toroidal,0.1,4,20265944,0.04867814569536424,0.0532,0.033386666666666676,0.046786666666666664,0.030973719065876582,False
Conway Life,B3/S23,50,dead,0.1,4,20265944,0.055147019867549676,0.05,0.04004266666666667,0.03469333333333333,-0.002481561519693299,False
Conway Life,B3/S23,50,toroidal,0.1,5,20265945,0.043634437086092714,0.0396,0.024824000000000002,0.020906666666666667,-0.011906727082607248,False
Conway Life,B3/S23,50,dead,0.1,5,20265945,0.04645562913907285,0.0348,0.02388,0.010066666666666668,-0.01265772046009072,False
Conway Life,B3/S23,50,toroidal,0.1,6,20265946,0.06030198675496688,0.0628,0.03854400000000001,0.04138666666666666,-0.006647263855001814,False
Conway Life,B3/S23,50,dead,0.1,6,20265946,0.042712582781456954,0.04,0.019037333333333337,0.017906666666666668,0.0062154060648309285,False
Conway Life,B3/S23,50,toroidal,0.1,7,20265947,0.039499337748344375,0.0236,0.020218666666666666,0.0031999999999999993,-0.04912011153712099,False
Conway Life,B3/S23,50,dead,0.1,7,20265947,0.03819867549668875,0.0312,0.019784,0.014293333333333332,-0.019738306029975644,False
Conway Life,B3/S23,50,toroidal,0.1,8,20265948,0.06418807947019867,0.0636,0.05226133333333333,0.047760000000000004,-0.016011362844196606,False
Conway Life,B3/S23,50,dead,0.1,8,20265948,0.06143576158940396,0.0416,0.043640000000000005,0.03473333333333333,-0.0031123039386546135,False
Conway Life,B3/S23,50,toroidal,0.1,9,20265949,0.03451655629139073,0.042,0.022487999999999998,0.03473333333333333,0.023217218543046335,False
Conway Life,B3/S23,50,dead,0.1,9,20265949,0.036786754966887415,0.06,0.021653333333333333,0.02290666666666667,0.018024468455907938,False
Conway Life,B3/S23,50,toroidal,0.3,0,20265960,0.12292185430463576,0.0804,0.10495466666666665,0.060653333333333344,-0.1484440571627747,False
Conway Life,B3/S23,50,dead,0.3,0,20265960,0.12826490066225166,0.0912,0.09924533333333332,0.06485333333333335,-0.12458856744510309,False
Conway Life,B3/S23,50,toroidal,0.3,1,20265961,0.1366569536423841,0.0912,0.11554133333333333,0.08105333333333334,-0.1390161728825377,False
Conway Life,B3/S23,50,dead,0.3,1,20265961,0.1155205298013245,0.0716,0.09425333333333333,0.05638666666666666,-0.1353442314395263,False
Conway Life,B3/S23,50,toroidal,0.3,2,20265962,0.13943046357615893,0.0768,0.11814399999999999,0.07099999999999998,-0.15393272917392825,False
Conway Life,B3/S23,50,dead,0.3,2,20265962,0.10769006622516558,0.0732,0.08555466666666668,0.057973333333333335,-0.13600257929592202,False
Conway Life,B3/S23,50,toroidal,0.3,3,20265963,0.11355761589403972,0.0436,0.08316,0.023920000000000007,-0.19847828511676555,False
Conway Life,B3/S23,50,dead,0.3,3,20265963,0.09228609271523178,0.0676,0.06870666666666668,0.03022666666666667,-0.16138055071453483,False
Conway Life,B3/S23,50,toroidal,0.3,4,20265964,0.14646092715231787,0.0824,0.12684533333333334,0.09412000000000001,-0.14064489369118213,False
Conway Life,B3/S23,50,dead,0.3,4,20265964,0.09776423841059602,0.034,0.07562133333333335,0.023146666666666666,-0.19851341930986438,False
Conway Life,B3/S23,50,toroidal,0.3,5,20265965,0.10111788079470198,0.0688,0.07932266666666665,0.03834666666666667,-0.14410623910770318,False
Conway Life,B3/S23,50,dead,0.3,5,20265965,0.09958940397350992,0.0728,0.06858133333333334,0.03850666666666667,-0.11322767514813542,False
Conway Life,B3/S23,50,toroidal,0.3,6,20265966,0.1449774834437086,0.084,0.12319466666666666,0.09682666666666664,-0.13469780411293145,False
Conway Life,B3/S23,50,dead,0.3,6,20265966,0.10228344370860927,0.028,0.08294933333333333,0.019440000000000006,-0.21946490066225183,False
Conway Life,B3/S23,50,toroidal,0.3,7,20265967,0.13768741721854305,0.1188,0.11686400000000001,0.07408,-0.13093551760195207,False
Conway Life,B3/S23,50,dead,0.3,7,20265967,0.10646887417218545,0.046,0.08294399999999999,0.025093333333333332,-0.17946964098989218,False
Conway Life,B3/S23,50,toroidal,0.3,8,20265968,0.12522913907284766,0.094,0.10414133333333335,0.05256,-0.16238375740676206,False
Conway Life,B3/S23,50,dead,0.3,8,20265968,0.11388079470198674,0.0576,0.092592,0.045599999999999995,-0.15119728128267695,False
Conway Life,B3/S23,50,toroidal,0.3,9,20265969,0.13055099337748344,0.1228,0.10739199999999999,0.082,-0.11552687347507848,False
Conway Life,B3/S23,50,dead,0.3,9,20265969,0.12000794701986756,0.0792,0.08541599999999999,0.05306666666666666,-0.11630170791216471,False
Conway Life,B3/S23,50,toroidal,0.5,0,20265980,0.1333933774834437,0.1016,0.113408,0.08770666666666666,-0.08145465318926468,False
Conway Life,B3/S23,50,dead,0.5,0,20265980,0.12482913907284768,0.0764,0.095608,0.057293333333333335,-0.12608093412338814,False
Conway Life,B3/S23,50,toroidal,0.5,1,20265981,0.12533509933774833,0.082,0.09968533333333333,0.05710666666666666,-0.1594506796793309,False
Conway Life,B3/S23,50,dead,0.5,1,20265981,0.095041059602649,0.0644,0.07242133333333334,0.04761333333333333,-0.12614869292436404,False
Conway Life,B3/S23,50,toroidal,0.5,2,20265982,0.1225880794701987,0.1384,0.10359466666666667,0.08940000000000001,-0.0811681422098293,False
Conway Life,B3/S23,50,dead,0.5,2,20265982,0.09965033112582782,0.066,0.08262666666666667,0.05293333333333334,-0.15063638898570955,False
Conway Life,B3/S23,50,toroidal,0.5,3,20265983,0.15353112582781456,0.1144,0.12870666666666664,0.08365333333333334,-0.13356535378180562,False
Conway Life,B3/S23,50,dead,0.5,3,20265983,0.08520794701986756,0.0236,0.06506133333333333,0.012519999999999998,-0.1811247124433604,False
Conway Life,B3/S23,50,toroidal,0.5,4,20265984,0.11544900662251656,0.0644,0.09571999999999999,0.05250666666666667,-0.16549187870338133,False
Conway Life,B3/S23,50,dead,0.5,4,20265984,0.11218807947019868,0.078,0.07939466666666667,0.0336,-0.14612791913558745,False
Conway Life,B3/S23,50,toroidal,0.5,5,20265985,0.12591788079470198,0.0796,0.10466933333333335,0.05801333333333333,-0.1450860230045315,False
Conway Life,B3/S23,50,dead,0.5,5,20265985,0.10391788079470199,0.086,0.08158133333333334,0.06137333333333334,-0.13047312652492177,False
Conway Life,B3/S23,50,toroidal,0.5,6,20265986,0.10698278145695364,0.0436,0.08804533333333332,0.0316,-0.17340230045311986,False
Conway Life,B3/S23,50,dead,0.5,6,20265986,0.1187205298013245,0.054,0.09302133333333333,0.04691999999999999,-0.16110637852910445,False
Conway Life,B3/S23,50,toroidal,0.5,7,20265987,0.12047152317880794,0.06,0.09701333333333333,0.03870666666666667,-0.17790135935866172,False
Conway Life,B3/S23,50,dead,0.5,7,20265987,0.10652185430463577,0.0744,0.08416533333333334,0.06065333333333333,-0.12909390031369825,False
Conway Life,B3/S23,50,toroidal,0.5,8,20265988,0.1138092715231788,0.0508,0.09098933333333334,0.032093333333333335,-0.17904844893691207,False
Conway Life,B3/S23,50,dead,0.5,8,20265988,0.1160980132450331,0.0648,0.08666133333333334,0.03439999999999999,-0.16891934471941458,False
Conway Life,B3/S23,50,toroidal,0.5,9,20265989,0.118958940397351,0.1208,0.09549866666666666,0.08114666666666666,-0.11844656674799614,False
Conway Life,B3/S23,50,dead,0.5,9,20265989,0.12088211920529801,0.0608,0.09562133333333334,0.05118666666666667,-0.15840104566050922,False
Conway Life,B3/S23,100,toroidal,0.1,0,20270940,0.04068807947019868,0.0414,0.028888666666666674,0.02741333333333333,-0.00350615196932732,False
Conway Life,B3/S23,100,dead,0.1,0,20270940,0.03678344370860927,0.0354,0.02378733333333333,0.01929333333333333,-0.008312791913558803,False
Conway Life,B3/S23,100,toroidal,0.1,1,20270941,0.05278940397350993,0.0541,0.04081599999999999,0.04138666666666667,0.005273527361449938,False
Conway Life,B3/S23,100,dead,0.1,1,20270941,0.04785629139072848,0.0454,0.03475533333333333,0.029576666666666664,-0.010905141164168734,False
Conway Life,B3/S23,100,toroidal,0.1,2,20270942,0.0508317880794702,0.0674,0.035822,0.03837,0.005767654234925023,False
Conway Life,B3/S23,100,dead,0.1,2,20270942,0.048615894039735104,0.0587,0.030745333333333336,0.03308666666666667,0.004368403624956407,False
Conway Life,B3/S23,100,toroidal,0.1,3,20270943,0.04292582781456954,0.0503,0.031220666666666664,0.03068666666666667,0.009731021261763683,False
Conway Life,B3/S23,100,dead,0.1,3,20270943,0.0442251655629139,0.0559,0.032062,0.03823333333333333,0.022265772046009043,False
Conway Life,B3/S23,100,toroidal,0.1,4,20270944,0.046229801324503314,0.0501,0.033022666666666665,0.032356666666666666,0.0029518473335656513,False
Conway Life,B3/S23,100,dead,0.1,4,20270944,0.03680529801324503,0.0325,0.024178666666666668,0.017693333333333332,-0.01453421052631587,False
Conway Life,B3/S23,100,toroidal,0.1,5,20270945,0.0335953642384106,0.0326,0.021432,0.01866,-0.009474782154060711,False
Conway Life,B3/S23,100,dead,0.1,5,20270945,0.03070397350993378,0.0266,0.019008,0.014379999999999999,-0.01436978041129317,False
Conway Life,B3/S23,100,toroidal,0.1,6,20270946,0.05056622516556292,0.0356,0.036436,0.023273333333333337,-0.018266329731613868,False
Conway Life,B3/S23,100,dead,0.1,6,20270946,0.04473841059602649,0.0404,0.032705333333333336,0.030499999999999996,-0.02062967933077733,False
Conway Life,B3/S23,100,toroidal,0.1,7,20270947,0.05141258278145695,0.0616,0.03372333333333333,0.03585,0.01613658069013591,False
Conway Life,B3/S23,100,dead,0.1,7,20270947,0.04538211920529801,0.0538,0.028874,0.03263666666666667,0.010381056117113938,False
Conway Life,B3/S23,100,toroidal,0.1,8,20270948,0.05023311258278146,0.0317,0.03514933333333333,0.024390000000000002,-0.01661455210874874,False
Conway Life,B3/S23,100,dead,0.1,8,20270948,0.04140662251655629,0.0388,0.02730466666666666,0.022643333333333335,-0.013144684559079866,False
Conway Life,B3/S23,100,toroidal,0.1,9,20270949,0.059020529801324516,0.0612,0.037248666666666666,0.037353333333333336,0.023624085047054686,False
Conway Life,B3/S23,100,dead,0.1,9,20270949,0.054266225165562905,0.0431,0.03471866666666667,0.028726666666666668,0.0071688393168351,False
Conway Life,B3/S23,100,toroidal,0.3,0,20270960,0.11994635761589403,0.0779,0.09909133333333334,0.0611,-0.14100250958522154,False
Conway Life,B3/S23,100,dead,0.3,0,20270960,0.10870529801324501,0.0627,0.08759,0.04879666666666666,-0.14949546880446168,False
Conway Life,B3/S23,100,toroidal,0.3,1,20270961,0.11696092715231786,0.0814,0.09587533333333333,0.05694333333333333,-0.1543498954339494,False
Conway Life,B3/S23,100,dead,0.3,1,20270961,0.11669536423841059,0.0722,0.09211933333333334,0.04808666666666666,-0.15222762286511007,False
Conway Life,B3/S23,100,toroidal,0.3,2,20270962,0.12720198675496688,0.0788,0.10535266666666668,0.06845666666666667,-0.1293390554200072,False
Conway Life,B3/S23,100,dead,0.3,2,20270962,0.10858278145695364,0.0805,0.085376,0.05767,-0.12201739281979798,False
Conway Life,B3/S23,100,toroidal,0.3,3,20270963,0.1280748344370861,0.0879,0.106212,0.06537,-0.14394599163471614,False
Conway Life,B3/S23,100,dead,0.3,3,20270963,0.1188139072847682,0.0747,0.09574666666666667,0.0552,-0.1492806901359362,False
Conway Life,B3/S23,100,toroidal,0.3,4,20270964,0.13374701986754967,0.0968,0.11223666666666667,0.08410000000000002,-0.10749390031369839,False
Conway Life,B3/S23,100,dead,0.3,4,20270964,0.10969470198675497,0.0622,0.088978,0.0537,-0.14253419309864085,False
Conway Life,B3/S23,100,toroidal,0.3,5,20270965,0.1365185430463576,0.1027,0.11588799999999999,0.08186000000000002,-0.12462647263855019,False
Conway Life,B3/S23,100,dead,0.3,5,20270965,0.11686622516556293,0.0762,0.09104466666666668,0.05342999999999999,-0.15264499825723274,False
Conway Life,B3/S23,100,toroidal,0.3,6,20270966,0.12576688741721853,0.0915,0.102028,0.06753,-0.12984426629487655,False
Conway Life,B3/S23,100,dead,0.3,6,20270966,0.10394966887417219,0.0502,0.08113266666666666,0.03496333333333333,-0.152185378180551,False
Conway Life,B3/S23,100,toroidal,0.3,7,20270967,0.12367549668874173,0.0709,0.10329666666666666,0.057870000000000005,-0.14905263157894763,False
Conway Life,B3/S23,100,dead,0.3,7,20270967,0.11673046357615895,0.0681,0.092674,0.04281999999999999,-0.1648356221680028,False
Conway Life,B3/S23,100,toroidal,0.3,8,20270968,0.13122980132450332,0.0724,0.11109066666666668,0.06649666666666668,-0.14892762286510988,False
Conway Life,B3/S23,100,dead,0.3,8,20270968,0.1219430463576159,0.0863,0.09801,0.06625666666666667,-0.13671148483792278,False
Conway Life,B3/S23,100,toroidal,0.3,9,20270969,0.12528807947019865,0.0819,0.102422,0.06694,-0.13993128267689112,False
Conway Life,B3/S23,100,dead,0.3,9,20270969,0.12084370860927152,0.0688,0.09718533333333333,0.053493333333333344,-0.14648553502962713,False
Conway Life,B3/S23,100,toroidal,0.5,0,20270980,0.10944172185430462,0.0733,0.08358933333333333,0.04608666666666667,-0.13916747995817383,False
Conway Life,B3/S23,100,dead,0.5,0,20270980,0.1179384105960265,0.0742,0.09449666666666667,0.05241333333333333,-0.13328611014290725,False
Conway Life,B3/S23,100,toroidal,0.5,1,20270981,0.1261496688741722,0.0795,0.10411133333333333,0.07021333333333332,-0.13447042523527378,False
Conway Life,B3/S23,100,dead,0.5,1,20270981,0.11843443708609272,0.0737,0.09282466666666667,0.05369999999999999,-0.1284351341930989,False
Conway Life,B3/S23,100,toroidal,0.5,2,20270982,0.12413907284768212,0.0927,0.10387533333333332,0.06924333333333334,-0.11936052631578972,False
Conway Life,B3/S23,100,dead,0.5,2,20270982,0.1222384105960265,0.0752,0.09803333333333333,0.060493333333333336,-0.13224452771000356,False
Conway Life,B3/S23,100,toroidal,0.5,3,20270983,0.13285827814569534,0.1094,0.10992866666666666,0.08090666666666668,-0.11583780062739651,False
Conway Life,B3/S23,100,dead,0.5,3,20270983,0.12714238410596027,0.0836,0.10259666666666666,0.06865333333333332,-0.12834222725688404,False
Conway Life,B3/S23,100,toroidal,0.5,4,20270984,0.11671192052980135,0.0678,0.09308133333333334,0.040793333333333334,-0.16500820843499492,False
Conway Life,B3/S23,100,dead,0.5,4,20270984,0.10784172185430466,0.0655,0.08316333333333333,0.044070000000000005,-0.156023370512374,False
Conway Life,B3/S23,100,toroidal,0.5,5,20270985,0.11735298013245034,0.0736,0.09415066666666667,0.05802666666666667,-0.12839273265946344,False
Conway Life,B3/S23,100,dead,0.5,5,20270985,0.11981854304635764,0.0795,0.09599400000000001,0.06064,-0.1313385674451031,False
Conway Life,B3/S23,100,toroidal,0.5,6,20270986,0.12547880794701985,0.094,0.10534333333333334,0.08057333333333332,-0.10122626350644844,False
Conway Life,B3/S23,100,dead,0.5,6,20270986,0.11659006622516556,0.0688,0.09258066666666667,0.05290333333333333,-0.13491493551760225,False
Conway Life,B3/S23,100,toroidal,0.5,7,20270987,0.12350264900662253,0.0889,0.10157,0.07097666666666667,-0.1358126350644826,False
Conway Life,B3/S23,100,dead,0.5,7,20270987,0.11209470198675497,0.0798,0.09021599999999999,0.06479333333333334,-0.11523257232485207,False
Conway Life,B3/S23,100,toroidal,0.5,8,20270988,0.12076291390728479,0.078,0.09759533333333335,0.06674333333333334,-0.13816626002091348,False
Conway Life,B3/S23,100,dead,0.5,8,20270988,0.11439072847682119,0.089,0.08848999999999999,0.06078666666666666,-0.12294008365284091,False
Conway Life,B3/S23,100,toroidal,0.5,9,20270989,0.12047748344370858,0.0828,0.100268,0.06675000000000002,-0.12406584175670993,False
Conway Life,B3/S23,100,dead,0.5,9,20270989,0.1171748344370861,0.0812,0.09346533333333333,0.06082,-0.12489097246427357,False
HighLife,B36/S23,25,toroidal,0.1,0,20363440,0.018405298013245038,0.0176,0.001312,0.0,-0.004695433949111201,False
HighLife,B36/S23,25,dead,0.1,0,20363440,0.027814569536423847,0.0272,0.0012053333333333332,0.0,-0.0035811781108400402,False
HighLife,B36/S23,25,toroidal,0.1,1,20363441,0.039576158940397343,0.0336,0.010528,0.0,-0.026038619728128314,False
HighLife,B36/S23,25,dead,0.1,1,20363441,0.021573509933774836,0.0176,0.0037866666666666665,0.0,-0.02097093063785296,False
HighLife,B36/S23,25,toroidal,0.1,2,20363442,0.013594701986754967,0.0064,0.007125333333333333,0.0,-0.03323945625653542,False
HighLife,B36/S23,25,dead,0.1,2,20363442,0.014866225165562918,0.0128,0.002837333333333333,0.0,-0.011687974904147825,False
HighLife,B36/S23,25,toroidal,0.1,3,20363443,0.007088741721854306,0.0064,0.0007893333333333334,0.0,-0.004061345416521452,False
HighLife,B36/S23,25,dead,0.1,3,20363443,0.0007417218543046357,0.0,0.0008106666666666667,0.0,-0.004374207040780775,True
HighLife,B36/S23,25,toroidal,0.1,4,20363444,0.11110993377483444,0.1424,0.09957333333333333,0.09216000000000002,0.04327026838619721,False
HighLife,B36/S23,25,dead,0.1,4,20363444,0.06009006622516556,0.0256,0.043968,0.02005333333333333,-0.015402161031718447,False
HighLife,B36/S23,25,toroidal,0.1,5,20363445,0.07374834437086093,0.0896,0.06177066666666666,0.04613333333333334,0.04300927152317877,False
HighLife,B36/S23,25,dead,0.1,5,20363445,0.012386754966887417,0.0064,0.004789333333333334,0.0,-0.03133384454513773,False
HighLife,B36/S23,25,toroidal,0.1,6,20363446,0.01397615894039735,0.0112,0.009653333333333337,0.006399999999999999,-0.015105193447194179,False
HighLife,B36/S23,25,dead,0.1,6,20363446,0.00920794701986755,0.0064,0.0032639999999999995,0.0,-0.01529341233879406,False
HighLife,B36/S23,25,toroidal,0.1,7,20363447,0.03427814569536425,0.032,0.0029653333333333333,0.0,-0.01252366678285117,False
HighLife,B36/S23,25,dead,0.1,7,20363447,0.027952317880794705,0.0256,0.0027946666666666667,0.0,-0.012954478912513095,False
HighLife,B36/S23,25,toroidal,0.1,8,20363448,0.02816423841059603,0.0272,0.003157333333333333,0.0,-0.005452492157546235,False
HighLife,B36/S23,25,dead,0.1,8,20363448,0.028068874172185433,0.0272,0.008234666666666668,0.006399999999999999,-0.004973997908679021,False
HighLife,B36/S23,25,toroidal,0.1,9,20363449,0.026278145695364245,0.0256,0.013696000000000005,0.012799999999999997,-0.003994423143952618,False
HighLife,B36/S23,25,dead,0.1,9,20363449,0.021499337748344366,0.0208,0.007306666666666667,0.006399999999999999,-0.004122411990240525,False
HighLife,B36/S23,25,toroidal,0.3,0,20363460,0.12186490066225164,0.0416,0.10421333333333334,0.006399999999999999,-0.2788006971070061,False
HighLife,B36/S23,25,dead,0.3,0,20363460,0.09753642384105961,0.0592,0.07277866666666667,0.031146666666666673,-0.15703394911118881,False
HighLife,B36/S23,25,toroidal,0.3,1,20363461,0.2135841059602649,0.1776,0.2002346666666667,0.14042666666666664,-0.11428734750784265,False
HighLife,B36/S23,25,dead,0.3,1,20363461,0.10932980132450332,0.0352,0.07922133333333334,0.006399999999999999,-0.2458690833042874,False
HighLife,B36/S23,25,toroidal,0.3,2,20363462,0.190241059602649,0.1248,0.17606399999999997,0.08069333333333333,-0.17659198326943212,False
HighLife,B36/S23,25,dead,0.3,2,20363462,0.13796026490066227,0.0672,0.12068266666666666,0.07797333333333333,-0.1464652492157547,False
HighLife,B36/S23,25,toroidal,0.3,3,20363463,0.13247152317880795,0.088,0.11358933333333335,0.07237333333333335,-0.15950087138375768,False
HighLife,B36/S23,25,dead,0.3,3,20363463,0.11572980132450332,0.0688,0.09310933333333334,0.04282666666666666,-0.13537790170791233,False
HighLife,B36/S23,25,toroidal,0.3,4,20363464,0.1766039735099338,0.04,0.16581333333333334,0.09285333333333333,-0.1583657023353088,False
HighLife,B36/S23,25,dead,0.3,4,20363464,0.08333774834437085,0.0448,0.053888,0.006399999999999999,-0.149215754618334,False
HighLife,B36/S23,25,toroidal,0.3,5,20363465,0.20221456953642383,0.16,0.18587733333333334,0.17546666666666672,-0.05944621819449291,False
HighLife,B36/S23,25,dead,0.3,5,20363465,0.1433430463576159,0.1216,0.125312,0.08768,-0.16338152666434314,False
HighLife,B36/S23,25,toroidal,0.3,6,20363466,0.19043178807947017,0.1984,0.17482666666666669,0.19658666666666666,-0.03604349947717004,False
HighLife,B36/S23,25,dead,0.3,6,20363466,0.1018384105960265,0.0304,0.08205866666666667,0.006399999999999999,-0.24919846636458734,False
HighLife,B36/S23,25,toroidal,0.3,7,20363467,0.0893880794701987,0.0,0.07746133333333333,0.02757333333333334,-0.19205019170442697,True
HighLife,B36/S23,25,dead,0.3,7,20363467,0.08672847682119207,0.0288,0.06907733333333334,0.008426666666666666,-0.1368493551760197,False
HighLife,B36/S23,25,toroidal,0.3,8,20363468,0.13930596026490066,0.128,0.12221866666666666,0.06981333333333332,-0.17319818752178473,False
HighLife,B36/S23,25,dead,0.3,8,20363468,0.10306754966887417,0.0496,0.08280533333333333,0.045759999999999995,-0.15209675845242263,False
HighLife,B36/S23,25,toroidal,0.3,9,20363469,0.21335099337748345,0.0992,0.20275200000000002,0.08650666666666666,-0.1989691181596376,False
HighLife,B36/S23,25,dead,0.3,9,20363469,0.14358675496688741,0.0656,0.12461866666666666,0.07370666666666668,-0.1451033809689788,False
HighLife,B36/S23,25,toroidal,0.5,0,20363480,0.10231523178807946,0.0,0.09644799999999999,0.0,-0.32344119902405044,True
HighLife,B36/S23,25,dead,0.5,0,20363480,0.11914172185430465,0.0528,0.104864,0.05936,-0.23921617288253763,False
HighLife,B36/S23,25,toroidal,0.5,1,20363481,0.12196026490066222,0.0704,0.10981333333333335,0.06469333333333332,-0.19460745904496363,False
HighLife,B36/S23,25,dead,0.5,1,20363481,0.12381456953642385,0.0336,0.10455466666666666,0.08624000000000002,-0.13784315092366714,False
HighLife,B36/S23,25,toroidal,0.5,2,20363482,0.14216688741721853,0.0624,0.129056,0.10144,-0.1391472987103523,False
HighLife,B36/S23,25,dead,0.5,2,20363482,0.13555496688741722,0.032,0.12413866666666666,0.0576,-0.24203694667131442,False
HighLife,B36/S23,25,toroidal,0.5,3,20363483,0.19243443708609273,0.1456,0.18005333333333332,0.16762666666666667,-0.10390853956082284,False
HighLife,B36/S23,25,dead,0.5,3,20363483,0.09026754966887418,0.0192,0.07525333333333334,0.00010666666666666667,-0.2411226211223425,False
HighLife,B36/S23,25,toroidal,0.5,4,20363484,0.18949933774834435,0.184,0.17376,0.16191999999999998,-0.03980787730916717,False
HighLife,B36/S23,25,dead,0.5,4,20363484,0.1347496688741722,0.0688,0.11176533333333334,0.06944,-0.162682188915999,False
HighLife,B36/S23,25,toroidal,0.5,5,20363485,0.19367417218543045,0.1136,0.17363199999999998,0.11061333333333333,-0.15726399442314418,False
HighLife,B36/S23,25,dead,0.5,5,20363485,0.11703311258278146,0.0896,0.086368,0.056533333333333345,-0.11333872429417931,False
HighLife,B36/S23,25,toroidal,0.5,6,20363486,0.2049907284768212,0.1648,0.18937600000000002,0.20815999999999998,-0.010627256883931843,False
HighLife,B36/S23,25,dead,0.5,6,20363486,0.14339602649006622,0.0544,0.123872,0.062079999999999996,-0.1352147786685257,False
HighLife,B36/S23,25,toroidal,0.5,7,20363487,0.15779602649006624,0.1232,0.1513493333333333,0.11616,-0.17838466364586988,False
HighLife,B36/S23,25,dead,0.5,7,20363487,0.07000794701986754,0.0336,0.044490666666666664,0.006399999999999999,-0.1816948065528059,False
HighLife,B36/S23,25,toroidal,0.5,8,20363488,0.17818278145695365,0.0992,0.16750933333333332,0.09615999999999998,-0.1631581735796448,False
HighLife,B36/S23,25,dead,0.5,8,20363488,0.07433112582781456,0.0208,0.057717333333333336,0.006399999999999999,-0.23517323109097282,False
HighLife,B36/S23,25,toroidal,0.5,9,20363489,0.1544794701986755,0.0944,0.14110933333333336,0.09994666666666667,-0.12706280934123423,False
HighLife,B36/S23,25,dead,0.5,9,20363489,0.12361324503311259,0.0448,0.09832533333333333,0.05279999999999999,-0.1674378529104221,False
HighLife,B36/S23,50,toroidal,0.1,0,20365940,0.007671523178807949,0.0064,0.0029120000000000005,0.0015999999999999996,-0.007243290345067987,False
HighLife,B36/S23,50,dead,0.1,0,20365940,0.007666225165562916,0.0064,0.002906666666666667,0.0015999999999999996,-0.007212338794004892,False
HighLife,B36/S23,50,toroidal,0.1,1,20365941,0.014071523178807947,0.012,0.0069759999999999996,0.0048,-0.011614360404322078,False
HighLife,B36/S23,50,dead,0.1,1,20365941,0.01598940397350994,0.014,0.006904,0.0048,-0.011138375740676205,False
HighLife,B36/S23,50,toroidal,0.1,2,20365942,0.054249006622516555,0.0652,0.03808,0.04546666666666667,0.023817636807249846,False
HighLife,B36/S23,50,dead,0.1,2,20365942,0.03403708609271523,0.0212,0.020965333333333332,0.02193333333333333,0.004298082955733693,False
HighLife,B36/S23,50,toroidal,0.1,3,20365943,0.028627814569536423,0.018,0.011333333333333334,0.00010666666666666667,-0.019556151969327345,False
HighLife,B36/S23,50,dead,0.1,3,20365943,0.019406622516556296,0.0156,0.005685333333333335,0.0015999999999999996,-0.017983896828163173,False
HighLife,B36/S23,50,toroidal,0.1,4,20365944,0.02224370860927152,0.0116,0.018304,0.007266666666666667,-0.026378459393516948,False
HighLife,B36/S23,50,dead,0.1,4,20365944,0.019086092715231786,0.0084,0.010154666666666666,0.0,-0.03247466016033462,False
HighLife,B36/S23,50,toroidal,0.1,5,20365945,0.04640264900662252,0.032,0.034258666666666666,0.021133333333333337,-0.006094736842105282,False
HighLife,B36/S23,50,dead,0.1,5,20365945,0.04705960264900661,0.0496,0.036589333333333335,0.03164,0.009577831997211527,False
HighLife,B36/S23,50,toroidal,0.1,6,20365946,0.02585960264900663,0.0176,0.013149333333333332,0.0031999999999999993,-0.024504844893691247,False
HighLife,B36/S23,50,dead,0.1,6,20365946,0.021599999999999998,0.0168,0.007885333333333333,0.0015999999999999996,-0.01376005576856051,False
HighLife,B36/S23,50,toroidal,0.1,7,20365947,0.0588,0.072,0.044837333333333326,0.05110666666666666,0.016778459393516906,False
HighLife,B36/S23,50,dead,0.1,7,20365947,0.04695099337748344,0.042,0.03459466666666666,0.026106666666666667,-0.01361575461833397,False
HighLife,B36/S23,50,toroidal,0.1,8,20365948,0.02890331125827815,0.0236,0.0086,0.0015999999999999996,-0.024310561171139826,False
HighLife,B36/S23,50,dead,0.1,8,20365948,0.03822781456953642,0.0376,0.018101333333333334,0.015680000000000003,-0.012744510282328394,False
HighLife,B36/S23,50,toroidal,0.1,9,20365949,0.03487417218543046,0.0248,0.021336,0.016773333333333328,0.005550993377483415,False
HighLife,B36/S23,50,dead,0.1,9,20365949,0.030778807947019867,0.0232,0.017661333333333338,0.007866666666666666,-0.012913279888462912,False
HighLife,B36/S23,50,toroidal,0.3,0,20365960,0.16248476821192054,0.1644,0.14694133333333337,0.1284,-0.098869292436389,False
HighLife,B36/S23,50,dead,0.3,0,20365960,0.08886092715231789,0.0516,0.07214666666666666,0.041133333333333334,-0.14888720808644132,False
HighLife,B36/S23,50,toroidal,0.3,1,20365961,0.16371655629139076,0.0892,0.1512106666666667,0.11828,-0.11739902405019191,False
HighLife,B36/S23,50,dead,0.3,1,20365961,0.12891920529801323,0.078,0.11447466666666666,0.06684,-0.17525960264900686,False
HighLife,B36/S23,50,toroidal,0.3,2,20365962,0.17200264900662252,0.1196,0.15924266666666667,0.11246666666666667,-0.12317420704078104,False
HighLife,B36/S23,50,dead,0.3,2,20365962,0.1359788079470199,0.078,0.12001066666666667,0.07041333333333334,-0.1510000697107009,False
HighLife,B36/S23,50,toroidal,0.3,3,20365963,0.15001324503311259,0.0508,0.13519466666666669,0.05733333333333333,-0.18214674102474743,False
HighLife,B36/S23,50,dead,0.3,3,20365963,0.138882119205298,0.0544,0.12588533333333335,0.0760533333333333,-0.13975357267340557,False
HighLife,B36/S23,50,toroidal,0.3,4,20365964,0.15490331125827814,0.1032,0.14134933333333333,0.10288000000000003,-0.150917253398397,False
HighLife,B36/S23,50,dead,0.3,4,20365964,0.14489271523178807,0.0488,0.12712533333333334,0.05264,-0.2034533286859536,False
HighLife,B36/S23,50,toroidal,0.3,5,20365965,0.12918940397350992,0.0636,0.11708266666666664,0.04966666666666668,-0.21890965493203215,False
HighLife,B36/S23,50,dead,0.3,5,20365965,0.12309933774834438,0.0852,0.10828266666666667,0.05624,-0.19540738933426313,False
HighLife,B36/S23,50,toroidal,0.3,6,20365966,0.12907814569536424,0.0676,0.112632,0.06453333333333333,-0.16877295224817032,False
HighLife,B36/S23,50,dead,0.3,6,20365966,0.12290596026490067,0.0632,0.10458133333333333,0.049653333333333334,-0.1969821540606486,False
HighLife,B36/S23,50,toroidal,0.3,7,20365967,0.13646622516556292,0.082,0.12036266666666667,0.06894666666666667,-0.1640672708260721,False
HighLife,B36/S23,50,dead,0.3,7,20365967,0.12695099337748345,0.0948,0.10501866666666668,0.05409333333333333,-0.13460599512025126,False
HighLife,B36/S23,50,toroidal,0.3,8,20365968,0.15562384105960267,0.1156,0.14492266666666664,0.09456000000000002,-0.1570132450331129,False
HighLife,B36/S23,50,dead,0.3,8,20365968,0.0958701986754967,0.024,0.08273866666666667,0.012133333333333333,-0.223336563262461,False
HighLife,B36/S23,50,toroidal,0.3,9,20365969,0.17178807947019867,0.1208,0.15810400000000002,0.11996000000000002,-0.13851697455559447,False
HighLife,B36/S23,50,dead,0.3,9,20365969,0.11408476821192051,0.0632,0.09129866666666665,0.04701333333333333,-0.18621937957476506,False
HighLife,B36/S23,50,toroidal,0.5,0,20365980,0.1532132450331126,0.0888,0.13929866666666665,0.09529333333333333,-0.16608163123039404,False
HighLife,B36/S23,50,dead,0.5,0,20365980,0.12766622516556292,0.0388,0.110592,0.029359999999999997,-0.2611779714186131,False
HighLife,B36/S23,50,toroidal,0.5,1,20365981,0.1788741721854305,0.1048,0.16935466666666665,0.08048000000000001,-0.20003109097246427,False
HighLife,B36/S23,50,dead,0.5,1,20365981,0.11820927152317882,0.0764,0.09408266666666665,0.05789333333333334,-0.1640651795050544,False
HighLife,B36/S23,50,toroidal,0.5,2,20365982,0.13568476821192052,0.064,0.12184533333333335,0.05077333333333334,-0.19655259672359726,False
HighLife,B36/S23,50,dead,0.5,2,20365982,0.1248794701986755,0.0392,0.10485333333333334,0.018479999999999996,-0.24183722551411674,False
HighLife,B36/S23,50,toroidal,0.5,3,20365983,0.147687417218543,0.106,0.13212,0.07515999999999999,-0.1593061693970028,False
HighLife,B36/S23,50,dead,0.5,3,20365983,0.11125562913907283,0.0636,0.09473866666666667,0.04072,-0.18713872429417924,False
HighLife,B36/S23,50,toroidal,0.5,4,20365984,0.14449271523178808,0.0844,0.1297253333333333,0.05766666666666667,-0.1773967235970725,False
HighLife,B36/S23,50,dead,0.5,4,20365984,0.13846887417218542,0.0656,0.12258133333333333,0.057613333333333336,-0.1847981178110843,False
HighLife,B36/S23,50,toroidal,0.5,5,20365985,0.12018278145695362,0.064,0.10756533333333332,0.04979999999999999,-0.21457350993377514,False
HighLife,B36/S23,50,dead,0.5,5,20365985,0.15145960264900662,0.0848,0.13293066666666667,0.08482666666666668,-0.15930198675496715,False
HighLife,B36/S23,50,toroidal,0.5,6,20365986,0.1406993377483444,0.0472,0.12113066666666666,0.04877333333333333,-0.22119254095503685,False
HighLife,B36/S23,50,dead,0.5,6,20365986,0.1450198675496689,0.0888,0.12425599999999998,0.07445333333333333,-0.1844459393516908,False
HighLife,B36/S23,50,toroidal,0.5,7,20365987,0.13789403973509934,0.06,0.12398666666666666,0.04903999999999999,-0.23160020913210216,False
HighLife,B36/S23,50,dead,0.5,7,20365987,0.13681059602649007,0.0764,0.11642133333333334,0.04604,-0.22929452771000372,False
HighLife,B36/S23,50,toroidal,0.5,8,20365988,0.17545165562913906,0.1444,0.16192266666666666,0.12909333333333337,-0.1160932032066925,False
HighLife,B36/S23,50,dead,0.5,8,20365988,0.14916026490066225,0.0692,0.130632,0.08007999999999998,-0.18193049843150957,False
HighLife,B36/S23,50,toroidal,0.5,9,20365989,0.15904900662251653,0.1012,0.14347466666666667,0.08369333333333334,-0.13695768560474053,False
HighLife,B36/S23,50,dead,0.5,9,20365989,0.15087417218543048,0.0728,0.13215466666666667,0.06930666666666667,-0.18266057859881535,False
HighLife,B36/S23,100,toroidal,0.1,0,20370940,0.02435629139072848,0.0207,0.014024000000000002,0.01237,-0.010874921575461882,False
HighLife,B36/S23,100,dead,0.1,0,20370940,0.022678145695364235,0.0191,0.013889333333333335,0.01237,-0.010472446845590825,False
HighLife,B36/S23,100,toroidal,0.1,1,20370941,0.02686887417218543,0.0157,0.018173333333333333,0.007906666666666666,-0.021561728825374726,False
HighLife,B36/S23,100,dead,0.1,1,20370941,0.02799735099337749,0.0181,0.01852933333333333,0.010843333333333332,-0.019193360055768577,False
HighLife,B36/S23,100,toroidal,0.1,2,20370942,0.03277682119205298,0.0309,0.02177266666666667,0.02413333333333333,-0.0007858661554549067,False
HighLife,B36/S23,100,dead,0.1,2,20370942,0.027989403973509932,0.0292,0.016558666666666663,0.016646666666666664,-0.009401115371209502,False
HighLife,B36/S23,100,toroidal,0.1,3,20370943,0.04500397350993378,0.0339,0.028361333333333332,0.02011666666666666,-0.012078372255141176,False
HighLife,B36/S23,100,dead,0.1,3,20370943,0.03965231788079471,0.0315,0.025012,0.017723333333333334,-0.013480602997560162,False
HighLife,B36/S23,100,toroidal,0.1,4,20370944,0.030176158940397355,0.0213,0.018806,0.011039999999999998,-0.016623074241896185,False
HighLife,B36/S23,100,dead,0.1,4,20370944,0.03406158940397351,0.0283,0.021527333333333332,0.01800666666666667,-0.004897664691530173,False
HighLife,B36/S23,100,toroidal,0.1,5,20370945,0.023795364238410593,0.0232,0.013094666666666668,0.010019999999999998,-0.013140345067967983,False
HighLife,B36/S23,100,dead,0.1,5,20370945,0.023827814569536424,0.0223,0.010483333333333334,0.007126666666666666,-0.013204339491111921,False
HighLife,B36/S23,100,toroidal,0.1,6,20370946,0.01808543046357616,0.0141,0.009194666666666667,0.0048,-0.017745224817009457,False
HighLife,B36/S23,100,dead,0.1,6,20370946,0.02232251655629139,0.0196,0.012920666666666665,0.011263333333333332,-0.009820529801324532,False
HighLife,B36/S23,100,toroidal,0.1,7,20370947,0.042035761589403975,0.045,0.027959333333333336,0.02763,0.00123649355176013,False
HighLife,B36/S23,100,dead,0.1,7,20370947,0.042277483443708616,0.0436,0.030263333333333337,0.03135333333333333,0.0024386371558033785,False
HighLife,B36/S23,100,toroidal,0.1,8,20370948,0.04868278145695365,0.0457,0.032382,0.031496666666666666,-0.0041434820494946735,False
HighLife,B36/S23,100,dead,0.1,8,20370948,0.046196026490066225,0.0488,0.028521333333333333,0.029786666666666673,-0.0015437608922970118,False
HighLife,B36/S23,100,toroidal,0.1,9,20370949,0.04171059602649008,0.0447,0.02952466666666666,0.027183333333333334,-0.006268525618682509,False
HighLife,B36/S23,100,dead,0.1,9,20370949,0.03450794701986754,0.0314,0.022103999999999995,0.015419999999999996,-0.018068124782154107,False
HighLife,B36/S23,100,toroidal,0.3,0,20370960,0.14604172185430464,0.0901,0.13161466666666666,0.08015666666666667,-0.17353081212966226,False
HighLife,B36/S23,100,dead,0.3,0,20370960,0.1383516556291391,0.0709,0.12124533333333334,0.04856333333333333,-0.21812195887068692,False
HighLife,B36/S23,100,toroidal,0.3,1,20370961,0.1471609271523179,0.101,0.13383533333333333,0.07783333333333334,-0.17784212269083316,False
HighLife,B36/S23,100,dead,0.3,1,20370961,0.1430615894039735,0.0886,0.125926,0.06773,-0.1706898048100386,False
HighLife,B36/S23,100,toroidal,0.3,2,20370962,0.1495245033112583,0.0902,0.13375933333333334,0.08446333333333335,-0.16438562216800304,False
HighLife,B36/S23,100,dead,0.3,2,20370962,0.14079867549668876,0.0785,0.12245333333333334,0.06666333333333334,-0.1743799407459046,False
HighLife,B36/S23,100,toroidal,0.3,3,20370963,0.14192913907284768,0.0957,0.12726933333333332,0.07804666666666667,-0.16707924363889873,False
HighLife,B36/S23,100,dead,0.3,3,20370963,0.13047814569536423,0.0838,0.11487933333333333,0.07420333333333333,-0.15435135935866157,False
HighLife,B36/S23,100,toroidal,0.3,4,20370964,0.15426026490066228,0.0713,0.14113266666666666,0.06275333333333333,-0.20977800627396329,False
HighLife,B36/S23,100,dead,0.3,4,20370964,0.1461291390728477,0.0731,0.12967666666666666,0.06772666666666666,-0.182145381666086,False
HighLife,B36/S23,100,toroidal,0.3,5,20370965,0.15166026490066226,0.0927,0.1365,0.09365666666666667,-0.15756357615894045,False
HighLife,B36/S23,100,dead,0.3,5,20370965,0.14412715231788079,0.0861,0.12672266666666668,0.06102666666666667,-0.18342396305332895,False
HighLife,B36/S23,100,toroidal,0.3,6,20370966,0.15883443708609274,0.091,0.145028,0.08889,-0.17580752875566424,False
HighLife,B36/S23,100,dead,0.3,6,20370966,0.14441059602649006,0.0968,0.12715066666666666,0.07301333333333335,-0.175855158591844,False
HighLife,B36/S23,100,toroidal,0.3,7,20370967,0.15309668874172183,0.0878,0.13823533333333335,0.08231000000000001,-0.17057535726734077,False
HighLife,B36/S23,100,dead,0.3,7,20370967,0.14381920529801323,0.0907,0.12856133333333333,0.07614333333333333,-0.1789249564308124,False
HighLife,B36/S23,100,toroidal,0.3,8,20370968,0.14731986754966891,0.0934,0.13167733333333334,0.08283333333333331,-0.15885575113279912,False
HighLife,B36/S23,100,dead,0.3,8,20370968,0.1382794701986755,0.0783,0.12121133333333332,0.06393,-0.18408670268386199,False
HighLife,B36/S23,100,toroidal,0.3,9,20370969,0.15566556291390726,0.1028,0.14227266666666666,0.09192000000000002,-0.15683030672708287,False
HighLife,B36/S23,100,dead,0.3,9,20370969,0.13972317880794702,0.0867,0.12239200000000001,0.07832666666666666,-0.16304372603694703,False
HighLife,B36/S23,100,toroidal,0.5,0,20370980,0.1463291390728477,0.0682,0.13276266666666667,0.07834333333333333,-0.19147377134890212,False
HighLife,B36/S23,100,dead,0.5,0,20370980,0.13303774834437085,0.0882,0.11673199999999999,0.07386333333333335,-0.17434710700592562,False
HighLife,B36/S23,100,toroidal,0.5,1,20370981,0.15943907284768208,0.1017,0.14376333333333335,0.09394333333333332,-0.16102147089578286,False
HighLife,B36/S23,100,dead,0.5,1,20370981,0.15365033112582782,0.0934,0.13418133333333332,0.0863,-0.1546355176019523,False
HighLife,B36/S23,100,toroidal,0.5,2,20370982,0.13971258278145696,0.0746,0.12469733333333333,0.05790666666666667,-0.20925329383060295,False
HighLife,B36/S23,100,dead,0.5,2,20370982,0.13581258278145697,0.0633,0.11989666666666665,0.05599666666666666,-0.19561113628441987,False
HighLife,B36/S23,100,toroidal,0.5,3,20370983,0.14270331125827815,0.0808,0.13024000000000002,0.07129333333333335,-0.2021464098989199,False
HighLife,B36/S23,100,dead,0.5,3,20370983,0.14016821192052978,0.0885,0.12601266666666666,0.08177999999999999,-0.17023363541303618,False
HighLife,B36/S23,100,toroidal,0.5,4,20370984,0.15151655629139074,0.0981,0.13527466666666665,0.08410000000000001,-0.169996427326595,False
HighLife,B36/S23,100,dead,0.5,4,20370984,0.13126887417218544,0.0797,0.11490266666666668,0.059953333333333345,-0.1869983443708615,False
HighLife,B36/S23,100,toroidal,0.5,5,20370985,0.16179801324503312,0.1078,0.14634333333333333,0.10005000000000001,-0.16402727431160707,False
HighLife,B36/S23,100,dead,0.5,5,20370985,0.15138609271523176,0.0924,0.13593933333333333,0.08463333333333334,-0.17561747995817387,False
HighLife,B36/S23,100,toroidal,0.5,6,20370986,0.15809271523178808,0.1056,0.14436733333333335,0.08908333333333332,-0.17433764377832037,False
HighLife,B36/S23,100,dead,0.5,6,20370986,0.14510927152317882,0.0738,0.12904866666666664,0.07351666666666666,-0.1954038340885329,False
HighLife,B36/S23,100,toroidal,0.5,7,20370987,0.14180463576158941,0.0948,0.12784733333333334,0.08349666666666668,-0.1701468455907986,False
HighLife,B36/S23,100,dead,0.5,7,20370987,0.14741456953642385,0.1057,0.13062400000000002,0.09066,-0.14511488323457675,False
HighLife,B36/S23,100,toroidal,0.5,8,20370988,0.16483973509933778,0.119,0.15044466666666667,0.09903333333333335,-0.16343851516207766,False
HighLife,B36/S23,100,dead,0.5,8,20370988,0.1443211920529801,0.1093,0.12682933333333332,0.07617333333333333,-0.1743151620773791,False
HighLife,B36/S23,100,toroidal,0.5,9,20370989,0.1519483443708609,0.0913,0.135734,0.08048999999999998,-0.1865760543743468,False
HighLife,B36/S23,100,dead,0.5,9,20370989,0.14303774834437086,0.0812,0.12714933333333334,0.06888333333333335,-0.2005400662251657,False
Sparse exemplar,B568/S01238,25,toroidal,0.1,0,20463440,0.09919999999999997,0.0992,0.0,0.0,-1.0935982412034616e-16,False
Sparse exemplar,B568/S01238,25,dead,0.1,0,20463440,0.09919999999999997,0.0992,0.0,0.0,-1.0935982412034616e-16,False
Sparse exemplar,B568/S01238,25,toroidal,0.1,1,20463441,0.10079999999999999,0.1008,0.006400000000000002,0.006399999999999999,-3.1245664034384616e-17,False
Sparse exemplar,B568/S01238,25,dead,0.1,1,20463441,0.10079999999999999,0.1008,0.006400000000000002,0.006399999999999999,-3.1245664034384616e-17,False
Sparse exemplar,B568/S01238,25,toroidal,0.1,2,20463442,0.12800000000000003,0.128,0.0,0.0,-9.373699210315385e-17,False
Sparse exemplar,B568/S01238,25,dead,0.1,2,20463442,0.12800000000000003,0.128,0.0,0.0,-9.373699210315385e-17,False
Sparse exemplar,B568/S01238,25,toroidal,0.1,3,20463443,0.10560000000000003,0.1056,0.0,0.0,-7.811416008596154e-17,False
Sparse exemplar,B568/S01238,25,dead,0.1,3,20463443,0.10560000000000003,0.1056,0.0,0.0,-7.811416008596154e-17,False
Sparse exemplar,B568/S01238,25,toroidal,0.1,4,20463444,0.1024105960264901,0.1024,1.0666666666666667e-05,0.0,-6.273963053334481e-05,False
Sparse exemplar,B568/S01238,25,dead,0.1,4,20463444,0.1024105960264901,0.1024,1.0666666666666667e-05,0.0,-6.273963053334481e-05,False
Sparse exemplar,B568/S01238,25,toroidal,0.1,5,20463445,0.09440000000000003,0.0944,0.0,0.0,-7.811416008596154e-17,False
Sparse exemplar,B568/S01238,25,dead,0.1,5,20463445,0.09440000000000003,0.0944,0.0,0.0,-7.811416008596154e-17,False
Sparse exemplar,B568/S01238,25,toroidal,0.1,6,20463446,0.08480000000000003,0.0848,0.0,0.0,-4.6868496051576926e-17,False
Sparse exemplar,B568/S01238,25,dead,0.1,6,20463446,0.08480000000000003,0.0848,0.0,0.0,-4.6868496051576926e-17,False
Sparse exemplar,B568/S01238,25,toroidal,0.1,7,20463447,0.08480000000000003,0.0848,0.0,0.0,-4.6868496051576926e-17,False
Sparse exemplar,B568/S01238,25,dead,0.1,7,20463447,0.08480000000000003,0.0848,0.0,0.0,-4.6868496051576926e-17,False
Sparse exemplar,B568/S01238,25,toroidal,0.1,8,20463448,0.08799999999999998,0.088,0.0,0.0,-1.5622832017192308e-17,False
Sparse exemplar,B568/S01238,25,dead,0.1,8,20463448,0.08799999999999998,0.088,0.0,0.0,-1.5622832017192308e-17,False
Sparse exemplar,B568/S01238,25,toroidal,0.1,9,20463449,0.0976,0.0976,0.0,0.0,-7.811416008596154e-17,False
Sparse exemplar,B568/S01238,25,dead,0.1,9,20463449,0.0976,0.0976,0.0,0.0,-7.811416008596154e-17,False
Sparse exemplar,B568/S01238,25,toroidal,0.3,0,20463460,0.2503735099337749,0.2496,0.004544,0.0031999999999999993,-0.004536493551760466,False
Sparse exemplar,B568/S01238,25,dead,0.3,0,20463460,0.25981456953642373,0.2592,0.007552000000000001,0.006399999999999999,-0.0036029278494250066,False
Sparse exemplar,B568/S01238,25,toroidal,0.3,1,20463461,0.24887947019867557,0.248,0.007754666666666668,0.006399999999999999,-0.005129592192401538,False
Sparse exemplar,B568/S01238,25,dead,0.3,1,20463461,0.2472052980132451,0.2464,0.0043946666666666665,0.0031999999999999993,-0.004708818403625267,False
Sparse exemplar,B568/S01238,25,toroidal,0.3,2,20463462,0.22052450331125836,0.2192,0.005034666666666667,0.0031999999999999993,-0.0076843499477172944,False
Sparse exemplar,B568/S01238,25,dead,0.3,2,20463462,0.23618543046357612,0.2352,0.004693333333333334,0.0031999999999999993,-0.005719344719414407,False
Sparse exemplar,B568/S01238,25,toroidal,0.3,3,20463463,0.24713112582781463,0.2464,0.012469333333333334,0.011199999999999998,-0.004301429069362149,False
Sparse exemplar,B568/S01238,25,dead,0.3,3,20463463,0.2519629139072847,0.2512,0.009173333333333334,0.007999999999999998,-0.00448044614848401,False
Sparse exemplar,B568/S01238,25,toroidal,0.3,4,20463464,0.2379019867549669,0.2368,0.0048,0.0031999999999999993,-0.006442941791565112,False
Sparse exemplar,B568/S01238,25,dead,0.3,4,20463464,0.24738543046357622,0.2464,0.0015786666666666666,0.0,-0.005754478912513358,False
Sparse exemplar,B568/S01238,25,toroidal,0.3,5,20463465,0.21699602649006625,0.2144,0.0043626666666666675,0.0031999999999999993,-0.0059117462530499515,False
Sparse exemplar,B568/S01238,25,dead,0.3,5,20463465,0.22497483443708607,0.2224,0.004288,0.0031999999999999993,-0.0057812478215406625,False
Sparse exemplar,B568/S01238,25,toroidal,0.3,6,20463466,0.25202649006622513,0.2512,0.007658666666666669,0.006399999999999999,-0.0048409898919487045,False
Sparse exemplar,B568/S01238,25,dead,0.3,6,20463466,0.25903046357615894,0.2576,0.009024,0.008,-0.0037217148832349167,False
Sparse exemplar,B568/S01238,25,toroidal,0.3,7,20463467,0.23796556291390727,0.2368,0.009824000000000001,0.007999999999999998,-0.00680432206343685,False
Sparse exemplar,B568/S01238,25,dead,0.3,7,20463467,0.24099602649006613,0.24,0.004640000000000001,0.0031999999999999993,-0.005837295224817243,False
Sparse exemplar,B568/S01238,25,toroidal,0.3,8,20463468,0.24196026490066216,0.24,0.016064,0.014400000000000005,-0.006784245381666294,False
Sparse exemplar,B568/S01238,25,dead,0.3,8,20463468,0.25139072847682126,0.2496,0.01911466666666667,0.017599999999999998,-0.005792122690833186,False
Sparse exemplar,B568/S01238,25,toroidal,0.3,9,20463469,0.23796556291390727,0.2368,0.01403733333333334,0.012799999999999997,-0.006631997211572143,False
Sparse exemplar,B568/S01238,25,dead,0.3,9,20463469,0.24844503311258284,0.248,0.013386666666666673,0.012799999999999997,-0.0026200069710700883,False
Sparse exemplar,B568/S01238,25,toroidal,0.5,0,20463480,0.2537536423841059,0.2512,0.011253333333333332,0.006399999999999999,-0.015037434646218388,False
Sparse exemplar,B568/S01238,25,dead,0.5,0,20463480,0.2789827814569537,0.2768,0.015200000000000005,0.011199999999999998,-0.012850749390031585,False
Sparse exemplar,B568/S01238,25,toroidal,0.5,1,20463481,0.2425430463576158,0.24,0.009109333333333334,0.0032000000000000006,-0.019403276402928077,False
Sparse exemplar,B568/S01238,25,dead,0.5,1,20463481,0.26183841059602636,0.2592,0.004842666666666667,0.0,-0.01546824677588036,False
Sparse exemplar,B568/S01238,25,toroidal,0.5,2,20463482,0.2212662251655629,0.2176,0.005589333333333333,0.0,-0.02140759846636472,False
Sparse exemplar,B568/S01238,25,dead,0.5,2,20463482,0.23586754966887416,0.232,0.011146666666666668,0.006400000000000001,-0.01799372603694684,False
Sparse exemplar,B568/S01238,25,toroidal,0.5,3,20463483,0.25068079470198684,0.248,0.010848000000000002,0.006399999999999999,-0.01572255141164194,False
Sparse exemplar,B568/S01238,25,dead,0.5,3,20463483,0.2714913907284768,0.2688,0.016576000000000004,0.012799999999999997,-0.01565395608225866,False
Sparse exemplar,B568/S01238,25,toroidal,0.5,4,20463484,0.23052715231788082,0.2272,0.011839999999999998,0.006399999999999999,-0.01951620773788794,False
Sparse exemplar,B568/S01238,25,dead,0.5,4,20463484,0.2542834437086092,0.2512,0.01754666666666667,0.012799999999999997,-0.018065667479958514,False
Sparse exemplar,B568/S01238,25,toroidal,0.5,5,20463485,0.25073377483443715,0.248,0.015690666666666665,0.0096,-0.02052589752527019,False
Sparse exemplar,B568/S01238,25,dead,0.5,5,20463485,0.2710357615894039,0.2688,0.017855999999999997,0.012800000000000002,-0.017711815963750724,False
Sparse exemplar,B568/S01238,25,toroidal,0.5,6,20463486,0.2511576158940398,0.248,0.013536000000000001,0.007999999999999998,-0.01844712443360062,False
Sparse exemplar,B568/S01238,25,dead,0.5,6,20463486,0.2574092715231789,0.2544,0.024074666666666668,0.0192,-0.017615615196932905,False
Sparse exemplar,B568/S01238,25,toroidal,0.5,7,20463487,0.24120794701986753,0.2384,0.009568000000000002,0.0032000000000000006,-0.021096409898919796,False
Sparse exemplar,B568/S01238,25,dead,0.5,7,20463487,0.26029139072847685,0.2576,0.018165333333333332,0.012800000000000002,-0.020387033809690036,False
Sparse exemplar,B568/S01238,25,toroidal,0.5,8,20463488,0.23285827814569537,0.2304,0.013418666666666669,0.008000000000000002,-0.019048588358313148,False
Sparse exemplar,B568/S01238,25,dead,0.5,8,20463488,0.24620927152317879,0.2448,0.017504000000000002,0.012799999999999997,-0.017575461833391665,False
Sparse exemplar,B568/S01238,25,toroidal,0.5,9,20463489,0.23833642384105957,0.2352,0.008853333333333335,0.0031999999999999993,-0.018400278842802726,False
Sparse exemplar,B568/S01238,25,dead,0.5,9,20463489,0.2526728476821193,0.2496,0.008330666666666667,0.0031999999999999993,-0.01799372603694684,False
Sparse exemplar,B568/S01238,50,toroidal,0.1,0,20465940,0.09600794701986755,0.096,8e-06,0.0,-4.705472290002033e-05,False
Sparse exemplar,B568/S01238,50,dead,0.1,0,20465940,0.09600794701986755,0.096,8e-06,0.0,-4.705472290002033e-05,False
Sparse exemplar,B568/S01238,50,toroidal,0.1,1,20465941,0.10200000000000001,0.102,0.0,0.0,-3.1245664034384616e-17,False
Sparse exemplar,B568/S01238,50,dead,0.1,1,20465941,0.10200000000000001,0.102,0.0,0.0,-3.1245664034384616e-17,False
Sparse exemplar,B568/S01238,50,toroidal,0.1,2,20465942,0.09719999999999997,0.0972,0.0,0.0,-7.811416008596154e-17,False
Sparse exemplar,B568/S01238,50,dead,0.1,2,20465942,0.09719999999999997,0.0972,0.0,0.0,-7.811416008596154e-17,False
Sparse exemplar,B568/S01238,50,toroidal,0.1,3,20465943,0.10641589403973511,0.1064,2.4e-05,0.0,-9.348204949462582e-05,False
Sparse exemplar,B568/S01238,50,dead,0.1,3,20465943,0.10641589403973511,0.1064,2.4e-05,0.0,-9.348204949462582e-05,False
Sparse exemplar,B568/S01238,50,toroidal,0.1,4,20465944,0.09040000000000001,0.0904,0.0,0.0,-7.811416008596154e-17,False
Sparse exemplar,B568/S01238,50,dead,0.1,4,20465944,0.09040000000000001,0.0904,0.0,0.0,-7.811416008596154e-17,False
Sparse exemplar,B568/S01238,50,toroidal,0.1,5,20465945,0.10200264900662252,0.102,2.666666666666667e-06,0.0,-1.5684907633355732e-05,False
Sparse exemplar,B568/S01238,50,dead,0.1,5,20465945,0.10200264900662252,0.102,2.666666666666667e-06,0.0,-1.5684907633355732e-05,False
Sparse exemplar,B568/S01238,50,toroidal,0.1,6,20465946,0.099205298013245,0.0992,5.333333333333334e-06,0.0,-3.136981526682083e-05,False
Sparse exemplar,B568/S01238,50,dead,0.1,6,20465946,0.099205298013245,0.0992,5.333333333333334e-06,0.0,-3.136981526682083e-05,False
Sparse exemplar,B568/S01238,50,toroidal,0.1,7,20465947,0.10163178807947022,0.1016,0.0008293333333333336,0.0007999999999999998,-0.0001855001742768409,False
Sparse exemplar,B568/S01238,50,dead,0.1,7,20465947,0.10163178807947022,0.1016,0.0008293333333333336,0.0007999999999999998,-0.0001855001742768409,False
Sparse exemplar,B568/S01238,50,toroidal,0.1,8,20465948,0.10880000000000002,0.1088,0.0008000000000000003,0.0007999999999999998,0.0,False
Sparse exemplar,B568/S01238,50,dead,0.1,8,20465948,0.10880000000000002,0.1088,0.0008000000000000003,0.0007999999999999998,0.0,False
Sparse exemplar,B568/S01238,50,toroidal,0.1,9,20465949,0.11139867549668875,0.1112,0.0020000000000000005,0.0020000000000000005,-1.0935982412034616e-16,False
Sparse exemplar,B568/S01238,50,dead,0.1,9,20465949,0.11139867549668875,0.1112,0.0020000000000000005,0.0020000000000000005,-1.0935982412034616e-16,False
Sparse exemplar,B568/S01238,50,toroidal,0.3,0,20465960,0.2317192052980132,0.2304,0.007365333333333333,0.005599999999999998,-0.007657162774485921,False
Sparse exemplar,B568/S01238,50,dead,0.3,0,20465960,0.24276821192052972,0.2416,0.009589333333333333,0.008000000000000002,-0.006773370512373988,False
Sparse exemplar,B568/S01238,50,toroidal,0.3,1,20465961,0.23594966887417218,0.2348,0.0077599999999999995,0.006373333333333334,-0.0055658417567098955,False
Sparse exemplar,B568/S01238,50,dead,0.3,1,20465961,0.23836026490066228,0.2372,0.007690666666666666,0.006373333333333334,-0.005622934820495256,False
Sparse exemplar,B568/S01238,50,toroidal,0.3,2,20465962,0.22986490066225168,0.2288,0.009368000000000001,0.007599999999999999,-0.007353084698501501,False
Sparse exemplar,B568/S01238,50,dead,0.3,2,20465962,0.2357324503311258,0.2344,0.010450666666666664,0.0088,-0.006605437434646388,False
Sparse exemplar,B568/S01238,50,toroidal,0.3,3,20465963,0.22435231788079463,0.2232,0.010320000000000003,0.008799999999999999,-0.006703520390380187,False
Sparse exemplar,B568/S01238,50,dead,0.3,3,20465963,0.2309509933774835,0.23,0.010093333333333334,0.008799999999999999,-0.005565423492506171,False
Sparse exemplar,B568/S01238,50,toroidal,0.3,4,20465964,0.2377324503311258,0.2364,0.006544,0.0048,-0.00771174625305006,False
Sparse exemplar,B568/S01238,50,dead,0.3,4,20465964,0.24356026490066224,0.2424,0.008765333333333333,0.007200000000000002,-0.006746601603346308,False
Sparse exemplar,B568/S01238,50,toroidal,0.3,5,20465965,0.2316079470198674,0.2308,0.005544,0.0044,-0.00473286859532955,False
Sparse exemplar,B568/S01238,50,dead,0.3,5,20465965,0.23550993377483442,0.2348,0.006215999999999999,0.005199999999999999,-0.004162983617985531,False
Sparse exemplar,B568/S01238,50,toroidal,0.3,6,20465966,0.22677615894039735,0.2256,0.009141333333333333,0.007600000000000002,-0.0068599512025097065,False
Sparse exemplar,B568/S01238,50,dead,0.3,6,20465966,0.23507549668874184,0.234,0.007890666666666667,0.006399999999999999,-0.006256814220983059,False
Sparse exemplar,B568/S01238,50,toroidal,0.3,7,20465967,0.2297509933774834,0.2284,0.012538666666666667,0.011199999999999996,-0.005555594283722864,False
Sparse exemplar,B568/S01238,50,dead,0.3,7,20465967,0.230482119205298,0.2292,0.010826666666666667,0.0096,-0.005188776577204865,False
Sparse exemplar,B568/S01238,50,toroidal,0.3,8,20465968,0.22749933774834444,0.2264,0.01195733333333333,0.010400000000000003,-0.006427047751830144,False
Sparse exemplar,B568/S01238,50,dead,0.3,8,20465968,0.22950993377483442,0.2284,0.011474666666666666,0.010000000000000002,-0.00648727779714197,False
Sparse exemplar,B568/S01238,50,toroidal,0.3,9,20465969,0.23430198675496686,0.2332,0.008021333333333335,0.0068000000000000005,-0.0052676193795750245,False
Sparse exemplar,B568/S01238,50,dead,0.3,9,20465969,0.23743046357615896,0.2364,0.006751999999999999,0.0056000000000000025,-0.004851655629139148,False
Sparse exemplar,B568/S01238,50,toroidal,0.5,0,20465980,0.24164503311258273,0.2384,0.013560000000000001,0.008399999999999998,-0.017798396653886536,False
Sparse exemplar,B568/S01238,50,dead,0.5,0,20465980,0.2528423841059602,0.25,0.012842666666666667,0.008000000000000002,-0.016626002091321142,False
Sparse exemplar,B568/S01238,50,toroidal,0.5,1,20465981,0.2437430463576159,0.2408,0.015650666666666667,0.0108,-0.017199024050192066,False
Sparse exemplar,B568/S01238,50,dead,0.5,1,20465981,0.24961059602649002,0.2468,0.014336,0.0096,-0.017550993377483656,False
Sparse exemplar,B568/S01238,50,toroidal,0.5,2,20465982,0.24912847682119202,0.246,0.016221333333333338,0.010799999999999995,-0.019391774137330186,False
Sparse exemplar,B568/S01238,50,dead,0.5,2,20465982,0.25783841059602647,0.2544,0.016762666666666672,0.0116,-0.018900941094458282,False
Sparse exemplar,B568/S01238,50,toroidal,0.5,3,20465983,0.23452450331125815,0.2308,0.011402666666666663,0.005599999999999998,-0.02168448936911855,False
Sparse exemplar,B568/S01238,50,dead,0.5,3,20465983,0.24691920529801328,0.2432,0.010647999999999996,0.0052000000000000015,-0.020516695712792316,False
Sparse exemplar,B568/S01238,50,toroidal,0.5,4,20465984,0.2513721854304636,0.2488,0.016178666666666668,0.0112,-0.01663436737539251,False
Sparse exemplar,B568/S01238,50,dead,0.5,4,20465984,0.25717350993377486,0.2544,0.013837333333333332,0.008799999999999999,-0.017749459742070678,False
Sparse exemplar,B568/S01238,50,toroidal,0.5,5,20465985,0.248728476821192,0.246,0.013384000000000004,0.008000000000000002,-0.018280446148484192,False
Sparse exemplar,B568/S01238,50,dead,0.5,5,20465985,0.26015364238410593,0.2576,0.015018666666666665,0.010000000000000002,-0.01725925409550383,False
Sparse exemplar,B568/S01238,50,toroidal,0.5,6,20465986,0.2457192052980132,0.2428,0.013576000000000003,0.008399999999999998,-0.018177762286511332,False
Sparse exemplar,B568/S01238,50,dead,0.5,6,20465986,0.25091655629139076,0.248,0.013354666666666667,0.008399999999999998,-0.01815329383060326,False
Sparse exemplar,B568/S01238,50,toroidal,0.5,7,20465987,0.23647417218543054,0.2328,0.011152000000000002,0.005199999999999999,-0.021429557337051475,False
Sparse exemplar,B568/S01238,50,dead,0.5,7,20465987,0.2437165562913907,0.24,0.009792000000000002,0.004000000000000001,-0.021648518647612806,False
Sparse exemplar,B568/S01238,50,toroidal,0.5,8,20465988,0.24378013245033103,0.24,0.01649333333333333,0.0108,-0.019763192750087342,False
Sparse exemplar,B568/S01238,50,dead,0.5,8,20465988,0.2536741721854305,0.25,0.01501866666666667,0.0096,-0.019139142558383282,False
Sparse exemplar,B568/S01238,50,toroidal,0.5,9,20465989,0.24779867549668874,0.244,0.013237333333333335,0.007600000000000002,-0.019832624607877575,False
Sparse exemplar,B568/S01238,50,dead,0.5,9,20465989,0.2592715231788078,0.2552,0.015247999999999996,0.010000000000000002,-0.01911885674451058,False
Sparse exemplar,B568/S01238,100,toroidal,0.1,0,20470940,0.09790596026490066,0.0979,0.00020666666666666674,0.00019999999999999996,-3.523875914958484e-05,False
Sparse exemplar,B568/S01238,100,dead,0.1,0,20470940,0.09790596026490066,0.0979,0.00020666666666666674,0.00019999999999999996,-3.523875914958484e-05,False
Sparse exemplar,B568/S01238,100,toroidal,0.1,1,20470941,0.0962006622516556,0.0962,0.00020066666666666673,0.00019999999999999996,-3.921226908409236e-06,False
Sparse exemplar,B568/S01238,100,dead,0.1,1,20470941,0.0962006622516556,0.0962,0.00020066666666666673,0.00019999999999999996,-3.921226908409236e-06,False
Sparse exemplar,B568/S01238,100,toroidal,0.1,2,20470942,0.1067569536423841,0.1067,0.0003053333333333334,0.0003,-4.276751481365683e-05,False
Sparse exemplar,B568/S01238,100,dead,0.1,2,20470942,0.1067569536423841,0.1067,0.0003053333333333334,0.0003,-4.276751481365683e-05,False
Sparse exemplar,B568/S01238,100,toroidal,0.1,3,20470943,0.09650529801324505,0.0965,0.00020533333333333338,0.00019999999999999996,-3.1160683164927345e-05,False
Sparse exemplar,B568/S01238,100,dead,0.1,3,20470943,0.09650529801324505,0.0965,0.00020533333333333338,0.00019999999999999996,-3.1160683164927345e-05,False
Sparse exemplar,B568/S01238,100,toroidal,0.1,4,20470944,0.10050794701986758,0.1005,8.666666666666666e-06,0.0,-4.663645869649896e-05,False
Sparse exemplar,B568/S01238,100,dead,0.1,4,20470944,0.10050794701986758,0.1005,8.666666666666666e-06,0.0,-4.663645869649896e-05,False
Sparse exemplar,B568/S01238,100,toroidal,0.1,5,20470945,0.10401324503311256,0.104,0.00021333333333333344,0.00019999999999999996,-7.78494248867747e-05,False
Sparse exemplar,B568/S01238,100,dead,0.1,5,20470945,0.10401324503311256,0.104,1.3333333333333333e-05,0.0,-7.78494248867747e-05,False
Sparse exemplar,B568/S01238,100,toroidal,0.1,6,20470946,0.10090794701986756,0.1009,0.00021066666666666673,0.00019999999999999996,-4.6165911467504224e-05,False
Sparse exemplar,B568/S01238,100,dead,0.1,6,20470946,0.10090794701986756,0.1009,0.00021066666666666673,0.00019999999999999996,-4.6165911467504224e-05,False
Sparse exemplar,B568/S01238,100,toroidal,0.1,7,20470947,0.10210794701986754,0.1021,0.00040733333333333344,0.0003999999999999999,-4.642732659474609e-05,False
Sparse exemplar,B568/S01238,100,dead,0.1,7,20470947,0.10200860927152319,0.102,0.00020800000000000007,0.00019999999999999996,-5.03485535029991e-05,False
Sparse exemplar,B568/S01238,100,toroidal,0.1,8,20470948,0.09795298013245032,0.098,0.000304,0.0003,-1.5580341582455863e-05,False
Sparse exemplar,B568/S01238,100,dead,0.1,8,20470948,0.09805231788079469,0.0981,0.00030333333333333335,0.0003,-1.1659114674280969e-05,False
Sparse exemplar,B568/S01238,100,toroidal,0.1,9,20470949,0.10125827814569535,0.1012,0.0004146666666666667,0.0004000000000000001,-5.029627047755697e-05,False
Sparse exemplar,B568/S01238,100,dead,0.1,9,20470949,0.10125827814569535,0.1012,0.0004146666666666667,0.0004000000000000001,-5.029627047755697e-05,False
Sparse exemplar,B568/S01238,100,toroidal,0.3,0,20470960,0.23125364238410592,0.2303,0.008330666666666669,0.0069999999999999975,-0.005822342279540046,False
Sparse exemplar,B568/S01238,100,dead,0.3,0,20470960,0.23292052980132444,0.232,0.008302000000000002,0.0069999999999999975,-0.005630097594980905,False
Sparse exemplar,B568/S01238,100,toroidal,0.3,1,20470961,0.23461192052980134,0.2333,0.008354000000000002,0.0068000000000000005,-0.006761136284419906,False
Sparse exemplar,B568/S01238,100,dead,0.3,1,20470961,0.23641854304635757,0.2351,0.008375333333333334,0.006900000000000001,-0.006511432554897356,False
Sparse exemplar,B568/S01238,100,toroidal,0.3,2,20470962,0.22997417218543048,0.2287,0.008734666666666665,0.0072,-0.006534750784245699,False
Sparse exemplar,B568/S01238,100,dead,0.3,2,20470962,0.23098145695364242,0.2296,0.008340666666666668,0.0068000000000000005,-0.0065640815615199645,False
Sparse exemplar,B568/S01238,100,toroidal,0.3,3,20470963,0.23606158940397345,0.235,0.009982666666666666,0.0086,-0.005896375043569467,False
Sparse exemplar,B568/S01238,100,dead,0.3,3,20470963,0.23818278145695376,0.2372,0.009759999999999998,0.008399999999999998,-0.005724050191704729,False
Sparse exemplar,B568/S01238,100,toroidal,0.3,4,20470964,0.23232450331125834,0.2311,0.006549333333333334,0.0049,-0.006567898222377224,False
Sparse exemplar,B568/S01238,100,dead,0.3,4,20470964,0.23615894039735097,0.235,0.007367333333333334,0.0058,-0.00618550017427691,False
Sparse exemplar,B568/S01238,100,toroidal,0.3,5,20470965,0.2359801324503312,0.2349,0.010091333333333334,0.0086,-0.006281073544789548,False
Sparse exemplar,B568/S01238,100,dead,0.3,5,20470965,0.23931456953642377,0.2383,0.010607333333333333,0.009199999999999996,-0.005901289647961152,False
Sparse exemplar,B568/S01238,100,toroidal,0.3,6,20470966,0.23238940397351,0.2312,0.010115333333333334,0.008699999999999996,-0.006061327988846445,False
Sparse exemplar,B568/S01238,100,dead,0.3,6,20470966,0.23377218543046357,0.2326,0.010572666666666668,0.009200000000000002,-0.0059600557685603175,False
Sparse exemplar,B568/S01238,100,toroidal,0.3,7,20470967,0.23562516556291396,0.2344,0.008735333333333335,0.007006666666666667,-0.007126594632276223,False
Sparse exemplar,B568/S01238,100,dead,0.3,7,20470967,0.2375655629139073,0.2364,0.008875333333333332,0.007206666666666667,-0.007065057511328141,False
Sparse exemplar,B568/S01238,100,toroidal,0.3,8,20470968,0.2391602649006622,0.2377,0.00921266666666667,0.007599999999999999,-0.00675005228302577,False
Sparse exemplar,B568/S01238,100,dead,0.3,8,20470968,0.24057218543046363,0.2392,0.008581333333333335,0.007000000000000002,-0.006805576856047711,False
Sparse exemplar,B568/S01238,100,toroidal,0.3,9,20470969,0.23517417218543055,0.2341,0.009245333333333333,0.00785,-0.005959742070407946,False
Sparse exemplar,B568/S01238,100,dead,0.3,9,20470969,0.2372503311258278,0.2362,0.008883333333333333,0.007550000000000001,-0.0058122516556292,False
Sparse exemplar,B568/S01238,100,toroidal,0.5,0,20470980,0.2387953642384106,0.2356,0.011718,0.0063,-0.01951939700244005,False
Sparse exemplar,B568/S01238,100,dead,0.5,0,20470980,0.24482119205298017,0.2417,0.01154,0.0063,-0.018809759498083282,False
Sparse exemplar,B568/S01238,100,toroidal,0.5,1,20470981,0.245276821192053,0.2422,0.01374,0.008500000000000002,-0.01797992331822965,False
Sparse exemplar,B568/S01238,100,dead,0.5,1,20470981,0.2504172185430463,0.2474,0.013687999999999999,0.008599999999999998,-0.01763082955733739,False
Sparse exemplar,B568/S01238,100,toroidal,0.5,2,20470982,0.24162052980132442,0.238,0.011408666666666668,0.005500000000000001,-0.021073980481003923,False
Sparse exemplar,B568/S01238,100,dead,0.5,2,20470982,0.24657549668874168,0.2431,0.011329333333333334,0.005699999999999999,-0.020245399093761246,False
Sparse exemplar,B568/S01238,100,toroidal,0.5,3,20470983,0.24381192052980136,0.2407,0.010946000000000001,0.00575,-0.018338794004879914,False
Sparse exemplar,B568/S01238,100,dead,0.5,3,20470983,0.24963708609271523,0.2465,0.011931333333333334,0.00685,-0.018186127570582352,False
Sparse exemplar,B568/S01238,100,toroidal,0.5,4,20470984,0.2387794701986754,0.2355,0.01329533333333334,0.0078000000000000005,-0.019165493203206988,False
Sparse exemplar,B568/S01238,100,dead,0.5,4,20470984,0.2443635761589404,0.2411,0.014322,0.009000000000000001,-0.018795904496340415,False
Sparse exemplar,B568/S01238,100,toroidal,0.5,5,20470985,0.24009139072847682,0.2368,0.011950666666666667,0.006393333333333333,-0.019807999302893193,False
Sparse exemplar,B568/S01238,100,dead,0.5,5,20470985,0.24351390728476832,0.2402,0.011314666666666667,0.005893333333333333,-0.019651777622865286,False
Sparse exemplar,B568/S01238,100,toroidal,0.5,6,20470986,0.24566092715231794,0.2423,0.013058666666666668,0.007456666666666667,-0.01996380271871772,False
Sparse exemplar,B568/S01238,100,dead,0.5,6,20470986,0.25158609271523186,0.2483,0.013129333333333338,0.007756666666666668,-0.01915582084349971,False
Sparse exemplar,B568/S01238,100,toroidal,0.5,7,20470987,0.2422675496688742,0.2387,0.012116,0.006900000000000001,-0.018795433949111453,False
Sparse exemplar,B568/S01238,100,dead,0.5,7,20470987,0.24690264900662257,0.2436,0.011420666666666664,0.0063,-0.018425792959219485,False
Sparse exemplar,B568/S01238,100,toroidal,0.5,8,20470988,0.2456655629139073,0.2422,0.015437333333333336,0.009900000000000003,-0.0193232310909727,False
Sparse exemplar,B568/S01238,100,dead,0.5,8,20470988,0.24948476821192056,0.2461,0.014756666666666666,0.009399999999999999,-0.018872917392820023,False
Sparse exemplar,B568/S01238,100,toroidal,0.5,9,20470989,0.24428874172185425,0.2413,0.012546666666666664,0.0073,-0.01777988846287918,False
Sparse exemplar,B568/S01238,100,dead,0.5,9,20470989,0.24845894039735103,0.2455,0.012792000000000003,0.007700000000000003,-0.017605054025793127,False
Active exemplar,B123/S02457,25,toroidal,0.1,0,20563440,0.4929271523178807,0.4576,0.39127466666666666,0.3894933333333334,0.018074869292436013,False
Active exemplar,B123/S02457,25,dead,0.1,0,20563440,0.5087576158940397,0.4864,0.414592,0.4058666666666666,0.01840111537120874,False
Active exemplar,B123/S02457,25,toroidal,0.1,1,20563441,0.4949615894039735,0.5312,0.3937706666666667,0.3907199999999999,0.014206761937957653,False
Active exemplar,B123/S02457,25,dead,0.1,1,20563441,0.5093615894039736,0.5328,0.41281066666666666,0.41072000000000003,0.017362983617984877,False
Active exemplar,B123/S02457,25,toroidal,0.1,2,20563442,0.4933192052980132,0.4752,0.39216,0.39583999999999997,0.01302391077030343,False
Active exemplar,B123/S02457,25,dead,0.1,2,20563442,0.5102092715231789,0.4832,0.4104746666666666,0.4045333333333333,0.015899058905541923,False
Active exemplar,B123/S02457,25,toroidal,0.1,3,20563443,0.4958092715231788,0.4624,0.3914453333333333,0.39456,0.011324921575461942,False
Active exemplar,B123/S02457,25,dead,0.1,3,20563443,0.5111841059602649,0.5488,0.4062506666666667,0.4082133333333334,0.016752317880794752,False
Active exemplar,B123/S02457,25,toroidal,0.1,4,20563444,0.4962649006622517,0.4672,0.39139199999999996,0.38602666666666674,0.01306490066225168,False
Active exemplar,B123/S02457,25,dead,0.1,4,20563444,0.5098172185430464,0.5616,0.41164800000000007,0.4096,0.019651725339839266,False
Active exemplar,B123/S02457,25,toroidal,0.1,5,20563445,0.49405033112582775,0.4912,0.38738133333333336,0.3873600000000001,0.012328755663994334,False
Active exemplar,B123/S02457,25,dead,0.1,5,20563445,0.5087788079470199,0.5056,0.4090666666666667,0.40496000000000004,0.01640432206343698,False
Active exemplar,B123/S02457,25,toroidal,0.1,6,20563446,0.4959999999999999,0.5056,0.39082666666666666,0.3965866666666667,0.008566887417218241,False
Active exemplar,B123/S02457,25,dead,0.1,6,20563446,0.5101668874172186,0.5312,0.41344000000000003,0.41381333333333337,0.012722760543742924,False
Active exemplar,B123/S02457,25,toroidal,0.1,7,20563447,0.49508874172185424,0.5376,0.3902506666666667,0.3877866666666667,0.014159079818751499,False
Active exemplar,B123/S02457,25,dead,0.1,7,20563447,0.5090437086092715,0.5136,0.411296,0.41456000000000004,0.004536493551759966,False
Active exemplar,B123/S02457,25,toroidal,0.1,8,20563448,0.4956503311258278,0.472,0.3873706666666667,0.38661333333333336,0.013151063088183923,False
Active exemplar,B123/S02457,25,dead,0.1,8,20563448,0.5097960264900663,0.4992,0.4108906666666667,0.4094933333333333,0.010510979435342842,False
Active exemplar,B123/S02457,25,toroidal,0.1,9,20563449,0.49520529801324503,0.4784,0.388992,0.38325333333333333,0.012847403276402696,False
Active exemplar,B123/S02457,25,dead,0.1,9,20563449,0.5069562913907284,0.464,0.4099093333333333,0.40480000000000005,0.014472777971418176,False
Active exemplar,B123/S02457,25,toroidal,0.3,0,20563460,0.497112582781457,0.512,0.39344,0.3959466666666666,0.003438968281631102,False
Active exemplar,B123/S02457,25,dead,0.3,0,20563460,0.5108344370860927,0.5392,0.41457066666666664,0.4068800000000001,0.004890345067967819,False
Active exemplar,B123/S02457,25,toroidal,0.3,1,20563461,0.4974092715231788,0.504,0.39072,0.38874666666666663,-0.0006207040780765126,False
Active exemplar,B123/S02457,25,dead,0.3,1,20563461,0.5107708609271523,0.4976,0.4124373333333333,0.41125333333333336,0.0003228999651443035,False
Active exemplar,B123/S02457,25,toroidal,0.3,2,20563462,0.4944953642384106,0.4944,0.39025066666666663,0.38528,0.002783130010456357,False
Active exemplar,B123/S02457,25,dead,0.3,2,20563462,0.5115231788079471,0.48,0.4138773333333333,0.4122133333333334,0.003984384803066582,False
Active exemplar,B123/S02457,25,toroidal,0.3,3,20563463,0.49736688741721846,0.5072,0.3899626666666667,0.38282666666666665,0.001873823631927074,False
Active exemplar,B123/S02457,25,dead,0.3,3,20563463,0.5110039735099338,0.5024,0.412736,0.40543999999999997,0.004876960613453948,False
Active exemplar,B123/S02457,25,toroidal,0.3,4,20563464,0.49581986754966895,0.5104,0.3921813333333333,0.3813866666666667,0.007694388288601651,False
Active exemplar,B123/S02457,25,dead,0.3,4,20563464,0.5116503311258278,0.5344,0.41166933333333333,0.40037333333333325,0.005374695015684336,False
Active exemplar,B123/S02457,25,toroidal,0.3,5,20563465,0.49548079470198675,0.5072,0.3860693333333333,0.38549333333333335,0.005045939351690453,False
Active exemplar,B123/S02457,25,dead,0.3,5,20563465,0.5120105960264901,0.5264,0.4134186666666667,0.4094933333333334,-0.00042244684559129364,False
Active exemplar,B123/S02457,25,toroidal,0.3,6,20563466,0.49683708609271526,0.512,0.38942933333333335,0.3846933333333333,0.0023406064830949753,False
Active exemplar,B123/S02457,25,dead,0.3,6,20563466,0.5118516556291391,0.5184,0.4142186666666666,0.41504,0.0024543743464615357,False
Active exemplar,B123/S02457,25,toroidal,0.3,7,20563467,0.49766357615894036,0.5104,0.39024000000000003,0.3874133333333333,0.008300871383757218,False
Active exemplar,B123/S02457,25,dead,0.3,7,20563467,0.5106860927152318,0.4832,0.4124373333333333,0.41167999999999993,0.0005504356918778616,False
Active exemplar,B123/S02457,25,toroidal,0.3,8,20563468,0.49662516556291386,0.5392,0.3887893333333334,0.38896,0.0021682816312302996,False
Active exemplar,B123/S02457,25,dead,0.3,8,20563468,0.5117986754966887,0.5008,0.4177813333333333,0.4196800000000001,-0.0015208086441271071,False
Active exemplar,B123/S02457,25,toroidal,0.3,9,20563469,0.49767417218543064,0.5184,0.39392000000000005,0.38592,0.0023054722899958687,False
Active exemplar,B123/S02457,25,dead,0.3,9,20563469,0.510717880794702,0.5504,0.41604266666666667,0.4102933333333334,0.003266643429766113,False
Active exemplar,B123/S02457,25,toroidal,0.5,0,20563480,0.49683708609271526,0.5216,0.3893973333333333,0.3917866666666667,0.00379867549668841,False
Active exemplar,B123/S02457,25,dead,0.5,0,20563480,0.5103470198675496,0.5536,0.4114986666666667,0.40991999999999984,0.004359986057859733,False
Active exemplar,B123/S02457,25,toroidal,0.5,1,20563481,0.49773774834437085,0.5152,0.38399999999999995,0.3911466666666667,-0.003808713837574735,False
Active exemplar,B123/S02457,25,dead,0.5,1,20563481,0.5112476821192053,0.5152,0.40849066666666667,0.4076266666666667,-0.004585848727780205,False
Active exemplar,B123/S02457,25,toroidal,0.5,2,20563482,0.4975576158940398,0.4688,0.388096,0.38586666666666664,0.0020101777622867564,False
Active exemplar,B123/S02457,25,dead,0.5,2,20563482,0.5111841059602649,0.4976,0.4115413333333333,0.4116266666666666,0.004869431857789845,False
Active exemplar,B123/S02457,25,toroidal,0.5,3,20563483,0.49738807947019864,0.5408,0.3888533333333333,0.40015999999999996,-0.0024426629487628126,False
Active exemplar,B123/S02457,25,dead,0.5,3,20563483,0.5123390728476822,0.5264,0.407552,0.4149333333333333,-0.0037643778319979395,False
Active exemplar,B123/S02457,25,toroidal,0.5,4,20563484,0.49707019867549673,0.4944,0.38748800000000005,0.3805866666666667,0.0012999651446493285,False
Active exemplar,B123/S02457,25,dead,0.5,4,20563484,0.5123920529801325,0.488,0.40884266666666663,0.41664000000000007,-0.0021758103868952153,False
Active exemplar,B123/S02457,25,toroidal,0.5,5,20563485,0.4954172185430463,0.5056,0.382624,0.3818666666666667,0.0008825374695013537,False
Active exemplar,B123/S02457,25,dead,0.5,5,20563485,0.5112476821192053,0.5056,0.4148586666666667,0.4172266666666665,-0.0034280934123392653,False
Active exemplar,B123/S02457,25,toroidal,0.5,6,20563486,0.4970913907284768,0.4864,0.3894933333333333,0.3959466666666666,-0.006254722899965468,False
Active exemplar,B123/S02457,25,dead,0.5,6,20563486,0.5127523178807947,0.5184,0.410016,0.4078400000000001,-0.003644754269780674,False
Active exemplar,B123/S02457,25,toroidal,0.5,7,20563487,0.49643443708609275,0.5008,0.38980266666666663,0.39472000000000007,-0.000257650749390596,False
Active exemplar,B123/S02457,25,dead,0.5,7,20563487,0.5121907284768212,0.5408,0.40581333333333336,0.4020266666666667,0.0014522133147435415,False
Active exemplar,B123/S02457,25,toroidal,0.5,8,20563488,0.4973774834437085,0.4832,0.3886506666666667,0.3884800000000001,1.087486929196171e-05,False
Active exemplar,B123/S02457,25,dead,0.5,8,20563488,0.5112264900662251,0.5312,0.409856,0.40816,-0.0011067270826073659,False
Active exemplar,B123/S02457,25,toroidal,0.5,9,20563489,0.4969324503311258,0.488,0.3881066666666667,0.3904533333333334,0.005555385151620252,False
Active exemplar,B123/S02457,25,dead,0.5,9,20563489,0.5104105960264901,0.5152,0.41230933333333336,0.4064533333333334,-0.00513544789125193,False
Active exemplar,B123/S02457,50,toroidal,0.1,0,20565940,0.49566092715231785,0.4956,0.39037066666666664,0.39225333333333334,0.011021261763680965,False
Active exemplar,B123/S02457,50,dead,0.1,0,20565940,0.5020847682119205,0.5036,0.4000453333333333,0.3986266666666667,0.01289571279191328,False
Active exemplar,B123/S02457,50,toroidal,0.1,1,20565941,0.4955417218543048,0.508,0.38850399999999996,0.3859200000000001,0.014727710003485345,False
Active exemplar,B123/S02457,50,dead,0.1,1,20565941,0.5027920529801324,0.4788,0.3982346666666667,0.3962933333333333,0.012700801673056294,False
Active exemplar,B123/S02457,50,toroidal,0.1,2,20565942,0.494958940397351,0.5036,0.38980266666666663,0.3871866666666666,0.012087626350644948,False
Active exemplar,B123/S02457,50,dead,0.1,2,20565942,0.5018887417218544,0.4908,0.4016320000000001,0.39871999999999996,0.015695573370512056,False
Active exemplar,B123/S02457,50,toroidal,0.1,3,20565943,0.4959682119205298,0.5148,0.3904746666666667,0.39067999999999997,0.010470616939699834,False
Active exemplar,B123/S02457,50,dead,0.1,3,20565943,0.5021139072847681,0.5168,0.40201866666666664,0.3998666666666668,0.013466225165562857,False
Active exemplar,B123/S02457,50,toroidal,0.1,4,20565944,0.49547284768211913,0.5136,0.3906213333333333,0.3902533333333333,0.013801045660508902,False
Active exemplar,B123/S02457,50,dead,0.1,4,20565944,0.5018701986754966,0.5052,0.4007146666666667,0.3969333333333333,0.014609968630184746,False
Active exemplar,B123/S02457,50,toroidal,0.1,5,20565945,0.4946463576158941,0.5056,0.39049066666666665,0.39177333333333336,0.013056326246078295,False
Active exemplar,B123/S02457,50,dead,0.1,5,20565945,0.5020847682119206,0.4948,0.40156,0.40145333333333333,0.010353502962704602,False
Active exemplar,B123/S02457,50,toroidal,0.1,6,20565946,0.49468874172185434,0.4924,0.3902186666666667,0.3908,0.013425862669919913,False
Active exemplar,B123/S02457,50,dead,0.1,6,20565946,0.5023443708609272,0.4868,0.40030400000000005,0.3998133333333333,0.012671104914604419,False
Active exemplar,B123/S02457,50,toroidal,0.1,7,20565947,0.4943072847682119,0.4996,0.391832,0.3914933333333333,0.01186406413384418,False
Active exemplar,B123/S02457,50,dead,0.1,7,20565947,0.5019867549668875,0.4792,0.39932799999999996,0.40077333333333337,0.011667689090275064,False
Active exemplar,B123/S02457,50,toroidal,0.1,8,20565948,0.49570066225165565,0.5112,0.3892533333333334,0.39060000000000006,0.01153154409201815,False
Active exemplar,B123/S02457,50,dead,0.1,8,20565948,0.5015576158940397,0.5072,0.4023893333333334,0.39830666666666675,0.015009410944579818,False
Active exemplar,B123/S02457,50,toroidal,0.1,9,20565949,0.4952052980132451,0.4864,0.38873066666666667,0.38478666666666667,0.010600906239107668,False
Active exemplar,B123/S02457,50,dead,0.1,9,20565949,0.5025033112582782,0.508,0.40224533333333334,0.40398666666666666,0.01424001394213978,False
Active exemplar,B123/S02457,50,toroidal,0.3,0,20565960,0.4963311258278146,0.492,0.38888,0.38576000000000005,0.0023951899616588648,False
Active exemplar,B123/S02457,50,dead,0.3,0,20565960,0.5040344370860926,0.4912,0.40093333333333336,0.39563999999999994,0.003798257232485123,False
Active exemplar,B123/S02457,50,toroidal,0.3,1,20565961,0.497139072847682,0.5104,0.3897333333333334,0.38669333333333333,0.0015674451028222939,False
Active exemplar,B123/S02457,50,dead,0.3,1,20565961,0.5047470198675497,0.5152,0.39957333333333334,0.3975066666666667,0.00443778319972055,False
Active exemplar,B123/S02457,50,toroidal,0.3,2,20565962,0.4966887417218543,0.496,0.38964533333333334,0.38841333333333344,0.0035836876960608365,False
Active exemplar,B123/S02457,50,dead,0.3,2,20565962,0.5041139072847681,0.518,0.40059733333333336,0.4009333333333333,0.004513070756360895,False
Active exemplar,B123/S02457,50,toroidal,0.3,3,20565963,0.49662251655629125,0.5036,0.3895146666666667,0.3901066666666667,0.0018828163123036814,False
Active exemplar,B123/S02457,50,dead,0.3,3,20565963,0.5046596026490067,0.5356,0.4027733333333333,0.4043066666666667,-0.0010034158243296676,False
Active exemplar,B123/S02457,50,toroidal,0.3,4,20565964,0.49732980132450333,0.5056,0.389208,0.3879866666666666,0.0016669919832689093,False
Active exemplar,B123/S02457,50,dead,0.3,4,20565964,0.5041165562913907,0.5104,0.402728,0.39817333333333343,0.002712025095851569,False
Active exemplar,B123/S02457,50,toroidal,0.3,5,20565965,0.4980953642384106,0.496,0.38762399999999997,0.38632000000000005,-9.53642384111203e-05,False
Active exemplar,B123/S02457,50,dead,0.3,5,20565965,0.5041642384105959,0.5176,0.4026906666666667,0.4016533333333333,0.0006974555594280497,False
Active exemplar,B123/S02457,50,toroidal,0.3,6,20565966,0.4970039735099337,0.5136,0.38992,0.38653333333333334,0.00371188567445061,False
Active exemplar,B123/S02457,50,dead,0.3,6,20565966,0.5044847682119205,0.5188,0.401432,0.39932,0.0034103171836874432,False
Active exemplar,B123/S02457,50,toroidal,0.3,7,20565967,0.49662516556291386,0.4996,0.39019200000000004,0.39013333333333333,0.0010329034506794002,False
Active exemplar,B123/S02457,50,dead,0.3,7,20565967,0.5044847682119206,0.4964,0.3979093333333334,0.39498666666666665,0.0011130010456600456,False
Active exemplar,B123/S02457,50,toroidal,0.3,8,20565968,0.4975549668874172,0.5132,0.38709866666666665,0.38705333333333336,0.002415266643429515,False
Active exemplar,B123/S02457,50,dead,0.3,8,20565968,0.5035788079470199,0.4852,0.401856,0.39941333333333334,0.004260230045311537,False
Active exemplar,B123/S02457,50,toroidal,0.3,9,20565969,0.4965324503311257,0.4904,0.390168,0.39246666666666663,0.0028101080515857426,False
Active exemplar,B123/S02457,50,dead,0.3,9,20565969,0.5040397350993379,0.5116,0.39887466666666666,0.3999466666666667,0.0024265597769252637,False
Active exemplar,B123/S02457,50,toroidal,0.5,0,20565980,0.49601059602649006,0.4876,0.38907733333333333,0.38910666666666666,0.0005989543394908395,False
Active exemplar,B123/S02457,50,dead,0.5,0,20565980,0.504225165562914,0.4936,0.39786399999999994,0.39416000000000007,0.0009852213314745588,False
Active exemplar,B123/S02457,50,toroidal,0.5,1,20565981,0.49744370860927156,0.5072,0.388824,0.3884533333333334,0.0026835831300104293,False
Active exemplar,B123/S02457,50,dead,0.5,1,20565981,0.5050596026490065,0.4936,0.39822133333333337,0.3994666666666666,-0.0010872777971424584,False
Active exemplar,B123/S02457,50,toroidal,0.5,2,20565982,0.4968026490066225,0.5024,0.3868453333333333,0.3886933333333333,-0.0020185430463580587,False
Active exemplar,B123/S02457,50,dead,0.5,2,20565982,0.5036980132450332,0.4956,0.39923733333333333,0.3995866666666667,0.003149320320668926,False
Active exemplar,B123/S02457,50,toroidal,0.5,3,20565983,0.49683178807947015,0.5068,0.3896106666666666,0.38826666666666665,0.0001219240153357816,False
Active exemplar,B123/S02457,50,dead,0.5,3,20565983,0.5049615894039735,0.518,0.39997333333333335,0.3958,-0.00041889159986110427,False
Active exemplar,B123/S02457,50,toroidal,0.5,4,20565984,0.49746754966887424,0.5124,0.387648,0.3893466666666667,0.0011215754618331788,False
Active exemplar,B123/S02457,50,dead,0.5,4,20565984,0.5047205298013245,0.5156,0.399632,0.40118666666666675,-0.002745277100035447,False
Active exemplar,B123/S02457,50,toroidal,0.5,5,20565985,0.4982754966887417,0.5052,0.3859013333333334,0.38714666666666664,-1.714883234632886e-05,False
Active exemplar,B123/S02457,50,dead,0.5,5,20565985,0.5043417218543046,0.5,0.39691733333333334,0.39882666666666666,-0.0019062391077033778,False
Active exemplar,B123/S02457,50,toroidal,0.5,6,20565986,0.4978437086092716,0.4912,0.3892453333333333,0.3876666666666667,-2.5932380620918086e-05,False
Active exemplar,B123/S02457,50,dead,0.5,6,20565986,0.5053059602649006,0.5252,0.4005493333333333,0.40177333333333326,0.0019202509585215543,False
Active exemplar,B123/S02457,50,toroidal,0.5,7,20565987,0.49702251655629137,0.4984,0.3871386666666667,0.3928266666666666,-0.0003551063088189638,False
Active exemplar,B123/S02457,50,dead,0.5,7,20565987,0.504394701986755,0.4984,0.3993306666666666,0.3968400000000001,-0.00021394214011941838,False
Active exemplar,B123/S02457,50,toroidal,0.5,8,20565988,0.49700397350993386,0.4924,0.38768,0.3875866666666666,-0.00010498431509228359,False
Active exemplar,B123/S02457,50,dead,0.5,8,20565988,0.504871523178808,0.502,0.3989386666666666,0.39901333333333333,-0.001071802021611215,False
Active exemplar,B123/S02457,50,toroidal,0.5,9,20565989,0.4969006622516557,0.4748,0.3888053333333334,0.3834133333333334,0.0009030324154756036,False
Active exemplar,B123/S02457,50,dead,0.5,9,20565989,0.5044741721854304,0.512,0.40102133333333334,0.39938666666666667,0.0010584175670962815,False
Active exemplar,B123/S02457,100,toroidal,0.1,0,20570940,0.49497880794701987,0.4951,0.38931466666666664,0.3874166666666667,0.0132147438131754,False
Active exemplar,B123/S02457,100,dead,0.1,0,20570940,0.4983006622516556,0.4883,0.393584,0.3908966666666666,0.013880306727082223,False
Active exemplar,B123/S02457,100,toroidal,0.1,1,20570941,0.49520860927152316,0.4969,0.38957866666666663,0.3867433333333333,0.012257337051237487,False
Active exemplar,B123/S02457,100,dead,0.1,1,20570941,0.4987860927152318,0.5065,0.3946466666666667,0.3927899999999999,0.013502771000348416,False
Active exemplar,B123/S02457,100,toroidal,0.1,2,20570942,0.4949503311258278,0.4954,0.3897393333333333,0.38886000000000004,0.01216254792610662,False
Active exemplar,B123/S02457,100,dead,0.1,2,20570942,0.4989682119205298,0.507,0.3949126666666667,0.3957366666666667,0.014892192401533421,False
Active exemplar,B123/S02457,100,toroidal,0.1,3,20570943,0.4950298013245033,0.4977,0.39005466666666666,0.39007,0.011281212966190014,False
Active exemplar,B123/S02457,100,dead,0.1,3,20570943,0.4985192052980132,0.4969,0.39501066666666673,0.3949866666666667,0.012828790519344425,False
Active exemplar,B123/S02457,100,toroidal,0.1,4,20570944,0.4950549668874173,0.5003,0.38904000000000005,0.38719333333333333,0.012933304287207808,False
Active exemplar,B123/S02457,100,dead,0.1,4,20570944,0.498643046357616,0.4887,0.39493066666666665,0.3933166666666666,0.01420393865458306,False
Active exemplar,B123/S02457,100,toroidal,0.1,5,20570945,0.4950549668874172,0.4899,0.38937666666666665,0.3880133333333334,0.014504722899965392,False
Active exemplar,B123/S02457,100,dead,0.1,5,20570945,0.4986145695364238,0.5054,0.394724,0.3951333333333334,0.015002927849424494,False
Active exemplar,B123/S02457,100,toroidal,0.1,6,20570946,0.4945503311258278,0.4985,0.3892346666666667,0.38734,0.012994789125130557,False
Active exemplar,B123/S02457,100,dead,0.1,6,20570946,0.4984443708609273,0.5008,0.395534,0.39326333333333335,0.014146375043568797,False
Active exemplar,B123/S02457,100,toroidal,0.1,7,20570947,0.4946940397350994,0.4894,0.39031800000000005,0.38867333333333337,0.013438044614848349,False
Active exemplar,B123/S02457,100,dead,0.1,7,20570947,0.4985258278145696,0.5009,0.39466933333333337,0.39419333333333334,0.012846096200766533,False
Active exemplar,B123/S02457,100,toroidal,0.1,8,20570948,0.4949801324503312,0.4921,0.3879826666666667,0.3873133333333334,0.013063645869640506,False
Active exemplar,B123/S02457,100,dead,0.1,8,20570948,0.4983675496688742,0.4898,0.394998,0.39239999999999997,0.013129156500522533,False
Active exemplar,B123/S02457,100,toroidal,0.1,9,20570949,0.49464701986754966,0.4909,0.38989999999999997,0.38966666666666666,0.011895277100034548,False
Active exemplar,B123/S02457,100,dead,0.1,9,20570949,0.4985880794701988,0.5061,0.3953146666666667,0.39350000000000007,0.01470894039735092,False
Active exemplar,B123/S02457,100,toroidal,0.3,0,20570960,0.49683907284768214,0.5005,0.39037199999999994,0.3892999999999999,2.222028581394926e-05,False
Active exemplar,B123/S02457,100,dead,0.3,0,20570960,0.5003582781456954,0.4994,0.39525133333333334,0.39202,0.001481910073195855,False
Active exemplar,B123/S02457,100,toroidal,0.3,1,20570961,0.49664437086092716,0.4958,0.39111133333333326,0.3909066666666667,0.0009994945974204305,False
Active exemplar,B123/S02457,100,dead,0.3,1,20570961,0.5006430463576159,0.4935,0.395856,0.39235666666666674,0.0022690310212615367,False
Active exemplar,B123/S02457,100,toroidal,0.3,2,20570962,0.4970099337748344,0.4821,0.39000333333333337,0.38633999999999996,0.0019225514116413826,False
Active exemplar,B123/S02457,100,dead,0.3,2,20570962,0.5004271523178808,0.5142,0.3952866666666667,0.3940433333333333,0.001897037295224314,False
Active exemplar,B123/S02457,100,toroidal,0.3,3,20570963,0.4968145695364239,0.4968,0.39072133333333336,0.3888166666666667,0.000734315092366106,False
Active exemplar,B123/S02457,100,dead,0.3,3,20570963,0.5004185430463576,0.4897,0.39603266666666664,0.3937933333333333,0.0018361275705815687,False
Active exemplar,B123/S02457,100,toroidal,0.3,4,20570964,0.4965509933774835,0.4993,0.3901946666666667,0.38874666666666663,0.0021039735099330817,False
Active exemplar,B123/S02457,100,dead,0.3,4,20570964,0.5003397350993377,0.5016,0.3948273333333333,0.39386333333333334,0.0014813349599159136,False
Active exemplar,B123/S02457,100,toroidal,0.3,5,20570965,0.4970596026490066,0.4978,0.38899933333333336,0.3865166666666667,0.002742610665736446,False
Active exemplar,B123/S02457,100,dead,0.3,5,20570965,0.5003615894039736,0.507,0.3955126666666666,0.39223,0.0018161554548620838,False
Active exemplar,B123/S02457,100,toroidal,0.3,6,20570966,0.49695165562913896,0.4888,0.38987599999999994,0.38913666666666663,0.001466852561868211,False
Active exemplar,B123/S02457,100,dead,0.3,6,20570966,0.500476821192053,0.4933,0.3960553333333333,0.39491000000000004,0.0013050365981176362,False
Active exemplar,B123/S02457,100,toroidal,0.3,7,20570967,0.4970907284768212,0.4943,0.3895620000000001,0.38856333333333326,0.0016105785988145922,False
Active exemplar,B123/S02457,100,dead,0.3,7,20570967,0.5002026490066226,0.5013,0.3955113333333333,0.3942033333333333,0.002347769257580593,False
Active exemplar,B123/S02457,100,toroidal,0.3,8,20570968,0.49731523178807946,0.4972,0.38864533333333334,0.3854066666666667,0.001576699198326659,False
Active exemplar,B123/S02457,100,dead,0.3,8,20570968,0.5004635761589403,0.5014,0.395444,0.3934966666666666,0.0009205472289987931,False
Active exemplar,B123/S02457,100,toroidal,0.3,9,20570969,0.4965854304635761,0.4933,0.39007933333333333,0.39149999999999996,0.0018812478215403867,False
Active exemplar,B123/S02457,100,dead,0.3,9,20570969,0.5003370860927153,0.4876,0.3951893333333334,0.3926766666666666,0.002791495294527097,False
Active exemplar,B123/S02457,100,toroidal,0.5,0,20570980,0.4973774834437085,0.4946,0.38707800000000003,0.3858033333333334,0.0012608051585913814,False
Active exemplar,B123/S02457,100,dead,0.5,0,20570980,0.5010086092715231,0.5051,0.39357466666666663,0.3933533333333334,0.00021226908330395812,False
Active exemplar,B123/S02457,100,toroidal,0.5,1,20570981,0.49692119205298013,0.4925,0.38782066666666665,0.3871566666666667,-0.0018254095503661364,False
Active exemplar,B123/S02457,100,dead,0.5,1,20570981,0.5008483443708609,0.5156,0.393872,0.39569,-0.0006553154409204796,False
Active exemplar,B123/S02457,100,toroidal,0.5,2,20570982,0.497412582781457,0.4957,0.38638133333333335,0.3865866666666667,0.0004423666782847896,False
Active exemplar,B123/S02457,100,dead,0.5,2,20570982,0.5007867549668874,0.5102,0.39389799999999997,0.39605333333333337,0.0005745381666076648,False
Active exemplar,B123/S02457,100,toroidal,0.5,3,20570983,0.4975185430463577,0.5001,0.38691533333333333,0.38644333333333336,0.002315928895084918,False
Active exemplar,B123/S02457,100,dead,0.5,3,20570983,0.5008788079470199,0.5057,0.39379533333333333,0.3952966666666667,0.0009405716277443918,False
Active exemplar,B123/S02457,100,toroidal,0.5,4,20570984,0.49746092715231793,0.5054,0.38863466666666663,0.3905466666666666,0.00013781805507087456,False
Active exemplar,B123/S02457,100,dead,0.5,4,20570984,0.5006721854304635,0.499,0.39244133333333336,0.39213666666666663,-0.000983234576507727,False
Active exemplar,B123/S02457,100,toroidal,0.5,5,20570985,0.49705629139072843,0.4983,0.3870293333333334,0.38718,-0.00023276402927902034,False
Active exemplar,B123/S02457,100,dead,0.5,5,20570985,0.5009132450331126,0.4906,0.39281133333333335,0.3910933333333333,0.00018586615545451395,False
Active exemplar,B123/S02457,100,toroidal,0.5,6,20570986,0.49711456953642386,0.4895,0.3887646666666667,0.39073666666666657,-0.0004887417218543436,False
Active exemplar,B123/S02457,100,dead,0.5,6,20570986,0.5010668874172186,0.5032,0.3933493333333333,0.3954400000000001,-0.0010286685256192913,False
Active exemplar,B123/S02457,100,toroidal,0.5,7,20570987,0.49731258278145696,0.4986,0.38812800000000003,0.3901333333333333,0.0003494074590447256,False
Active exemplar,B123/S02457,100,dead,0.5,7,20570987,0.5005880794701987,0.5102,0.39282133333333336,0.39099,0.0016248518647605263,False
Active exemplar,B123/S02457,100,toroidal,0.5,8,20570988,0.4969311258278145,0.499,0.38894599999999996,0.3884266666666667,-0.00021117113977037655,False
Active exemplar,B123/S02457,100,dead,0.5,8,20570988,0.50061059602649,0.496,0.39467399999999997,0.3933733333333334,-0.00019825723248546897,False
Active exemplar,B123/S02457,100,toroidal,0.5,9,20570989,0.4967973509933775,0.4972,0.38786066666666663,0.3888566666666667,-0.0007970547229000914,False
Active exemplar,B123/S02457,100,dead,0.5,9,20570989,0.5007642384105961,0.511,0.3926033333333333,0.3937366666666667,3.5866155454452884e-05,False
Dense exemplar,B3/S245678,25,toroidal,0.1,0,20663440,0.008731125827814571,0.008,0.007146666666666668,0.006399999999999999,-0.0043022655977692755,False
Dense exemplar,B3/S245678,25,dead,0.1,0,20663440,0.008731125827814571,0.008,0.007146666666666668,0.006399999999999999,-0.0043022655977692755,False
Dense exemplar,B3/S245678,25,toroidal,0.1,1,20663441,0.0009642384105960265,0.0,0.0010986666666666666,0.0,-0.00566078773091671,True
Dense exemplar,B3/S245678,25,dead,0.1,1,20663441,0.0007947019867549669,0.0,0.000864,0.0,-0.0046845590798187745,True
Dense exemplar,B3/S245678,25,toroidal,0.1,2,20663442,0.008921854304635761,0.0064,0.010485333333333334,0.0096,-0.005490135935866189,False
Dense exemplar,B3/S245678,25,dead,0.1,2,20663442,0.00890066225165563,0.0064,0.010442666666666668,0.0096,-0.005366329731613814,False
Dense exemplar,B3/S245678,25,toroidal,0.1,3,20663443,0.12980132450331128,0.2848,0.02328533333333333,0.03253333333333334,0.2726011850819102,False
Dense exemplar,B3/S245678,25,dead,0.1,3,20663443,0.1350675496688742,0.312,0.022613333333333336,0.030986666666666666,0.3001212966190311,False
Dense exemplar,B3/S245678,25,toroidal,0.1,4,20663444,0.0007417218543046358,0.0,0.0007786666666666665,0.0,-0.004379226211223438,True
Dense exemplar,B3/S245678,25,dead,0.1,4,20663444,0.0007417218543046358,0.0,0.0007786666666666665,0.0,-0.004379226211223438,True
Dense exemplar,B3/S245678,25,toroidal,0.1,5,20663445,0.009441059602649009,0.008,0.007925333333333335,0.006399999999999999,-0.008370303241547576,False
Dense exemplar,B3/S245678,25,dead,0.1,5,20663445,0.00940927152317881,0.008,0.007861333333333335,0.006399999999999999,-0.008184593935169062,False
Dense exemplar,B3/S245678,25,toroidal,0.1,6,20663446,0.01033112582781457,0.0064,0.011754666666666665,0.0096,-0.01321380271871736,False
Dense exemplar,B3/S245678,25,dead,0.1,6,20663446,0.009886092715231788,0.0064,0.011413333333333334,0.0096,-0.010839735099337767,False
Dense exemplar,B3/S245678,25,toroidal,0.1,7,20663447,0.02629933774834438,0.0256,0.026325333333333343,0.025599999999999994,-0.004116556291390762,False
Dense exemplar,B3/S245678,25,dead,0.1,7,20663447,0.018299337748344375,0.0176,0.01991466666666667,0.0192,-0.004122411990240531,False
Dense exemplar,B3/S245678,25,toroidal,0.1,8,20663448,0.0015046357615894038,0.0,0.0015999999999999999,0.0,-0.00877852910421751,True
Dense exemplar,B3/S245678,25,dead,0.1,8,20663448,0.009123178807947021,0.008,0.007690666666666668,0.006399999999999999,-0.006588497734402255,False
Dense exemplar,B3/S245678,25,toroidal,0.1,9,20663449,0.010521854304635762,0.0096,0.013749333333333337,0.012799999999999997,-0.00536716626002094,False
Dense exemplar,B3/S245678,25,dead,0.1,9,20663449,0.010468874172185432,0.0096,0.01370666666666667,0.012799999999999997,-0.005059323806204265,False
Dense exemplar,B3/S245678,25,toroidal,0.3,0,20663460,0.6319364238410595,0.7248,0.05842133333333333,0.0015999999999999996,0.3631972115719762,False
Dense exemplar,B3/S245678,25,dead,0.3,0,20663460,0.474405298013245,0.56,0.07022933333333334,0.027466666666666674,0.31955385151620774,False
Dense exemplar,B3/S245678,25,toroidal,0.3,1,20663461,0.6502039735099338,0.7136,0.04537600000000001,0.005599999999999999,0.29056479609620023,False
Dense exemplar,B3/S245678,25,dead,0.3,1,20663461,0.5878463576158941,0.696,0.054581333333333336,0.020000000000000004,0.3910745207389335,False
Dense exemplar,B3/S245678,25,toroidal,0.3,2,20663462,0.6460185430463578,0.7216,0.055392,0.0072,0.3372698501219934,False
Dense exemplar,B3/S245678,25,dead,0.3,2,20663462,0.629764238410596,0.7264,0.059818666666666666,0.02240000000000001,0.40847933077727416,False
Dense exemplar,B3/S245678,25,toroidal,0.3,3,20663463,0.6482966887417219,0.7264,0.056394666666666676,0.005599999999999999,0.3355156500522828,False
Dense exemplar,B3/S245678,25,dead,0.3,3,20663463,0.5047841059602649,0.6,0.060672,0.027466666666666664,0.33975015684907595,False
Dense exemplar,B3/S245678,25,toroidal,0.3,4,20663464,0.6583523178807948,0.7488,0.04151466666666666,0.0,0.351018194492854,False
Dense exemplar,B3/S245678,25,dead,0.3,4,20663464,0.5238145695364238,0.64,0.05937066666666666,0.02432,0.3891162077378877,False
Dense exemplar,B3/S245678,25,toroidal,0.3,5,20663465,0.6536900662251657,0.7184,0.05441066666666667,0.014400000000000001,0.30442690833042885,False
Dense exemplar,B3/S245678,25,dead,0.3,5,20663465,0.5546384105960266,0.6464,0.044693333333333335,0.01818666666666667,0.3342566747995816,False
Dense exemplar,B3/S245678,25,toroidal,0.3,6,20663466,0.6711735099337748,0.7264,0.04590933333333334,0.0031999999999999993,0.23902293482049441,False
Dense exemplar,B3/S245678,25,dead,0.3,6,20663466,0.6034119205298013,0.6736,0.06104533333333333,0.028746666666666663,0.23253565702335288,False
Dense exemplar,B3/S245678,25,toroidal,0.3,7,20663467,0.688328476821192,0.7344,0.03707733333333334,0.0024,0.22893272917392793,False
Dense exemplar,B3/S245678,25,dead,0.3,7,20663467,0.5786172185430465,0.656,0.05033599999999999,0.02416,0.2888306727082605,False
Dense exemplar,B3/S245678,25,toroidal,0.3,8,20663468,0.6589350993377484,0.7424,0.04823466666666667,0.008000000000000002,0.36557295224816994,False
Dense exemplar,B3/S245678,25,dead,0.3,8,20663468,0.42125562913907283,0.5648,0.059615999999999995,0.02576,0.3965663297316137,False
Dense exemplar,B3/S245678,25,toroidal,0.3,9,20663469,0.656646357615894,0.7024,0.04913066666666668,0.017599999999999998,0.22074060648309501,False
Dense exemplar,B3/S245678,25,dead,0.3,9,20663469,0.625928476821192,0.7072,0.06738133333333333,0.02618666666666666,0.3173588009759493,False
Dense exemplar,B3/S245678,25,toroidal,0.5,0,20663480,0.6693298013245033,0.6928,0.037247999999999996,0.014400000000000005,0.10582837225514109,False
Dense exemplar,B3/S245678,25,dead,0.5,0,20663480,0.6568158940397352,0.6912,0.06104533333333333,0.0336,0.17398201463924684,False
Dense exemplar,B3/S245678,25,toroidal,0.5,1,20663481,0.6636291390728477,0.7008,0.041504,0.008426666666666667,0.15285632624607823,False
Dense exemplar,B3/S245678,25,dead,0.5,1,20663481,0.63042119205298,0.6752,0.07058133333333333,0.04447999999999999,0.16715259672359667,False
Dense exemplar,B3/S245678,25,toroidal,0.5,2,20663482,0.6900238410596027,0.7152,0.031776,0.00896,0.124068874172185,False
Dense exemplar,B3/S245678,25,dead,0.5,2,20663482,0.6453509933774835,0.7264,0.05986133333333332,0.016266666666666665,0.26179240153363526,False
Dense exemplar,B3/S245678,25,toroidal,0.5,3,20663483,0.681769536423841,0.6992,0.038496,0.018986666666666666,0.10170763332171469,False
Dense exemplar,B3/S245678,25,dead,0.5,3,20663483,0.6455099337748345,0.7344,0.07550933333333334,0.0312,0.318879609620076,False
Dense exemplar,B3/S245678,25,toroidal,0.5,4,20663484,0.688635761589404,0.7264,0.036512,0.0048,0.16662558382711706,False
Dense exemplar,B3/S245678,25,dead,0.5,4,20663484,0.6703576158940397,0.7552,0.06744533333333334,0.027999999999999994,0.3227778319972109,False
Dense exemplar,B3/S245678,25,toroidal,0.5,5,20663485,0.685128476821192,0.7072,0.03175466666666667,0.006400000000000001,0.11490637852910365,False
Dense exemplar,B3/S245678,25,dead,0.5,5,20663485,0.6210649006622515,0.6768,0.057792,0.032053333333333336,0.20002481700941063,False
Dense exemplar,B3/S245678,25,toroidal,0.5,6,20663486,0.6790675496688742,0.7008,0.03120000000000001,0.008000000000000002,0.11139797838968253,False
Dense exemplar,B3/S245678,25,dead,0.5,6,20663486,0.6118887417218544,0.6784,0.08161066666666666,0.05029333333333333,0.2194138724294175,False
Dense exemplar,B3/S245678,25,toroidal,0.5,7,20663487,0.6867814569536425,0.712,0.036277333333333335,0.01173333333333333,0.13596514464970347,False
Dense exemplar,B3/S245678,25,dead,0.5,7,20663487,0.65281059602649,0.6912,0.05525333333333332,0.031626666666666664,0.1848752875566396,False
Dense exemplar,B3/S245678,25,toroidal,0.5,8,20663488,0.6645933774834436,0.7024,0.048458666666666664,0.011999999999999999,0.1699373997908671,False
Dense exemplar,B3/S245678,25,dead,0.5,8,20663488,0.6581827814569536,0.7088,0.06247466666666668,0.027146666666666666,0.21931181596374966,False
Dense exemplar,B3/S245678,25,toroidal,0.5,9,20663489,0.6888688741721855,0.7168,0.03728,0.0112,0.13880683164865773,False
Dense exemplar,B3/S245678,25,dead,0.5,9,20663489,0.6596768211920528,0.7392,0.06757333333333333,0.0192,0.30404461484837936,False
Dense exemplar,B3/S245678,50,toroidal,0.1,0,20665940,0.2776450331125828,0.6088,0.036229333333333336,0.04027999999999999,0.612194911118857,False
Dense exemplar,B3/S245678,50,dead,0.1,0,20665940,0.14810331125827814,0.2888,0.027029333333333336,0.027666666666666662,0.29286524921575463,False
Dense exemplar,B3/S245678,50,toroidal,0.1,1,20665941,0.0055072847682119215,0.004,0.004688000000000001,0.0031999999999999993,-0.008697176716626027,False
Dense exemplar,B3/S245678,50,dead,0.1,1,20665941,0.0053086092715231795,0.004,0.004512000000000001,0.0031999999999999993,-0.00756263506448242,False
Dense exemplar,B3/S245678,50,toroidal,0.1,2,20665942,0.08610066225165562,0.1576,0.017194666666666667,0.01792,0.14954283722551406,False
Dense exemplar,B3/S245678,50,dead,0.1,2,20665942,0.08527417218543047,0.146,0.016792,0.014906666666666669,0.1436089229696759,False
Dense exemplar,B3/S245678,50,toroidal,0.1,3,20665943,0.04111788079470197,0.0752,0.005784,0.005359999999999999,0.06444844893691182,False
Dense exemplar,B3/S245678,50,dead,0.1,3,20665943,0.03906225165562914,0.0716,0.005690666666666668,0.0052,0.06431021261763681,False
Dense exemplar,B3/S245678,50,toroidal,0.1,4,20665944,0.07850860927152319,0.1432,0.013173333333333334,0.010266666666666667,0.13322279539909374,False
Dense exemplar,B3/S245678,50,dead,0.1,4,20665944,0.06116026490066226,0.088,0.012192000000000001,0.008973333333333331,0.0749023353084698,False
Dense exemplar,B3/S245678,50,toroidal,0.1,5,20665945,0.009777483443708608,0.0084,0.008122666666666667,0.006933333333333334,-0.006461763680724989,False
Dense exemplar,B3/S245678,50,dead,0.1,5,20665945,0.008211920529801325,0.0068,0.008117333333333334,0.006933333333333334,-0.006658975252701316,False
Dense exemplar,B3/S245678,50,toroidal,0.1,6,20665946,0.011305960264900662,0.0108,0.004736,0.002799999999999999,-0.004695433949111209,False
Dense exemplar,B3/S245678,50,dead,0.1,6,20665946,0.011234437086092716,0.0108,0.004682666666666666,0.002799999999999999,-0.00429201812478218,False
Dense exemplar,B3/S245678,50,toroidal,0.1,7,20665947,0.08521059602649006,0.2024,0.013714666666666667,0.018693333333333333,0.1990375043569188,False
Dense exemplar,B3/S245678,50,dead,0.1,7,20665947,0.050116556291390724,0.072,0.009458666666666667,0.01016,0.06902195887068664,False
Dense exemplar,B3/S245678,50,toroidal,0.1,8,20665948,0.08051920529801325,0.1736,0.014386666666666669,0.013706666666666666,0.16388386197281285,False
Dense exemplar,B3/S245678,50,dead,0.1,8,20665948,0.04708874172185431,0.0632,0.006221333333333334,0.00412,0.04844147786685256,False
Dense exemplar,B3/S245678,50,toroidal,0.1,9,20665949,0.011541721854304639,0.01,0.013218666666666667,0.012000000000000004,-0.006693691181596423,False
Dense exemplar,B3/S245678,50,dead,0.1,9,20665949,0.011531125827814572,0.01,0.013176,0.012000000000000004,-0.006631997211572017,False
Dense exemplar,B3/S245678,50,toroidal,0.3,0,20665960,0.662333774834437,0.724,0.04645866666666667,0.0052,0.2825387242941787,False
Dense exemplar,B3/S245678,50,dead,0.3,0,20665960,0.6326119205298014,0.7,0.057306666666666665,0.024173333333333335,0.3059933077727428,False
Dense exemplar,B3/S245678,50,toroidal,0.3,1,20665961,0.6577907284768212,0.726,0.04058666666666667,0.0025999999999999994,0.3145593586615544,False
Dense exemplar,B3/S245678,50,dead,0.3,1,20665961,0.6361509933774834,0.7252,0.05623466666666667,0.022586666666666665,0.3519243638898568,False
Dense exemplar,B3/S245678,50,toroidal,0.3,2,20665962,0.6606278145695365,0.7248,0.04197066666666667,0.0068000000000000005,0.29724510282328315,False
Dense exemplar,B3/S245678,50,dead,0.3,2,20665962,0.6149059602649007,0.7028,0.05674666666666667,0.022346666666666667,0.3369011502265596,False
Dense exemplar,B3/S245678,50,toroidal,0.3,3,20665963,0.65958940397351,0.72,0.046962666666666666,0.01,0.279941094457999,False
Dense exemplar,B3/S245678,50,dead,0.3,3,20665963,0.6071708609271522,0.7352,0.060477333333333334,0.02056,0.39212833739979064,False
Dense exemplar,B3/S245678,50,toroidal,0.3,4,20665964,0.6576927152317881,0.7124,0.047112,0.00872,0.257775810386894,False
Dense exemplar,B3/S245678,50,dead,0.3,4,20665964,0.6163496688741723,0.7012,0.05962933333333333,0.024666666666666663,0.3617035901010805,False
Dense exemplar,B3/S245678,50,toroidal,0.3,5,20665965,0.6654278145695365,0.7196,0.046842666666666664,0.009333333333333334,0.25701205995120235,False
Dense exemplar,B3/S245678,50,dead,0.3,5,20665965,0.6303867549668875,0.6996,0.04959466666666666,0.01582666666666667,0.2785250609968625,False
Dense exemplar,B3/S245678,50,toroidal,0.3,6,20665966,0.6488291390728477,0.7384,0.05157333333333333,0.004599999999999999,0.37658417567096547,False
Dense exemplar,B3/S245678,50,dead,0.3,6,20665966,0.5805854304635761,0.6696,0.059664,0.026013333333333336,0.335923875914953,False
Dense exemplar,B3/S245678,50,toroidal,0.3,7,20665967,0.6551867549668875,0.7216,0.04690133333333333,0.009306666666666666,0.3148182642035549,False
Dense exemplar,B3/S245678,50,dead,0.3,7,20665967,0.5945377483443709,0.696,0.05885333333333333,0.01906666666666667,0.3818400836528402,False
Dense exemplar,B3/S245678,50,toroidal,0.3,8,20665968,0.6647655629139073,0.722,0.04429866666666667,0.007266666666666667,0.2664165214360398,False
Dense exemplar,B3/S245678,50,dead,0.3,8,20665968,0.6045298013245033,0.6936,0.057389333333333334,0.01889333333333333,0.33135433949111176,False
Dense exemplar,B3/S245678,50,toroidal,0.3,9,20665969,0.657298013245033,0.7124,0.048266666666666666,0.011093333333333335,0.2618461484837917,False
Dense exemplar,B3/S245678,50,dead,0.3,9,20665969,0.6511152317880794,0.728,0.060914666666666666,0.02250666666666666,0.31874388288602257,False
Dense exemplar,B3/S245678,50,toroidal,0.5,0,20665980,0.6764423841059604,0.7084,0.03589333333333333,0.006839999999999999,0.1472455210874865,False
Dense exemplar,B3/S245678,50,dead,0.5,0,20665980,0.6476582781456954,0.7088,0.054504000000000004,0.023133333333333336,0.2303399790867894,False
Dense exemplar,B3/S245678,50,toroidal,0.5,1,20665981,0.6894993377483443,0.7208,0.03390133333333334,0.005573333333333334,0.15266810735447858,False
Dense exemplar,B3/S245678,50,dead,0.5,1,20665981,0.6685245033112583,0.7108,0.050896,0.02222666666666667,0.1780513070756355,False
Dense exemplar,B3/S245678,50,toroidal,0.5,2,20665982,0.669282119205298,0.6976,0.03868799999999999,0.011013333333333337,0.12567082607180102,False
Dense exemplar,B3/S245678,50,dead,0.5,2,20665982,0.6646649006622516,0.7148,0.05362933333333334,0.02445333333333333,0.19369940745904446,False
Dense exemplar,B3/S245678,50,toroidal,0.5,3,20665983,0.671144370860927,0.6992,0.043352,0.016133333333333336,0.13864015336354107,False
Dense exemplar,B3/S245678,50,dead,0.5,3,20665983,0.6612238410596026,0.7,0.048509333333333335,0.018639999999999997,0.16756772394562544,False
Dense exemplar,B3/S245678,50,toroidal,0.5,4,20665984,0.6856238410596027,0.7176,0.03922133333333333,0.010039999999999999,0.15564823980480988,False
Dense exemplar,B3/S245678,50,dead,0.5,4,20665984,0.6638119205298013,0.7032,0.04672533333333333,0.013933333333333334,0.16274367375392113,False
Dense exemplar,B3/S245678,50,toroidal,0.5,5,20665985,0.6847311258278145,0.7116,0.03604533333333333,0.011586666666666665,0.1350004182642022,False
Dense exemplar,B3/S245678,50,dead,0.5,5,20665985,0.6766225165562914,0.7168,0.044170666666666664,0.016906666666666667,0.17294869292436357,False
Dense exemplar,B3/S245678,50,toroidal,0.5,6,20665986,0.6761218543046358,0.7032,0.035314666666666675,0.008466666666666667,0.1381158591843847,False
Dense exemplar,B3/S245678,50,dead,0.5,6,20665986,0.6461218543046358,0.6904,0.054786666666666664,0.017626666666666665,0.18210930637852876,False
Dense exemplar,B3/S245678,50,toroidal,0.5,7,20665987,0.6796105960264901,0.7168,0.041687999999999996,0.0108,0.174155803415824,False
Dense exemplar,B3/S245678,50,dead,0.5,7,20665987,0.6580556291390728,0.6968,0.05161333333333334,0.019533333333333333,0.1864538166608573,False
Dense exemplar,B3/S245678,50,toroidal,0.5,8,20665988,0.6806569536423841,0.7096,0.037013333333333336,0.011533333333333333,0.13185590798187483,False
Dense exemplar,B3/S245678,50,dead,0.5,8,20665988,0.6743311258278146,0.7096,0.04029866666666667,0.01272,0.15303764377831908,False
Dense exemplar,B3/S245678,50,toroidal,0.5,9,20665989,0.6849086092715232,0.7052,0.03196,0.012173333333333333,0.09920766817706461,False
Dense exemplar,B3/S245678,50,dead,0.5,9,20665989,0.6683576158940399,0.7064,0.048256,0.02088,0.15658661554548553,False
Dense exemplar,B3/S245678,100,toroidal,0.1,0,20670940,0.043915231788079476,0.0697,0.010267333333333333,0.009240000000000002,0.05204445799930284,False
Dense exemplar,B3/S245678,100,dead,0.1,0,20670940,0.041984768211920535,0.0643,0.009094000000000001,0.00751,0.05023886371558029,False
Dense exemplar,B3/S245678,100,toroidal,0.1,1,20670941,0.08847086092715231,0.2154,0.016561999999999997,0.0239,0.20438558731265252,False
Dense exemplar,B3/S245678,100,dead,0.1,1,20670941,0.043806622516556294,0.0838,0.010683333333333333,0.011556666666666665,0.06841897873823631,False
Dense exemplar,B3/S245678,100,toroidal,0.1,2,20670942,0.08127880794701986,0.144,0.012881333333333333,0.011589999999999998,0.13709900662251656,False
Dense exemplar,B3/S245678,100,dead,0.1,2,20670942,0.07448079470198675,0.1299,0.012268666666666667,0.011203333333333333,0.12480914952945274,False
Dense exemplar,B3/S245678,100,toroidal,0.1,3,20670943,0.05489801324503313,0.0993,0.010495999999999998,0.01037666666666667,0.08651632973161379,False
Dense exemplar,B3/S245678,100,dead,0.1,3,20670943,0.037100662251655626,0.0648,0.008994,0.008773333333333334,0.05098201463924712,False
Dense exemplar,B3/S245678,100,toroidal,0.1,4,20670944,0.0669251655629139,0.1152,0.011126666666666665,0.010976666666666668,0.10395982920878355,False
Dense exemplar,B3/S245678,100,dead,0.1,4,20670944,0.05930264900662251,0.1019,0.010618,0.010493333333333334,0.08861852561868246,False
Dense exemplar,B3/S245678,100,toroidal,0.1,5,20670945,0.04054834437086093,0.0823,0.009857999999999999,0.010616666666666667,0.06932624607877307,False
Dense exemplar,B3/S245678,100,dead,0.1,5,20670945,0.03972317880794703,0.0815,0.009798,0.010616666666666667,0.06946620773788777,False
Dense exemplar,B3/S245678,100,toroidal,0.1,6,20670946,0.09269933774834438,0.2297,0.01649933333333333,0.02163,0.22370724991286167,False
Dense exemplar,B3/S245678,100,dead,0.1,6,20670946,0.05780728476821192,0.1405,0.013456666666666667,0.017230000000000002,0.12645841756709653,False
Dense exemplar,B3/S245678,100,toroidal,0.1,7,20670947,0.06419403973509934,0.1484,0.012088,0.015043333333333334,0.1388869292436389,False
Dense exemplar,B3/S245678,100,dead,0.1,7,20670947,0.057131125827814565,0.1186,0.011022666666666667,0.012146666666666667,0.10914295921924018,False
Dense exemplar,B3/S245678,100,toroidal,0.1,8,20670948,0.020884105960264902,0.0434,0.008977333333333332,0.008633333333333333,0.023151969327291723,False
Dense exemplar,B3/S245678,100,dead,0.1,8,20670948,0.02119072847682119,0.0439,0.009252666666666668,0.009033333333333334,0.024126106657371877,False
Dense exemplar,B3/S245678,100,toroidal,0.1,9,20670949,0.08491125827814569,0.201,0.01704,0.023896666666666667,0.19282350993377484,False
Dense exemplar,B3/S245678,100,dead,0.1,9,20670949,0.05459072847682118,0.1093,0.012249999999999999,0.013173333333333336,0.10075686650400836,False
Dense exemplar,B3/S245678,100,toroidal,0.3,0,20670960,0.6526463576158941,0.7207,0.04800533333333334,0.007116666666666666,0.30421228651097937,False
Dense exemplar,B3/S245678,100,dead,0.3,0,20670960,0.6406443708609272,0.7199,0.05428933333333333,0.014940000000000004,0.3327219065876608,False
Dense exemplar,B3/S245678,100,toroidal,0.3,1,20670961,0.6581841059602649,0.7212,0.049111333333333326,0.00926,0.2891428546531886,False
Dense exemplar,B3/S245678,100,dead,0.3,1,20670961,0.6397152317880795,0.7205,0.05386533333333333,0.015483333333333337,0.3267108748692924,False
Dense exemplar,B3/S245678,100,toroidal,0.3,2,20670962,0.6558966887417219,0.7285,0.046922,0.006893333333333334,0.32361190310212595,False
Dense exemplar,B3/S245678,100,dead,0.3,2,20670962,0.6398867549668874,0.7272,0.051644,0.01097,0.36445022655977677,False
Dense exemplar,B3/S245678,100,toroidal,0.3,3,20670963,0.6540721854304636,0.7227,0.04749,0.00851,0.31235657023353075,False
Dense exemplar,B3/S245678,100,dead,0.3,3,20670963,0.6369807947019868,0.7153,0.05373266666666666,0.016643333333333333,0.3293244510282325,False
Dense exemplar,B3/S245678,100,toroidal,0.3,4,20670964,0.6562781456953642,0.7275,0.048322000000000004,0.008026666666666666,0.3194726559776923,False
Dense exemplar,B3/S245678,100,dead,0.3,4,20670964,0.6350324503311259,0.7271,0.053265999999999994,0.015543333333333333,0.3462254095503651,False
Dense exemplar,B3/S245678,100,toroidal,0.3,5,20670965,0.6451933774834436,0.7293,0.047351333333333336,0.0049099999999999994,0.3435829731613803,False
Dense exemplar,B3/S245678,100,dead,0.3,5,20670965,0.624125165562914,0.719,0.05246133333333333,0.01563,0.3530414952945273,False
Dense exemplar,B3/S245678,100,toroidal,0.3,6,20670966,0.6465490066225165,0.7271,0.048578666666666666,0.007756666666666667,0.34379822237713453,False
Dense exemplar,B3/S245678,100,dead,0.3,6,20670966,0.6315834437086093,0.7249,0.052764,0.012466666666666666,0.3837201289647961,False
Dense exemplar,B3/S245678,100,toroidal,0.3,7,20670967,0.6539602649006622,0.7282,0.048502666666666666,0.0054466666666666665,0.3272465144649702,False
Dense exemplar,B3/S245678,100,dead,0.3,7,20670967,0.626880132450331,0.7239,0.05623533333333333,0.014363333333333334,0.3683086092715231,False
Dense exemplar,B3/S245678,100,toroidal,0.3,8,20670968,0.645128476821192,0.7274,0.049656666666666675,0.008203333333333333,0.3541011153712093,False
Dense exemplar,B3/S245678,100,dead,0.3,8,20670968,0.626225165562914,0.7242,0.05410733333333333,0.015269999999999999,0.37279731613802697,False
Dense exemplar,B3/S245678,100,toroidal,0.3,9,20670969,0.6592834437086094,0.7244,0.04694333333333333,0.006626666666666667,0.2967472115719758,False
Dense exemplar,B3/S245678,100,dead,0.3,9,20670969,0.6354370860927152,0.707,0.05320733333333333,0.01496,0.3055499999999994,False
Dense exemplar,B3/S245678,100,toroidal,0.5,0,20670980,0.6792986754966888,0.71,0.036626,0.0072966666666666674,0.14586634715928823,False
Dense exemplar,B3/S245678,100,dead,0.5,0,20670980,0.672258940397351,0.7123,0.04205333333333333,0.012526666666666665,0.16973025444405676,False
Dense exemplar,B3/S245678,100,toroidal,0.5,1,20670981,0.6772781456953643,0.7078,0.03708,0.00874,0.14115428720808615,False
Dense exemplar,B3/S245678,100,dead,0.5,1,20670981,0.6693947019867549,0.7083,0.04398199999999999,0.014259999999999998,0.16446352387591495,False
Dense exemplar,B3/S245678,100,toroidal,0.5,2,20670982,0.6799317880794702,0.7091,0.03748466666666666,0.01037,0.14469186127570557,False
Dense exemplar,B3/S245678,100,dead,0.5,2,20670982,0.6706860927152317,0.7071,0.044922000000000004,0.016196666666666668,0.16540634367375337,False
Dense exemplar,B3/S245678,100,toroidal,0.5,3,20670983,0.680496688741722,0.7124,0.036923333333333336,0.008106666666666668,0.14898095155106258,False
Dense exemplar,B3/S245678,100,dead,0.5,3,20670983,0.6714337748344371,0.7077,0.04238133333333334,0.012689999999999998,0.1622418089926799,False
Dense exemplar,B3/S245678,100,toroidal,0.5,4,20670984,0.6782470198675496,0.7073,0.03556266666666666,0.007459999999999999,0.14017314395259642,False
Dense exemplar,B3/S245678,100,dead,0.5,4,20670984,0.6738854304635762,0.7078,0.04244066666666667,0.014653333333333332,0.1620196061345411,False
Dense exemplar,B3/S245678,100,toroidal,0.5,5,20670985,0.676882119205298,0.7062,0.037121333333333326,0.00903,0.140181090972464,False
Dense exemplar,B3/S245678,100,dead,0.5,5,20670985,0.6708655629139073,0.7068,0.04421466666666666,0.01668666666666667,0.1598818055071445,False
Dense exemplar,B3/S245678,100,toroidal,0.5,6,20670986,0.6786324503311258,0.7074,0.03708733333333333,0.008799999999999999,0.13903128267689044,False
Dense exemplar,B3/S245678,100,dead,0.5,6,20670986,0.6732748344370861,0.7091,0.04561200000000001,0.014973333333333335,0.16408436737539156,False
Dense exemplar,B3/S245678,100,toroidal,0.5,7,20670987,0.6799715231788079,0.7097,0.03579000000000001,0.0076100000000000004,0.13989557337051164,False
Dense exemplar,B3/S245678,100,dead,0.5,7,20670987,0.6694185430463576,0.7062,0.04568666666666667,0.01694333333333333,0.16122730916695638,False
Dense exemplar,B3/S245678,100,toroidal,0.5,8,20670988,0.6765112582781457,0.704,0.03604333333333334,0.009559999999999997,0.13233570930637795,False
Dense exemplar,B3/S245678,100,dead,0.5,8,20670988,0.6763993377483444,0.7121,0.04499466666666667,0.016596666666666666,0.16192873823631893,False
Dense exemplar,B3/S245678,100,toroidal,0.5,9,20670989,0.6808761589403975,0.7107,0.036834,0.008126666666666666,0.1430186998954339,False
Dense exemplar,B3/S245678,100,dead,0.5,9,20670989,0.6739516556291392,0.7089,0.044791333333333336,0.015726666666666667,0.16057377134890122,False
Study outlier,B126/S35678,25,toroidal,0.1,0,20763440,0.8600052980132448,0.96,0.06926933333333334,0.0,0.4453953293830602,False
Study outlier,B126/S35678,25,dead,0.1,0,20763440,0.7060768211920531,0.832,0.192256,0.06896,0.38517364935517606,False
Study outlier,B126/S35678,25,toroidal,0.1,1,20763441,0.7562278145695361,0.96,0.14418133333333336,0.0,0.6266718717323105,False
Study outlier,B126/S35678,25,dead,0.1,1,20763441,0.6542728476821191,0.8304,0.24260266666666666,0.09882666666666665,0.46303938654583465,False
Study outlier,B126/S35678,25,toroidal,0.1,2,20763442,0.8284397350993377,0.976,0.09906133333333335,0.0,0.5795786685256187,False
Study outlier,B126/S35678,25,dead,0.1,2,20763442,0.6421298013245034,0.7936,0.24771200000000002,0.13178666666666666,0.36125228302544393,False
Study outlier,B126/S35678,25,toroidal,0.1,3,20763443,0.7694092715231787,0.928,0.12053333333333334,0.0,0.5964179853607529,False
Study outlier,B126/S35678,25,dead,0.1,3,20763443,0.6948980132450331,0.8384,0.19432533333333335,0.07418666666666665,0.4354732659463225,False
Study outlier,B126/S35678,25,toroidal,0.1,4,20763444,0.8083814569536422,0.9664,0.10930133333333333,0.0,0.5585357964447545,False
Study outlier,B126/S35678,25,dead,0.1,4,20763444,0.6954807947019866,0.8384,0.20005333333333333,0.06384000000000001,0.4163251307075637,False
Study outlier,B126/S35678,25,toroidal,0.1,5,20763445,0.7509192052980131,0.952,0.14656000000000002,0.0,0.6443945625653533,False
Study outlier,B126/S35678,25,dead,0.1,5,20763445,0.6469615894039735,0.7984,0.23801599999999998,0.11984,0.44404266294876266,False
Study outlier,B126/S35678,25,toroidal,0.1,6,20763446,0.8600158940397353,0.9616,0.06849066666666667,0.0,0.43949194841408196,False
Study outlier,B126/S35678,25,dead,0.1,6,20763446,0.6497483443708609,0.8272,0.23678933333333332,0.10378666666666668,0.3812085047054723,False
Study outlier,B126/S35678,25,toroidal,0.1,7,20763447,0.8288847682119205,0.9472,0.08589866666666666,0.0,0.5019438131753221,False
Study outlier,B126/S35678,25,dead,0.1,7,20763447,0.6788980132450331,0.8112,0.214976,0.08234666666666667,0.44637323109097216,False
Study outlier,B126/S35678,25,toroidal,0.1,8,20763448,0.7897430463576156,0.9712,0.12710400000000002,0.0,0.6375492506099684,False
Study outlier,B126/S35678,25,dead,0.1,8,20763448,0.6407311258278146,0.7952,0.24522666666666665,0.13584000000000002,0.3929826420355521,False
Study outlier,B126/S35678,25,toroidal,0.1,9,20763449,0.8657059602649007,0.9632,0.067328,0.0,0.4276851864761235,False
Study outlier,B126/S35678,25,dead,0.1,9,20763449,0.7040211920529801,0.84,0.188448,0.049866666666666656,0.40051808992680354,False
Study outlier,B126/S35678,25,toroidal,0.3,0,20763460,0.7602649006622515,0.9456,0.14082133333333333,0.0031999999999999993,0.6416089229696758,False
Study outlier,B126/S35678,25,dead,0.3,0,20763460,0.6599735099337748,0.8112,0.23842133333333332,0.12917333333333333,0.43000655280585554,False
Study outlier,B126/S35678,25,toroidal,0.3,1,20763461,0.8001271523178809,0.9504,0.10962133333333332,0.0,0.5713221331474387,False
Study outlier,B126/S35678,25,dead,0.3,1,20763461,0.7046039735099339,0.8112,0.20637866666666668,0.10122666666666665,0.3488917392819796,False
Study outlier,B126/S35678,25,toroidal,0.3,2,20763462,0.7796026490066227,0.968,0.12904533333333335,0.0,0.6087718368769608,False
Study outlier,B126/S35678,25,dead,0.3,2,20763462,0.7226278145695364,0.8496,0.17704533333333336,0.06874666666666668,0.40842913907284734,False
Study outlier,B126/S35678,25,toroidal,0.3,3,20763463,0.8120264900662254,0.9312,0.09291733333333334,0.0,0.508271314046706,False
Study outlier,B126/S35678,25,dead,0.3,3,20763463,0.6750198675496688,0.8112,0.22779733333333335,0.10069333333333332,0.4302583478563959,False
Study outlier,B126/S35678,25,toroidal,0.3,4,20763464,0.7271099337748346,0.9568,0.16530133333333333,0.0,0.6782187521784592,False
Study outlier,B126/S35678,25,dead,0.3,4,20763464,0.5540344370860927,0.6848,0.3235306666666667,0.23984,0.2926987800627396,False
Study outlier,B126/S35678,25,toroidal,0.3,5,20763465,0.8283337748344372,0.9456,0.08645333333333333,0.0015999999999999996,0.49636835134193075,False
Study outlier,B126/S35678,25,dead,0.3,5,20763465,0.7052079470198674,0.848,0.18858666666666668,0.04447999999999999,0.41772380620425204,False
Study outlier,B126/S35678,25,toroidal,0.3,6,20763466,0.8200476821192053,0.9696,0.104832,0.0,0.5924453119553847,False
Study outlier,B126/S35678,25,dead,0.3,6,20763466,0.7056529801324504,0.824,0.18292266666666665,0.06218666666666666,0.4200627396305329,False
Study outlier,B126/S35678,25,toroidal,0.3,7,20763467,0.8053509933774833,0.9712,0.11438933333333333,0.0,0.6081042872080857,False
Study outlier,B126/S35678,25,dead,0.3,7,20763467,0.6791205298013245,0.816,0.21227733333333332,0.10277333333333333,0.39459128616242584,False
Study outlier,B126/S35678,25,toroidal,0.3,8,20763468,0.7884079470198675,0.9456,0.115744,0.0,0.555992750087138,False
Study outlier,B126/S35678,25,dead,0.3,8,20763468,0.6845139072847681,0.8352,0.19464533333333334,0.06192000000000001,0.4270251655629134,False
Study outlier,B126/S35678,25,toroidal,0.3,9,20763469,0.7714013245033116,0.968,0.13814399999999996,0.0,0.6555730916695708,False
Study outlier,B126/S35678,25,dead,0.3,9,20763469,0.6830834437086093,0.8416,0.21245866666666666,0.059626666666666675,0.4473887765772043,False
Study outlier,B126/S35678,25,toroidal,0.5,0,20763480,0.832561589403974,0.9728,0.09682133333333334,0.0,0.5674573719065874,False
Study outlier,B126/S35678,25,dead,0.5,0,20763480,0.5637615894039734,0.7392,0.31898666666666664,0.23306666666666667,0.24024092018124776,False
Study outlier,B126/S35678,25,toroidal,0.5,1,20763481,0.8239258278145695,0.9632,0.09975466666666666,0.0,0.552505263157894,False
Study outlier,B126/S35678,25,dead,0.5,1,20763481,0.6816317880794702,0.8464,0.21210666666666664,0.06453333333333333,0.43135001742767487,False
Study outlier,B126/S35678,25,toroidal,0.5,2,20763482,0.8456688741721855,0.9456,0.07488,0.004266666666666666,0.4477108400139419,False
Study outlier,B126/S35678,25,dead,0.5,2,20763482,0.6449059602649007,0.7872,0.226464,0.09210666666666666,0.37108651097943507,False
Study outlier,B126/S35678,25,toroidal,0.5,3,20763483,0.7972450331125828,0.9632,0.11871999999999999,0.0,0.6027471592889507,False
Study outlier,B126/S35678,25,dead,0.5,3,20763483,0.6061774834437085,0.7696,0.27979733333333334,0.16751999999999995,0.34785277100034817,False
Study outlier,B126/S35678,25,toroidal,0.5,4,20763484,0.8519947019867551,0.944,0.06888533333333333,0.0,0.41331362844196523,False
Study outlier,B126/S35678,25,dead,0.5,4,20763484,0.6484768211920529,0.7936,0.23974399999999998,0.13530666666666666,0.332159498082955,False
Study outlier,B126/S35678,25,toroidal,0.5,5,20763485,0.834913907284768,0.9536,0.08663466666666667,0.0,0.5102296270477515,False
Study outlier,B126/S35678,25,dead,0.5,5,20763485,0.5525827814569536,0.736,0.3257813333333333,0.1888,0.3197688393168348,False
Study outlier,B126/S35678,25,toroidal,0.5,6,20763486,0.8301668874172184,0.9648,0.09159466666666667,0.0,0.5387209480655275,False
Study outlier,B126/S35678,25,dead,0.5,6,20763486,0.6604503311258278,0.824,0.22923733333333332,0.09786666666666669,0.3968641338445446,False
Study outlier,B126/S35678,25,toroidal,0.5,7,20763487,0.8154384105960265,0.9504,0.09979733333333334,0.0,0.5446561171139773,False
Study outlier,B126/S35678,25,dead,0.5,7,20763487,0.6902251655629138,0.8512,0.20900266666666667,0.09045333333333333,0.3447776925758103,False
Study outlier,B126/S35678,25,toroidal,0.5,8,20763488,0.781901986754967,0.912,0.10990933333333333,0.006399999999999999,0.5201299407459044,False
Study outlier,B126/S35678,25,dead,0.5,8,20763488,0.6434649006622518,0.792,0.252768,0.15343999999999997,0.37981819449285437,False
Study outlier,B126/S35678,25,toroidal,0.5,9,20763489,0.7677350993377481,0.9472,0.1361813333333333,0.0,0.6400002788428022,False
Study outlier,B126/S35678,25,dead,0.5,9,20763489,0.6607788079470198,0.832,0.22893866666666668,0.09050666666666668,0.4050545834785635,False
Study outlier,B126/S35678,50,toroidal,0.1,0,20765940,0.8057086092715234,0.9728,0.11463733333333333,0.00013333333333333334,0.5963449982572325,False
Study outlier,B126/S35678,50,dead,0.1,0,20765940,0.7371470198675497,0.8836,0.15269333333333332,0.029999999999999992,0.5113974207040777,False
Study outlier,B126/S35678,50,toroidal,0.1,1,20765941,0.8368185430463577,0.956,0.08499466666666666,0.0,0.5025852213314739,False
Study outlier,B126/S35678,50,dead,0.1,1,20765941,0.7341536423841059,0.8932,0.16837866666666668,0.05517333333333334,0.47841519693272927,False
Study outlier,B126/S35678,50,toroidal,0.1,2,20765942,0.8504768211920528,0.952,0.0714,0.0,0.44877239456256507,False
Study outlier,B126/S35678,50,dead,0.1,2,20765942,0.7545059602649007,0.894,0.14133333333333334,0.024826666666666667,0.46418375740676143,False
Study outlier,B126/S35678,50,toroidal,0.1,3,20765943,0.8037509933774833,0.9528,0.10818666666666665,0.0,0.5744476124085044,False
Study outlier,B126/S35678,50,dead,0.1,3,20765943,0.6999470198675497,0.8952,0.191488,0.04270666666666665,0.5400244684559081,False
Study outlier,B126/S35678,50,toroidal,0.1,4,20765944,0.814871523178808,0.9624,0.10410666666666667,0.0,0.5557957476472635,False
Study outlier,B126/S35678,50,dead,0.1,4,20765944,0.748307284768212,0.8964,0.1530693333333333,0.040000000000000015,0.4703682119205299,False
Study outlier,B126/S35678,50,toroidal,0.1,5,20765945,0.7794516556291388,0.9596,0.12897333333333333,0.0,0.6220663645869643,False
Study outlier,B126/S35678,50,dead,0.1,5,20765945,0.737830463576159,0.8992,0.15767466666666666,0.030133333333333335,0.5139931683513417,False
Study outlier,B126/S35678,50,toroidal,0.1,6,20765946,0.8090437086092716,0.95,0.10369866666666666,0.0007999999999999998,0.5425570582084346,False
Study outlier,B126/S35678,50,dead,0.1,6,20765946,0.7034066225165563,0.8852,0.18638133333333334,0.03961333333333332,0.5263148135238758,False
Study outlier,B126/S35678,50,toroidal,0.1,7,20765947,0.7933907284768213,0.9564,0.11445066666666667,0.0,0.5916920181247817,False
Study outlier,B126/S35678,50,dead,0.1,7,20765947,0.7223337748344371,0.8908,0.17366133333333333,0.03711999999999999,0.5352054374346464,False
Study outlier,B126/S35678,50,toroidal,0.1,8,20765948,0.8219761589403975,0.9612,0.09718666666666666,0.0,0.5376744510282325,False
Study outlier,B126/S35678,50,dead,0.1,8,20765948,0.7255046357615894,0.8892,0.17023733333333332,0.04696,0.4971147438131753,False
Study outlier,B126/S35678,50,toroidal,0.1,9,20765949,0.7952476821192055,0.9612,0.11657866666666668,0.0,0.5870750087138371,False
Study outlier,B126/S35678,50,dead,0.1,9,20765949,0.7350225165562912,0.894,0.161464,0.03293333333333334,0.4824263506448235,False
Study outlier,B126/S35678,50,toroidal,0.3,0,20765960,0.8034172185430463,0.9584,0.11126933333333333,0.0,0.5776768211920524,False
Study outlier,B126/S35678,50,dead,0.3,0,20765960,0.7443549668874173,0.8972,0.15308,0.024666666666666663,0.5045527361449984,False
Study outlier,B126/S35678,50,toroidal,0.3,1,20765961,0.8265006622516559,0.9556,0.09205866666666666,0.0,0.5241456953642383,False
Study outlier,B126/S35678,50,dead,0.3,1,20765961,0.750948344370861,0.9012,0.15073599999999998,0.030013333333333333,0.5063533635413031,False
Study outlier,B126/S35678,50,toroidal,0.3,2,20765962,0.8216344370860929,0.956,0.09573066666666667,0.0,0.5254262112234227,False
Study outlier,B126/S35678,50,dead,0.3,2,20765962,0.7450490066225166,0.8768,0.15624266666666667,0.04515999999999999,0.44805360752875584,False
Study outlier,B126/S35678,50,toroidal,0.3,3,20765963,0.7979417218543043,0.96,0.11756799999999998,0.0003999999999999999,0.576982084349948,False
Study outlier,B126/S35678,50,dead,0.3,3,20765963,0.7067496688741722,0.8948,0.18758666666666668,0.032053333333333336,0.575724573021959,False
Study outlier,B126/S35678,50,toroidal,0.3,4,20765964,0.8081509933774836,0.962,0.10802933333333332,0.0,0.5792630881840363,False
Study outlier,B126/S35678,50,dead,0.3,4,20765964,0.7432635761589403,0.9028,0.16265333333333334,0.03682666666666667,0.524665597769257,False
Study outlier,B126/S35678,50,toroidal,0.3,5,20765965,0.8111549668874175,0.9668,0.10963200000000001,0.0,0.5900892296967583,False
Study outlier,B126/S35678,50,dead,0.3,5,20765965,0.7480900662251656,0.8848,0.14806133333333332,0.033400000000000006,0.47799714186127495,False
Study outlier,B126/S35678,50,toroidal,0.3,6,20765966,0.7622543046357618,0.9616,0.14241066666666666,0.0002666666666666667,0.6217466016033462,False
Study outlier,B126/S35678,50,dead,0.3,6,20765966,0.7425801324503312,0.8884,0.15717066666666668,0.037333333333333336,0.4909673056814219,False
Study outlier,B126/S35678,50,toroidal,0.3,7,20765967,0.8253668874172185,0.964,0.09766133333333332,0.0,0.5411437434646217,False
Study outlier,B126/S35678,50,dead,0.3,7,20765967,0.763107284768212,0.898,0.13834666666666667,0.024386666666666664,0.4812391077030318,False
Study outlier,B126/S35678,50,toroidal,0.3,8,20765968,0.7886940397350991,0.9652,0.124288,0.0,0.6038471941443008,False
Study outlier,B126/S35678,50,dead,0.3,8,20765968,0.7408821192052979,0.8932,0.16478933333333332,0.04844000000000001,0.4827337748344369,False
Study outlier,B126/S35678,50,toroidal,0.3,9,20765969,0.8055205298013245,0.9572,0.10883733333333331,0.0,0.5588185430463575,False
Study outlier,B126/S35678,50,dead,0.3,9,20765969,0.707666225165563,0.8816,0.1817786666666667,0.05503999999999999,0.4969353084698495,False
Study outlier,B126/S35678,50,toroidal,0.5,0,20765980,0.8145774834437087,0.9564,0.10035200000000001,0.0,0.5385109794353428,False
Study outlier,B126/S35678,50,dead,0.5,0,20765980,0.6996079470198675,0.8852,0.1947306666666667,0.05979999999999999,0.4744278842802367,False
Study outlier,B126/S35678,50,toroidal,0.5,1,20765981,0.8103046357615894,0.956,0.10479733333333333,0.0,0.5483042174973859,False
Study outlier,B126/S35678,50,dead,0.5,1,20765981,0.7465483443708609,0.9012,0.156,0.027426666666666665,0.49952540955036523,False
Study outlier,B126/S35678,50,toroidal,0.5,2,20765982,0.7970384105960265,0.9504,0.110944,0.0003999999999999999,0.5532537469501569,False
Study outlier,B126/S35678,50,dead,0.5,2,20765982,0.7400900662251656,0.8968,0.1624266666666667,0.045786666666666656,0.4755178807947017,False
Study outlier,B126/S35678,50,toroidal,0.5,3,20765983,0.8035602649006625,0.9564,0.10768533333333333,0.0,0.5504319275008712,False
Study outlier,B126/S35678,50,dead,0.5,3,20765983,0.7384397350993377,0.8988,0.16499733333333333,0.04002666666666667,0.47076514464970315,False
Study outlier,B126/S35678,50,toroidal,0.5,4,20765984,0.8170754966887416,0.9528,0.09730133333333332,0.0,0.5396756361101426,False
Study outlier,B126/S35678,50,dead,0.5,4,20765984,0.7145854304635761,0.8852,0.18725066666666668,0.07118666666666666,0.4775282676890901,False
Study outlier,B126/S35678,50,toroidal,0.5,5,20765985,0.7957033112582779,0.9536,0.114208,0.0,0.5749878006273959,False
Study outlier,B126/S35678,50,dead,0.5,5,20765985,0.7363046357615894,0.8976,0.168208,0.03925333333333333,0.5077921924015333,False
Study outlier,B126/S35678,50,toroidal,0.5,6,20765986,0.8321827814569533,0.954,0.08693066666666667,0.0,0.4769115371209474,False
Study outlier,B126/S35678,50,dead,0.5,6,20765986,0.7504927152317881,0.8968,0.15146666666666667,0.025506666666666667,0.4696820494945972,False
Study outlier,B126/S35678,50,toroidal,0.5,7,20765987,0.8103046357615895,0.9556,0.10341066666666666,0.0003999999999999999,0.5277756012547924,False
Study outlier,B126/S35678,50,dead,0.5,7,20765987,0.7509059602649008,0.8936,0.14365333333333333,0.02302666666666667,0.4980391077030319,False
Study outlier,B126/S35678,50,toroidal,0.5,8,20765988,0.8107894039735097,0.96,0.10558933333333333,0.0,0.5690524224468451,False
Study outlier,B126/S35678,50,dead,0.5,8,20765988,0.7244529801324503,0.894,0.17219466666666666,0.04496,0.5011367723945623,False
Study outlier,B126/S35678,50,toroidal,0.5,9,20765989,0.840254304635762,0.9604,0.084144,0.0,0.5025042872080862,False
Study outlier,B126/S35678,50,dead,0.5,9,20765989,0.7461748344370862,0.9068,0.15368533333333334,0.028493333333333332,0.5158147089578252,False
Study outlier,B126/S35678,100,toroidal,0.1,0,20770940,0.8065887417218545,0.9646,0.11069400000000001,3.9999999999999996e-05,0.5827827814569531,False
Study outlier,B126/S35678,100,dead,0.1,0,20770940,0.7688874172185429,0.9332,0.1401206666666667,0.01895333333333333,0.5428418438480302,False
Study outlier,B126/S35678,100,toroidal,0.1,1,20770941,0.8079801324503314,0.9633,0.10857333333333334,0.00019999999999999996,0.5757429243638896,False
Study outlier,B126/S35678,100,dead,0.1,1,20770941,0.769728476821192,0.929,0.13682866666666668,0.019679999999999996,0.5345660160334608,False
Study outlier,B126/S35678,100,toroidal,0.1,2,20770942,0.8055774834437086,0.9606,0.10918066666666666,4.6666666666666665e-05,0.5749595155106311,False
Study outlier,B126/S35678,100,dead,0.1,2,20770942,0.7752841059602649,0.9301,0.13083066666666668,0.01564,0.5328809864064126,False
Study outlier,B126/S35678,100,toroidal,0.1,3,20770943,0.8145463576158938,0.9613,0.10322400000000001,0.0,0.5683457650749391,False
Study outlier,B126/S35678,100,dead,0.1,3,20770943,0.7565185430463577,0.922,0.14664333333333332,0.024783333333333334,0.5378266991983268,False
Study outlier,B126/S35678,100,toroidal,0.1,4,20770944,0.7981443708609274,0.9629,0.11520133333333334,0.0,0.5909621993726033,False
Study outlier,B126/S35678,100,dead,0.1,4,20770944,0.7462470198675496,0.9301,0.15585733333333332,0.022903333333333338,0.5554597769257581,False
Study outlier,B126/S35678,100,toroidal,0.1,5,20770945,0.7918562913907287,0.9561,0.11696000000000001,0.0,0.5851799058905541,False
Study outlier,B126/S35678,100,dead,0.1,5,20770945,0.7752761589403974,0.9235,0.1308,0.01950333333333333,0.5303309864064131,False
Study outlier,B126/S35678,100,toroidal,0.1,6,20770946,0.8062205298013247,0.9548,0.10667533333333333,0.00024666666666666657,0.5612981178110836,False
Study outlier,B126/S35678,100,dead,0.1,6,20770946,0.7628410596026489,0.9286,0.141094,0.017023333333333335,0.5482352039037985,False
Study outlier,B126/S35678,100,toroidal,0.1,7,20770947,0.8174920529801324,0.9599,0.10045866666666667,9.999999999999998e-05,0.5524105785988144,False
Study outlier,B126/S35678,100,dead,0.1,7,20770947,0.7668384105960264,0.9281,0.13679200000000002,0.01064,0.5495660160334609,False
Study outlier,B126/S35678,100,toroidal,0.1,8,20770948,0.7834033112582783,0.962,0.12600733333333333,0.0008299999999999999,0.6034015336354128,False
Study outlier,B126/S35678,100,dead,0.1,8,20770948,0.7469470198675497,0.921,0.15255266666666667,0.02235333333333334,0.5425559602649005,False
Study outlier,B126/S35678,100,toroidal,0.1,9,20770949,0.8053384105960266,0.955,0.10716733333333332,0.00036666666666666667,0.5547717323109093,False
Study outlier,B126/S35678,100,dead,0.1,9,20770949,0.7797046357615893,0.9266,0.12444466666666668,0.013026666666666667,0.5126650226559772,False
Study outlier,B126/S35678,100,toroidal,0.3,0,20770960,0.7913119205298014,0.9625,0.12120999999999997,0.0012099999999999997,0.5886427152317876,False
Study outlier,B126/S35678,100,dead,0.3,0,20770960,0.7705112582781457,0.9266,0.135484,0.015239999999999998,0.5336827988846289,False
Study outlier,B126/S35678,100,toroidal,0.3,1,20770961,0.7905450331125826,0.9601,0.12100666666666667,9.999999999999998e-05,0.5876012896479607,False
Study outlier,B126/S35678,100,dead,0.3,1,20770961,0.7486609271523179,0.9242,0.15446333333333334,0.02632,0.543769919832694,False
Study outlier,B126/S35678,100,toroidal,0.3,2,20770962,0.8006099337748342,0.9562,0.11260866666666665,0.0004299999999999999,0.5564572847682118,False
Study outlier,B126/S35678,100,dead,0.3,2,20770962,0.7565622516556291,0.9237,0.14484666666666665,0.017349999999999997,0.5381512199372596,False
Study outlier,B126/S35678,100,toroidal,0.3,3,20770963,0.8117543046357615,0.9661,0.108382,0.00029,0.5596086441268732,False
Study outlier,B126/S35678,100,dead,0.3,3,20770963,0.7733986754966887,0.9288,0.13225066666666668,0.014923333333333334,0.5235670791216451,False
Study outlier,B126/S35678,100,toroidal,0.3,4,20770964,0.8090357615894039,0.956,0.10484866666666666,0.0,0.5377220808644126,False
Study outlier,B126/S35678,100,dead,0.3,4,20770964,0.7683980132450333,0.9272,0.13816333333333333,0.02004666666666667,0.5101701812478213,False
Study outlier,B126/S35678,100,toroidal,0.3,5,20770965,0.7946158940397352,0.9602,0.11783266666666667,0.0018266666666666668,0.569991948414081,False
Study outlier,B126/S35678,100,dead,0.3,5,20770965,0.7572317880794703,0.9272,0.14815133333333333,0.021226666666666668,0.5335490589055418,False
Study outlier,B126/S35678,100,toroidal,0.3,6,20770966,0.8132662251655628,0.9562,0.102954,9.999999999999998e-05,0.5514635238759146,False
Study outlier,B126/S35678,100,dead,0.3,6,20770966,0.7746496688741723,0.9265,0.13085866666666662,0.01443,0.5220649355176017,False
Study outlier,B126/S35678,100,toroidal,0.3,7,20770967,0.8149357615894041,0.9519,0.10037133333333333,0.0015000000000000005,0.5312721854304634,False
Study outlier,B126/S35678,100,dead,0.3,7,20770967,0.7780788079470198,0.9263,0.12958733333333333,0.017133333333333334,0.5136443360055766,False
Study outlier,B126/S35678,100,toroidal,0.3,8,20770968,0.7984066225165561,0.9528,0.112512,9.999999999999998e-05,0.5744628790519342,False
Study outlier,B126/S35678,100,dead,0.3,8,20770968,0.7541854304635762,0.9301,0.15054733333333334,0.019309999999999997,0.5682092018124776,False
Study outlier,B126/S35678,100,toroidal,0.3,9,20770969,0.8184993377483443,0.9657,0.10258933333333332,0.00019999999999999996,0.5574473684210526,False
Study outlier,B126/S35678,100,dead,0.3,9,20770969,0.7702377483443709,0.9308,0.13708066666666668,0.014110000000000001,0.533102457302196,False
Study outlier,B126/S35678,100,toroidal,0.5,0,20770980,0.8013807947019868,0.9593,0.11296866666666666,4.6666666666666665e-05,0.5626427326594632,False
Study outlier,B126/S35678,100,dead,0.5,0,20770980,0.7730536423841059,0.933,0.135276,0.014656666666666667,0.5371651620773787,False
Study outlier,B126/S35678,100,toroidal,0.5,1,20770981,0.8083470198675495,0.9527,0.10382933333333333,0.0002,0.5357438480306725,False
Study outlier,B126/S35678,100,dead,0.5,1,20770981,0.7828609271523181,0.9252,0.12155533333333333,0.009376666666666669,0.5038694492854648,False
Study outlier,B126/S35678,100,toroidal,0.5,2,20770982,0.784964238410596,0.9626,0.12611533333333333,0.0020833333333333333,0.590660108051586,False
Study outlier,B126/S35678,100,dead,0.5,2,20770982,0.7718291390728478,0.9248,0.13253933333333331,0.017519999999999997,0.5249132624607874,False
Study outlier,B126/S35678,100,toroidal,0.5,3,20770983,0.7981569536423839,0.9588,0.11429866666666667,0.00019999999999999996,0.563070146392471,False
Study outlier,B126/S35678,100,dead,0.5,3,20770983,0.7780688741721854,0.9318,0.13078666666666666,0.0151,0.5209556465667482,False
Study outlier,B126/S35678,100,toroidal,0.5,4,20770984,0.8066271523178808,0.9628,0.10996733333333333,0.0,0.5698046183339139,False
Study outlier,B126/S35678,100,dead,0.5,4,20770984,0.7727602649006622,0.9304,0.136046,0.018033333333333335,0.5216521610317183,False
Study outlier,B126/S35678,100,toroidal,0.5,5,20770985,0.8232192052980132,0.9601,0.09687933333333333,6.666666666666667e-06,0.5276537295224816,False
Study outlier,B126/S35678,100,dead,0.5,5,20770985,0.7697721854304637,0.9243,0.13684466666666664,0.02230333333333333,0.5087894388288593,False
Study outlier,B126/S35678,100,toroidal,0.5,6,20770986,0.8140410596026489,0.9584,0.102308,9.999999999999998e-05,0.5392138201463923,False
Study outlier,B126/S35678,100,dead,0.5,6,20770986,0.7716410596026492,0.9273,0.13829133333333335,0.02351,0.5181825026141507,False
Study outlier,B126/S35678,100,toroidal,0.5,7,20770987,0.8091350993377486,0.9595,0.10631733333333335,9.999999999999998e-05,0.5507516904844885,False
Study outlier,B126/S35678,100,dead,0.5,7,20770987,0.7620867549668874,0.9279,0.14305199999999998,0.017906666666666668,0.5289071104914602,False
Study outlier,B126/S35678,100,toroidal,0.5,8,20770988,0.8195602649006624,0.9629,0.09999933333333333,0.00013,0.53608060299756,False
Study outlier,B126/S35678,100,dead,0.5,8,20770988,0.7787509933774835,0.9314,0.1285986666666667,0.01199,0.5185047751829901,False
Study outlier,B126/S35678,100,toroidal,0.5,9,20770989,0.81857880794702,0.9602,0.099544,0.0,0.5343149006622515,False
Study outlier,B126/S35678,100,dead,0.5,9,20770989,0.7808721854304634,0.9302,0.127204,0.01359333333333333,0.4997659637504356,False
Outlier without B6,B12/S35678,25,toroidal,0.1,0,20863440,0.407830463576159,0.4592,0.3973546666666667,0.3963733333333334,0.01549250609968585,False
Outlier without B6,B12/S35678,25,dead,0.1,0,20863440,0.40739602649006623,0.3744,0.43806933333333337,0.4336,0.010435691878703059,False
Outlier without B6,B12/S35678,25,toroidal,0.1,1,20863441,0.40781986754966887,0.4016,0.401376,0.40901333333333334,-0.007522899965144861,False
Outlier without B6,B12/S35678,25,dead,0.1,1,20863441,0.4135099337748344,0.3632,0.4294506666666667,0.43024,-0.0024008365284071765,False
Outlier without B6,B12/S35678,25,toroidal,0.1,2,20863442,0.4084874172185431,0.4192,0.400544,0.40202666666666664,0.008513349599163132,False
Outlier without B6,B12/S35678,25,dead,0.1,2,20863442,0.40850860927152316,0.3824,0.4357333333333333,0.43498666666666674,0.010071802021610067,False
Outlier without B6,B12/S35678,25,toroidal,0.1,3,20863443,0.41037350993377486,0.3856,0.39662933333333333,0.3968000000000001,0.008102614151271812,False
Outlier without B6,B12/S35678,25,dead,0.1,3,20863443,0.4130013245033113,0.4352,0.432672,0.4332266666666667,0.008023980481003608,False
Outlier without B6,B12/S35678,25,toroidal,0.1,4,20863444,0.40916556291390727,0.44,0.40016,0.40112,2.1749738584548333e-05,False
Outlier without B6,B12/S35678,25,dead,0.1,4,20863444,0.4112847682119205,0.4112,0.43516800000000005,0.4336533333333334,0.01708274660160297,False
Outlier without B6,B12/S35678,25,toroidal,0.1,5,20863445,0.4103841059602649,0.416,0.3964053333333334,0.39050666666666667,0.009483722551411503,False
Outlier without B6,B12/S35678,25,dead,0.1,5,20863445,0.40944105960264904,0.3984,0.4338773333333334,0.4255466666666667,0.014962147089577951,False
Outlier without B6,B12/S35678,25,toroidal,0.1,6,20863446,0.409123178807947,0.4048,0.399296,0.3971200000000001,0.013271523178807514,False
Outlier without B6,B12/S35678,25,dead,0.1,6,20863446,0.4117298013245033,0.4192,0.43354666666666664,0.4303466666666666,0.01636500522830244,False
Outlier without B6,B12/S35678,25,toroidal,0.1,7,20863447,0.40709933774834434,0.3936,0.40103466666666665,0.40213333333333334,0.017777065179504805,False
Outlier without B6,B12/S35678,25,dead,0.1,7,20863447,0.41246092715231797,0.4016,0.4305919999999999,0.42634666666666665,0.01307912164517225,False
Outlier without B6,B12/S35678,25,toroidal,0.1,8,20863448,0.4101933774834437,0.3792,0.3988693333333333,0.396,0.01361449982572278,False
Outlier without B6,B12/S35678,25,dead,0.1,8,20863448,0.40948344370860923,0.4144,0.43413333333333337,0.43450666666666676,0.019530428720807853,False
Outlier without B6,B12/S35678,25,toroidal,0.1,9,20863449,0.4125033112582781,0.4384,0.3998933333333333,0.39141333333333334,0.02394311606831637,False
Outlier without B6,B12/S35678,25,dead,0.1,9,20863449,0.4109774834437086,0.4496,0.43444266666666664,0.43194666666666665,0.00039149529452718173,False
Outlier without B6,B12/S35678,25,toroidal,0.3,0,20863460,0.41097748344370866,0.368,0.40035200000000004,0.4017066666666666,-0.005493482049494841,False
Outlier without B6,B12/S35678,25,dead,0.3,0,20863460,0.41522649006622514,0.3632,0.4296319999999999,0.42661333333333334,0.0028902056465660753,False
Outlier without B6,B12/S35678,25,toroidal,0.3,1,20863461,0.4121748344370861,0.464,0.397888,0.39733333333333337,0.0005588009759494138,False
Outlier without B6,B12/S35678,25,dead,0.3,1,20863461,0.4137218543046358,0.3984,0.4370453333333334,0.43936,-0.008651376786337026,False
Outlier without B6,B12/S35678,25,toroidal,0.3,2,20863462,0.40981192052980125,0.384,0.3982186666666667,0.38954666666666665,0.00583562216800197,False
Outlier without B6,B12/S35678,25,dead,0.3,2,20863462,0.4115602649006623,0.416,0.43248,0.43738666666666665,-0.0002869292436390601,False
Outlier without B6,B12/S35678,25,toroidal,0.3,3,20863463,0.4133827814569536,0.3824,0.3962026666666667,0.3997333333333334,-0.010786197281283116,False
Outlier without B6,B12/S35678,25,dead,0.3,3,20863463,0.41190993377483437,0.3904,0.4352533333333333,0.4413333333333333,0.002328895085395315,False
Outlier without B6,B12/S35678,25,toroidal,0.3,4,20863464,0.4116132450331126,0.3984,0.40024533333333334,0.39162666666666673,0.005166399442314105,False
Outlier without B6,B12/S35678,25,dead,0.3,4,20863464,0.40806357615894046,0.4528,0.4383893333333333,0.43839999999999996,0.00541066573719033,False
Outlier without B6,B12/S35678,25,toroidal,0.3,5,20863465,0.4139337748344371,0.4576,0.396448,0.39343999999999996,0.0015802021610314843,False
Outlier without B6,B12/S35678,25,dead,0.3,5,20863465,0.41363708609271527,0.3808,0.43410133333333334,0.43535999999999997,-0.0003981875217850234,False
Outlier without B6,B12/S35678,25,toroidal,0.3,6,20863466,0.41529006622516557,0.4176,0.39349333333333336,0.3877333333333333,0.009765632624607244,False
Outlier without B6,B12/S35678,25,dead,0.3,6,20863466,0.4146649006622517,0.4048,0.4314240000000001,0.43557333333333337,-0.00388818403624945,False
Outlier without B6,B12/S35678,25,toroidal,0.3,7,20863467,0.4093456953642384,0.424,0.39889066666666667,0.39663999999999994,0.008369466713140221,False
Outlier without B6,B12/S35678,25,dead,0.3,7,20863467,0.4112529801324504,0.4528,0.43669333333333343,0.4420799999999999,0.010163820146392017,False
Outlier without B6,B12/S35678,25,toroidal,0.3,8,20863468,0.41195231788079467,0.3824,0.396736,0.4024,-0.004249564308121656,False
Outlier without B6,B12/S35678,25,dead,0.3,8,20863468,0.41362649006622515,0.4,0.4303466666666666,0.4347200000000001,-0.002224329034507318,False
Outlier without B6,B12/S35678,25,toroidal,0.3,9,20863469,0.41090331125827817,0.4272,0.398688,0.3932800000000001,0.010114464970372591,False
Outlier without B6,B12/S35678,25,dead,0.3,9,20863469,0.4133721854304636,0.4016,0.4333760000000001,0.43125333333333327,0.001509933774834208,False
Outlier without B6,B12/S35678,25,toroidal,0.5,0,20863480,0.41167682119205296,0.392,0.3984213333333333,0.40320000000000006,-0.010851446497037948,False
Outlier without B6,B12/S35678,25,dead,0.5,0,20863480,0.41299072847682117,0.4,0.4320106666666667,0.43621333333333345,-0.006151829905890932,False
Outlier without B6,B12/S35678,25,toroidal,0.5,1,20863481,0.41359470198675496,0.416,0.3968213333333333,0.3997866666666667,-0.0032356918787039383,False
Outlier without B6,B12/S35678,25,dead,0.5,1,20863481,0.4149827814569536,0.3872,0.4337706666666666,0.4379200000000001,-0.014865946322760755,False
Outlier without B6,B12/S35678,25,toroidal,0.5,2,20863482,0.4116344370860927,0.416,0.3993066666666667,0.39887999999999996,-7.612408504760643e-05,False
Outlier without B6,B12/S35678,25,dead,0.5,2,20863482,0.4136476821192053,0.3648,0.4351679999999999,0.4415466666666666,-0.015176298361799012,False
Outlier without B6,B12/S35678,25,toroidal,0.5,3,20863483,0.412482119205298,0.4352,0.39653333333333335,0.3965333333333333,-0.007409132101777676,False
Outlier without B6,B12/S35678,25,dead,0.5,3,20863483,0.41049006622516554,0.3664,0.4361813333333333,0.4362666666666666,-0.008916556291391537,False
Outlier without B6,B12/S35678,25,toroidal,0.5,4,20863484,0.412312582781457,0.4192,0.396544,0.39466666666666667,-0.0011912164517257119,False
Outlier without B6,B12/S35678,25,dead,0.5,4,20863484,0.4157033112582781,0.4144,0.43218133333333336,0.42885333333333336,0.005538654583478336,False
Outlier without B6,B12/S35678,25,toroidal,0.5,5,20863485,0.41136953642384105,0.3872,0.39613866666666664,0.3969066666666667,-0.00419184384803099,False
Outlier without B6,B12/S35678,25,dead,0.5,5,20863485,0.41033112582781456,0.384,0.4371839999999999,0.4344533333333333,-0.002277030324155291,False
Outlier without B6,B12/S35678,25,toroidal,0.5,6,20863486,0.4136158940397351,0.3984,0.39731199999999994,0.40272000000000013,-0.0058958522133153585,False
Outlier without B6,B12/S35678,25,dead,0.5,6,20863486,0.4160953642384106,0.4096,0.42906666666666676,0.42613333333333336,0.009586615545485913,False
Outlier without B6,B12/S35678,25,toroidal,0.5,7,20863487,0.41149668874172185,0.3856,0.39808000000000004,0.39434666666666673,0.00071857790170748,False
Outlier without B6,B12/S35678,25,dead,0.5,7,20863487,0.4099072847682119,0.4352,0.43531733333333333,0.43968,-0.015465737190659107,False
Outlier without B6,B12/S35678,25,toroidal,0.5,8,20863488,0.4120158940397351,0.3872,0.39824,0.3921066666666667,0.006125060996862627,False
Outlier without B6,B12/S35678,25,dead,0.5,8,20863488,0.416,0.4352,0.4303893333333333,0.44181333333333334,-0.019161519693273604,False
Outlier without B6,B12/S35678,25,toroidal,0.5,9,20863489,0.41138013245033106,0.4144,0.39723733333333333,0.39114666666666664,0.0005596375043564878,False
Outlier without B6,B12/S35678,25,dead,0.5,9,20863489,0.41433642384105956,0.3984,0.43284266666666665,0.43184000000000006,-0.0035176019519000553,False
Outlier without B6,B12/S35678,50,toroidal,0.1,0,20865940,0.4097854304635762,0.4052,0.3984933333333333,0.39440000000000003,0.011823910770303004,False
Outlier without B6,B12/S35678,50,dead,0.1,0,20865940,0.41022516556291394,0.4128,0.41656,0.4116,0.011737957476472152,False
Outlier without B6,B12/S35678,50,toroidal,0.1,1,20865941,0.4107523178807947,0.4052,0.397896,0.39842666666666665,0.006103102126176123,False
Outlier without B6,B12/S35678,50,dead,0.1,1,20865941,0.4092370860927153,0.396,0.4171573333333333,0.4158,0.008710352039037928,False
Outlier without B6,B12/S35678,50,toroidal,0.1,2,20865942,0.41075761589403975,0.4212,0.39929866666666664,0.39519999999999994,0.012448170094109392,False
Outlier without B6,B12/S35678,50,dead,0.1,2,20865942,0.40973245033112576,0.3892,0.4178693333333333,0.4185866666666668,0.004716765423492282,False
Outlier without B6,B12/S35678,50,toroidal,0.1,3,20865943,0.41022251655629144,0.4104,0.3981653333333333,0.3934,0.01873530846985029,False
Outlier without B6,B12/S35678,50,dead,0.1,3,20865943,0.41068079470198676,0.396,0.41546666666666665,0.41158666666666666,0.014571697455559111,False
Outlier without B6,B12/S35678,50,toroidal,0.1,4,20865944,0.41052450331125834,0.4052,0.3971813333333334,0.3926933333333333,0.01013265946322745,False
Outlier without B6,B12/S35678,50,dead,0.1,4,20865944,0.40967947019867545,0.4216,0.41598399999999996,0.41808,0.006484768211920248,False
Outlier without B6,B12/S35678,50,toroidal,0.1,5,20865945,0.41029668874172187,0.4212,0.39976266666666666,0.40032,0.009295921924014771,False
Outlier without B6,B12/S35678,50,dead,0.1,5,20865945,0.4116026490066225,0.4272,0.4157653333333334,0.4155466666666666,0.007314813523875773,False
Outlier without B6,B12/S35678,50,toroidal,0.1,6,20865946,0.4114596026490066,0.3736,0.39708533333333335,0.3949866666666667,0.010840362495642967,False
Outlier without B6,B12/S35678,50,dead,0.1,6,20865946,0.41225960264900663,0.408,0.4150853333333333,0.40873333333333334,0.015257232485185858,False
Outlier without B6,B12/S35678,50,toroidal,0.1,7,20865947,0.41025165562913907,0.4012,0.39873600000000003,0.3955066666666668,0.011096549320320497,False
Outlier without B6,B12/S35678,50,dead,0.1,7,20865947,0.4111311258278145,0.4148,0.41534400000000005,0.4125599999999999,0.014071662600208831,False
Outlier without B6,B12/S35678,50,toroidal,0.1,8,20865948,0.41109933774834434,0.4204,0.39723200000000003,0.3987333333333333,0.012621331474380704,False
Outlier without B6,B12/S35678,50,dead,0.1,8,20865948,0.4105271523178808,0.418,0.4168213333333334,0.4177466666666666,0.008486371558033747,False
Outlier without B6,B12/S35678,50,toroidal,0.1,9,20865949,0.4105218543046357,0.4104,0.398224,0.3975333333333333,0.009610247472986942,False
Outlier without B6,B12/S35678,50,dead,0.1,9,20865949,0.4096,0.406,0.41640799999999994,0.4133333333333333,0.009522621122342317,False
Outlier without B6,B12/S35678,50,toroidal,0.3,0,20865960,0.4111443708609271,0.4188,0.39808799999999994,0.4018533333333334,0.00039588706866507004,False
Outlier without B6,B12/S35678,50,dead,0.3,0,20865960,0.41225430463576157,0.4068,0.415,0.4156133333333333,3.994423143896977e-05,False
Outlier without B6,B12/S35678,50,toroidal,0.3,1,20865961,0.4108397350993378,0.4048,0.39878933333333333,0.3994266666666667,0.004703590101080429,False
Outlier without B6,B12/S35678,50,dead,0.3,1,20865961,0.411676821192053,0.4076,0.41596533333333335,0.41572,0.0008693621470893762,False
Outlier without B6,B12/S35678,50,toroidal,0.3,2,20865962,0.4117986754966887,0.4184,0.3980613333333333,0.39632,0.004506169397002097,False
Outlier without B6,B12/S35678,50,dead,0.3,2,20865962,0.41080794701986756,0.3992,0.41721333333333327,0.4128266666666667,0.007764029278493809,False
Outlier without B6,B12/S35678,50,toroidal,0.3,3,20865963,0.4121165562913907,0.3856,0.397856,0.39888,0.0008149878006271303,False
Outlier without B6,B12/S35678,50,dead,0.3,3,20865963,0.41171125827814575,0.4168,0.41705600000000004,0.41452000000000006,0.003053956082258493,False
Outlier without B6,B12/S35678,50,toroidal,0.3,4,20865964,0.41106225165562915,0.412,0.40036,0.39929333333333333,0.0027992331822933435,False
Outlier without B6,B12/S35678,50,dead,0.3,4,20865964,0.4137086092715232,0.4096,0.414552,0.41262666666666664,0.004280097594980794,False
Outlier without B6,B12/S35678,50,toroidal,0.3,5,20865965,0.4115629139072847,0.4228,0.39900533333333327,0.3994666666666667,0.003102265597768765,False
Outlier without B6,B12/S35678,50,dead,0.3,5,20865965,0.41277880794701977,0.4032,0.415312,0.4174666666666666,-0.0002775182990590404,False
Outlier without B6,B12/S35678,50,toroidal,0.3,6,20865966,0.41123973509933776,0.4024,0.397384,0.39708,-0.00043373997908679237,False
Outlier without B6,B12/S35678,50,dead,0.3,6,20865966,0.4111099337748344,0.426,0.41735466666666665,0.4116666666666667,0.006121296619030732,False
Outlier without B6,B12/S35678,50,toroidal,0.3,7,20865967,0.4118675496688741,0.4156,0.39754400000000006,0.39703999999999995,0.004931962356221374,False
Outlier without B6,B12/S35678,50,dead,0.3,7,20865967,0.4110304635761589,0.416,0.417648,0.41739999999999994,0.0008386197281276578,False
Outlier without B6,B12/S35678,50,toroidal,0.3,8,20865968,0.4105960264900662,0.4108,0.40037599999999995,0.4008533333333334,0.0023659114674099632,False
Outlier without B6,B12/S35678,50,dead,0.3,8,20865968,0.41051125827814566,0.4096,0.41772799999999993,0.4165866666666666,0.0038733356570229494,False
Outlier without B6,B12/S35678,50,toroidal,0.3,9,20865969,0.4116132450331126,0.422,0.39760266666666666,0.3963333333333334,0.002058069013593429,False
Outlier without B6,B12/S35678,50,dead,0.3,9,20865969,0.4123417218543046,0.4248,0.416752,0.41704,0.0035113279888461255,False
Outlier without B6,B12/S35678,50,toroidal,0.5,0,20865980,0.41276291390728476,0.4152,0.39623200000000003,0.39765333333333336,-0.009036598117811276,False
Outlier without B6,B12/S35678,50,dead,0.5,0,20865980,0.4139046357615894,0.4144,0.41503199999999996,0.41819999999999996,-0.0031083304287211136,False
Outlier without B6,B12/S35678,50,toroidal,0.5,1,20865981,0.4125801324503311,0.442,0.396304,0.39812,-0.0069605437434649454,False
Outlier without B6,B12/S35678,50,dead,0.5,1,20865981,0.4133509933774835,0.4204,0.4157226666666667,0.41622666666666663,-0.0061689787382368235,False
Outlier without B6,B12/S35678,50,toroidal,0.5,2,20865982,0.41244238410596024,0.4108,0.39635999999999993,0.39621333333333336,-0.001986545834785979,False
Outlier without B6,B12/S35678,50,dead,0.5,2,20865982,0.413430463576159,0.396,0.41431466666666666,0.41901333333333324,-0.007487138375741011,False
Outlier without B6,B12/S35678,50,toroidal,0.5,3,20865983,0.41206357615894035,0.4092,0.39689066666666667,0.3979866666666666,-0.0029531544092021417,False
Outlier without B6,B12/S35678,50,dead,0.5,3,20865983,0.4117403973509933,0.4216,0.41600800000000004,0.41468,-0.0015067967933079305,False
Outlier without B6,B12/S35678,50,toroidal,0.5,4,20865984,0.411764238410596,0.4208,0.3964586666666667,0.3983733333333334,-0.0010546531892649486,False
Outlier without B6,B12/S35678,50,dead,0.5,4,20865984,0.4121192052980132,0.4184,0.41498666666666667,0.4134,0.00031892645521070206,False
Outlier without B6,B12/S35678,50,toroidal,0.5,5,20865985,0.41305695364238404,0.408,0.3965093333333333,0.3962400000000001,-0.0012851167654236405,False
Outlier without B6,B12/S35678,50,dead,0.5,5,20865985,0.41305430463576154,0.422,0.4145333333333333,0.4179733333333333,-0.009097664691530677,False
Outlier without B6,B12/S35678,50,toroidal,0.5,6,20865986,0.4125668874172185,0.422,0.3971013333333333,0.3991466666666667,-0.00565660508888139,False
Outlier without B6,B12/S35678,50,dead,0.5,6,20865986,0.41237880794701987,0.4188,0.41697866666666666,0.4184000000000001,-0.0013171139769959698,False
Outlier without B6,B12/S35678,50,toroidal,0.5,7,20865987,0.4122913907284768,0.4088,0.39671466666666666,0.39429333333333333,-0.001717811084001528,False
Outlier without B6,B12/S35678,50,dead,0.5,7,20865987,0.41301986754966885,0.4,0.41429333333333335,0.41318666666666665,0.0004362495643078893,False
Outlier without B6,B12/S35678,50,toroidal,0.5,8,20865988,0.4111390728476821,0.4052,0.39766666666666667,0.3993466666666667,-0.007023701638201344,False
Outlier without B6,B12/S35678,50,dead,0.5,8,20865988,0.4113006622516556,0.4192,0.41589333333333334,0.4181733333333334,-0.006833600557685783,False
Outlier without B6,B12/S35678,50,toroidal,0.5,9,20865989,0.41335364238410593,0.4068,0.39636266666666664,0.39885333333333334,-0.008634855350296502,False
Outlier without B6,B12/S35678,50,dead,0.5,9,20865989,0.41317086092715233,0.42,0.4140186666666667,0.41729333333333324,-0.008799860578598967,False
Outlier without B6,B12/S35678,100,toroidal,0.1,0,20870940,0.4107966887417218,0.4028,0.3977946666666667,0.3954766666666666,0.008047141861275546,False
Outlier without B6,B12/S35678,100,dead,0.1,0,20870940,0.41054834437086096,0.4088,0.40651600000000004,0.4063833333333334,0.00911340188218849,False
Outlier without B6,B12/S35678,100,toroidal,0.1,1,20870941,0.40981125827814574,0.426,0.3992093333333333,0.3985533333333333,0.011485221331474085,False
Outlier without B6,B12/S35678,100,dead,0.1,1,20870941,0.4110748344370861,0.4067,0.40645933333333334,0.4042066666666667,0.01063865458347835,False
Outlier without B6,B12/S35678,100,toroidal,0.1,2,20870942,0.41041192052980136,0.4038,0.3981186666666666,0.39619333333333334,0.010044457999302321,False
Outlier without B6,B12/S35678,100,dead,0.1,2,20870942,0.41029271523178806,0.4245,0.4076113333333333,0.40812,0.010101394214011341,False
Outlier without B6,B12/S35678,100,toroidal,0.1,3,20870943,0.41071324503311263,0.4191,0.3977873333333333,0.3966066666666667,0.009698396653885956,False
Outlier without B6,B12/S35678,100,dead,0.1,3,20870943,0.411305298013245,0.4108,0.4063453333333334,0.4060733333333334,0.009183670268385891,False
Outlier without B6,B12/S35678,100,toroidal,0.1,4,20870944,0.41055099337748335,0.4109,0.39748399999999995,0.39611666666666673,0.00998658069013575,False
Outlier without B6,B12/S35678,100,dead,0.1,4,20870944,0.41039933774834436,0.4041,0.40675333333333336,0.40507333333333334,0.010714935517601923,False
Outlier without B6,B12/S35678,100,toroidal,0.1,5,20870945,0.4102880794701987,0.3975,0.3984886666666666,0.3975366666666666,0.006487539212268727,False
Outlier without B6,B12/S35678,100,dead,0.1,5,20870945,0.4106695364238411,0.4172,0.40671066666666666,0.4069333333333334,0.007158225862669661,False
Outlier without B6,B12/S35678,100,toroidal,0.1,6,20870946,0.41001523178807947,0.4026,0.39821866666666667,0.3953833333333333,0.012076176368072296,False
Outlier without B6,B12/S35678,100,dead,0.1,6,20870946,0.41073311258278145,0.4104,0.4062533333333333,0.40607333333333334,0.009812112234227401,False
Outlier without B6,B12/S35678,100,toroidal,0.1,7,20870947,0.4103907284768212,0.4052,0.3984273333333333,0.3983266666666666,0.006824607877308863,False
Outlier without B6,B12/S35678,100,dead,0.1,7,20870947,0.41132185430463575,0.4171,0.40667733333333334,0.4065599999999999,0.007292906936214383,False
Outlier without B6,B12/S35678,100,toroidal,0.1,8,20870948,0.4101119205298013,0.4128,0.3982886666666667,0.39934,0.00825460090623883,False
Outlier without B6,B12/S35678,100,dead,0.1,8,20870948,0.4104245033112583,0.4086,0.40684466666666663,0.40707,0.008400261415127053,False
Outlier without B6,B12/S35678,100,toroidal,0.1,9,20870949,0.4104304635761589,0.4101,0.397968,0.39632000000000006,0.008991582432903187,False
Outlier without B6,B12/S35678,100,dead,0.1,9,20870949,0.4113470198675497,0.4154,0.4064473333333333,0.4067299999999999,0.007953502962704376,False
Outlier without B6,B12/S35678,100,toroidal,0.3,0,20870960,0.4117337748344371,0.4169,0.398308,0.39854999999999996,-2.723945625689306e-05,False
Outlier without B6,B12/S35678,100,dead,0.3,0,20870960,0.41162384105960265,0.4037,0.4077093333333333,0.40654333333333337,0.0024884628790516126,False
Outlier without B6,B12/S35678,100,toroidal,0.3,1,20870961,0.41181589403973506,0.4126,0.39798,0.3987733333333333,0.002099477169745028,False
Outlier without B6,B12/S35678,100,dead,0.3,1,20870961,0.41182450331125825,0.4113,0.4074206666666667,0.4049,0.0029443185779011887,False
Outlier without B6,B12/S35678,100,toroidal,0.3,2,20870962,0.41171125827814564,0.4127,0.398576,0.3973666666666667,0.004054496340188016,False
Outlier without B6,B12/S35678,100,dead,0.3,2,20870962,0.41180993377483444,0.4123,0.40787066666666666,0.40539666666666657,0.0044380446148479325,False
Outlier without B6,B12/S35678,100,toroidal,0.3,3,20870963,0.4104708609271523,0.4255,0.39954933333333337,0.3988133333333334,0.0034804810038337416,False
Outlier without B6,B12/S35678,100,dead,0.3,3,20870963,0.41109403973509934,0.4169,0.4075626666666667,0.40610999999999997,0.002109620076681456,False
Outlier without B6,B12/S35678,100,toroidal,0.3,4,20870964,0.4114827814569536,0.4063,0.39858466666666664,0.3969333333333333,0.0030112931334957205,False
Outlier without B6,B12/S35678,100,dead,0.3,4,20870964,0.4114529801324503,0.4127,0.40736199999999995,0.4067766666666667,0.002964918089925854,False
Outlier without B6,B12/S35678,100,toroidal,0.3,5,20870965,0.4116139072847682,0.4208,0.39793066666666665,0.3975733333333333,0.0019034681073540859,False
Outlier without B6,B12/S35678,100,dead,0.3,5,20870965,0.4115728476821192,0.4239,0.406718,0.4056466666666667,0.001593429766468701,False
Outlier without B6,B12/S35678,100,toroidal,0.3,6,20870966,0.4114278145695365,0.4149,0.39782466666666666,0.39626,0.002227256883931265,False
Outlier without B6,B12/S35678,100,dead,0.3,6,20870966,0.4118211920529801,0.4112,0.40659333333333336,0.40497666666666665,0.0030897176716625304,False
Outlier without B6,B12/S35678,100,toroidal,0.3,7,20870967,0.41228741721854306,0.4186,0.3980806666666667,0.39567,0.00489212269083282,False
Outlier without B6,B12/S35678,100,dead,0.3,7,20870967,0.41233178807947024,0.4134,0.4059953333333334,0.40373000000000003,0.0028821540606483948,False
Outlier without B6,B12/S35678,100,toroidal,0.3,8,20870968,0.4118264900662252,0.4122,0.398,0.39655000000000007,0.0015236842105260022,False
Outlier without B6,B12/S35678,100,dead,0.3,8,20870968,0.4122874172185431,0.4102,0.4064306666666667,0.4050733333333333,0.0024118682467754175,False
Outlier without B6,B12/S35678,100,toroidal,0.3,9,20870969,0.4112642384105961,0.404,0.3986806666666666,0.39818999999999993,0.0016806378529101627,False
Outlier without B6,B12/S35678,100,dead,0.3,9,20870969,0.4118218543046358,0.4095,0.4067746666666667,0.40518666666666664,0.0036321540606484505,False
Outlier without B6,B12/S35678,100,toroidal,0.5,0,20870980,0.41208013245033115,0.4087,0.39711599999999997,0.3973133333333333,-0.0024192401533640537,False
Outlier without B6,B12/S35678,100,dead,0.5,0,20870980,0.412517880794702,0.4174,0.406094,0.4084166666666667,-0.0005726036946676342,False
Outlier without B6,B12/S35678,100,toroidal,0.5,1,20870981,0.41239867549668874,0.4059,0.39690133333333333,0.3976466666666667,-0.0031927675148138456,False
Outlier without B6,B12/S35678,100,dead,0.5,1,20870981,0.4126476821192053,0.4006,0.40612200000000004,0.40714,-0.004107981875217824,False
Outlier without B6,B12/S35678,100,toroidal,0.5,2,20870982,0.41206688741721853,0.4084,0.39744666666666667,0.3983066666666667,-0.0028907284768217153,False
Outlier without B6,B12/S35678,100,dead,0.5,2,20870982,0.41224900662251657,0.4111,0.40608466666666665,0.40709999999999996,-0.0036290170791221103,False
Outlier without B6,B12/S35678,100,toroidal,0.5,3,20870983,0.4123132450331126,0.4173,0.3964473333333333,0.39497333333333334,-0.001329871035204098,False
Outlier without B6,B12/S35678,100,dead,0.5,3,20870983,0.41232715231788086,0.4149,0.4064033333333333,0.4060566666666666,-0.002213611014291011,False
Outlier without B6,B12/S35678,100,toroidal,0.5,4,20870984,0.41286953642384105,0.3996,0.3958999999999999,0.3974500000000001,-0.0019409550365987601,False
Outlier without B6,B12/S35678,100,dead,0.5,4,20870984,0.41287417218543043,0.407,0.40565866666666667,0.4051566666666667,-0.002232276054374896,False
Outlier without B6,B12/S35678,100,toroidal,0.5,5,20870985,0.4124317880794702,0.4048,0.39623600000000003,0.3981233333333333,-0.00396948414081578,False
Outlier without B6,B12/S35678,100,dead,0.5,5,20870985,0.4131046357615893,0.413,0.405644,0.4063466666666667,-0.0015969327291743387,False
Outlier without B6,B12/S35678,100,toroidal,0.5,6,20870986,0.41257615894039734,0.4155,0.39641466666666664,0.39644999999999997,2.049494597406235e-05,False
Outlier without B6,B12/S35678,100,dead,0.5,6,20870986,0.41291589403973505,0.4137,0.405168,0.40467666666666674,-0.0012585047054727403,False
Outlier without B6,B12/S35678,100,toroidal,0.5,7,20870987,0.41259403973509934,0.4222,0.3969433333333333,0.39892000000000005,-0.001252492157546443,False
Outlier without B6,B12/S35678,100,dead,0.5,7,20870987,0.4126298013245033,0.4043,0.4053346666666666,0.4050233333333334,-0.002925235273614954,False
Outlier without B6,B12/S35678,100,toroidal,0.5,8,20870988,0.41233112582781456,0.4125,0.39662400000000003,0.3974033333333334,-0.002061258278146195,False
Outlier without B6,B12/S35678,100,dead,0.5,8,20870988,0.41261456953642384,0.4133,0.40566800000000003,0.40628333333333333,-0.002320895782502873,False
Outlier without B6,B12/S35678,100,toroidal,0.5,9,20870989,0.4121675496688742,0.4132,0.39720933333333336,0.39731,-0.0024626873475082863,False
Outlier without B6,B12/S35678,100,dead,0.5,9,20870989,0.4122456953642384,0.4091,0.406146,0.40656,-0.0019890554200075136,False
