regime,rule,noise_probability,cluster,mean_density_mean,mean_density_q10,mean_density_q90,final_density_mean,final_density_q10,final_density_q90,activity_mean,activity_q10,activity_q90,growth_mean,growth_q10,growth_q90,entropy_mean,entropy_q10,entropy_q90,normalized_lifespan_mean,normalized_lifespan_q10,normalized_lifespan_q90,recurrence_mean,recurrence_q10,recurrence_q90,component_count_mean,component_count_q10,component_count_q90,pca_x,pca_y,pca_displacement
active,B123/S02457,0.0,1,0.4965161423841059,0.49560471854304633,0.49724213576158943,0.5038750000000001,0.48925,0.517875,0.38908708333333336,0.3866483333333334,0.39124041666666665,0.0049589469327288626,-0.0001230938480311431,0.01234862974904115,0.9975299300681488,0.9956145990873864,0.9992269857497124,1.0,1.0,1.0,0.670625,0.6647500000000001,0.6788124999999999,21.520000000000003,10.959999999999999,29.96,0.3894596015675677,-0.6751423346658435,0.0
active,B123/S02457,0.01,1,0.4961874999999999,0.49464693708609264,0.49735968543046355,0.48575,0.4685625,0.49912500000000004,0.3897629166666667,0.38761583333333327,0.39147666666666664,0.003976026054373839,-0.000304973422795974,0.012062837661205663,0.9975563321764227,0.995614681492134,0.999200150464021,1.0,1.0,1.0,0.6654375,0.6545625,0.677,22.1,10.64,33.58,0.33725579739174816,-0.7168960055056656,0.06684763420666076
active,B123/S02457,0.02,1,0.49669991721854306,0.4956506622516556,0.4973211920529801,0.4965625,0.49,0.5056875,0.3914491666666666,0.389965,0.3928270833333333,0.0035644606134539285,-0.0010778145695365872,0.012734347769257408,0.9975745721795839,0.9955886149780026,0.9992961938188443,1.0,1.0,1.0,0.6594375,0.6493125000000001,0.670125,21.94,10.52,32.6,0.37414340750610015,-0.7324721711380081,0.05934050851192353
active,B123/S02457,0.03,1,0.4967541390728477,0.4951163079470199,0.49778932119205294,0.49906249999999996,0.4881875,0.511625,0.39309000000000005,0.3915858333333334,0.39472708333333334,0.0035474686301843416,-0.001106276141513356,0.010537839839665103,0.9975669751674798,0.9955927581844937,0.9992162335209729,1.0,1.0,1.0,0.661625,0.6558125,0.6673125,21.139999999999997,11.38,30.36,0.3876605010922947,-0.7250673889116703,0.0499574599431244
active,B123/S02457,0.04,1,0.4972495860927152,0.49609850993377475,0.4980062086092715,0.502375,0.48150000000000004,0.519375,0.3933720833333333,0.3908629166666666,0.3945504166666666,0.004370501481352093,-0.0008680942837227584,0.015154659724642633,0.9976362179991082,0.995557207448117,0.9993169845082782,1.0,1.0,1.0,0.6620625,0.653875,0.6734375,20.68,11.76,30.16,0.40728689517784256,-0.716612316154509,0.04513947011360689
active,B123/S02457,0.05,1,0.4969681291390728,0.4962313741721854,0.49781043046357615,0.49168749999999994,0.47950000000000004,0.5036875,0.39408916666666666,0.3923945833333333,0.39626166666666673,0.004075429156500188,0.00010319362147068233,0.01072458827117422,0.9976612889906011,0.9956742030442991,0.9993132123625853,1.0,1.0,1.0,0.6605000000000001,0.65375,0.666875,21.619999999999997,12.52,31.82,0.3694904946264312,-0.7357839223326471,0.06384486969817679
active,B123/S02457,0.06,1,0.4972102649006622,0.4960033112582782,0.49827938741721856,0.4921874999999999,0.473125,0.50175,0.3955708333333333,0.39422583333333333,0.39694583333333333,0.004024747298710088,0.0004874738584872634,0.012058393604042894,0.9976982430982732,0.9956503245418681,0.9992646687365245,1.0,1.0,1.0,0.655125,0.647125,0.669375,21.02,10.94,30.04,0.3857940497378636,-0.7568419552615487,0.081781808953449
active,B123/S02457,0.07,1,0.4970827814569537,0.49567963576158935,0.4979192880794702,0.5003124999999999,0.4774375,0.5240625,0.39689083333333336,0.3954154166666667,0.39794291666666665,0.004425790780759491,-0.0016153494248873788,0.014367375392122305,0.9977467103185351,0.9956499097990018,0.9993181352281557,1.0,1.0,1.0,0.6541250000000001,0.64725,0.66125,20.16,8.680000000000001,29.88,0.42033711009181945,-0.7532369387725371,0.08397730481056437
active,B123/S02457,0.08,1,0.49733899006622523,0.49560264900662254,0.49811796357615895,0.49824999999999997,0.48612500000000003,0.511875,0.3982670833333333,0.3966025,0.39958541666666664,0.004186759323805806,-0.0010164473684215224,0.01392721767166236,0.9977974610170609,0.9956659956379063,0.9994273390315443,1.0,1.0,1.0,0.6545625,0.642375,0.6626875,20.06,8.92,29.439999999999998,0.4157398698652033,-0.7571070025497016,0.08607473080473083
active,B123/S02457,0.09,1,0.4974937913907286,0.496307119205298,0.49833940397350995,0.5105,0.492375,0.5266875,0.4004429166666667,0.39882999999999996,0.40189791666666674,0.004910487103520065,0.0003186650400833383,0.016015793830602556,0.9977673658379864,0.9956494609361399,0.9993511658260648,1.0,1.0,1.0,0.6526875000000001,0.6455625,0.6609375000000001,19.919999999999998,9.66,28.740000000000002,0.45690190436267764,-0.75294417987381,0.10296402927271094
active,B123/S02457,0.1,1,0.497158940397351,0.4957793874172185,0.4981386589403974,0.4954375,0.47537500000000005,0.514625,0.40144666666666673,0.4002929166666666,0.40248916666666673,0.004401381143255069,0.0005853084698494734,0.009245926280934087,0.997799536745488,0.9956302988202753,0.9992788777654888,1.0,1.0,1.0,0.642625,0.638,0.6481250000000001,19.66,8.74,28.06,0.43140509653760484,-0.8070776080452594,0.1384425545487464
active,B123/S02457,0.11,1,0.49757988410596027,0.496123344370861,0.4990670529801324,0.49831250000000005,0.4841875,0.5185624999999999,0.4031241666666666,0.4013245833333334,0.4050595833333333,0.005042469065876107,0.00016302500871330017,0.012988933426280514,0.997805933170873,0.9957682234846618,0.9993036588340634,1.0,1.0,1.0,0.6465000000000001,0.6390625,0.6550624999999999,19.5,8.32,29.32,0.4414860173053785,-0.790530078668816,0.12657440262793673
active,B123/S02457,0.12,1,0.49768004966887414,0.49668998344370857,0.4987785596026491,0.4992500000000001,0.48406249999999995,0.518125,0.40472458333333333,0.4029508333333333,0.40672583333333334,0.005464327727430815,-0.0017827531369817608,0.01223488149180845,0.9978532835912981,0.995711842929275,0.9994566214345955,1.0,1.0,1.0,0.64025,0.6338750000000001,0.6460625,19.119999999999997,8.1,28.720000000000002,0.4601455233090389,-0.8127108000449519,0.15466603440705504
active,B123/S02457,0.13,1,0.49773302980132444,0.49645985099337747,0.4986924668874172,0.4954375,0.4730625,0.5084375,0.40714666666666666,0.404815,0.40858208333333335,0.00529310081910052,-0.0004347987103525163,0.012662785378180495,0.997859340219861,0.9957263693894045,0.9993849265679375,1.0,1.0,1.0,0.6379999999999999,0.6339375,0.6435,19.520000000000003,8.98,28.86,0.44940752018511576,-0.8298846457162883,0.16594859377472523
active,B123/S02457,0.14,1,0.4979697847682119,0.4965413907284769,0.4991663907284768,0.48843749999999997,0.47400000000000003,0.50325,0.4090775,0.40751125,0.4105491666666667,0.004220318490762828,-0.0011880010456610825,0.012215700156848754,0.9978963119616363,0.9957004989428816,0.999457081090385,1.0,1.0,1.0,0.6395,0.627625,0.6506875,19.76,9.540000000000001,28.279999999999998,0.42221530580292715,-0.8396119035130831,0.16769965783134813
active,B123/S02457,0.15,1,0.497830298013245,0.49603683774834434,0.49895447019867545,0.499625,0.48193749999999996,0.5183125,0.41130125,0.40957166666666667,0.4133612499999999,0.0053343390554197205,-0.0016611297490420314,0.010216560648309246,0.9979013219761829,0.9957610989434796,0.9993821275569807,1.0,1.0,1.0,0.636125,0.6276875000000001,0.6483125,19.259999999999998,8.56,29.8,0.46837436678643507,-0.8402618266269116,0.18300816046021062
active,B123/S02457,0.16,1,0.49754842715231795,0.4958572019867549,0.49829346026490073,0.5056875000000001,0.48975,0.5187499999999999,0.41253166666666663,0.41117125000000004,0.4136666666666667,0.005741689177413394,0.0006353694667128831,0.012819765162077255,0.9978994623053532,0.9957437830900158,0.9993892357546994,1.0,1.0,1.0,0.6319375,0.6254375,0.6411250000000001,19.3,7.5,29.9,0.49120193954888763,-0.8502884510343414,0.20255287067053018
active,B123/S02457,0.17,1,0.49761630794701983,0.4964403973509934,0.4987181291390728,0.507125,0.48350000000000004,0.530625,0.41508625,0.4131504166666667,0.4163841666666666,0.007216135848727474,0.0011111776751477527,0.017302381056116853,0.9978973819526903,0.9956793211953711,0.9993993418595204,1.0,1.0,1.0,0.6303125,0.6203124999999999,0.6415625,19.199999999999996,7.98,28.6,0.5088050049134375,-0.852915249184124,0.21411803855843675
active,B123/S02457,0.18,1,0.4976961920529801,0.49712748344370866,0.4984230132450331,0.49849999999999994,0.48375,0.5070625,0.41773041666666666,0.41620166666666664,0.41911,0.005696497037295008,0.0014917000697105417,0.010486569797838729,0.9979569551199106,0.9957373395785268,0.9994442407653332,1.0,1.0,1.0,0.6270625,0.619625,0.6394375,18.740000000000002,8.44,27.439999999999998,0.4888856593583404,-0.8840987175870781,0.23140507974402746
active,B123/S02457,0.19,1,0.4976759105960265,0.49684312913907297,0.4987723509933774,0.5035624999999999,0.4884375,0.518125,0.4205566666666666,0.4191020833333333,0.42203166666666664,0.004930223945625424,-0.0008103215406068779,0.010841016033460622,0.9980120811639873,0.9958335457161924,0.9993417940176813,1.0,1.0,1.0,0.624125,0.6195625,0.6306875,18.419999999999998,9.72,27.06,0.5061050859069459,-0.8985615291166948,0.25203631775169916
active,B123/S02457,0.2,1,0.49808029801324494,0.496832367549669,0.499198261589404,0.5055,0.49593750000000003,0.5115625,0.4212504166666666,0.42000875,0.4229908333333333,0.0065371427326590004,7.532023353034294e-05,0.015261839926803068,0.998016425210573,0.9958493478111344,0.999478585472498,1.0,1.0,1.0,0.6224375,0.6141875,0.6287499999999999,18.279999999999998,7.260000000000001,27.419999999999998,0.5261481962251681,-0.8963760935105003,0.26005412506246756
active,B123/S02457,0.21,1,0.4977512417218543,0.49717798013245035,0.49833402317880793,0.49387499999999995,0.485,0.5074375,0.4250029166666667,0.4235508333333334,0.42614625000000006,0.0065540040083649775,0.001396022133147419,0.013509182206343258,0.9980122681683585,0.9957856042230226,0.9993928632260796,1.0,1.0,1.0,0.6171875,0.6096875,0.6265625,18.28,8.5,27.259999999999998,0.5049483337705861,-0.9333354726874706,0.2828450879674517
active,B123/S02457,0.22,1,0.49804470198675493,0.49654635761589405,0.4994801324503311,0.5041249999999999,0.48493749999999997,0.520375,0.42610875000000004,0.42461958333333333,0.4277275,0.005200886632972841,-0.003533384890205848,0.014437303938654078,0.9980274345798061,0.9958059328280374,0.9994294732729653,1.0,1.0,1.0,0.6140625,0.6061875,0.62075,18.86,8.02,29.16,0.5215860708912857,-0.9430482159332961,0.2987155253977299
active,B123/S02457,0.23,1,0.4980277317880796,0.4967967715231788,0.49881291390728477,0.5005,0.479125,0.5253125000000001,0.42961875000000005,0.4283841666666666,0.4312604166666667,0.007128071627744398,0.0023638789647959144,0.014540955036597473,0.9980270726541063,0.9957991885122098,0.9995030768154076,1.0,1.0,1.0,0.6145625000000001,0.6079375,0.6231874999999999,18.159999999999997,6.86,28.32,0.5334807948028835,-0.9424405646299312,0.3036287994292677
active,B123/S02457,0.24,1,0.4980774006622516,0.497434188741722,0.4988282284768212,0.4994375,0.4853125,0.51675,0.43132000000000004,0.43044625000000003,0.4321566666666667,0.00609061301847288,0.0016196300975943176,0.015196747560124894,0.9980796693994629,0.9958400010959668,0.9993764697812132,1.0,1.0,1.0,0.6075625,0.604625,0.609875,18.22,5.74,29.18,0.5340553317792311,-0.9761865733352508,0.3339693980464187
active,B123/S02457,0.25,1,0.4981278973509934,0.4971266556291392,0.49921399006622513,0.49937499999999996,0.48662500000000003,0.5090625,0.4336379166666666,0.4327158333333334,0.43445208333333335,0.0061323087312649205,0.0013614499825720093,0.01530853520390349,0.998083070624895,0.995762032203617,0.9995094968867944,1.0,1.0,1.0,0.6058749999999999,0.5998749999999999,0.6106874999999999,17.98,7.340000000000001,28.22,0.5405581760758252,-0.9863065102486496,0.34591028227642323
active,B123/S02457,0.26,1,0.4981630794701986,0.4964557119205298,0.49979925496688754,0.5033124999999999,0.48506249999999995,0.5133125,0.43618000000000007,0.43432499999999996,0.43742458333333334,0.006031663907284318,-0.001357986232137166,0.011317543133495494,0.9980789372381336,0.9958648356391401,0.9993741950292057,1.0,1.0,1.0,0.6030625000000001,0.5974999999999999,0.6065625,18.560000000000002,6.76,28.24,0.5485997053064305,-0.998252398217308,0.3601745212896763
active,B123/S02457,0.27,1,0.4982520695364239,0.4973791390728477,0.49901407284768207,0.496875,0.4841875,0.5051874999999999,0.43925624999999996,0.43855583333333337,0.4402179166666667,0.005553502962704405,-0.0033019998257238824,0.013554243638898478,0.9981270547809054,0.9958650970510313,0.9994945910762872,1.0,1.0,1.0,0.5980624999999999,0.59225,0.6045625,17.34,6.7,27.0,0.5517544502161462,-1.0292558316833769,0.3895330366834778
active,B123/S02457,0.28,1,0.4980947847682119,0.49643046357615894,0.49923054635761593,0.49906249999999996,0.48443749999999997,0.5135625,0.4408316666666666,0.4394433333333333,0.4419104166666667,0.006905770738933098,-0.0008686824677591066,0.014448544789124813,0.9981009028442063,0.9959229661278649,0.9994002149970628,1.0,1.0,1.0,0.598875,0.5935625,0.6053125,18.66,8.68,26.94,0.5500704526165823,-1.0223106677595566,0.3825201915948439
active,B123/S02457,0.29,1,0.4981957781456954,0.4968522350993378,0.49920033112582785,0.49562499999999987,0.486625,0.5038750000000001,0.44345125,0.4424970833333333,0.44470375000000006,0.005759694144300875,-0.00042646610317229316,0.014100731962355726,0.9981226458760076,0.995845755089983,0.9994796611040294,1.0,1.0,1.0,0.59775,0.5952500000000001,0.6004375,18.2,7.3,28.419999999999998,0.5428207998662922,-1.0393181027893208,0.39515015782857205
active,B123/S02457,0.3,1,0.498483857615894,0.4975318708609272,0.4996200331125828,0.5019375,0.49175,0.517,0.44735416666666666,0.4462420833333333,0.4493841666666667,0.007591593325200115,0.0013287077378873649,0.01539692619379522,0.9981260327655391,0.9958617983493091,0.9995156420312881,1.0,1.0,1.0,0.5914375,0.5851875000000001,0.5966874999999999,18.26,7.72,28.88,0.5806577400721947,-1.0548458769134155,0.42512528525481547
active,B123/S02457,0.31,1,0.4981212748344371,0.4963509933774835,0.49959602649006624,0.501625,0.4870625,0.5158125,0.4495370833333333,0.44876249999999984,0.45043916666666667,0.006534397873823228,-0.0006902012896481605,0.012500871383756702,0.9981445718377646,0.9958474858496109,0.9994563150385225,1.0,1.0,1.0,0.5893125,0.5835625,0.5966874999999999,18.24,7.9,27.68,0.5766954214474976,-1.072002001847397,0.4388107196520648
active,B123/S02457,0.32,1,0.4987500000000001,0.49813534768211926,0.49987996688741715,0.5023125,0.48875,0.51475,0.4514516666666667,0.4507720833333333,0.45278583333333333,0.006726799407458685,-0.0016410334611366023,0.01689797185430411,0.9981352673209752,0.9957739873404087,0.9995008491187098,1.0,1.0,1.0,0.5824375000000002,0.57825,0.5864375000000001,18.080000000000002,6.76,27.679999999999996,0.5931984888337191,-1.0977060218629888,0.4691157681448114
active,B123/S02457,0.33,1,0.498369619205298,0.49731788079470196,0.49938741721854296,0.4939374999999999,0.4818125,0.511375,0.45415666666666665,0.45336875,0.4549629166666666,0.004997767079121219,-0.0013806966713144388,0.01321169179156475,0.9981935208246007,0.995911932863847,0.999446916546,1.0,1.0,1.0,0.5839375,0.5785625,0.589,18.16,6.64,28.76,0.5591174317017901,-1.1137527644555558,0.47027958540231024
active,B123/S02457,0.34,1,0.49805836092715233,0.49627442052980136,0.5000144867549668,0.5065625,0.48993749999999997,0.5219374999999999,0.45646250000000005,0.4549895833333333,0.457415,0.007776348466364215,-7.094153015010482e-05,0.017394072411989828,0.99817772604735,0.9958463197542612,0.9995452160569206,1.0,1.0,1.0,0.5786875,0.573,0.583,18.06,5.56,27.94,0.6166162582580293,-1.1128246705774973,0.4931186204635453
active,B123/S02457,0.35,1,0.49865976821192054,0.4975906456953642,0.49958733443708614,0.5043125,0.493375,0.5171875,0.45874333333333334,0.45743208333333335,0.4597133333333333,0.008228400575113013,0.0024868421052629537,0.011579252352735778,0.9981858892313433,0.9958915005093254,0.9995042046547378,1.0,1.0,1.0,0.5773125,0.5716875,0.5825,18.139999999999997,7.76,29.259999999999998,0.6175303161434632,-1.1215989562436728,0.5013379756190914
active,B123/S02457,0.36,1,0.498398178807947,0.49707781456953654,0.49945860927152314,0.501625,0.49312500000000004,0.5084375,0.46223458333333334,0.4613329166666666,0.46326,0.008153145695363729,-0.0007752265597779532,0.014632842453816262,0.9981968985700705,0.9958882702630119,0.9995434758792251,1.0,1.0,1.0,0.573625,0.5686249999999999,0.582,17.96,6.300000000000001,27.700000000000003,0.6184478003230119,-1.1444263602744071,0.5221715157499898
active,B123/S02457,0.37,1,0.4981754966887418,0.4973311258278145,0.4990794701986755,0.49712499999999993,0.4895625,0.5074375,0.46445291666666666,0.46269541666666675,0.46579583333333324,0.007204862321365933,-0.0010906565876618644,0.013288776577204318,0.9981682398692971,0.9958304275226062,0.9994974446093261,1.0,1.0,1.0,0.5712499999999999,0.5655,0.5778125,17.66,7.86,26.9,0.6083937283693827,-1.165539097962409,0.5370485428061609
active,B123/S02457,0.38,1,0.4979631622516556,0.4964048013245033,0.49953145695364237,0.5069375,0.4940625,0.51825,0.46760083333333335,0.4665837500000001,0.4690291666666667,0.007538591408155789,-0.0005639377831999733,0.014593368769605843,0.998185239750183,0.9959546189766447,0.9995141984933461,1.0,1.0,1.0,0.5655000000000001,0.561125,0.5700000000000001,17.54,6.58,27.9,0.6454395363717164,-1.181480298121951,0.5673657200247602
active,B123/S02457,0.39,1,0.4980028973509934,0.4967218543046358,0.49971854304635765,0.49537499999999995,0.48362499999999997,0.505875,0.47058875,0.46964583333333326,0.47189374999999995,0.007337007668176803,0.0010786968455903532,0.013078958260717958,0.9982018624964699,0.9959533861491944,0.9995264116886771,1.0,1.0,1.0,0.563625,0.5596875,0.5694374999999999,18.4,8.74,27.52,0.6094912505823055,-1.206131813153272,0.5747727836567211
active,B123/S02457,0.4,1,0.498971440397351,0.4978778973509934,0.4998629966887417,0.5018750000000001,0.485375,0.52475,0.4723095833333334,0.4712891666666667,0.4730979166666667,0.00631186824677555,-0.0039415519344725355,0.018734903276402624,0.9982141442442032,0.995902123944235,0.9994791259885248,1.0,1.0,1.0,0.561625,0.5587500000000001,0.563375,18.18,7.340000000000001,27.419999999999998,0.6283901195904631,-1.213854890870833,0.5893208045331534
active,B123/S02457,0.41,1,0.49881456953642395,0.49816846026490075,0.49973054635761593,0.505625,0.49043749999999997,0.51875,0.47482375,0.4734370833333333,0.47636125,0.008479979958173133,0.0018530084524220182,0.015190800365980356,0.9982328027276728,0.9958772093312793,0.9995305558448448,1.0,1.0,1.0,0.5609375,0.5548749999999999,0.564375,17.4,6.140000000000001,26.82,0.6619619169826352,-1.2076904721158042,0.5982182132031715
active,B123/S02457,0.42,1,0.49903642384105956,0.49744205298013244,0.5000149006622515,0.5064375,0.48874999999999996,0.5275,0.47825666666666666,0.4775845833333333,0.4788137500000001,0.007733966538863374,0.0002852039037985483,0.016189732920878063,0.9982075737566781,0.9958974037001743,0.9995389564820873,1.0,1.0,1.0,0.55525,0.551,0.5588750000000001,17.699999999999996,6.82,27.82,0.6660513068128285,-1.2368981492590843,0.6261569824251717
active,B123/S02457,0.43,1,0.4982048841059603,0.49684933774834433,0.4996560430463576,0.5030625000000001,0.4914375,0.517625,0.4808533333333333,0.4796041666666667,0.4822704166666667,0.007496928372254741,-0.0018651315789478243,0.015471527535726271,0.9982199595009122,0.9958855695353206,0.9995708263387535,1.0,1.0,1.0,0.552875,0.5473125,0.5569375,18.18,7.66,27.36,0.6530044842914936,-1.2557597095226285,0.6376303327128912
active,B123/S02457,0.44,1,0.4981175496688741,0.4970815397350993,0.4993965231788079,0.4956875,0.486,0.5075624999999999,0.48398,0.4828937499999999,0.4852416666666668,0.009300039212268832,0.002001034768211441,0.01679020346810688,0.9982153362227578,0.9959853161061187,0.999509235444555,1.0,1.0,1.0,0.5501875,0.547625,0.5529999999999999,17.720000000000002,6.24,27.439999999999998,0.6556677558311247,-1.2699593164946077,0.651670179821273
active,B123/S02457,0.45,1,0.4987528973509933,0.4971937086092715,0.5000583609271524,0.50325,0.4906875,0.5187499999999999,0.48624541666666665,0.4854504166666667,0.48672,0.00799417262112207,0.0023877330951550544,0.013898331300104151,0.9982166331902823,0.9959622737550657,0.9995105792436381,1.0,1.0,1.0,0.5476875,0.543125,0.5529999999999999,17.619999999999997,6.94,27.6,0.6742441995788165,-1.2811760822400906,0.6696112084361453
active,B123/S02457,0.46,1,0.4989726821192053,0.49671357615894046,0.5005550496688743,0.503125,0.48443749999999997,0.51525,0.4890529166666667,0.48844833333333326,0.48961916666666666,0.007332792349250311,0.002691922272568781,0.013071540606482482,0.9982454610249025,0.9959774915388933,0.9995183483252066,1.0,1.0,1.0,0.5458125,0.5427500000000001,0.55075,18.240000000000002,7.6,28.34,0.6675581629340324,-1.296510793855997,0.6807624930256093
active,B123/S02457,0.47,1,0.4986982615894039,0.4973969370860928,0.5000455298013246,0.4955,0.4829375,0.5131249999999999,0.4923570833333333,0.4913125,0.49322958333333333,0.008567063872428905,0.0034262373649350934,0.019257766207737434,0.9982296736584322,0.9958811449162877,0.9994986224281167,1.0,1.0,1.0,0.5430625000000001,0.5386875000000001,0.547,17.860000000000003,5.86,27.36,0.664867575461569,-1.3142746674759807,0.695945178105091
active,B123/S02457,0.48,1,0.4985028973509934,0.4966345198675497,0.5002818708609271,0.4975625,0.479,0.521,0.4947191666666667,0.49368125000000007,0.4956395833333334,0.00687335526315757,-0.0015545050540260728,0.016295573370511927,0.9982110247570638,0.9958751571905534,0.9995111385078738,1.0,1.0,1.0,0.5410625,0.5389375,0.5441874999999999,18.62,7.5,29.439999999999998,0.6545570945504975,-1.332188361911338,0.7085098183546376
active,B123/S02457,0.49,1,0.4985248344370861,0.4968038079470198,0.49984644039735104,0.5018125,0.48825,0.51575,0.4976341666666667,0.4966370833333334,0.49839958333333334,0.008487201551062574,0.0012282916521430402,0.015954753398395926,0.9982563875312837,0.9959615591774964,0.9996012557212579,1.0,1.0,1.0,0.5408750000000001,0.5373749999999999,0.544375,17.32,5.9,26.34,0.691962840009617,-1.32656484943004,0.7182335984967824
active,B123/S02457,0.5,1,0.498742963576159,0.49715107615894044,0.49991473509933776,0.50525,0.48575,0.51525,0.49967291666666663,0.49905916666666666,0.5002041666666666,0.01030060561171103,0.004150128529103985,0.018613377919135005,0.9982143129765019,0.9959046860539015,0.9995167356959099,1.0,1.0,1.0,0.540125,0.5365624999999999,0.5450624999999999,18.4,7.96,28.2,0.7022931272596095,-1.3222231582759216,0.7187338917017969
active,B123/S02457,0.51,1,0.4986974337748345,0.4969921357615894,0.5000753311258278,0.50425,0.4965,0.51725,0.5030012500000001,0.5019520833333333,0.5041420833333334,0.006438295137678182,-0.0011251633844550346,0.013336550191703912,0.9982261685232403,0.995856281411759,0.9994958813678411,1.0,1.0,1.0,0.54075,0.538625,0.542625,17.220000000000002,6.24,27.84,0.6904333032449635,-1.3439235684368125,0.7333849655846604
active,B123/S02457,0.52,1,0.49851945364238404,0.4969337748344371,0.5002479304635762,0.496625,0.48493749999999997,0.5041875,0.5054329166666667,0.5048941666666666,0.5057962500000001,0.007789745991634331,-0.0005176673056816473,0.015745000435691464,0.998263984738419,0.9959839155667478,0.9995911490905248,1.0,1.0,1.0,0.5413125,0.537125,0.5457500000000001,17.740000000000002,5.180000000000001,27.16,0.6737556676566362,-1.348342573997145,0.7307686469940002
active,B123/S02457,0.53,1,0.4987533112582782,0.4968828642384106,0.5002516556291391,0.4958125000000001,0.4855625,0.5094375,0.5084825000000001,0.5071979166666667,0.5104025000000001,0.007857615894039391,0.0007715340711045321,0.015834927239455995,0.9982318140077698,0.9958421089297292,0.9995929617718677,1.0,1.0,1.0,0.541,0.536,0.546125,18.38,8.26,28.720000000000002,0.667660224223107,-1.35588656878495,0.7353966948065096
active,B123/S02457,0.54,1,0.4989031456953642,0.4969958609271523,0.5005732615894041,0.504375,0.49006249999999996,0.5264375,0.5116495833333333,0.5101241666666666,0.5126233333333333,0.009176324503310868,0.0013927544440570814,0.016608846723596644,0.998228902852407,0.9958522339899251,0.9995706114325986,1.0,1.0,1.0,0.541625,0.538125,0.5464375,17.6,6.36,28.419999999999998,0.7076901208777022,-1.3452530596808756,0.7418349191030104
active,B123/S02457,0.55,1,0.4989594370860928,0.4974904801324504,0.5004184602649007,0.5040000000000001,0.49256249999999996,0.5125624999999999,0.5139395833333333,0.5128241666666665,0.5149462499999999,0.010850296270477103,0.0033538907284768014,0.019594109445799444,0.9982350527366556,0.9959446061166977,0.9995859277422022,1.0,1.0,1.0,0.5415625000000001,0.5387500000000001,0.5438124999999999,18.119999999999997,7.380000000000001,26.92,0.7126946655113996,-1.343072139225084,0.7420317583374166
active,B123/S02457,0.56,1,0.49869453642384104,0.4961961920529801,0.5008116721854304,0.5018125,0.49356249999999996,0.515,0.5164058333333335,0.5153099999999999,0.5174804166666666,0.008749172185430022,-0.00043277274311640196,0.01519811998954319,0.9982224020972346,0.9959270323958507,0.9995119092806,1.0,1.0,1.0,0.5415,0.5386875000000001,0.5438125,17.58,6.36,26.88,0.7011711028347544,-1.3593909245320748,0.7519043774019203
active,B123/S02457,0.57,1,0.4984904801324503,0.49702235099337744,0.5008903145695365,0.50525,0.49312500000000004,0.516625,0.5195654166666667,0.5187666666666667,0.5202504166666668,0.007337889944230994,-0.0013455036598123834,0.014022242070407177,0.998216196234687,0.9958886280213732,0.9995748708614589,1.0,1.0,1.0,0.5420625,0.5373125,0.5463125,17.720000000000002,5.86,27.439999999999998,0.7001949216984023,-1.3668843625944245,0.7583293956979104
active,B123/S02457,0.58,1,0.4984221854304637,0.49632947019867546,0.5005078642384106,0.4961875,0.4840625,0.5125,0.5223041666666668,0.5215204166666667,0.5231020833333333,0.008762733095154714,0.0003260826943179354,0.01677464926803687,0.9982008939185839,0.995957889784753,0.9995311350464623,1.0,1.0,1.0,0.5443749999999999,0.5385625,0.5494374999999999,17.479999999999997,6.72,28.04,0.6870650245910563,-1.3660177683545953,0.752248531196712
active,B123/S02457,0.59,1,0.4987847682119205,0.49703807947019873,0.500762417218543,0.49974999999999997,0.486875,0.5175624999999999,0.52498875,0.5242370833333334,0.5259304166666666,0.008669113802718401,0.0002870991634710714,0.015515870076681695,0.9981875415114377,0.9959096821425412,0.9994892086969996,1.0,1.0,1.0,0.541,0.5374375,0.545625,18.36,8.1,28.679999999999996,0.6924965495511296,-1.3803630036809065,0.7675725267681517
active,B123/S02457,0.6,1,0.49868791390728473,0.49736961920529804,0.49980298013245034,0.4991250000000001,0.48612500000000003,0.5088125,0.5275820833333333,0.5261795833333334,0.5292666666666667,0.008712214621819071,0.0012866525792952126,0.016890815615196588,0.9982094714249374,0.9958950902613862,0.999549340538501,1.0,1.0,1.0,0.5428124999999999,0.5379999999999999,0.548375,17.9,6.56,26.619999999999997,0.6952824053167922,-1.3792195867012222,0.7676277510139449
active,B123/S02457,0.61,1,0.4990699503311258,0.49810471854304633,0.49984271523178814,0.4998125,0.47850000000000004,0.5183125,0.53057,0.5288770833333334,0.5318216666666666,0.010839741634715672,0.003957269518996039,0.018518255489717608,0.9981803393027138,0.9959637125346125,0.9994287808985396,1.0,1.0,1.0,0.54575,0.54,0.5500624999999999,17.740000000000002,7.3,28.279999999999998,0.7107871204676278,-1.3639099586197863,0.7600343506774075
active,B123/S02457,0.62,1,0.49910637417218534,0.4975951986754967,0.5005157284768212,0.5069375,0.498875,0.514125,0.5333333333333332,0.5320554166666666,0.5341812499999999,0.012620926280933819,0.0047962160160334305,0.021185637417218083,0.9981973896318157,0.9958948140812337,0.9995142084636898,1.0,1.0,1.0,0.5443125,0.5379375,0.55275,17.700000000000003,7.38,28.419999999999998,0.7438104823824838,-1.3597034834048773,0.7708362427242329
active,B123/S02457,0.63,1,0.49871440397350997,0.49723923841059603,0.5003671357615893,0.5005,0.4903125,0.514,0.5358795833333334,0.53484,0.5369408333333334,0.010681422098291687,0.002235752875565783,0.018793558295572832,0.9982062617343075,0.9959010629713649,0.9995102874118582,1.0,1.0,1.0,0.548625,0.5401250000000001,0.5612499999999999,17.259999999999998,5.98,27.700000000000003,0.7153918541165344,-1.3642084755570365,0.7622624087375193
active,B123/S02457,0.64,1,0.499608857615894,0.497289321192053,0.5015256622516556,0.495625,0.483875,0.5081249999999999,0.5383779166666667,0.5367154166666667,0.5405891666666666,0.010345797751829455,0.0012037513070750528,0.017661826856046968,0.9981713237985161,0.9959379600010672,0.9994788236682723,1.0,1.0,1.0,0.5463125000000001,0.539625,0.5513750000000001,18.26,8.08,28.8,0.6965223457585396,-1.3828598485063575,0.7714606978107752
active,B123/S02457,0.65,1,0.49934395695364237,0.4977177152317881,0.5015091059602649,0.5040625000000001,0.489875,0.5164375,0.5412666666666668,0.5402125000000001,0.5425112499999999,0.011063709044963071,0.004614271087486518,0.01598893342628065,0.9981622482578534,0.9959558105582683,0.9994991070765256,1.0,1.0,1.0,0.548875,0.5387500000000001,0.5569375000000001,17.8,6.8,27.479999999999997,0.7251206771736342,-1.3682735799953434,0.7701293923290066
active,B123/S02457,0.66,1,0.49910140728476826,0.49629097682119205,0.5013402317880795,0.499375,0.487875,0.5146875000000001,0.5441554166666667,0.5423920833333333,0.5452625,0.008371721418612227,-0.0019611362844204256,0.016534147350993202,0.9981317784090162,0.9957957650771574,0.9993912876863106,1.0,1.0,1.0,0.5523125,0.5443125000000001,0.5585,17.42,6.92,26.459999999999997,0.6975531483972395,-1.378047155277956,0.7674612826962891
active,B123/S02457,0.67,1,0.499705298013245,0.4981593543046358,0.501399834437086,0.5044375000000001,0.49043749999999997,0.5166875,0.5478008333333333,0.5468437500000001,0.5488729166666667,0.00969895869640954,0.001247767079121386,0.017438218891599543,0.9981848820442426,0.9958656763317049,0.999572452133362,1.0,1.0,1.0,0.548625,0.5385625,0.5643125,17.8,7.58,26.96,0.7228252386171784,-1.3871762760983029,0.7862092480487213
active,B123/S02457,0.68,1,0.49932367549668877,0.49777193708609274,0.5008352649006622,0.5064375,0.495,0.5216875,0.5493216666666667,0.5481874999999999,0.5499999999999999,0.011594447107005424,0.0010014159986050544,0.01886146087486896,0.9981679525219033,0.9959003254120696,0.9994555341551965,1.0,1.0,1.0,0.552125,0.5411875,0.5682499999999999,17.96,7.140000000000001,27.299999999999997,0.732981147862928,-1.3679054695762798,0.7732579219510723
active,B123/S02457,0.69,1,0.49873592715231796,0.4962243377483444,0.501060844370861,0.4936249999999999,0.483125,0.5039999999999999,0.5517079166666666,0.549895,0.5531174999999999,0.008498605785987772,-0.0013239369118164092,0.014118410160333815,0.9981533748092806,0.9958691017504399,0.9994948620157684,1.0,1.0,1.0,0.5551875000000001,0.54475,0.5770000000000001,18.279999999999998,7.180000000000001,29.08,0.6737173085181988,-1.388281575357777,0.7677043835849177
active,B123/S02457,0.7,1,0.49950455298013247,0.49765521523178813,0.5014710264900663,0.5006875,0.48443749999999997,0.5113125,0.5552733333333333,0.5539304166666666,0.5567854166666667,0.012413787469501112,0.0031792654234919283,0.02271471985012159,0.998117652704223,0.9958986266581733,0.99944922836421,1.0,1.0,1.0,0.561625,0.5514375,0.5817500000000001,18.22,8.18,28.02,0.7120054615437278,-1.347416116153145,0.745645940821109
active,B123/S02457,0.71,1,0.4996262417218543,0.4986092715231789,0.500869619205298,0.5009375,0.488375,0.5190625,0.5568949999999999,0.5559833333333333,0.5582570833333333,0.010345438306029697,-0.002915105437434995,0.018959230132449836,0.9981055007844863,0.9958323478669424,0.9994862626748168,1.0,1.0,1.0,0.5604375000000001,0.5468125,0.5871875,18.619999999999997,6.5,29.8,0.698244007338623,-1.3638312096483625,0.7547451064909738
active,B123/S02457,0.72,1,0.4991605960264901,0.49692632450331126,0.5017835264900663,0.5073125,0.4951875,0.519625,0.5600533333333332,0.5584704166666666,0.5615516666666667,0.012658275967235599,0.005226439961658922,0.020168307772742547,0.9980653651902595,0.9957637927484039,0.9995090466928555,1.0,1.0,1.0,0.56375,0.5505625,0.5919375,18.04,6.66,28.299999999999997,0.7313649476271403,-1.3420129162860925,0.7494101936153826
active,B123/S02457,0.73,1,0.49872144039735095,0.4965128311258278,0.5004639900662252,0.4944375,0.4783125,0.5154375,0.5620741666666667,0.55944625,0.5636799999999998,0.013016022568839058,0.00465684907633276,0.01826863672011125,0.9980700157839102,0.9957913766112692,0.999497948825051,1.0,1.0,1.0,0.5660624999999999,0.5507500000000001,0.5975625,18.5,8.08,29.6,0.6927174914528907,-1.3489664524524423,0.7389210306173365
active,B123/S02457,0.74,1,0.5001411423841059,0.498523178807947,0.5018236754966887,0.495125,0.48025,0.512625,0.5655129166666667,0.5639633333333334,0.5669908333333332,0.009557239020564264,-0.0007898331300109124,0.019856308818403227,0.9980461609920139,0.9957838729490048,0.9994343987377926,1.0,1.0,1.0,0.570875,0.5541875,0.600875,17.82,7.56,28.04,0.6804613521045672,-1.3513524701548656,0.7361672134465644
active,B123/S02457,0.75,1,0.4997719370860928,0.49746192052980137,0.5019701986754966,0.50075,0.482,0.5196875,0.5682229166666667,0.56679875,0.5703320833333334,0.011762046880445779,-0.003397449024050496,0.02519809820494889,0.9980638024110519,0.9957975458541047,0.9994908023641449,1.0,1.0,1.0,0.5727500000000001,0.5543750000000001,0.603375,18.46,8.3,28.5,0.6991457442917242,-1.3357189753549903,0.7295663131063034
active,B123/S02457,0.76,1,0.4992193708609272,0.4968269867549669,0.5015894039735099,0.49712499999999993,0.48543749999999997,0.5081874999999999,0.57105375,0.5692395833333334,0.57230125,0.013342758800975579,0.0016360338968279939,0.02119312042523475,0.9980266897462962,0.995794445089214,0.999457101795643,1.0,1.0,1.0,0.5754374999999999,0.5585000000000001,0.6083750000000001,18.16,6.4399999999999995,27.62,0.6996692484417273,-1.3283687939523283,0.7231423318584996
active,B123/S02457,0.77,1,0.4990256622516556,0.4972831125827815,0.5006258278145695,0.49818750000000006,0.48781250000000004,0.5073124999999999,0.5722058333333333,0.5706408333333334,0.573605,0.014250261415126872,0.0035053154409196902,0.023090111972812542,0.9979675846906995,0.9958588183844314,0.9993560904541162,1.0,1.0,1.0,0.5765625,0.558125,0.612375,18.5,6.7,28.06,0.7027110526072565,-1.3218856588384014,0.7186121338665531
active,B123/S02457,0.78,1,0.4985778145695364,0.49617301324503305,0.5007698675496689,0.49837499999999996,0.48850000000000005,0.50825,0.57459125,0.5731358333333333,0.5762733333333332,0.010704426629487335,0.003968216277448256,0.02072999085047011,0.9980027434253232,0.9958078131235534,0.9994889245248884,1.0,1.0,1.0,0.5791875,0.561625,0.6233125,17.939999999999998,6.9,27.279999999999998,0.6845662840140215,-1.333048782088777,0.7210609180819727
active,B123/S02457,0.79,1,0.4992996688741721,0.4962384105960265,0.5014296357615894,0.5020625000000001,0.48725,0.512375,0.5781116666666668,0.5747920833333333,0.5809025,0.01488863715580305,-6.319710700611101e-05,0.024457770564656325,0.9979749245572866,0.9958697573267822,0.9994700612225796,1.0,1.0,1.0,0.5836250000000001,0.5654375,0.6244999999999999,17.96,6.4,27.64,0.717513807790029,-1.301241499400022,0.7068378359292076
active,B123/S02457,0.8,1,0.4999511589403974,0.4980889900662252,0.5034043874172186,0.5113749999999999,0.496375,0.525625,0.5809504166666667,0.57931875,0.5827104166666667,0.01559926150226532,0.0013557968804456817,0.022772721331473934,0.9979108328470956,0.995739146188122,0.9992976592956437,1.0,1.0,1.0,0.5878125000000001,0.5715625,0.627125,17.48,7.64,26.419999999999998,0.7487781752101298,-1.2789077745233215,0.7025969995173756
active,B123/S02457,0.81,1,0.49909354304635756,0.4960562913907285,0.5029780629139073,0.5046875,0.484625,0.5190625,0.5833333333333333,0.5803229166666667,0.586865,0.013120523265946033,-0.0007350013070759911,0.026025477082607024,0.9979498552405544,0.9958743637954566,0.9994151019779781,1.0,1.0,1.0,0.5908125,0.5720625,0.6328125,18.680000000000003,7.36,28.419999999999998,0.6982629782571651,-1.2919810891989472,0.689818508412791
active,B123/S02457,0.82,1,0.4996262417218543,0.4973062913907285,0.5014134933774833,0.5097499999999999,0.49793750000000003,0.5225,0.58665375,0.5848816666666666,0.5894266666666667,0.01493036554548581,0.004030857877308592,0.024377254705471935,0.9978851087595304,0.9956559963612447,0.9994294306030906,1.0,1.0,1.0,0.5928125,0.5754374999999999,0.6348125,18.38,7.8,28.06,0.7262796067589675,-1.2776287437787026,0.6902445864060377
active,B123/S02457,0.83,1,0.4992777317880795,0.4968236754966888,0.5027599337748345,0.505,0.48862500000000003,0.5218125,0.5887670833333333,0.5868391666666666,0.59095625,0.013779289386545551,-0.002313621906588174,0.022186399878006326,0.9977993180838199,0.995697489748965,0.9992294492938669,1.0,1.0,1.0,0.5971875,0.5755625000000001,0.637375,18.56,8.12,28.299999999999997,0.6996608335389286,-1.2761362539480527,0.6763272102545784
active,B123/S02457,0.84,1,0.5005745033112583,0.4975033112582781,0.5054010761589405,0.50375,0.48268750000000005,0.5338124999999999,0.5920262500000001,0.5888654166666667,0.5972420833333334,0.013110752875565951,-0.0003729740327643882,0.02394464534681035,0.9977237196369009,0.9956706596077686,0.9992790126000392,1.0,1.0,1.0,0.602625,0.5861249999999999,0.6418124999999999,18.52,8.38,28.4,0.6910708809818908,-1.2657743013694676,0.6631858592899398
active,B123/S02457,0.85,1,0.499669701986755,0.4949515728476821,0.5044395695364239,0.5047499999999999,0.48725,0.5211875,0.5947870833333333,0.5895941666666666,0.5991445833333333,0.01868036554548582,0.004571006883931465,0.02814816791564933,0.9977206560563993,0.9956994559870878,0.9993500327849416,1.0,1.0,1.0,0.6032499999999998,0.582375,0.6441875,18.259999999999998,7.0,27.639999999999997,0.7290508323288963,-1.2439546286182308,0.6624723615075356
active,B123/S02457,0.86,1,0.5010736754966889,0.4980815397350994,0.50384809602649,0.5008125,0.4915625,0.5201875,0.5982125,0.5958537499999998,0.60265625,0.017037273440222774,-0.004643516904845227,0.035255620425235036,0.9976623508252235,0.9955917790135386,0.9992670815425078,1.0,1.0,1.0,0.6088749999999999,0.5904375,0.653,18.559999999999995,7.999999999999999,28.04,0.7039862692805284,-1.2402422395328505,0.6467340467172883
active,B123/S02457,0.87,1,0.5020355960264902,0.4990521523178808,0.5038973509933775,0.5107499999999999,0.49343750000000003,0.5261250000000001,0.6021029166666667,0.5991795833333333,0.6049741666666668,0.018655138985709,-0.0034679657546185854,0.03594082215057479,0.9975160041373947,0.9956636272680689,0.9992314004522196,1.0,1.0,1.0,0.6116875,0.591125,0.6570625,18.12,6.380000000000001,28.22,0.7451163759888544,-1.2196951730038872,0.6504072070124789
active,B123/S02457,0.88,1,0.5010927152317881,0.49492094370860934,0.5049184602649006,0.5056875,0.4851875,0.52975,0.6033758333333333,0.5957520833333334,0.6062520833333332,0.024460580777273977,0.009924723335656607,0.03932605001742772,0.9975073841247284,0.9956140138338159,0.9992100077221036,1.0,1.0,1.0,0.6190625000000001,0.5993125,0.663875,18.4,8.540000000000001,27.62,0.7532910112089161,-1.17612476705161,0.6191580510667447
active,B123/S02457,0.89,1,0.5016038907284769,0.4982516556291391,0.5062052980132451,0.4988125,0.484625,0.5205,0.6061833333333333,0.6020637499999999,0.6091358333333333,0.01857573414081522,-0.007330635674451723,0.0377660225688389,0.9974980971854377,0.9955959357893859,0.9993247907143192,1.0,1.0,1.0,0.6205625,0.6023125,0.6671250000000001,19.200000000000003,7.76,28.92,0.6917856786330431,-1.208840111869457,0.6133794700394508
active,B123/S02457,0.9,1,0.5022297185430464,0.49837748344370864,0.5072975993377483,0.503625,0.4843125,0.5266875,0.6094562499999999,0.6041091666666666,0.6145908333333333,0.02527158853258929,0.003005718455907364,0.03875096941442948,0.9973445624389466,0.9955274294213765,0.9990516190514043,1.0,1.0,1.0,0.6255624999999999,0.6070625,0.6654375,18.779999999999998,7.36,29.439999999999998,0.7467159834353757,-1.161887745054415,0.6037824251496692
active,B123/S02457,0.91,1,0.5007864238410595,0.495233857615894,0.5062992549668873,0.506625,0.4813125,0.5257499999999999,0.6101479166666667,0.6043266666666667,0.6169825,0.024460482746601238,0.005336593760891664,0.043734195277099826,0.9973325403773231,0.995474413842936,0.999093478340014,1.0,1.0,1.0,0.63025,0.611125,0.67075,19.46,8.32,29.82,0.732044368881198,-1.149436283860842,0.5850803987815026
active,B123/S02457,0.92,1,0.5040596026490066,0.5010620860927153,0.5071916390728476,0.5153125000000001,0.504625,0.5245,0.6167208333333333,0.6111054166666667,0.6215791666666667,0.022066769780410972,-0.0057729609620082185,0.043835264900661884,0.997080375802782,0.995112143320923,0.9989980447014214,1.0,1.0,1.0,0.636125,0.6194375,0.6775625000000001,18.140000000000004,6.52,28.1,0.7590540203014747,-1.1390133433353564,0.5931073655277989
active,B123/S02457,0.93,1,0.5032806291390728,0.49965066225165566,0.5084664735099338,0.514125,0.4909375,0.5290625,0.6179104166666666,0.6134716666666667,0.6260033333333334,0.027055321976297998,0.001257668177064636,0.043651784158242966,0.9969412806044664,0.9949974027437171,0.9989530979629991,1.0,1.0,1.0,0.6411250000000001,0.6240625,0.6825,19.06,8.34,28.18,0.7681799736356647,-1.1036571522350218,0.5718864127567151
active,B123/S02457,0.94,1,0.5061982615894041,0.4990695364238411,0.5144755794701986,0.5105625,0.49843750000000003,0.521625,0.6237616666666668,0.6148066666666666,0.6320195833333333,0.024831169397001952,-0.00033448065528119764,0.05287264726385441,0.9967113894034025,0.994923852660491,0.9987016703378504,1.0,1.0,1.0,0.646625,0.6273124999999999,0.6869375,18.32,8.82,28.68,0.7577655171907113,-1.1046625783536144,0.5658064043651364
active,B123/S02457,0.95,1,0.5077326158940397,0.5022243377483445,0.5143282284768212,0.5101249999999999,0.49724999999999997,0.5248125,0.6275629166666666,0.6213370833333335,0.6372108333333334,0.04267641164168677,0.011547784506796763,0.06671147394562546,0.996489493426361,0.99467789314743,0.9986701230683153,1.0,1.0,1.0,0.651375,0.633625,0.6945624999999999,18.2,8.760000000000002,28.4,0.8673839574141983,-1.0138953231897707,0.5858031044176095
active,B123/S02457,0.96,1,0.5100028973509934,0.5057955298013245,0.5165273178807948,0.5175000000000001,0.5004375000000001,0.53675,0.6335737499999999,0.627805,0.6426558333333334,0.033826790693621024,0.018021141948413318,0.046089120773788614,0.9963730581853254,0.9947449110472296,0.9984900722822208,1.0,1.0,1.0,0.657625,0.6385624999999999,0.69925,18.479999999999997,8.56,27.54,0.8299894543330757,-1.033441798517846,0.5678424578826706
active,B123/S02457,0.97,1,0.5147450331125829,0.5088687913907285,0.5245745033112583,0.5231875,0.5065,0.5311250000000001,0.6416516666666666,0.6324749999999999,0.6531341666666667,0.04250786423841008,0.011383256361101032,0.06912874695015628,0.9956400737861827,0.9938367251989305,0.9975641735702722,1.0,1.0,1.0,0.6630624999999999,0.6448125,0.7031875000000001,18.22,8.280000000000001,28.16,0.9103032590936962,-0.9790143101202617,0.603006047276282
active,B123/S02457,0.98,1,0.5156862582781457,0.509132036423841,0.521137417218543,0.537,0.518,0.5613125,0.6452245833333334,0.63681875,0.65356375,0.054117179330776935,0.02352569492854629,0.0881536249564303,0.9951431960295682,0.9928241317164956,0.997586187778083,1.0,1.0,1.0,0.670875,0.654875,0.7086250000000001,18.860000000000003,8.66,28.88,1.0032326504953015,-0.8920116643631668,0.6509605685088864
active,B123/S02457,0.99,1,0.5179490894039736,0.5088017384105962,0.5240335264900662,0.5310625,0.498125,0.5486875,0.650365,0.6378100000000001,0.65807125,0.050101973684210224,0.006049309428371773,0.07553439787382374,0.9950141305406962,0.9930952598484699,0.9972138291835969,1.0,1.0,1.0,0.6778125,0.66175,0.712,18.18,8.440000000000001,28.04,0.9711751016380726,-0.8977191754250511,0.6228429762505373
dense,B3/S245678,0.0,2,0.5169209437086093,0.1975422185430464,0.6818994205298013,0.6134999999999999,0.30681250000000004,0.7513124999999999,0.03768874999999999,0.02140458333333333,0.0494275,0.3020371754095502,0.09082251002091295,0.6473714926803763,0.7890108033599847,0.6288859901922709,0.8978022075883691,1.0,1.0,1.0,0.9967499999999999,0.9925,1.0,14.620000000000001,3.38,24.38,1.8131841491766312,3.0363558763585217,0.0
dense,B3/S245678,0.01,2,0.442944536423841,0.05223178807947019,0.6008286423841059,0.509875,0.123125,0.655625,0.10346541666666667,0.036213333333333333,0.12680458333333333,0.21758904452770977,0.05700820189961617,0.525466005141164,0.7955012855402642,0.2807980133355537,0.9671721030941741,1.0,1.0,1.0,0.9396875,0.9196875,0.98275,18.02,4.5,33.06,0.9137456627584557,2.138427752482122,1.2709305671429927
dense,B3/S245678,0.02,2,0.4533683774834437,0.26350579470198676,0.5594743377483443,0.52575,0.49668750000000006,0.582875,0.15353208333333332,0.10980458333333332,0.1786575,0.20434415301498757,0.0355909180027878,0.47826600078424525,0.892205044364308,0.7268284998059289,0.9890663862964743,1.0,1.0,1.0,0.8909375,0.867375,0.9470000000000001,20.740000000000002,6.1000000000000005,36.2,1.045447448040923,1.637114355916346,1.5960252112044069
dense,B3/S245678,0.03,2,0.47361299668874174,0.3123253311258277,0.5337508278145695,0.5494375,0.5230625000000001,0.5751875,0.189995,0.15757458333333335,0.20559791666666669,0.19851015162077357,0.016629498518647437,0.5633001917044267,0.9446216550411053,0.7900825928451423,0.99575178878423,1.0,1.0,1.0,0.8616250000000001,0.8409375,0.91925,19.7,6.4399999999999995,34.76,1.2401881569588906,1.374684168782847,1.7576908917255762
dense,B3/S245678,0.04,2,0.4963050496688742,0.4521742549668873,0.5196349337748345,0.52025,0.5061875,0.5316875,0.21851708333333333,0.20530916666666665,0.2269333333333333,0.13109308556988478,0.013646588532589331,0.3545047599337749,0.980111372621332,0.9328060366686826,0.9982535936148891,1.0,1.0,1.0,0.8326875000000001,0.8103750000000001,0.8951875,19.080000000000002,7.84,29.08,0.9056240828802845,0.8419868001332615,2.3746412185063934
dense,B3/S245678,0.05,2,0.4937992549668874,0.4651854304635762,0.515412665562914,0.50775,0.4905625,0.5281874999999999,0.23455375000000003,0.22975375,0.23958291666666665,0.09346355437434621,0.018380653102125666,0.23915693621470882,0.9858047571770502,0.9530142745838777,0.9983659605669292,1.0,1.0,1.0,0.8220625,0.8009375,0.8721875,19.46,9.08,28.66,0.6602617935634817,0.5794207395374208,2.713993409096399
dense,B3/S245678,0.06,2,0.49029387417218545,0.46841307947019856,0.5025310430463577,0.5068125,0.4938125,0.521,0.2486375,0.24288166666666672,0.25213833333333335,0.08362245120250932,0.01600301716625977,0.2119229043220631,0.9890005193463625,0.9670000480044367,0.9989729736968304,1.0,1.0,1.0,0.806625,0.786125,0.8535,19.240000000000002,7.8,28.82,0.6216872024773122,0.44267962003446887,2.854263739848326
dense,B3/S245678,0.07,2,0.4892384105960265,0.4724946192052979,0.4990513245033113,0.5010625,0.4948125,0.5045000000000001,0.2594758333333333,0.2566991666666667,0.26210624999999993,0.06451771087486899,-0.0018547076507500915,0.15595908853258936,0.9916696590696878,0.9767326338108833,0.9990798684739911,1.0,1.0,1.0,0.796875,0.7767499999999999,0.8338125,19.360000000000003,8.64,29.1,0.5071002242122266,0.29005275577223005,3.0410583764854677
dense,B3/S245678,0.08,2,0.48891100993377484,0.47309437086092715,0.5003770695364238,0.5024374999999999,0.48762500000000003,0.5194375,0.2681541666666666,0.2648891666666666,0.2704375,0.05113675278842776,-0.002118932990589132,0.11244709611362823,0.9932597379054661,0.9817357517291351,0.9992181861907036,1.0,1.0,1.0,0.78475,0.7693125000000001,0.81475,19.6,8.82,29.9,0.4471817888242667,0.16829770688540466,3.176746781216551
dense,B3/S245678,0.09,2,0.48611299668874175,0.47765024834437075,0.49531250000000004,0.505375,0.48793749999999997,0.518875,0.2785070833333333,0.275975,0.28040916666666665,0.04498019780411266,0.008538929069361509,0.09571727953990902,0.9943590358858062,0.9853193464294,0.9992708194405852,1.0,1.0,1.0,0.7721875,0.7580625,0.8068125,19.619999999999997,8.2,29.58,0.43248835712284744,0.07387846994837188,3.268423664962306
dense,B3/S245678,0.1,2,0.48540811258278155,0.4814445364238411,0.49012458609271525,0.49449999999999994,0.4799375,0.504875,0.28727458333333333,0.28171583333333333,0.291455,0.030725361624258946,0.0011137591495289179,0.07809865153363514,0.9949691040542653,0.987021598135318,0.9990522317882717,1.0,1.0,1.0,0.7625,0.748375,0.8000625,20.140000000000004,8.42,29.619999999999997,0.3280264799304924,-0.053365825056046215,3.4281297371471746
dense,B3/S245678,0.11,2,0.48501448675496694,0.47609147350993386,0.4907028145695364,0.4918125,0.47518750000000004,0.5023124999999999,0.29372333333333334,0.29186666666666666,0.2950979166666667,0.03421727953990901,0.011058513419309787,0.07738132842453779,0.995420376389333,0.9882875602556817,0.9991216859341957,1.0,1.0,1.0,0.7579999999999999,0.7412500000000001,0.7918125,19.88,8.899999999999999,29.22,0.35452480174093953,-0.06987672942541374,3.4316713264962853
dense,B3/S245678,0.12,2,0.48610223509933775,0.48037582781456956,0.49135844370860926,0.4870000000000001,0.4753125,0.502875,0.29950041666666666,0.29723791666666666,0.3034291666666667,0.025280247908678593,-0.0035473379226214257,0.0632829165214357,0.9958286741166485,0.98956739883652,0.9990340769933704,1.0,1.0,1.0,0.7514375,0.7364375,0.7846249999999999,19.98,8.979999999999999,28.4,0.30160804809434644,-0.1482961191978206,3.525176682403893
dense,B3/S245678,0.13,2,0.4840078642384107,0.4777508278145696,0.4896837748344371,0.485,0.468625,0.4988125,0.30616375,0.3049379166666667,0.30824708333333334,0.026747897786684967,-0.0068190135935869076,0.052530160770302904,0.9958752718425561,0.9905102654151381,0.9990436871767001,1.0,1.0,1.0,0.743,0.73075,0.7750625000000001,19.560000000000002,9.26,29.76,0.3195900142898447,-0.18844036518857857,3.553890015077072
dense,B3/S245678,0.14,2,0.4848870033112583,0.4812102649006623,0.4883692052980133,0.477125,0.45225000000000004,0.4871875,0.31220708333333336,0.3096133333333333,0.31439625000000004,0.02690821061345372,0.006389998692924043,0.04998126524921523,0.9962394904124723,0.9912196244280385,0.9991715554290405,1.0,1.0,1.0,0.7385625,0.724125,0.77025,20.28,10.28,29.52,0.30446539821783003,-0.22270758410796232,3.591340544816442
dense,B3/S245678,0.15,2,0.4848046357615895,0.4818807947019868,0.4876705298013245,0.49225,0.47631249999999997,0.511625,0.3184779166666667,0.31559624999999997,0.3201345833333334,0.02084086354130329,-0.0035641011676546277,0.04797447934820473,0.9963972344553109,0.9916981307232123,0.9989984822833659,1.0,1.0,1.0,0.7325625,0.7211249999999999,0.761125,19.96,8.879999999999999,29.1,0.3205988750941975,-0.2691523789224532,3.6268713274857722
dense,B3/S245678,0.16,2,0.4848149834437086,0.48126655629139065,0.48818750000000005,0.48587499999999995,0.47175,0.5015,0.3244970833333333,0.3231591666666667,0.3258979166666667,0.019110458783547977,-0.00231398135238805,0.03915407154060637,0.9965158880121567,0.9922824062623743,0.9990528945611227,1.0,1.0,1.0,0.723625,0.7071875,0.75425,20.6,8.9,30.1,0.30189941983419727,-0.3266975247354517,3.6870190820978097
dense,B3/S245678,0.17,2,0.4848228476821193,0.4808381622516556,0.4889176324503311,0.4886875,0.47825,0.4960625,0.32980249999999994,0.3285216666666667,0.33105083333333335,0.020790149006622124,-3.483356570269184e-05,0.04061600296270434,0.9966189750119199,0.9923772155245529,0.9989525548913776,1.0,1.0,1.0,0.7165625,0.7018125000000001,0.7485624999999999,19.82,8.8,28.599999999999998,0.3405630973531018,-0.3515149420931181,3.694087362907112
dense,B3/S245678,0.18,2,0.48487913907284774,0.48058526490066233,0.4884718543046358,0.48975,0.475875,0.5070625,0.33534125000000004,0.3339995833333333,0.336975,0.01853514944231415,-0.0027776010805163984,0.03422528537818009,0.9967604558733705,0.9931138024829138,0.998849142483138,1.0,1.0,1.0,0.71225,0.69775,0.7408125,20.139999999999997,8.56,30.18,0.33493585788128627,-0.38695763108714737,3.7288461192408535
dense,B3/S245678,0.19,2,0.4854366721854305,0.4821597682119204,0.4888927980132451,0.4909375000000001,0.475125,0.5051875,0.3412775,0.33899250000000003,0.3438720833333333,0.022022361885674142,0.001385336789821847,0.044380478825374194,0.9968851175512128,0.9932510995479555,0.9990943346388167,1.0,1.0,1.0,0.7045,0.69175,0.73525,20.2,9.2,28.659999999999997,0.3738267652401523,-0.4088682433307014,3.7338075624730376
dense,B3/S245678,0.2,2,0.48621564569536424,0.4825902317880795,0.48922930463576164,0.484375,0.46681249999999996,0.49624999999999997,0.3461179166666667,0.3449491666666667,0.3474345833333333,0.01261622080864382,-0.0010606265249220007,0.029990392994074633,0.9970401628412423,0.993649115096468,0.9990363460799482,1.0,1.0,1.0,0.6992499999999999,0.685125,0.7304999999999999,19.520000000000003,10.56,27.86,0.3191160832637134,-0.4838871126391925,3.8241796619887416
dense,B3/S245678,0.21,2,0.4848253311258278,0.48060182119205297,0.4872392384105961,0.4923124999999999,0.4768125,0.502875,0.35209416666666665,0.35045458333333335,0.3541995833333333,0.014022895608225488,-0.004351189438829218,0.027871786772394058,0.9970095801741138,0.9937638873564771,0.9989298838921882,1.0,1.0,1.0,0.6930625000000001,0.67725,0.7244375,19.66,8.82,29.08,0.3540585954591837,-0.5051608705491122,3.830324823058546
dense,B3/S245678,0.22,2,0.48578062913907283,0.484425082781457,0.48743749999999997,0.48549999999999993,0.4715625,0.5030625,0.35702041666666673,0.35559208333333336,0.35874249999999996,0.013705701028232398,-0.008998954339491355,0.02850035944579922,0.9971666421947335,0.994076730115123,0.9989874514027403,1.0,1.0,1.0,0.6853749999999998,0.672125,0.7201875,19.279999999999998,8.5,29.76,0.3547584454312732,-0.548690046149586,3.870343628133961
dense,B3/S245678,0.23,2,0.4866725993377484,0.4830467715231788,0.4904942052980132,0.4930625,0.470875,0.5175624999999999,0.3621975,0.3609470833333333,0.36361333333333334,0.012642329644475111,-0.0019248976124087527,0.02864809166957093,0.9972994223713988,0.9942605830791733,0.9991324813573433,1.0,1.0,1.0,0.6829375000000001,0.6734375,0.7085,19.240000000000002,7.959999999999999,29.02,0.3765596855812101,-0.5642623367335743,3.8766404741543092
dense,B3/S245678,0.24,2,0.4859495033112583,0.4842640728476821,0.4881775662251655,0.487875,0.4715625,0.5015,0.36715791666666664,0.3658045833333333,0.36871875000000004,0.012140837399790372,-0.004077259062391771,0.029408973074241503,0.9973250256951319,0.9944443184795535,0.999119359452127,1.0,1.0,1.0,0.6783750000000001,0.668,0.7015625,20.02,10.26,28.58,0.358441076116948,-0.5984004395753532,3.9150646080028264
dense,B3/S245678,0.25,2,0.4862843543046358,0.4832599337748345,0.4890153145695364,0.49206249999999996,0.4860625,0.5032500000000001,0.3729583333333334,0.37114166666666665,0.37410791666666665,0.015033657197629544,0.0033659485012199624,0.03597742026838588,0.9973674357678173,0.9944471525398314,0.9991003552862898,1.0,1.0,1.0,0.6666875,0.6548125,0.6945625,19.06,8.66,28.439999999999998,0.4172154170575434,-0.6332403694792981,3.9261514627585616
dense,B3/S245678,0.26,2,0.4879093543046357,0.4850488410596026,0.4906879139072847,0.4835625,0.47281249999999997,0.4984375,0.3771416666666667,0.3758566666666667,0.37921875,0.012338042436388561,-0.0001500849599170415,0.021215504095503202,0.9975081750900451,0.9948711720560295,0.9992713952818018,1.0,1.0,1.0,0.6623125,0.6531875,0.6849999999999999,19.68,8.16,28.94,0.3847776479107914,-0.6756741886182444,3.977375056007408
dense,B3/S245678,0.27,2,0.48871978476821204,0.4859793046357616,0.4916498344370861,0.49156249999999996,0.482125,0.4984375,0.38230250000000005,0.3809904166666666,0.38333708333333333,0.015348629749041137,0.003463423666782246,0.02703127178459399,0.997613201613121,0.9949448017460423,0.9992929240329994,1.0,1.0,1.0,0.6583124999999999,0.6466875,0.6768125,19.3,8.28,28.8,0.43829934305429386,-0.677988570779794,3.9606392037262492
dense,B3/S245678,0.28,2,0.48777028145695367,0.48562748344370865,0.49008733443708613,0.48274999999999996,0.47081249999999997,0.494875,0.3879120833333333,0.38691499999999995,0.38888541666666665,0.01118726036946652,-0.003871329295922001,0.02476836441268694,0.9975761021152436,0.9950930661151529,0.9990039439728312,1.0,1.0,1.0,0.6550624999999999,0.6455625,0.6659375000000001,18.459999999999997,8.440000000000001,28.0,0.40488019494648386,-0.7275341384651266,4.0187296588834425
dense,B3/S245678,0.29,2,0.4894495033112583,0.4877876655629139,0.4912909768211921,0.493,0.480625,0.501625,0.3923379166666667,0.39083208333333336,0.39412125,0.013757820669222395,0.003839828773091461,0.02279239281979761,0.9977255728030447,0.9950863369710341,0.9992582416616863,1.0,1.0,1.0,0.6474375,0.6391875,0.6570625,18.6,7.6,28.16,0.46220171588527115,-0.7405778276830319,4.01128180757559
dense,B3/S245678,0.3,2,0.48853435430463577,0.4861647350993377,0.4908191225165563,0.49006250000000007,0.4773125,0.5094375,0.39853750000000004,0.39696375,0.39942791666666666,0.009981744510281968,0.0011750609968625867,0.018896588532589503,0.9977134374305301,0.9950906297119773,0.9992664866708312,1.0,1.0,1.0,0.6416875,0.6330625,0.6504375,18.58,6.7,28.32,0.4404760407339351,-0.7934253787965199,4.068359867725722
dense,B3/S245678,0.31,2,0.4903985927152318,0.4879540562913907,0.49200579470198674,0.48824999999999996,0.471125,0.5048125,0.4025920833333333,0.4014045833333333,0.4033595833333333,0.012621351080515559,0.0025901991111881,0.025094283722551278,0.9978300088554125,0.9953296726221605,0.9993353162135904,1.0,1.0,1.0,0.6345000000000001,0.62775,0.6391875,18.720000000000002,7.220000000000001,29.84,0.4673422728373979,-0.8149077779377398,4.0796472998301825
dense,B3/S245678,0.32,2,0.4911725993377482,0.48944950331125825,0.4934093543046357,0.49018749999999994,0.47687500000000005,0.506,0.4075025,0.4057291666666667,0.40890583333333336,0.008952095677936183,0.0004841081387238952,0.01781011458696363,0.9978657253604462,0.9953712816551955,0.999294638287642,1.0,1.0,1.0,0.6272499999999999,0.6210625000000001,0.6335,18.240000000000002,6.0,28.279999999999998,0.4696167639062211,-0.8635037135149753,4.124812497494965
dense,B3/S245678,0.33,2,0.49136341059602645,0.4896200331125828,0.49229346026490056,0.49018750000000005,0.480875,0.498625,0.4123175,0.4117883333333333,0.41299583333333334,0.011744139944231206,0.0024421727953985524,0.02233916434297596,0.9978939576432477,0.9955085291063794,0.9993416727464389,1.0,1.0,1.0,0.6231250000000002,0.617625,0.6275,18.8,7.6,26.96,0.4891282863717835,-0.8751575699843682,4.129535248517576
dense,B3/S245678,0.34,2,0.4910794701986754,0.4894908940397351,0.4927814569536423,0.495,0.4861875,0.50375,0.41835374999999997,0.4174470833333333,0.4196275,0.012355687957476002,-0.008164647960962782,0.02689148004531172,0.9979368334576618,0.9955070061569651,0.9992660575614539,1.0,1.0,1.0,0.6152500000000001,0.6095625,0.620875,18.6,6.58,27.96,0.5203997551835536,-0.9077125756215098,4.150538211275281
dense,B3/S245678,0.35,2,0.4923468543046357,0.4896866721854305,0.4938654801324503,0.5003125,0.479875,0.5200625,0.4228525,0.4215541666666667,0.42343708333333335,0.011333162687347251,-0.00545008060299785,0.02016138027187169,0.9979976836354402,0.9955823133471134,0.9994180241916262,1.0,1.0,1.0,0.6101875,0.6059375,0.6144375,18.28,8.32,27.66,0.5438974376204565,-0.932443614061024,4.166828308352473
dense,B3/S245678,0.36,2,0.49245322847682116,0.4910074503311258,0.4943149834437086,0.492125,0.4724375,0.505875,0.4274020833333333,0.42550375,0.4287775,0.01087058861972785,0.0023168895956773928,0.021229979958173537,0.9980084158647905,0.9957330218352863,0.9993783166815524,1.0,1.0,1.0,0.606125,0.6028125,0.6108125,18.08,7.42,27.82,0.5308270001264334,-0.9650992348161165,4.201914190516721
dense,B3/S245678,0.37,2,0.4932740066225166,0.4914350165562913,0.49534105960264896,0.49406249999999996,0.4811875,0.507875,0.43253,0.4313991666666666,0.43347416666666666,0.013142122690832755,0.005979478912512862,0.019032197629836062,0.9980609416599945,0.9958099006308009,0.9994492747336896,1.0,1.0,1.0,0.6001875,0.5966875,0.6054999999999999,18.74,7.9399999999999995,27.82,0.5551880451372063,-0.9837032937838922,4.212295090473183
dense,B3/S245678,0.38,2,0.4932545529801325,0.49177069536423834,0.49495571192052984,0.495375,0.4788125,0.509375,0.43809875,0.4368654166666667,0.43929625000000005,0.01153834088532565,0.005152753572673314,0.017291205559427897,0.9980985825612873,0.9958232805902845,0.9993924683642955,1.0,1.0,1.0,0.5983125,0.5935,0.6029375,18.56,8.86,26.96,0.5563854555091022,-1.0070033168648576,4.234181918839626
dense,B3/S245678,0.39,2,0.49424999999999997,0.49205298013245036,0.4965873344370861,0.49006249999999996,0.47181249999999997,0.5050625,0.4432941666666667,0.44128500000000004,0.4445925,0.010570451376785995,0.003632984053676871,0.022055692314395064,0.998156530128453,0.9958180067372969,0.999460938685508,1.0,1.0,1.0,0.5913125,0.5821875,0.599,18.0,7.08,27.34,0.5582142967922741,-1.0497597053459125,4.274492938050241
dense,B3/S245678,0.4,2,0.4945728476821191,0.4933240894039735,0.49610471854304633,0.5018125,0.4811875,0.52125,0.44820166666666666,0.446645,0.4491775,0.009881132363192281,0.003573283373997426,0.017451387678633,0.9981066644200925,0.9958506481330034,0.9994112223717612,1.0,1.0,1.0,0.5893750000000001,0.580875,0.597625,18.22,6.180000000000001,28.64,0.5874812157378314,-1.057869987469781,4.27376100233519
dense,B3/S245678,0.41,2,0.4953336092715232,0.49330422185430467,0.4968087748344371,0.4958125000000001,0.4780625,0.5129999999999999,0.45328083333333336,0.45294708333333333,0.4536854166666666,0.009244521174624869,0.003750816922271617,0.01555949372603663,0.9981445536367657,0.9957981545447344,0.9995717998478004,1.0,1.0,1.0,0.5776874999999999,0.5735625,0.5816250000000001,18.260000000000005,7.4799999999999995,27.56,0.5882160337550707,-1.1167343283250215,4.329977497867379
dense,B3/S245678,0.42,2,0.4951655629139073,0.4932934602649007,0.49654677152317883,0.49293750000000003,0.48093749999999996,0.5059375,0.4587175,0.4576345833333333,0.45939958333333336,0.008826126263506155,0.0021452052108744167,0.014482659463227233,0.9981609569558968,0.995955699624606,0.9994933876788227,1.0,1.0,1.0,0.5764375000000002,0.5723125,0.582,18.66,6.76,28.7,0.578202171052834,-1.1366871601166861,4.351949984841828
dense,B3/S245678,0.43,2,0.4960463576158941,0.4934772350993378,0.49768998344370863,0.50525,0.4974375,0.5143125000000001,0.46371875000000007,0.4626429166666666,0.4654316666666667,0.00796675670965463,0.001365469240152978,0.01608219327291699,0.9981863867109665,0.9959213910604766,0.9994743492669287,1.0,1.0,1.0,0.5706249999999999,0.5659375,0.5754374999999999,17.4,6.52,26.36,0.6312678626614948,-1.1575202549217454,4.357238014253074
dense,B3/S245678,0.44,2,0.49600951986754965,0.4952305463576159,0.4970008278145695,0.502875,0.4929375,0.5141875,0.46880875,0.46800125,0.4694470833333334,0.006679679330777002,-0.0018252004182644677,0.015008528668525641,0.9981892376638312,0.9959143922856187,0.9994936265500418,1.0,1.0,1.0,0.5653750000000001,0.5620625,0.5688124999999999,18.04,6.36,27.259999999999998,0.6198406862485978,-1.1943306942062397,4.395768132974041
dense,B3/S245678,0.45,2,0.49663162251655635,0.49472682119205313,0.4982893211920531,0.5022500000000001,0.4836875,0.5138125,0.47414875,0.4732520833333333,0.47500083333333326,0.00842838314743772,-0.0006681770651796356,0.01770045094109378,0.9982152489912728,0.9960047879048614,0.999455633811274,1.0,1.0,1.0,0.5610625,0.557,0.5669375,18.619999999999997,8.120000000000001,27.84,0.6328538934951992,-1.2124369241957085,4.409696109089429
dense,B3/S245678,0.46,2,0.4975219370860927,0.49592632450331137,0.49971688741721854,0.49693750000000003,0.487375,0.5073749999999999,0.4792841666666666,0.47829541666666664,0.4807354166666667,0.009438131753223652,-0.0005193991808996001,0.01966962574067583,0.9982374792377847,0.9960248504965945,0.9995553530271444,1.0,1.0,1.0,0.5546249999999999,0.5487500000000001,0.564,18.42,6.300000000000001,27.08,0.6416546783711365,-1.2445436050215941,4.438308424461548
dense,B3/S245678,0.47,2,0.49761216887417214,0.49613327814569536,0.49863327814569536,0.505625,0.4976875,0.5134375,0.4841379166666667,0.4820616666666666,0.48581375,0.009340133757406404,9.074372603654746e-05,0.021471102736144443,0.998223626934539,0.9959665206630991,0.9995258292232839,1.0,1.0,1.0,0.54925,0.5448749999999999,0.55375,18.6,7.66,27.299999999999997,0.6711014387817171,-1.2652317710561811,4.450618968837228
dense,B3/S245678,0.48,2,0.49736630794701986,0.4964710264900663,0.4990720198675497,0.5002500000000001,0.484875,0.511625,0.4899020833333333,0.48790833333333333,0.49077583333333336,0.007779027971418273,-0.0007278450679685955,0.01458248736493514,0.9982492294970614,0.9960184038687967,0.9995510710970177,1.0,1.0,1.0,0.54375,0.5401250000000001,0.548375,18.04,6.32,26.84,0.6641413695805428,-1.3077687540363978,4.493519568639454
dense,B3/S245678,0.49,2,0.49833195364238414,0.49695778145695363,0.4999006622516556,0.5074374999999999,0.4990625,0.5199375,0.49501750000000005,0.4937775,0.49679166666666674,0.007296717061693545,0.0016134868421051978,0.013616460439176862,0.9982379333174809,0.9960848304691781,0.9995095315779398,1.0,1.0,1.0,0.5425625,0.5370625,0.5480625,18.32,7.82,28.02,0.6833436980258201,-1.3163918870876905,4.496993722170697
dense,B3/S245678,0.5,2,0.49877359271523175,0.4970206953642384,0.5003265728476821,0.5041249999999999,0.4935625,0.5161875,0.49986708333333335,0.4986629166666666,0.500745,0.007517188044614429,9.149529452703457e-05,0.012434112495642717,0.9982824168358373,0.996129542729172,0.9995459716303621,1.0,1.0,1.0,0.5431874999999999,0.5393749999999999,0.5488750000000001,18.259999999999998,6.98,28.02,0.6802158111582043,-1.3252462408921108,4.506349995745719
dense,B3/S245678,0.51,2,0.49900372516556296,0.49728932119205305,0.5004275662251656,0.502875,0.4939375,0.5129374999999999,0.5052704166666666,0.5032116666666665,0.5068245833333334,0.008813251568490329,0.0014973204949454656,0.01528804679330741,0.9982193908014654,0.9960284677800276,0.9994794673847716,1.0,1.0,1.0,0.5428749999999999,0.5393749999999999,0.5473125,17.7,7.16,27.66,0.6954487490115018,-1.331456193551971,4.508560158502721
dense,B3/S245678,0.52,2,0.4996510761589404,0.4984619205298014,0.5012880794701987,0.4975625,0.48562500000000003,0.50925,0.5109716666666666,0.5098904166666667,0.5118691666666667,0.008058415388636836,-0.001690408243290583,0.01609412033809651,0.9982041151075751,0.995987268199015,0.9994957893161598,1.0,1.0,1.0,0.5433125,0.5386875000000001,0.55,18.4,8.34,28.34,0.6739210481526036,-1.3489733876916812,4.530897611675856
dense,B3/S245678,0.53,2,0.49932988410596024,0.4982404801324503,0.5014917218543047,0.500875,0.48756249999999995,0.5095625,0.5163829166666667,0.5150600000000001,0.51733,0.005725252701289244,-0.0007453272046010808,0.013022852039037486,0.9982469665963112,0.9959975343168397,0.9994735384741092,1.0,1.0,1.0,0.5410000000000001,0.5380625,0.5453125,18.479999999999997,6.300000000000001,28.279999999999998,0.6724449529841877,-1.375399495789378,4.556848842940221
dense,B3/S245678,0.54,2,0.5002520695364238,0.4987773178807947,0.502,0.5032499999999999,0.4865625,0.5234375,0.52142875,0.52023625,0.5222270833333335,0.007197183252003804,0.0012054178285110595,0.015345002614150888,0.9981877805308746,0.9959879905941722,0.9994844387190845,1.0,1.0,1.0,0.53825,0.5323749999999999,0.542625,17.779999999999998,7.9399999999999995,26.439999999999998,0.7043619549547273,-1.3845301239514676,4.5578196197453815
dense,B3/S245678,0.55,2,0.5003153973509933,0.49865231788079467,0.5022425496688742,0.5030625000000001,0.48912500000000003,0.5127499999999999,0.5267916666666668,0.5254545833333335,0.5282841666666667,0.006750849599163097,-0.0020818447194145473,0.014125664430114393,0.9982079097123115,0.9959488288020124,0.9995008436794953,1.0,1.0,1.0,0.540875,0.5389375,0.5444375,18.36,7.36,28.08,0.694474493806186,-1.3881227357143457,4.5637180326691205
dense,B3/S245678,0.56,2,0.5004759933774835,0.49948965231788084,0.5015455298013245,0.5074375000000001,0.49424999999999997,0.5215625,0.5315858333333334,0.5304375,0.5327154166666668,0.007707694318577538,0.002058382711745794,0.013690016120599136,0.9981956015667318,0.9959353837633061,0.9994928941590744,1.0,1.0,1.0,0.5426875,0.5395,0.5471875,17.860000000000003,6.64,28.1,0.7179279490949925,-1.382111619370812,4.552190808241008
dense,B3/S245678,0.57,2,0.5008518211920531,0.4988845198675497,0.5021725993377484,0.49518749999999995,0.4730625,0.5080625,0.5377133333333334,0.536395,0.5387833333333333,0.007405138985708934,-0.0006294876263506957,0.012995011327988444,0.9982013348944468,0.9959249486779794,0.9995761503030851,1.0,1.0,1.0,0.5428749999999999,0.5379375,0.54825,17.92,7.0600000000000005,27.5,0.6886973993767785,-1.4057398890500912,4.582214010665212
dense,B3/S245678,0.58,2,0.5009544701986755,0.4994130794701987,0.5027483443708609,0.501625,0.4893125,0.5146875,0.54293125,0.5414616666666667,0.5443450000000001,0.007822880359009719,-6.986319275035203e-05,0.016397067793655726,0.9981425415440871,0.9958519441113503,0.9995134456656182,1.0,1.0,1.0,0.5434375,0.5392499999999999,0.5468125,17.98,6.98,27.5,0.7094200161634522,-1.4057644658515667,4.577196565148039
dense,B3/S245678,0.59,2,0.5019168046357615,0.5001105132450331,0.5028451986754968,0.49837499999999996,0.48393749999999996,0.515,0.5484329166666667,0.5478554166666666,0.54934375,0.006479435343324745,0.001069253224119467,0.011603890728476047,0.9981347945612468,0.9957765566063824,0.9996113128356028,1.0,1.0,1.0,0.5412500000000001,0.54,0.5433125000000001,18.54,7.58,27.12,0.6952559094041325,-1.432455792455013,4.606521603184429
dense,B3/S245678,0.6,2,0.5019780629139072,0.5008778973509933,0.5028125000000001,0.5084375,0.4954375,0.521625,0.5536666666666668,0.5527883333333334,0.5544000000000001,0.007937412861623808,-0.0015333631056120138,0.013955679243638061,0.9981391277650429,0.9958505749738872,0.99957343919803,1.0,1.0,1.0,0.5421875,0.5391874999999999,0.5451874999999999,17.759999999999998,4.96,27.279999999999998,0.7405035407575417,-1.4228007289164617,4.586362536700065
dense,B3/S245678,0.61,2,0.5020993377483445,0.5009908940397352,0.5035711920529802,0.502125,0.493875,0.5136875000000001,0.5586854166666667,0.5572333333333334,0.55994,0.005816257842453494,-0.002399627483444176,0.013526729696758258,0.99814365427771,0.9957424216383011,0.9994994778544534,1.0,1.0,1.0,0.542375,0.5393749999999999,0.5455625,17.900000000000002,7.08,27.6,0.712928972435351,-1.447163732924849,4.616547361478543
dense,B3/S245678,0.62,2,0.5027495860927151,0.5016370033112583,0.5039681291390729,0.51075,0.4970625,0.5239375000000001,0.5642529166666667,0.5634608333333333,0.5646308333333334,0.00801315789473646,0.0002725579470196014,0.014860175583826962,0.9980861080118493,0.9957277286786973,0.9994746077976329,1.0,1.0,1.0,0.5414375000000001,0.5385000000000001,0.544625,18.019999999999996,7.46,25.96,0.7530596141989728,-1.4426381012061529,4.602743864340294
dense,B3/S245678,0.63,2,0.502544701986755,0.5012007450331125,0.5034834437086093,0.5041875,0.484375,0.5168125,0.569735,0.5686729166666666,0.5708274999999999,0.005866808992680057,-0.0018932990589063693,0.011428383147438171,0.9980989657952591,0.9956951566149571,0.9994645886361184,1.0,1.0,1.0,0.5463749999999999,0.5424375000000001,0.5507500000000001,17.62,6.260000000000001,27.82,0.7240040038983068,-1.4514786202660677,4.618113452261887
dense,B3/S245678,0.64,2,0.5027938741721856,0.5019143211920529,0.5043671357615894,0.5078750000000001,0.4951875,0.5177499999999999,0.5752670833333333,0.5745533333333334,0.5763016666666667,0.007440920181247407,0.0006176912687345608,0.013630936301846917,0.9980312525749339,0.9956093442867429,0.9994732794782999,1.0,1.0,1.0,0.5455625000000002,0.541,0.551875,17.880000000000003,8.76,26.1,0.7449519256003602,-1.4543386407720282,4.616000144028711
dense,B3/S245678,0.65,2,0.5032789735099339,0.5019076986754966,0.5043315397350994,0.501,0.493375,0.5124375,0.5805629166666666,0.5799491666666666,0.5815891666666667,0.0049582933949107125,0.0008126415998604101,0.007869379574764215,0.9980246972822122,0.9955015759025604,0.9994659960886793,1.0,1.0,1.0,0.5466875,0.5429375,0.5508749999999999,18.020000000000003,7.140000000000001,28.299999999999997,0.7136426313541019,-1.4776422916792935,4.6459843962786005
dense,B3/S245678,0.66,2,0.5028836920529801,0.5021113410596026,0.5037032284768213,0.5106875000000001,0.49543750000000003,0.522,0.5857808333333333,0.5847029166666666,0.5866966666666666,0.007931825113279589,0.0017261567619372578,0.014712966190309765,0.9979811224131006,0.9953727492694209,0.9995213003409743,1.0,1.0,1.0,0.5500624999999999,0.5418125,0.5575,18.18,7.38,27.639999999999997,0.7521417751692708,-1.4539284767675793,4.61394240225951
dense,B3/S245678,0.67,2,0.5036353476821193,0.5022226821192053,0.5045649834437086,0.502375,0.49256249999999996,0.5158125,0.5919212500000002,0.5905579166666667,0.5927583333333334,0.006515608661554223,-0.0021556618159641345,0.012553742593237424,0.9979315591586658,0.9953328634995704,0.9994892659317144,1.0,1.0,1.0,0.5526875,0.5473125,0.5584375,17.720000000000002,7.3999999999999995,26.279999999999998,0.7297292717450228,-1.4693953862649336,4.634184816347229
dense,B3/S245678,0.68,2,0.5032024006622515,0.5022955298013245,0.5039093543046358,0.4991875,0.4885,0.5095625,0.5973133333333334,0.5964374999999998,0.5983920833333334,0.005824688480306354,-0.0011388876786339592,0.013156500522829804,0.9979373763181343,0.9952253432689343,0.9994984455424633,1.0,1.0,1.0,0.5512499999999999,0.5441250000000001,0.5607500000000001,17.560000000000002,6.42,27.06,0.7230834208910374,-1.4913427932570376,4.657077929415321
dense,B3/S245678,0.69,2,0.5028323675496689,0.5017322019867549,0.5043977649006622,0.5095625,0.497375,0.518625,0.6024433333333333,0.60205375,0.6028829166666666,0.005926673056813742,-0.00098749564308208,0.010378703380968655,0.9979330490217329,0.9951893029712616,0.9994864218430245,1.0,1.0,1.0,0.5543125000000001,0.54625,0.5603125,18.199999999999996,7.220000000000001,27.84,0.740746782652652,-1.4810766010021934,4.642985902695619
dense,B3/S245678,0.7,2,0.5035703642384106,0.5025579470198674,0.5044528145695364,0.504375,0.49350000000000005,0.515375,0.6085445833333333,0.6073412499999999,0.60970875,0.006564427936562985,0.00033755228302534206,0.011912654670616654,0.9978473933396943,0.9951532717541414,0.9994083158360124,1.0,1.0,1.0,0.5587500000000001,0.5504999999999999,0.568375,17.740000000000002,6.74,28.04,0.7363894023801563,-1.4779242895821918,4.640927961446309
dense,B3/S245678,0.71,2,0.5029867549668875,0.5016663907284769,0.504259105960265,0.507625,0.49850000000000005,0.515875,0.6138012500000001,0.6125545833333333,0.6148829166666667,0.004750566399441907,0.0007327792784940276,0.008694046270477132,0.997821504126069,0.9949436127226936,0.9994703335646974,1.0,1.0,1.0,0.563375,0.557125,0.568875,18.479999999999997,7.56,27.479999999999997,0.7205644863202906,-1.4778313798811242,4.6445348865151965
dense,B3/S245678,0.72,2,0.5032421357615895,0.5024958609271523,0.5044755794701987,0.5048750000000001,0.493625,0.5173749999999999,0.6191912500000001,0.6180087500000001,0.6203825000000001,0.006096788950853661,0.0029797403276398795,0.009634617898222212,0.9977328970774504,0.994894339161884,0.999424307655122,1.0,1.0,1.0,0.5630000000000001,0.55425,0.57075,18.06,7.28,27.32,0.7308411389005202,-1.4854245978363136,4.649512345257642
dense,B3/S245678,0.73,2,0.5035591887417219,0.5025157284768211,0.5043526490066226,0.49818750000000006,0.4860625,0.5115,0.6250316666666667,0.6234770833333333,0.6262724999999999,0.005993497298710055,0.001331681334959772,0.010083304287207778,0.9977348929233969,0.9948526431081138,0.9994489085276935,1.0,1.0,1.0,0.5673125,0.5555,0.5786874999999999,18.499999999999996,8.84,28.6,0.7069147067007467,-1.488121986735794,4.657760407426128
dense,B3/S245678,0.74,2,0.5035885761589405,0.5027773178807947,0.5045177980132449,0.50625,0.490375,0.516625,0.6301329166666666,0.6290887500000001,0.6311320833333333,0.006129498518647163,-0.0008344370860931188,0.012321834698500912,0.9977087467938712,0.9947138355639351,0.9994685895063744,1.0,1.0,1.0,0.5711875,0.55825,0.5828125,18.2,7.58,28.22,0.7295375180007183,-1.4758642897632468,4.640519458941516
dense,B3/S245678,0.75,2,0.5033712748344371,0.5022305463576159,0.5041796357615895,0.508375,0.496875,0.5155625,0.6354420833333333,0.6341170833333333,0.63696875,0.004616885238758898,-0.0001810299756015752,0.009554918961310405,0.9976115800516391,0.9944836244441748,0.9993834160466577,1.0,1.0,1.0,0.573625,0.5611875000000001,0.592625,17.940000000000005,6.88,27.16,0.7278296413501653,-1.4821386207324372,4.647019144344093
dense,B3/S245678,0.76,2,0.5039118377483444,0.5033356788079469,0.5049987582781458,0.5002499999999999,0.48600000000000004,0.5153125,0.6411695833333334,0.6403733333333333,0.6419633333333334,0.004180125914952556,-0.001049614412687957,0.007776544527710064,0.9975576214577837,0.9943487088749737,0.999392760387061,1.0,1.0,1.0,0.5754374999999999,0.5618125,0.5955625,17.96,7.140000000000001,27.720000000000002,0.7067175725919285,-1.495663410892267,4.66513312833752
dense,B3/S245678,0.77,2,0.5031767384105961,0.5021746688741723,0.5039263245033112,0.507375,0.49112500000000003,0.5205,0.6464470833333332,0.6451141666666668,0.6481295833333334,0.006084012286510636,-0.0004158134367376192,0.010982539647961063,0.9975053903948015,0.9943385071139155,0.9994349692757747,1.0,1.0,1.0,0.5777500000000001,0.562375,0.605375,18.0,6.8,26.479999999999997,0.7340232445576916,-1.4832598919703373,4.646667079895527
dense,B3/S245678,0.78,2,0.5032119205298013,0.5020629139072849,0.504114238410596,0.5037499999999999,0.48862500000000003,0.523625,0.65135875,0.65034375,0.6521079166666667,0.005856058295572966,0.001531337138375225,0.00828496427326543,0.9974900608279,0.9941734264163,0.9994315231934409,1.0,1.0,1.0,0.58325,0.5655,0.6074999999999999,18.380000000000003,7.92,26.74,0.7149061981149727,-1.4778880344396341,4.645924293826409
dense,B3/S245678,0.79,2,0.5029548841059602,0.5019904801324504,0.5036295529801325,0.5036875000000001,0.49425,0.5196875,0.6566991666666667,0.6546566666666668,0.6583545833333333,0.004965907110491009,0.0009127635935863294,0.008472791042174438,0.9974113046885764,0.9939606090770583,0.9994804360559681,1.0,1.0,1.0,0.5885,0.5648124999999999,0.620625,18.419999999999998,7.08,28.02,0.7043357820977338,-1.473821453427963,4.644485358712361
dense,B3/S245678,0.8,2,0.5029739238410595,0.5024205298013245,0.5036436258278146,0.5134375,0.500375,0.526875,0.6624399999999999,0.6612183333333332,0.6643249999999999,0.005675714534680682,-0.0008156151969328295,0.00924128616242548,0.9973157553291578,0.9937501733506455,0.9994049120133577,1.0,1.0,1.0,0.595625,0.5763750000000001,0.6295,17.78,6.94,26.720000000000002,0.7346407331843685,-1.4468287708474656,4.611095366734864
dense,B3/S245678,0.81,2,0.502496274834437,0.5016121688741721,0.5033220198675498,0.5043124999999999,0.49243750000000003,0.5163125,0.6677358333333333,0.6669233333333334,0.6687529166666666,0.0054899137330075886,-0.00012012025095863604,0.011054592192400807,0.9971981677868064,0.9935806967522823,0.9992563820791552,1.0,1.0,1.0,0.5985,0.57375,0.6386875000000001,18.18,7.1000000000000005,27.52,0.7038047486328489,-1.4567955579330336,4.628080862066601
dense,B3/S245678,0.82,2,0.5028191225165562,0.5017682119205299,0.5037280629139071,0.5094375,0.494375,0.52525,0.6733158333333333,0.672385,0.6744441666666666,0.005417207650749045,0.0018598052457297004,0.009288667654234407,0.9971172352394394,0.9931558608541887,0.9992836320068801,1.0,1.0,1.0,0.5988749999999999,0.57675,0.643,18.46,6.58,28.06,0.7167356638231159,-1.4614513919860472,4.629521520006927
dense,B3/S245678,0.83,2,0.5023344370860926,0.5015277317880795,0.503080298013245,0.5073749999999999,0.48912500000000003,0.5251875,0.67877875,0.6775941666666666,0.6795704166666666,0.0051523941268732006,-0.0009918089926807914,0.009426825548971934,0.9970518350861515,0.9931067790639437,0.9992852008015563,1.0,1.0,1.0,0.60475,0.5776875,0.6524375,18.02,7.68,27.5,0.709015788381499,-1.4544651640988948,4.624571481380307
dense,B3/S245678,0.84,2,0.5020699503311258,0.5011415562913907,0.5029594370860926,0.5041875000000001,0.492875,0.51825,0.6836808333333333,0.6820666666666667,0.6850841666666667,0.005281467845939037,0.0005076355001738195,0.01137959654932047,0.996920597540431,0.9925848605471423,0.9993882639656136,1.0,1.0,1.0,0.610375,0.5856874999999999,0.6628124999999999,18.44,7.180000000000001,27.439999999999998,0.6916700789885694,-1.4467464000695014,4.6212552223983385
dense,B3/S245678,0.85,2,0.5018745860927152,0.5009623344370863,0.5029557119205298,0.503125,0.487875,0.520625,0.6897070833333334,0.688825,0.6907395833333333,0.0045955472289993275,0.0006160901010802432,0.00893742375392095,0.9969003293057372,0.992432682129077,0.9993231178802245,1.0,1.0,1.0,0.6138750000000001,0.584,0.674375,19.32,8.1,28.86,0.673217550517759,-1.450802510001048,4.629699151168992
dense,B3/S245678,0.86,2,0.5017086092715232,0.5009362582781456,0.5026038907284768,0.49325,0.485375,0.5045000000000001,0.6952512499999999,0.6931604166666667,0.6966504166666666,0.0042413297316134645,0.00046959959916320447,0.00787209175670931,0.9967536775618655,0.9920737611722257,0.9993038807030735,1.0,1.0,1.0,0.6210625000000001,0.584125,0.6871250000000001,18.68,9.219999999999999,27.84,0.6465400551948016,-1.446397886999127,4.632077260249428
dense,B3/S245678,0.87,2,0.5011316225165563,0.5000542218543046,0.5019296357615894,0.500875,0.4840625,0.5193125000000001,0.7006395833333333,0.69953,0.7018920833333333,0.004020531979783577,-0.0010356287033811314,0.007314427936562964,0.9965078240297822,0.9913601739073369,0.9994848391070232,1.0,1.0,1.0,0.6275000000000001,0.5939375,0.70025,19.259999999999998,8.84,28.98,0.6509176236795126,-1.428402407075485,4.613559364068455
dense,B3/S245678,0.88,2,0.500614238410596,0.5000186258278145,0.5017963576158941,0.503125,0.475125,0.516875,0.7060654166666667,0.7051583333333332,0.7069295833333332,0.005289408330428393,0.00044035378180513814,0.010729032328336925,0.9963480190559743,0.9906245123393024,0.999370752950252,1.0,1.0,1.0,0.633625,0.5956250000000001,0.7094375,19.04,7.64,28.92,0.6605228539023097,-1.4095745918629978,4.5929212697240835
dense,B3/S245678,0.89,2,0.500369619205298,0.4998990066225165,0.5007433774834438,0.4994375,0.4805625,0.5138125,0.7119358333333332,0.7103387499999999,0.7143845833333333,0.0034968194492851915,-0.0006679483269436509,0.007774093760891979,0.996064524536387,0.9898052009344623,0.9993321766829864,1.0,1.0,1.0,0.64075,0.603875,0.7196250000000001,19.3,8.92,29.14,0.6304664674409279,-1.4070232359269677,4.598090804908626
dense,B3/S245678,0.9,2,0.5002226821192053,0.4991531456953642,0.501130794701987,0.504,0.4903125,0.5206875,0.7177720833333333,0.7162191666666667,0.7204058333333333,0.004303481178110564,-0.0009397873823634566,0.007727823283373852,0.995582644330155,0.9886980307240797,0.9992345090985302,1.0,1.0,1.0,0.647125,0.604,0.7325625,19.04,7.340000000000001,28.82,0.6441827205701912,-1.3869172643218408,4.57514039316262
dense,B3/S245678,0.91,2,0.4995645695364238,0.49884312913907286,0.5002458609271523,0.49631250000000005,0.47131249999999997,0.515,0.7237625,0.7212225,0.7253104166666666,0.004052391948413669,-0.00181980873126586,0.007470656151968882,0.9951300242745349,0.9872996839475491,0.9992331252777031,1.0,1.0,1.0,0.6570625,0.6060625,0.7599375,18.919999999999998,8.680000000000001,27.72,0.6128836818763177,-1.3713868074312952,4.5682509539542595
dense,B3/S245678,0.92,2,0.49925620860927156,0.498446605960265,0.5002615894039735,0.49406249999999996,0.47481249999999997,0.5128125,0.7299258333333334,0.7284041666666666,0.7311995833333333,0.003488682903450354,-0.0014085700592544907,0.007868660683164613,0.9945155521812893,0.9852405022294372,0.9992200996926535,1.0,1.0,1.0,0.6655,0.6095625,0.7809375,19.439999999999998,8.76,28.52,0.5890667391359056,-1.3574980508556644,4.561185785216422
dense,B3/S245678,0.93,2,0.4985761589403973,0.4978704470198676,0.49927069536423846,0.4975625,0.485,0.516375,0.7359966666666666,0.7337591666666667,0.7399254166666666,0.00310142906936186,0.00011358487277782382,0.0061050562042520825,0.993610949554445,0.9821635081862172,0.9992061104559726,1.0,1.0,1.0,0.6741875,0.6149375,0.794,19.64,7.94,30.84,0.5828909551623067,-1.335991574502864,4.542140858041726
dense,B3/S245678,0.94,2,0.49803559602649006,0.4975782284768212,0.4988360927152318,0.5,0.4891875,0.5186249999999999,0.7426854166666667,0.7400279166666667,0.7473583333333333,0.003228313436737268,0.0017205690135934258,0.005559254095503262,0.9924075891478571,0.9786873174510203,0.9991642966742879,1.0,1.0,1.0,0.6824375,0.61475,0.8216875,19.4,8.7,30.02,0.5832028759306864,-1.3148877145552027,4.521744654445171
dense,B3/S245678,0.95,2,0.4975567052980132,0.49663120860927157,0.49838948675496686,0.48674999999999996,0.47393749999999996,0.5028125,0.75028875,0.7468629166666667,0.7577495833333333,0.0026729043220630293,-0.0004689133844546626,0.006001601167653968,0.9906869052384264,0.9703300330250461,0.9991340333550364,1.0,1.0,1.0,0.697125,0.6244375,0.853875,20.139999999999997,10.0,28.96,0.5203561315151931,-1.2899998121911675,4.515391215287626
dense,B3/S245678,0.96,2,0.49691804635761583,0.4962255794701987,0.4973551324503311,0.5004375000000001,0.4790625,0.5231874999999999,0.7589733333333333,0.7533070833333334,0.7716270833333333,0.0022405563785287052,-0.0010844153014994513,0.00539426847333535,0.9862561122019727,0.953115210319841,0.9990987898758532,1.0,1.0,1.0,0.7079375,0.629875,0.875375,20.160000000000004,8.7,29.5,0.537596723012646,-1.2493458301130989,4.471505607582464
dense,B3/S245678,0.97,2,0.49668543046357605,0.4958956953642385,0.49754552980132444,0.489375,0.46881249999999997,0.511,0.7711595833333333,0.7612645833333334,0.7895241666666667,0.00048757188915960707,-0.002833641948414776,0.0035113606657367355,0.9761747689663647,0.92070764139652,0.998743029812071,1.0,1.0,1.0,0.7238750000000002,0.63625,0.9028125,21.04,11.6,28.92,0.46592126364055375,-1.2149313777476094,4.459659247035389
dense,B3/S245678,0.98,2,0.4965103476821192,0.49485057947019867,0.4994217715231788,0.48931249999999993,0.46018749999999997,0.5133125,0.7926049999999999,0.7717791666666666,0.8461683333333332,-0.0006880446148489173,-0.006074503311259259,0.0033041238236315397,0.9487688970839541,0.809809346527956,0.9986895390209266,1.0,1.0,1.0,0.744,0.648,0.9268124999999999,20.419999999999998,9.959999999999999,31.4,0.427896997311711,-1.134346571740592,4.3947445208683025
dense,B3/S245678,0.99,2,0.49713286423841063,0.49474751655629146,0.5019093543046358,0.34375,0.0203125,0.49149999999999994,0.8510945833333332,0.7911504166666666,0.9723187500000001,0.00030134628790489835,-0.00221941443011534,0.004079285029626286,0.7814487878948453,0.1941635034154785,0.9973902792036774,1.0,1.0,1.0,0.7818125,0.6839375000000001,0.9829375,22.34,9.979999999999999,33.66,-0.11313506881752661,-0.9041413193800858,4.386139974879672
sparse,B568/S01238,0.0,0,0.20439942052980128,0.10118750000000004,0.2517309602649006,0.20306249999999998,0.10118750000000001,0.24875,0.007608333333333333,0.0,0.013715,-0.00743915562913926,-0.01804597638550046,-1.2342037293581925e-16,0.7146325168783092,0.4727483374486674,0.8121559594897184,1.0,1.0,1.0,1.0,1.0,1.0,117.4,105.76,128.39999999999998,-3.2126033174719906,1.0903586762862432,0.0
sparse,B568/S01238,0.01,0,0.2603836920529802,0.25210720198675496,0.2665914735099338,0.261375,0.2515,0.268375,0.037165416666666666,0.033576666666666664,0.040446249999999996,0.0163436084001393,-0.02084860796444789,0.07768025662251649,0.8253213469550736,0.8088705402549508,0.8348172439445763,1.0,1.0,1.0,0.9845,0.9805625,0.9904375,116.04,102.30000000000001,128.82000000000002,-2.6210495970240784,0.9744465359731366,0.6028029764755082
sparse,B568/S01238,0.02,0,0.2758509933774835,0.26877317880794704,0.2815136589403973,0.2759375,0.26925000000000004,0.2818125,0.06432083333333334,0.060888750000000005,0.06794541666666666,0.010944961223422561,-0.0205353999651448,0.049194340362495356,0.8481673756925711,0.8359415334811628,0.8558171060042092,1.0,1.0,1.0,0.9668125,0.9598125,0.981625,105.67999999999999,94.33999999999999,114.9,-2.4000611633063498,0.8256529763131173,0.8545723257246297
sparse,B568/S01238,0.03,0,0.2874801324503311,0.28215066225165564,0.29116556291390727,0.28687499999999994,0.27925,0.2981875,0.08884791666666667,0.08644208333333334,0.09237333333333332,0.0071557816312301115,-0.01525373605786015,0.03733302108748685,0.8640692924720776,0.854983972619612,0.8693925449128739,1.0,1.0,1.0,0.9505625,0.9398749999999999,0.9722500000000001,98.25999999999999,82.32000000000001,108.66,-2.2313036355718685,0.6989631953847004,1.0564750295995786
sparse,B568/S01238,0.04,0,0.29748551324503314,0.2951721854304636,0.3011713576158941,0.2923125000000001,0.2805,0.3059375,0.11152666666666666,0.10840208333333333,0.11460333333333333,0.006105873126524641,-0.010276849512025203,0.03334389159986018,0.8769013394168524,0.8723349008783319,0.8816285917458956,1.0,1.0,1.0,0.9359999999999999,0.9238124999999999,0.9621875,88.76,76.82000000000001,99.39999999999999,-2.0464297825111943,0.5947064843261176,1.2671352765343709
sparse,B568/S01238,0.05,0,0.3079689569536424,0.3049822019867549,0.3117280629139073,0.30575,0.2960625,0.3175625,0.13401375000000001,0.13100749999999997,0.1375025,0.008765347246427095,-0.005791946235622328,0.03208877222028579,0.8895518952782524,0.886054772083858,0.8944304022684925,1.0,1.0,1.0,0.9185625,0.8984375,0.9528125,83.22,77.0,89.0,-1.8585585270710054,0.5030490265622883,1.4759301877361688
sparse,B568/S01238,0.06,0,0.3168770695364238,0.31500082781456956,0.3191734271523179,0.3175625,0.309125,0.33225,0.15436916666666667,0.15139791666666666,0.15742583333333335,0.008318523440222846,-0.008796619031021415,0.02594303328685928,0.8997447239000109,0.8958515575581971,0.9022438897953694,1.0,1.0,1.0,0.903875,0.8794375,0.9378125,76.30000000000001,64.60000000000001,84.94,-1.6894112528033263,0.4140564127408038,1.6665829764960018
sparse,B568/S01238,0.07,0,0.3242777317880795,0.3218058774834437,0.32652110927152317,0.3178125,0.309125,0.326125,0.17341,0.17046916666666667,0.17576791666666666,0.005819166085743765,-0.00956580036598168,0.024552991024746996,0.9077876760541427,0.9048065739746576,0.9106287080977218,1.0,1.0,1.0,0.89125,0.8700625,0.92625,69.78,60.22,79.96,-1.5760166826509798,0.3174394009512287,1.8099226556566343
sparse,B568/S01238,0.08,0,0.33199668874172183,0.32977442052980127,0.33406539735099333,0.328875,0.31975000000000003,0.34125,0.19202208333333337,0.189285,0.19476333333333332,0.005030672708260506,-0.00834610273614523,0.018447575374694627,0.9157855143718046,0.9117776959029968,0.9185390465715959,1.0,1.0,1.0,0.8748124999999998,0.8498749999999999,0.917125,65.28,53.56,73.38,-1.4420394811469863,0.22506553443318547,1.9706923960476055
sparse,B568/S01238,0.09,0,0.33926448675496684,0.3362193708609271,0.3424474337748344,0.33593749999999994,0.321875,0.3471875,0.20983916666666666,0.20516500000000001,0.21547249999999998,0.005402568403624658,-0.0026954840536776922,0.021862539212269008,0.922915673018936,0.918288516943472,0.9266767899355305,1.0,1.0,1.0,0.8612500000000001,0.8326875,0.9107500000000001,62.120000000000005,51.26,69.89999999999999,-1.3324073319447602,0.14625814506106194,2.1039160527579
sparse,B568/S01238,0.1,0,0.34628311258278144,0.34373096026490063,0.348899834437086,0.34743749999999995,0.33418749999999997,0.366625,0.22689666666666666,0.22412166666666666,0.2297491666666667,0.005621111449982282,-0.0051706931857794436,0.017709142994074306,0.9295193653504417,0.9255110192665454,0.9326099913758343,1.0,1.0,1.0,0.85075,0.819,0.90075,59.879999999999995,46.06,68.42,-1.2284377813294154,0.08343416022942687,2.2250415402531716
sparse,B568/S01238,0.11,0,0.3533977649006622,0.3503472682119205,0.355971440397351,0.363875,0.3555625,0.3753125,0.2434404166666667,0.23992791666666663,0.24639458333333333,0.0064850230916693495,-0.005125958522133246,0.017032241199023867,0.9358624559629526,0.9314298425689892,0.9385241929559693,1.0,1.0,1.0,0.8386875,0.80125,0.89,53.67999999999999,42.22,62.56,-1.0614386131833484,0.02671942679262768,2.3997579123821184
sparse,B568/S01238,0.12,0,0.359141142384106,0.3561668046357616,0.36262375827814575,0.3618125,0.3509375,0.373625,0.2581925,0.25452875,0.2622183333333334,0.0069404735970718485,-0.0047347181073549,0.020502690397350688,0.9407320754192032,0.9378804000503462,0.9439323646987197,1.0,1.0,1.0,0.827125,0.7848125,0.877625,51.21999999999999,38.56,60.18,-0.9927570008740835,-0.04473183782841131,2.4932204364127863
sparse,B568/S01238,0.13,0,0.36435885761589404,0.3608058774834437,0.3680935430463576,0.37437499999999996,0.36081250000000004,0.38443750000000004,0.2722454166666667,0.2689741666666666,0.2771533333333333,0.0061708347856393505,-0.007268451551063557,0.0194750021784593,0.9450254221772116,0.9413869581501794,0.9485762042432055,1.0,1.0,1.0,0.8145,0.77025,0.8685625,48.239999999999995,35.36,57.64,-0.8895793559208602,-0.10943667263957176,2.614564821388968
sparse,B568/S01238,0.14,0,0.3691291390728476,0.36702897350993374,0.370891142384106,0.3698125,0.359625,0.379125,0.28444166666666665,0.2822716666666667,0.2867341666666666,0.004305703206691971,-0.00774180899268051,0.023384334698500958,0.948805773622319,0.9463815361362474,0.9507237204744623,1.0,1.0,1.0,0.8076874999999999,0.7643125000000001,0.86,48.3,37.580000000000005,53.82,-0.8811978675907622,-0.17226246851774363,2.6513512643635178
sparse,B568/S01238,0.15,0,0.37587706953642386,0.37382657284768217,0.3776970198675496,0.3800625,0.3694375,0.3931875,0.2992241666666667,0.29364583333333333,0.3017841666666667,0.005333685517601721,-0.003628605350296683,0.021231352387591343,0.9538346581023369,0.9512990105171827,0.9556204377456091,1.0,1.0,1.0,0.796,0.7523124999999999,0.8495625,43.67999999999999,32.980000000000004,56.12,-0.750363085181734,-0.2280153724021467,2.792979966588338
sparse,B568/S01238,0.16,0,0.38010389072847683,0.3776187913907284,0.382117963576159,0.37975000000000003,0.361875,0.3955625,0.31093625,0.307135,0.3142683333333333,0.004198588358312802,-0.008022830254444288,0.01795189961659119,0.9568954310200974,0.9533950424832928,0.958976802796102,1.0,1.0,1.0,0.7865624999999999,0.74025,0.8416250000000001,40.82,34.260000000000005,48.76,-0.6926451044520606,-0.2892268170472581,2.872881050232125
sparse,B568/S01238,0.17,0,0.38531788079470203,0.382948261589404,0.3883100165562914,0.39262500000000006,0.381375,0.404375,0.32317375000000004,0.32016875,0.3267216666666667,0.006255467933077357,-0.005237550104566503,0.019841342802369603,0.9604856443320171,0.9573554823080683,0.9629551058464186,1.0,1.0,1.0,0.7762499999999999,0.7269375,0.8310624999999999,39.0,28.86,48.6,-0.589150731446591,-0.3286588810108772,2.9826354619766797
sparse,B568/S01238,0.18,0,0.38975455298013245,0.3868153973509934,0.39223013245033106,0.392,0.37250000000000005,0.40981249999999997,0.3346329166666666,0.33143874999999995,0.33922,0.005416488759149082,-0.002580232659463692,0.012458783548274262,0.9633945441843809,0.9595790722577787,0.9656189643848644,1.0,1.0,1.0,0.764125,0.7133125,0.8192499999999999,38.300000000000004,28.18,46.7,-0.5510427948273159,-0.39868618301251907,3.0497801574383465
sparse,B568/S01238,0.19,0,0.3946891556291391,0.3931324503311258,0.396615894039735,0.39193750000000005,0.3744375,0.40531249999999996,0.34547916666666667,0.34345375000000006,0.34840583333333336,0.003954491983269163,-0.005504356918787059,0.017937783199720954,0.966516110044721,0.964465748599851,0.9683692107528716,1.0,1.0,1.0,0.7540625000000001,0.7063124999999999,0.8106875,35.260000000000005,24.74,46.099999999999994,-0.49039269953578535,-0.46089816322335736,3.1331818380888667
sparse,B568/S01238,0.2,0,0.3987876655629139,0.39615894039735106,0.40162748344370863,0.4029375,0.38275,0.419125,0.3557966666666667,0.3521191666666667,0.3589133333333333,0.006571453468106994,-0.0030918220634371216,0.016283744336005518,0.9690027035262325,0.9667836615954942,0.9714057943125808,1.0,1.0,1.0,0.740875,0.6803125,0.7976875,34.12,19.96,42.58,-0.3972140179125039,-0.505426834701196,3.2361934900669183
sparse,B568/S01238,0.21,0,0.40325579470198675,0.40120074503311254,0.4056403145695364,0.40549999999999997,0.3968125,0.417375,0.3656379166666667,0.3630729166666667,0.3684295833333333,0.005379073719065512,-0.003667588881143997,0.015407970982920842,0.9715638397785284,0.9694719851227324,0.9737277038142831,1.0,1.0,1.0,0.7328125,0.6805625000000001,0.7886875,33.160000000000004,22.04,42.82,-0.3567141376689887,-0.5556487325573916,3.296277202737051
sparse,B568/S01238,0.22,0,0.4074217715231788,0.4054370860927152,0.41034064569536427,0.41212499999999996,0.403125,0.41975,0.37524375,0.37262874999999995,0.37843625,0.006622200679678972,0.00030098684210442254,0.012598705995119934,0.9738342574648335,0.971009116119352,0.9761402986743405,1.0,1.0,1.0,0.7245625,0.6710625,0.7806875,33.13999999999999,21.099999999999998,42.12,-0.30257307026757696,-0.5917545381393048,3.3612171762309004
sparse,B568/S01238,0.23,0,0.4109780629139072,0.4091001655629139,0.41272144039735104,0.41331249999999997,0.40025,0.422875,0.38362833333333335,0.38045083333333335,0.3859333333333333,0.006276381143255188,-0.001620937173231373,0.01542953773091636,0.9756973409938297,0.9732933615772559,0.9771926771938128,1.0,1.0,1.0,0.7168125,0.6610625,0.76925,32.279999999999994,20.18,40.46,-0.26580233751779847,-0.6351951879651669,3.4148458462852993
sparse,B568/S01238,0.24,0,0.4151150662251656,0.4138038079470198,0.416914321192053,0.41537500000000005,0.3995,0.42962500000000003,0.3927954166666667,0.3903645833333333,0.3946958333333333,0.00693367680376406,-0.0045887504356922825,0.01520246601603284,0.9778042586347896,0.9755899339754357,0.9791922879734297,1.0,1.0,1.0,0.7065625,0.6530625,0.753375,29.7,18.48,37.879999999999995,-0.19572187798779148,-0.6824754970197564,3.499216287391481
sparse,B568/S01238,0.25,0,0.4191100993377483,0.41630794701986756,0.422505380794702,0.4168125,0.39775,0.43624999999999997,0.40088583333333333,0.3977016666666667,0.40545333333333333,0.007967933077727194,-0.00283089708957881,0.01901262417218534,0.9797447035579732,0.9768831311839778,0.9820511990853704,1.0,1.0,1.0,0.69825,0.6414375000000001,0.7436875000000001,29.579999999999995,19.02,37.94,-0.15641592677692126,-0.7211020210481585,3.552699146428075
sparse,B568/S01238,0.26,0,0.4223141556291391,0.42015107615894043,0.4242346854304635,0.42781250000000004,0.41525,0.439,0.4078866666666666,0.40565,0.41070083333333335,0.008934580864412341,-0.0033470285813878976,0.019502842889508282,0.9812304874132357,0.9792072478044652,0.982739490261239,1.0,1.0,1.0,0.6873750000000001,0.6316250000000001,0.7355,27.72,17.74,35.44,-0.07342396535191512,-0.7568683720264662,3.6423474261518627
sparse,B568/S01238,0.27,0,0.4258882450331126,0.4239358443708609,0.42743253311258284,0.4295625,0.4145,0.4431875,0.41627666666666663,0.41370166666666663,0.41827583333333335,0.006660301934471613,-0.0027790061868248417,0.017042861188567234,0.9828064446264648,0.9805681740798103,0.9843170892315128,1.0,1.0,1.0,0.6760625,0.6212500000000001,0.725125,27.119999999999997,17.28,36.1,-0.045537319091152294,-0.8205425053579651,3.6988985339029306
sparse,B568/S01238,0.28,0,0.430283940397351,0.4284379139072847,0.4316403145695364,0.4288125,0.4185,0.44475000000000003,0.423395,0.4201625,0.42515916666666664,0.007319721592889304,-0.0008596309689786816,0.015396893516904334,0.98458334538148,0.9825461835664464,0.985959405488385,1.0,1.0,1.0,0.6696875,0.619125,0.7153125,25.76,14.4,34.86,-0.0022046883772955344,-0.852600729958201,3.752565870442098
sparse,B568/S01238,0.29,0,0.4338919701986755,0.4327057119205298,0.43579677152317875,0.43375,0.415875,0.44668749999999996,0.4305929166666667,0.4290858333333333,0.43215583333333324,0.0058008343499474325,-0.0034360731090976025,0.016704426629487526,0.9860068128226034,0.9837646469528207,0.9874835848300075,1.0,1.0,1.0,0.662125,0.6126874999999999,0.7071875,26.2,15.2,37.300000000000004,0.02099906590941288,-0.8946759203789343,3.7942781558245797
sparse,B568/S01238,0.3,0,0.4368621688741722,0.4341047185430464,0.43868584437086094,0.4420625,0.427875,0.45399999999999996,0.43690666666666667,0.434905,0.43858958333333337,0.009233084262808973,0.0034194732485182777,0.016601951899616354,0.9871101284588388,0.9844316798957184,0.9885685234354608,1.0,1.0,1.0,0.6549999999999999,0.6054375000000001,0.6931249999999999,25.499999999999996,15.74,35.0,0.09292980978733827,-0.9075875896052614,3.862426508918797
sparse,B568/S01238,0.31,0,0.4405140728476821,0.43919370860927154,0.44249544701986754,0.43843750000000004,0.42225,0.4498125,0.4423041666666666,0.440575,0.44386166666666665,0.006762547926106416,-0.000653537818054966,0.015492375392122294,0.9883638111030721,0.9862023804124831,0.9897918299577588,1.0,1.0,1.0,0.6461875,0.5930625,0.6828125,26.159999999999997,16.88,34.56,0.08667294452296836,-0.962594048093274,3.885851096156505
sparse,B568/S01238,0.32,0,0.4428621688741721,0.44083692052980133,0.4447711092715231,0.4443125,0.43075,0.462375,0.4473783333333333,0.4458845833333333,0.4493395833333333,0.005362114412687036,-0.00010528494248909196,0.01220321758452379,0.9891662849709475,0.9868265077604351,0.9906213464255562,1.0,1.0,1.0,0.637625,0.58825,0.6718749999999999,24.12,13.94,34.72,0.13717576162579065,-1.00122139474417,3.9491425743182234
sparse,B568/S01238,0.33,0,0.44682408940397345,0.44518708609271523,0.4491332781456954,0.44000000000000006,0.4310625,0.45325,0.45370708333333337,0.4520775,0.4557320833333333,0.0064479021436037575,-0.0013815789473685797,0.014886121035203748,0.9904168670024603,0.9881914204933384,0.9920163036356269,1.0,1.0,1.0,0.63075,0.5855,0.66425,24.14,13.06,31.979999999999997,0.15706565415378015,-1.035221986770416,3.9840635202639363
sparse,B568/S01238,0.34,0,0.4504801324503311,0.44928766556291394,0.45265231788079463,0.45568749999999997,0.44643750000000004,0.468625,0.4585816666666666,0.45719791666666676,0.45992999999999995,0.006748725601254585,-0.00235636327988888,0.01634213794004891,0.9915089418478766,0.9894683435039813,0.9929982916811939,1.0,1.0,1.0,0.6228125,0.5829375,0.6549375,24.380000000000003,13.680000000000001,32.06,0.21990723809876062,-1.055112865536395,4.047860774640777
sparse,B568/S01238,0.35,0,0.4539681291390728,0.4519155629139073,0.45582615894039735,0.4579999999999999,0.451625,0.4649375,0.46343958333333335,0.4622120833333333,0.46574541666666663,0.006668732572324518,0.0004643386197277194,0.014203631491808847,0.9924451916808025,0.9900597346385903,0.9937367424533656,1.0,1.0,1.0,0.6133125,0.5706875,0.645,23.299999999999997,11.92,33.5,0.26290130907925485,-1.0937265991239258,4.1047973030885005
sparse,B568/S01238,0.36,0,0.4564288079470199,0.4530745033112583,0.4585666390728477,0.45531249999999995,0.4411875,0.47012499999999996,0.46751250000000005,0.46524791666666665,0.46867708333333336,0.006695102823282932,-0.0017508931683519133,0.016991983269431726,0.9930810515027451,0.9908743983945617,0.9945752077672826,1.0,1.0,1.0,0.607,0.569,0.63675,22.759999999999998,11.959999999999999,31.82,0.2801347957413649,-1.1245987334932483,4.135850076420839
sparse,B568/S01238,0.37,0,0.45987872516556294,0.4575389072847682,0.46182657284768214,0.4578125,0.44343750000000004,0.4695,0.4716175000000001,0.4699541666666667,0.4732058333333334,0.0045567597594978,-0.002996046096201274,0.012895052718717402,0.9938899468991517,0.9913809821362735,0.9952684945989494,1.0,1.0,1.0,0.6007499999999999,0.5655625000000001,0.6320625,22.48,8.96,33.26,0.2970432611255194,-1.159553819846744,4.168899776549753
sparse,B568/S01238,0.38,0,0.46293336092715237,0.4616990894039736,0.4646150662251656,0.46275000000000005,0.452625,0.4741875,0.4759154166666667,0.4743625,0.4775020833333333,0.005348814918089545,-0.0030711702683867987,0.013525128529104001,0.9945685143661281,0.9924010164512428,0.9958521410833303,1.0,1.0,1.0,0.5910624999999999,0.55475,0.618625,22.04,10.379999999999999,30.619999999999997,0.3433293939460074,-1.1917562535627444,4.225246265150968
sparse,B568/S01238,0.39,0,0.46571357615894043,0.46411258278145706,0.46739072847682117,0.473625,0.463625,0.4888125,0.47895208333333333,0.47755791666666675,0.480135,0.007899507668176667,-0.0020255097594987954,0.015094991721853999,0.9951141617858154,0.9928269313301552,0.9964410521788437,1.0,1.0,1.0,0.585375,0.558625,0.6114999999999999,22.1,7.76,30.819999999999997,0.40297937698583175,-1.1943317708585586,4.276943845754536
sparse,B568/S01238,0.4,0,0.4698100165562914,0.4684764072847682,0.4711995033112583,0.46975000000000006,0.45987500000000003,0.48081250000000003,0.48326708333333335,0.4814825,0.48495416666666685,0.005570756361101005,-0.0020256404670622617,0.012394769518995909,0.9958398105662543,0.9936747764844336,0.9970202393569734,1.0,1.0,1.0,0.5783125000000001,0.5537500000000001,0.5975,20.96,10.1,31.02,0.4151461760034782,-1.2379578050593696,4.310640790499382
sparse,B568/S01238,0.41,0,0.47207160596026493,0.47075000000000006,0.47518791390728476,0.474125,0.45975,0.48274999999999996,0.48591291666666664,0.4852175000000001,0.48672791666666654,0.0070108922969672385,0.00013848466364573117,0.01326691573719042,0.9962351760260313,0.9940696296205642,0.9976434721919804,1.0,1.0,1.0,0.5710624999999999,0.5471875,0.589125,20.0,8.680000000000001,28.62,0.46334327525706254,-1.2559389235145066,4.360928316244959
sparse,B568/S01238,0.42,0,0.4743729304635761,0.4724958609271524,0.47589942052980133,0.473625,0.45668749999999997,0.48912500000000003,0.4885454166666666,0.4877891666666667,0.48913500000000004,0.006333794440571389,-0.0033308535203908684,0.012694514639246706,0.9965755756937353,0.9945927908204761,0.9979201384774237,1.0,1.0,1.0,0.5659375,0.550875,0.5799375,20.54,9.120000000000001,29.54,0.46652098668935005,-1.2811718585048832,4.377226601732809
sparse,B568/S01238,0.43,0,0.4779122516556291,0.476682119205298,0.4802239238410596,0.476875,0.4636875,0.48418750000000005,0.4912329166666667,0.4900629166666667,0.49255166666666667,0.00675464011850785,0.0014665715406061062,0.011553306901359141,0.9970606702893534,0.9949126613128649,0.9984478119925128,1.0,1.0,1.0,0.5583125,0.5469375,0.5710624999999999,20.580000000000002,8.44,29.54,0.4983353739146872,-1.3055841400927402,4.4171945792084735
sparse,B568/S01238,0.44,0,0.48141349337748346,0.479469784768212,0.48372599337748345,0.48462500000000003,0.4764375,0.49524999999999997,0.4929354166666666,0.49116625,0.49450916666666667,0.00706967802370137,-0.002285389072848015,0.01255835003485489,0.9974165983455991,0.9952578386962201,0.9986933798987659,1.0,1.0,1.0,0.5519375,0.5446875,0.5613124999999999,20.619999999999997,9.48,28.439999999999998,0.5384839829184918,-1.319714126482565,4.458599202641639
sparse,B568/S01238,0.45,0,0.4843207781456954,0.48354056291390735,0.4856796357615894,0.481625,0.471875,0.4928125,0.49476624999999996,0.49296124999999996,0.49673083333333334,0.00793476603346083,0.0005237452073892404,0.018764018386196915,0.9977175552466055,0.995509870513857,0.9990206930817984,1.0,1.0,1.0,0.5456249999999999,0.540625,0.5583125,19.96,9.34,28.279999999999998,0.5610350713317623,-1.3415603383585122,4.489384900322549
sparse,B568/S01238,0.46,0,0.4869598509933775,0.4858712748344371,0.4881328642384106,0.4836875,0.468125,0.495375,0.49649166666666666,0.4952170833333333,0.4973874999999999,0.006127243813174921,-0.00259088532589776,0.014772960962007121,0.9978960133415414,0.9956746728794628,0.9991022120656696,1.0,1.0,1.0,0.5449375,0.5393749999999999,0.5501875,19.900000000000002,7.88,28.78,0.5650093421320563,-1.3509155802739492,4.497796949812684
sparse,B568/S01238,0.47,0,0.4898650662251656,0.4885211092715232,0.4911175496688741,0.48968750000000005,0.475875,0.509625,0.4974091666666666,0.49697916666666664,0.49834875,0.0071359140815610775,0.0014209219240147888,0.013492778407110051,0.9981039225333316,0.9958637427919302,0.9992417449312788,1.0,1.0,1.0,0.5429375000000001,0.54,0.546375,19.26,8.459999999999999,27.259999999999998,0.6047705674032814,-1.3465189720916613,4.5288758042246595
sparse,B568/S01238,0.48,0,0.4929503311258278,0.49180960264900664,0.495355546357616,0.49643750000000003,0.48350000000000004,0.5085624999999999,0.4985516666666667,0.4973095833333333,0.49976541666666663,0.007148756099686035,0.0007307533112579135,0.014328685953293317,0.9982322913985058,0.995935115081917,0.9994921037260859,1.0,1.0,1.0,0.5434374999999999,0.5374375,0.5509375,18.6,6.7,27.84,0.6378363063020871,-1.3370853340148654,4.551743591139135
sparse,B568/S01238,0.49,0,0.4957052980132451,0.4942810430463576,0.49724337748344377,0.49743750000000003,0.4861875,0.51125,0.49947083333333336,0.4984358333333334,0.5003629166666668,0.009554200069710504,0.0014756883931679645,0.018639780846984862,0.99828409142191,0.9960436785260882,0.9994481349201545,1.0,1.0,1.0,0.5420625000000001,0.5379375,0.5470625,18.78,7.76,27.88,0.6628676905387533,-1.329296067243377,4.568807788889482
sparse,B568/S01238,0.5,0,0.49886920529801326,0.49789735099337745,0.5003480960264901,0.496125,0.4816875,0.513375,0.4994370833333333,0.49863833333333324,0.5005583333333333,0.00838904017079071,0.001968553938654273,0.013380206517950056,0.9983291806409887,0.9961028284437476,0.9995976067558329,1.0,1.0,1.0,0.5411874999999999,0.537875,0.5456875,18.279999999999998,5.54,26.679999999999996,0.6677243416609938,-1.3350846457562107,4.575993668119833
sparse,B568/S01238,0.51,0,0.5021684602649007,0.5010860927152319,0.5029826158940398,0.5006875000000001,0.4893125,0.5165625,0.5006516666666666,0.4996366666666666,0.5018845833333333,0.008305485360752565,-0.002829688044615372,0.014106090972464319,0.9982281201575148,0.9959916854960668,0.999498191992968,1.0,1.0,1.0,0.5403125000000001,0.5361875,0.5457500000000001,17.84,5.54,25.58,0.6943850021602952,-1.3325649967133169,4.597294514703707
sparse,B568/S01238,0.52,0,0.5046345198675496,0.5037003311258278,0.5055716059602648,0.50275,0.49,0.5131875,0.49991874999999997,0.4990716666666666,0.5009479166666666,0.00847141861275661,-0.0006242920006977435,0.015883092976646467,0.9981871394732339,0.9959777686225351,0.9994302921493673,1.0,1.0,1.0,0.543125,0.5389375,0.5485625,18.9,8.58,27.479999999999997,0.6911396163765042,-1.3164471908247721,4.586057498062149
sparse,B568/S01238,0.53,0,0.5079395695364238,0.5066850165562914,0.5092528973509934,0.5090000000000001,0.4914375,0.5195625,0.4997845833333332,0.4986770833333334,0.5006029166666666,0.007089284158242858,-0.0014013157894742266,0.015701964970372632,0.9980642533872425,0.9958375533801129,0.9993224734719715,1.0,1.0,1.0,0.5425,0.5374375,0.5465625,18.360000000000003,6.7,27.34,0.7141295578587838,-1.3145317372953413,4.604642111558737
sparse,B568/S01238,0.54,0,0.5116129966887417,0.5100269039735099,0.513112582781457,0.509625,0.4891875,0.52075,0.49911958333333334,0.4980320833333333,0.5000708333333334,0.007299657981874817,-0.00014044527710051192,0.013681258713837095,0.9978202858334895,0.9955806654508931,0.9989830525742225,1.0,1.0,1.0,0.5425,0.5360625,0.5501250000000001,17.7,6.5,26.98,0.7337524747699983,-1.3068187442932806,4.617378436374714
sparse,B568/S01238,0.55,0,0.5146970198675497,0.5134780629139073,0.5158489238410596,0.51875,0.4974375,0.5304375,0.49904625,0.49797125000000003,0.5003095833333333,0.008254280672707885,-0.0015184951202511846,0.01579522481700894,0.9975671580194156,0.995324964134728,0.9989313633427814,1.0,1.0,1.0,0.5411249999999999,0.5371875,0.545125,17.54,6.66,26.22,0.7743651320397696,-1.2947839329920958,4.6459469092960255
sparse,B568/S01238,0.56,0,0.5174507450331126,0.5164403973509933,0.5193621688741723,0.520375,0.504375,0.53325,0.4973179166666667,0.49643333333333334,0.49870458333333334,0.006150182990588749,-0.0010694819623565264,0.0150690135935863,0.9972817650635285,0.9950547004287096,0.9984634535385997,1.0,1.0,1.0,0.5414375,0.5373749999999999,0.5449375000000001,17.759999999999998,6.78,25.78,0.7688413354357491,-1.2947627222258897,4.641196570907992
sparse,B568/S01238,0.57,0,0.5204701986754967,0.519998344370861,0.5213224337748346,0.5165,0.5061875,0.5256249999999999,0.4953170833333333,0.4946125,0.4963245833333334,0.006717813262460311,-0.0021085417392824094,0.014406816399442371,0.996923505767081,0.9945491251629187,0.998206686610694,1.0,1.0,1.0,0.5475000000000001,0.539875,0.5549999999999999,17.919999999999998,6.74,25.54,0.7594317944442018,-1.2666454435580472,4.61871533559474
sparse,B568/S01238,0.58,0,0.5238075331125828,0.5218311258278147,0.5255132450331125,0.525,0.509625,0.5450625,0.49427291666666673,0.49334249999999996,0.4950829166666667,0.010172185430463169,0.0036481134541647207,0.017917719588706315,0.9964351894878654,0.9944597972545413,0.997467337090265,1.0,1.0,1.0,0.544375,0.538375,0.5478125,17.7,6.54,27.5,0.8166662194200421,-1.2475699890451137,4.658424996187466
sparse,B568/S01238,0.59,0,0.5270869205298012,0.5251647350993377,0.5288166390728477,0.52775,0.5173749999999999,0.537625,0.49203875,0.49030875000000007,0.49312041666666656,0.007055300191704038,0.0034938131753218357,0.01228595547228956,0.9959506092179271,0.9940264990316406,0.9971526293367285,1.0,1.0,1.0,0.5455,0.540375,0.5488125,16.880000000000003,4.7,24.88,0.8194336090209713,-1.2455234873942884,4.659792619763636
sparse,B568/S01238,0.6,0,0.5303692052980132,0.5295380794701987,0.5321415562913907,0.531125,0.514875,0.542,0.48972541666666675,0.4891970833333334,0.4904095833333333,0.007211266991982951,0.0005539386545831182,0.01828928851516197,0.9953704935346748,0.993018805988709,0.9968147665397995,1.0,1.0,1.0,0.546625,0.5436875,0.5484375,17.119999999999997,5.32,26.419999999999998,0.8317436796459746,-1.2286258676926425,4.662020157432833
sparse,B568/S01238,0.61,0,0.5338712748344372,0.5326510761589404,0.5354470198675496,0.5327500000000001,0.5215,0.5451875,0.4872470833333334,0.48629375,0.4879037500000001,0.006521980655280146,0.0016394976472635932,0.012175768996165764,0.9947166097274499,0.9925393762844553,0.9959535738179521,1.0,1.0,1.0,0.5497500000000001,0.544375,0.5581875,16.76,6.0200000000000005,26.22,0.83904473643104,-1.208972426106219,4.658623774370017
sparse,B568/S01238,0.62,0,0.5375517384105961,0.5362185430463577,0.5393286423841058,0.5409375,0.519875,0.5556875,0.4837008333333334,0.4829158333333333,0.48497749999999995,0.009296346723596641,0.0034955777274309555,0.014471810735447555,0.993877047265381,0.9914979329684188,0.9951399863068444,1.0,1.0,1.0,0.553,0.5485625000000001,0.561875,16.360000000000003,5.0200000000000005,24.88,0.8841982994747376,-1.164640098117605,4.676409195224492
sparse,B568/S01238,0.63,0,0.540905215231788,0.5401792218543047,0.541851821192053,0.54325,0.5338750000000001,0.5496249999999999,0.48091125,0.47913166666666673,0.4826170833333335,0.006792872080863985,0.00024638375740639826,0.014758256361101063,0.9930815906706913,0.9904989892131224,0.9945852532075085,1.0,1.0,1.0,0.557375,0.5497500000000001,0.5656249999999999,16.020000000000003,4.16,23.8,0.879557690389043,-1.1472934776432413,4.663997092220737
sparse,B568/S01238,0.64,0,0.5448149834437086,0.5435157284768212,0.5470525662251655,0.546625,0.5348125,0.56375,0.47721624999999995,0.47594958333333326,0.4781808333333333,0.009286118856744182,0.0017772960962003576,0.01632952466016035,0.9920531994977809,0.9898684042767821,0.9932253250069447,1.0,1.0,1.0,0.5625625000000001,0.556125,0.5676875,16.14,3.6,24.459999999999997,0.9027535170449371,-1.1012714602818428,4.662553434644866
sparse,B568/S01238,0.65,0,0.5481113410596027,0.5471014072847683,0.5491208609271523,0.5521875,0.544,0.5609375,0.4737941666666667,0.47211374999999994,0.4751941666666667,0.010029877570581738,0.005293754356918264,0.013010500174276537,0.991146714356771,0.9883604776826135,0.9927255325245719,1.0,1.0,1.0,0.5685,0.5607500000000001,0.575875,16.1,4.92,24.52,0.9202081849110976,-1.0596913037723745,4.658631325934691
sparse,B568/S01238,0.66,0,0.5518261589403973,0.5506237582781458,0.553296357615894,0.5440625000000001,0.5216875,0.562125,0.46968250000000006,0.46845166666666677,0.4709095833333334,0.00823323675496654,0.0038772111362841135,0.014844392645520545,0.9900352347465997,0.9876211513956381,0.9913299682365335,1.0,1.0,1.0,0.5706249999999999,0.562875,0.577375,15.680000000000001,4.68,23.96,0.8972313634678167,-1.0532638129044278,4.635284077682792
sparse,B568/S01238,0.67,0,0.5560951986754967,0.5548348509933775,0.5574350165562914,0.55675,0.5425625,0.5673750000000001,0.46479791666666664,0.46334749999999997,0.4671195833333333,0.009275498867200676,0.0015800257058201327,0.01781478738236263,0.9886279719967085,0.9857202973192318,0.9902995788055554,1.0,1.0,1.0,0.5755625,0.5675,0.5812499999999999,16.16,4.84,24.56,0.931328781510342,-1.0026492612479172,4.642505300757031
sparse,B568/S01238,0.68,0,0.5597992549668874,0.5588592715231789,0.5606862582781457,0.5596249999999999,0.5378125,0.5745625,0.4600270833333333,0.4566995833333334,0.46226625,0.009620468804460953,0.004518102997559439,0.012662393255489231,0.9873724353172333,0.9848112839807182,0.9887568774043985,1.0,1.0,1.0,0.5807499999999999,0.572875,0.5864999999999999,15.819999999999999,4.0600000000000005,24.38,0.9439142522714699,-0.9640574647793834,4.63651420662733
sparse,B568/S01238,0.69,0,0.5635405629139072,0.561887417218543,0.5653932119205298,0.569625,0.5596875,0.5805,0.45450125,0.4525795833333334,0.4568941666666667,0.010318283809689473,0.005551640379923085,0.01373249607877282,0.9859862881221918,0.9836766369341975,0.9870703618826699,1.0,1.0,1.0,0.586,0.5785,0.5944375,15.680000000000001,3.7199999999999998,24.76,0.9739201418991696,-0.9153696308516672,4.642189646914414
sparse,B568/S01238,0.7,0,0.5682280629139073,0.5668141556291391,0.5696399006622517,0.5684375,0.5604375,0.581,0.44862416666666666,0.44755625000000004,0.4496358333333333,0.007763212356221289,0.0028066508365282594,0.014022046009061734,0.9841071259718086,0.9819624568113131,0.985353370464086,1.0,1.0,1.0,0.594625,0.5862499999999999,0.6016875,15.620000000000001,4.4799999999999995,23.98,0.9522458240246551,-0.8770459460136101,4.606153418989882
sparse,B568/S01238,0.71,0,0.5724519867549669,0.5696117549668874,0.5748240894039737,0.5738749999999999,0.5650000000000001,0.5815625,0.4424604166666667,0.4407524999999999,0.44537708333333326,0.009135674451027703,0.003166684820494671,0.014386948849772907,0.9823394993056735,0.9805366682238325,0.9839423228546577,1.0,1.0,1.0,0.60075,0.5945,0.605125,15.5,3.86,24.2,0.9740613912381942,-0.8239998440532934,4.603577948460949
sparse,B568/S01238,0.72,0,0.5765778145695364,0.574607201986755,0.5781903973509934,0.578375,0.5526875,0.60025,0.4366670833333334,0.4351445833333334,0.43829125,0.007846963227605006,0.00010753964796042878,0.014099261502265288,0.9804805394827708,0.9789046562178164,0.9821545776932219,1.0,1.0,1.0,0.612125,0.604,0.6198125,15.719999999999999,3.58,24.16,0.9663603107658653,-0.7659819913572495,4.57271666304419
sparse,B568/S01238,0.73,0,0.5815612582781456,0.5801779801324504,0.5832226821192052,0.5823749999999999,0.574,0.59275,0.43038625,0.42892625000000006,0.4327716666666666,0.009199165650051888,0.004956136720111096,0.012797544876263296,0.9781426716128955,0.9760125891328436,0.9798058317122966,1.0,1.0,1.0,0.619875,0.6101875,0.6305000000000001,15.459999999999999,4.140000000000001,23.92,0.985359465289885,-0.7063204916833934,4.566283779844381
sparse,B568/S01238,0.74,0,0.5871837748344371,0.5855947847682119,0.5886254139072847,0.592875,0.572875,0.605375,0.4219495833333333,0.4210541666666667,0.4233254166666667,0.009406337138375381,0.0017837661205989744,0.01379556247821495,0.975340026190058,0.9734644223315212,0.9770130780841331,1.0,1.0,1.0,0.626125,0.6154375,0.6421875,15.220000000000002,3.38,23.92,1.0156040896490814,-0.645188974438432,4.570543023052013
sparse,B568/S01238,0.75,0,0.5927317880794702,0.5904904801324503,0.5938133278145695,0.593125,0.5811875000000001,0.6039375,0.41396125,0.41205833333333336,0.4167358333333333,0.009986809428371705,0.002061421662599678,0.017855960264900536,0.9723713069531523,0.9702088734505646,0.9743441083822144,1.0,1.0,1.0,0.6381875000000001,0.6190625,0.652,15.300000000000002,3.94,23.700000000000003,1.0108813268692087,-0.5722395754285459,4.5389487205289045
sparse,B568/S01238,0.76,0,0.5973195364238411,0.595532284768212,0.598607201986755,0.6004999999999999,0.5873125,0.613,0.4074045833333333,0.405645,0.4099683333333333,0.007448599250609473,0.0029096157197624627,0.013218848030672152,0.9697673081216616,0.9674099357833402,0.9714308444041455,1.0,1.0,1.0,0.6441874999999999,0.6311875,0.6625624999999999,15.179999999999996,3.56,23.18,1.0138255072295306,-0.5323903375609179,4.5272524749797
sparse,B568/S01238,0.77,0,0.601903559602649,0.6006278973509933,0.6030575331125828,0.6005,0.587375,0.6111249999999999,0.39977375000000004,0.3981104166666667,0.4018704166666667,0.010678056378528695,0.004532023353084414,0.01598890074938963,0.9669718394429087,0.9652460021975281,0.9686162681538778,1.0,1.0,1.0,0.6528125,0.638,0.6673125,15.079999999999998,3.8200000000000003,23.4,1.0289977350154116,-0.461998732959125,4.516745843469746
sparse,B568/S01238,0.78,0,0.6073518211920531,0.6054511589403974,0.6091908112582782,0.6111875,0.5975,0.6231875,0.391545,0.3904291666666666,0.39297625,0.010139606570233096,0.00047071061345389873,0.017685942401533348,0.9635701324705014,0.9610180153667629,0.965901299519674,1.0,1.0,1.0,0.6579375,0.64475,0.677625,14.98,3.56,23.36,1.0541711440154002,-0.4074484957184105,4.522033904086698
sparse,B568/S01238,0.79,0,0.6132102649006621,0.6118133278145695,0.6146287251655628,0.6151875,0.599125,0.6281874999999999,0.38234,0.3804279166666666,0.38534375000000004,0.01142782764029226,0.004724817009410525,0.017680975514116123,0.9597048600127916,0.9568841684314093,0.9612440495478081,1.0,1.0,1.0,0.668875,0.6540625,0.6855,15.100000000000003,2.98,23.38,1.0636652722196043,-0.32731988241761045,4.505139903154127
sparse,B568/S01238,0.8,0,0.6194896523178808,0.6174072847682119,0.6214979304635763,0.6230625,0.6062500000000001,0.6426875,0.3729766666666666,0.37003291666666666,0.37580916666666664,0.00913142645521035,0.0059471614674091325,0.012548481613802126,0.9553635037937014,0.9526234905460002,0.9572529839555074,1.0,1.0,1.0,0.6774375,0.6671874999999999,0.6926875,14.76,3.44,23.2,1.0699335070461757,-0.2659139401923292,4.492170640521548
sparse,B568/S01238,0.81,0,0.6251221026490066,0.6227847682119204,0.6277669701986754,0.625625,0.609875,0.6413125,0.36440791666666666,0.36187708333333335,0.3664041666666667,0.013734424015335936,0.009199623126524102,0.01833222594980766,0.9512082057402308,0.9492392799782406,0.9529685836018076,1.0,1.0,1.0,0.6878124999999999,0.6774375,0.7009375,14.98,3.2,23.0,1.095228389506838,-0.17529035905424775,4.489908851670649
sparse,B568/S01238,0.82,0,0.6306783940397351,0.6294159768211921,0.631925082781457,0.636875,0.622375,0.655625,0.35535625,0.3531033333333334,0.35754583333333334,0.01340255751132743,0.009620762896479047,0.018486330167305026,0.9469281312185787,0.9440771682169276,0.9496348006044721,1.0,1.0,1.0,0.692875,0.6853125,0.7038125,14.739999999999998,2.7399999999999998,23.16,1.1238193990572454,-0.11592279809870336,4.501075090672796
sparse,B568/S01238,0.83,0,0.6384544701986755,0.6372810430463577,0.6399362582781458,0.634,0.6225,0.6465,0.3449345833333334,0.34344750000000007,0.34712541666666663,0.012529104217496975,0.006921422969675149,0.017907720460090325,0.9406011763659505,0.9378232304743189,0.9431800923351465,1.0,1.0,1.0,0.7025625,0.694875,0.7116250000000001,14.66,2.78,22.78,1.1088806545404475,-0.046686135738005285,4.468567401853939
sparse,B568/S01238,0.84,0,0.6441262417218543,0.642739238410596,0.6456688741721853,0.6465,0.62975,0.6588125,0.3351862499999999,0.33270249999999996,0.33795291666666666,0.01299046924015292,0.008642547490414338,0.018236940135935624,0.935758437102671,0.9334380221375796,0.9378675269598329,1.0,1.0,1.0,0.710125,0.7058125000000001,0.7195,14.679999999999998,2.92,23.299999999999997,1.138722687832325,0.028681249784643554,4.478972757494811
sparse,B568/S01238,0.85,0,0.6514631622516556,0.6497081953642385,0.6540380794701987,0.6555624999999999,0.645875,0.6658125,0.324355,0.32269791666666664,0.32574375,0.015043689003136415,0.009915410421749036,0.020789332084349656,0.9292155962636258,0.9268263747904024,0.9314333067719706,1.0,1.0,1.0,0.717625,0.7128125,0.72375,14.579999999999998,3.08,22.82,1.173450530386553,0.11515946455636339,4.493159451752555
sparse,B568/S01238,0.86,0,0.6576916390728476,0.6553629966887418,0.6601038907284769,0.6610625,0.650875,0.6739999999999999,0.3150116666666667,0.3122991666666666,0.31679666666666667,0.013932119205297652,0.00761469588706838,0.019266164168699577,0.9233420216692126,0.9212467766822122,0.925487113201613,1.0,1.0,1.0,0.7283124999999999,0.7228125,0.73225,14.639999999999997,2.7199999999999998,23.36,1.1722341918538042,0.1899211463299976,4.476336418159849
sparse,B568/S01238,0.87,0,0.6651345198675497,0.6632206125827814,0.6673104304635762,0.6618125,0.6491875,0.6729375,0.3041383333333333,0.30128916666666666,0.30628374999999997,0.01366789386545791,0.009797904322062689,0.01669906761937915,0.9160395944579243,0.9127243216510629,0.9185718329637004,1.0,1.0,1.0,0.7346875,0.7311875,0.7395625,14.52,2.7399999999999998,22.78,1.1729985004687011,0.25608143502109837,4.464249300925933
sparse,B568/S01238,0.88,0,0.671510761589404,0.6693762417218544,0.6736415562913908,0.6739375,0.6663749999999999,0.6803750000000001,0.2948575,0.29114666666666666,0.29771375,0.012637722202857813,0.00780190179505021,0.016207345765074696,0.9094831675873276,0.907341074616859,0.9119155568128086,1.0,1.0,1.0,0.7508125,0.7446875000000001,0.75875,14.62,2.7399999999999998,23.479999999999997,1.181366467620424,0.35803374721383996,4.454578574236398
sparse,B568/S01238,0.89,0,0.6783236754966888,0.6769105960264901,0.6799192880794702,0.6825625000000001,0.6690625,0.705,0.285735,0.28366708333333335,0.2885629166666667,0.014762275618682116,0.009190996427325836,0.021174265859183694,0.9022020873809886,0.8981717329401293,0.9054933846933584,1.0,1.0,1.0,0.75625,0.7511249999999999,0.76075,14.52,2.7199999999999998,22.98,1.2170701874029481,0.43476473745886857,4.477924828803875
sparse,B568/S01238,0.9,0,0.6857756622516555,0.6842007450331126,0.6869383278145694,0.6835000000000001,0.67175,0.6975625,0.2749045833333334,0.272955,0.27652958333333333,0.01458866329731567,0.007539048884628152,0.01992826333217083,0.8938477869630784,0.8906989749897657,0.895899241669753,1.0,1.0,1.0,0.7648125,0.7586875000000001,0.773375,14.499999999999996,2.7399999999999998,22.8,1.2140295015321332,0.5112504723406872,4.4643526323714
sparse,B568/S01238,0.91,0,0.6920579470198674,0.6912918046357616,0.6932516556291389,0.694375,0.6824375,0.70575,0.2658754166666667,0.2642275,0.26774875000000004,0.018140510630881422,0.011600721070058854,0.024639061955384522,0.8865447145923578,0.8831212203618726,0.8888787690898416,1.0,1.0,1.0,0.7755624999999999,0.7677499999999999,0.7828125,14.439999999999998,2.7399999999999998,22.76,1.2554067376202924,0.6144916752109834,4.493279788207953
sparse,B568/S01238,0.92,0,0.6982781456953643,0.6966105132450331,0.6997052980132451,0.6977499999999999,0.6880625,0.705375,0.25703625,0.2553162500000001,0.25843208333333334,0.015418231526663911,0.009534822673404721,0.018342976646914963,0.8789870076214141,0.876510239262457,0.8828536420812618,1.0,1.0,1.0,0.783625,0.7824375,0.7851250000000001,14.379999999999999,2.7199999999999998,22.76,1.242546320669764,0.6733400466914949,4.474624323411262
sparse,B568/S01238,0.93,0,0.7049594370860927,0.7032119205298013,0.7064739238410597,0.7099374999999999,0.6976875,0.7227499999999999,0.24773083333333332,0.24467375,0.2503808333333333,0.018272492593237467,0.013984010108050919,0.027233835831300027,0.8705801349951132,0.867157567376421,0.873298825271761,1.0,1.0,1.0,0.792875,0.7870625,0.8007500000000001,14.459999999999999,2.9,22.94,1.2833153237842525,0.7725299133660806,4.50713873220414
sparse,B568/S01238,0.94,0,0.7118758278145696,0.7099859271523178,0.7132938741721854,0.7196875,0.712375,0.7321875,0.23761416666666668,0.23529416666666672,0.23944583333333339,0.016757886023004147,0.01330040955036583,0.02010115676193764,0.861626561707092,0.8595597228567564,0.8638901501175127,1.0,1.0,1.0,0.8047500000000001,0.79825,0.8113125,14.419999999999998,2.7199999999999998,22.76,1.288744521743567,0.8622655161116237,4.507123124491832
sparse,B568/S01238,0.95,0,0.7178315397350994,0.7168485099337748,0.7191684602649008,0.7246250000000001,0.7049375,0.7501875,0.22807125000000003,0.22629833333333332,0.2298495833333333,0.01911245207389294,0.011007929592192283,0.023741133670267724,0.8535580613762477,0.8496432902218727,0.8560229608823519,1.0,1.0,1.0,0.8168750000000001,0.811,0.823875,14.419999999999998,2.7399999999999998,22.78,1.3034326456505148,0.9616441635391493,4.51786987926916
sparse,B568/S01238,0.96,0,0.7241403145695364,0.7231307947019867,0.7260558774834438,0.7321875,0.719,0.749375,0.21598166666666666,0.21360458333333335,0.21832708333333334,0.019279986493551376,0.012887471680027598,0.024436988062042093,0.8447638013214899,0.8413547523642088,0.8473186627589895,1.0,1.0,1.0,0.8258749999999999,0.8186249999999999,0.83325,14.459999999999997,2.92,22.78,1.3138346744046723,1.049445833228347,4.526622886328341
sparse,B568/S01238,0.97,0,0.7301233443708609,0.7280844370860928,0.731619619205298,0.73675,0.7166875,0.749625,0.20112791666666668,0.19646833333333333,0.20542416666666669,0.01842992985360694,0.015015390815614555,0.02253094501568453,0.8361448971257619,0.8341938879814301,0.8375806887505283,1.0,1.0,1.0,0.8419375,0.8348749999999999,0.8482500000000001,14.4,2.7199999999999998,22.78,1.2999730610735094,1.1595712674769707,4.513107128684865
sparse,B568/S01238,0.98,0,0.7368398178807947,0.7339155629139072,0.7386345198675496,0.739,0.7255625,0.7526875,0.17959375,0.17574875,0.18550166666666668,0.020663231962355748,0.016539833130010142,0.026899224468455038,0.8261806003474064,0.8225583564598719,0.8289336630041855,1.0,1.0,1.0,0.861125,0.859,0.8633125,14.379999999999999,2.7199999999999998,22.76,1.2915600424596925,1.3087604734892249,4.509455279517977
sparse,B568/S01238,0.99,0,0.7449408112582782,0.74353559602649,0.7472545529801325,0.745125,0.7323125,0.7589375,0.14085208333333335,0.13361875,0.14637166666666668,0.021549102474729367,0.014989935517601423,0.0277829056291388,0.8137469824677274,0.8103967526106396,0.8176025687363163,1.0,1.0,1.0,0.9049999999999999,0.8967499999999999,0.9135,14.379999999999999,2.7199999999999998,22.78,1.2438460523057393,1.5826514561786884,4.483558092243989
