regime,rule,noise_probability,run,initial_density,mean_density,final_density,activity,growth,entropy,normalized_lifespan,recurrence,component_count,extinct,extinction_generation
sparse,B568/S01238,0.0,0,0.1,0.10062499999999998,0.100625,0.0,-1.2498265613753846e-16,0.47097367164613585,1.0,1.0,109.0,False,
sparse,B568/S01238,0.0,1,0.2,0.18461092715231783,0.184375,0.0015333333333333334,-0.0013851734053678827,0.6900447547602903,1.0,1.0,128.2,False,
sparse,B568/S01238,0.0,2,0.3,0.2357947019867549,0.235,0.008683333333333331,-0.004651882188916341,0.7878475342121504,1.0,1.0,126.4,False,
sparse,B568/S01238,0.0,3,0.4,0.2621688741721855,0.26,0.014637499999999998,-0.012622102649006808,0.8293306077071485,1.0,1.0,106.6,False,
sparse,B568/S01238,0.0,4,0.5,0.2422268211920529,0.23875,0.00961666666666667,-0.018441530149878205,0.797109329289809,1.0,1.0,116.8,False,
sparse,B568/S01238,0.0,5,0.1,0.10125000000000005,0.10125,0.0,-1.0935982412034616e-16,0.47294552253783756,1.0,1.0,106.0,False,
sparse,B568/S01238,0.0,6,0.2,0.19843956953642383,0.198125,0.01097083333333333,-0.0018374215754619681,0.7187758518424671,1.0,1.0,130.2,False,
sparse,B568/S01238,0.0,7,0.3,0.22640314569536435,0.225,0.005341666666666668,-0.006364151272220504,0.7714861518569088,1.0,1.0,124.2,False,
sparse,B568/S01238,0.0,8,0.4,0.2419039735099337,0.24,0.011687500000000003,-0.011087269083304386,0.7975640796870068,1.0,1.0,123.0,False,
sparse,B568/S01238,0.0,9,0.5,0.25057119205298006,0.2475,0.013612500000000001,-0.018002025967236265,0.8102476652433372,1.0,1.0,103.6,False,
sparse,B568/S01238,0.01,0,0.1,0.2524627483443709,0.26125,0.0337125,0.07574503311258271,0.80947031400746,1.0,0.99,128.8,False,
sparse,B568/S01238,0.01,1,0.2,0.2595653973509934,0.251875,0.035675,0.0294758626699197,0.8249465392183654,1.0,0.9825,122.6,False,
sparse,B568/S01238,0.01,2,0.3,0.2589817880794702,0.266875,0.03562916666666666,0.00508844545137679,0.8250414782648763,1.0,0.981875,117.8,False,
sparse,B568/S01238,0.01,3,0.4,0.26858443708609275,0.248125,0.04020833333333333,-0.031275052283025725,0.8384555858244763,1.0,0.980625,112.8,False,
sparse,B568/S01238,0.01,4,0.5,0.2629759933774835,0.268125,0.040020833333333325,-0.008071845590798255,0.8298813851053176,1.0,0.9825,101.4,False,
sparse,B568/S01238,0.01,5,0.1,0.2489072847682119,0.270625,0.03235416666666667,0.0950972682119205,0.8034725764823677,1.0,0.994375,129.0,False,
sparse,B568/S01238,0.01,6,0.2,0.260989238410596,0.26,0.03672500000000001,0.0307947019867549,0.8273921212058388,1.0,0.98375,122.0,False,
sparse,B568/S01238,0.01,7,0.3,0.26079056291390723,0.26375,0.035366666666666664,0.0030647655977692027,0.8277191979691625,1.0,0.98625,116.6,False,
sparse,B568/S01238,0.01,8,0.4,0.2642094370860927,0.263125,0.039375,-0.01679298100383424,0.8324212877371748,1.0,0.98,107.0,False,
sparse,B568/S01238,0.01,9,0.5,0.2663700331125828,0.26,0.0425875,-0.019690114151272576,0.8344129837356986,1.0,0.983125,102.4,False,
sparse,B568/S01238,0.02,0,0.1,0.2688079470198676,0.280625,0.06480000000000001,0.04789125130707534,0.8360498460646955,1.0,0.98125,111.6,False,
sparse,B568/S01238,0.02,1,0.2,0.27210678807947025,0.27,0.06091250000000001,0.020918765249215442,0.8435134244239583,1.0,0.965625,114.4,False,
sparse,B568/S01238,0.02,2,0.3,0.2766225165562914,0.2725,0.06292500000000001,0.0211324721157196,0.8502997203862706,1.0,0.96375,108.6,False,
sparse,B568/S01238,0.02,3,0.4,0.2800289735099338,0.275625,0.06600833333333332,-0.02395804287208123,0.8546325045777188,1.0,0.958125,99.4,False,
sparse,B568/S01238,0.02,4,0.5,0.28176324503311256,0.275,0.06876666666666667,-0.02015510630881853,0.8565503960554173,1.0,0.960625,92.0,False,
sparse,B568/S01238,0.02,5,0.1,0.26846026490066227,0.2925,0.06096666666666666,0.06092214186127552,0.8349667202293694,1.0,0.985,109.4,False,
sparse,B568/S01238,0.02,6,0.2,0.2726986754966887,0.2625,0.060675,0.02671760630881825,0.8446871791247574,1.0,0.965625,119.4,False,
sparse,B568/S01238,0.02,7,0.3,0.2767425496688741,0.27125,0.06294166666666667,-0.007942118333914476,0.8506730180275792,1.0,0.964375,111.0,False,
sparse,B568/S01238,0.02,8,0.4,0.2797930463576159,0.280625,0.06735833333333334,-0.01533689874520764,0.8545653187040909,1.0,0.96375,96.4,False,
sparse,B568/S01238,0.02,9,0.5,0.28148592715231785,0.27875,0.06785416666666666,-0.0007404583478566569,0.8557356293318528,1.0,0.96,94.6,False,
sparse,B568/S01238,0.03,0,0.1,0.28230546357615893,0.280625,0.08648333333333333,0.03551683949111185,0.8552118891841741,1.0,0.971875,108.2,False,
sparse,B568/S01238,0.03,1,0.2,0.28713162251655633,0.304375,0.08677499999999999,0.01626394214011855,0.8640546252463548,1.0,0.95375,106.0,False,
sparse,B568/S01238,0.03,2,0.3,0.28540562913907286,0.280625,0.0881625,0.013391316660857166,0.8622856108046747,1.0,0.944375,99.6,False,
sparse,B568/S01238,0.03,3,0.4,0.2908526490066225,0.266875,0.09006666666666667,-0.011884585221331798,0.8690217463526102,1.0,0.943125,99.6,False,
sparse,B568/S01238,0.03,4,0.5,0.2939817880794702,0.2975,0.09603333333333335,-0.019763637155803933,0.8727297319552471,1.0,0.94,82.4,False,
sparse,B568/S01238,0.03,5,0.1,0.28075745033112587,0.289375,0.0865875,0.053678655454861945,0.8529327235385528,1.0,0.975625,101.8,False,
sparse,B568/S01238,0.03,6,0.2,0.28894453642384105,0.2825,0.08661666666666666,0.007698021958870136,0.866687064516681,1.0,0.944375,112.8,False,
sparse,B568/S01238,0.03,7,0.3,0.28649834437086097,0.280625,0.08607083333333333,0.004432293482049362,0.8637902959462201,1.0,0.948125,97.8,False,
sparse,B568/S01238,0.03,8,0.4,0.288385761589404,0.293125,0.08971666666666667,-0.014752635935866397,0.866047232412422,1.0,0.93875,92.8,False,
sparse,B568/S01238,0.03,9,0.5,0.2905380794701987,0.293125,0.09196666666666665,-0.01302239456256578,0.8679320047638395,1.0,0.945625,81.6,False,
sparse,B568/S01238,0.04,0,0.1,0.29536423841059606,0.305625,0.11110833333333335,0.03480611711397651,0.8723292358492591,1.0,0.961875,87.2,False,
sparse,B568/S01238,0.04,1,0.2,0.29639900662251656,0.2825,0.10924583333333333,0.019527383234576288,0.8758349776969805,1.0,0.9375,98.6,False,
sparse,B568/S01238,0.04,2,0.3,0.29767384105960265,0.280625,0.11164583333333335,-0.0006440615196936133,0.8780970991919903,1.0,0.91875,95.0,False,
sparse,B568/S01238,0.04,3,0.4,0.2975951986754967,0.295,0.11060416666666664,-0.006680463576159132,0.8776697472082379,1.0,0.925625,79.2,False,
sparse,B568/S01238,0.04,4,0.5,0.3010968543046358,0.30875,0.11703333333333334,-0.008919157371906912,0.8815757797649294,1.0,0.928125,77.4,False,
sparse,B568/S01238,0.04,5,0.1,0.2956291390728477,0.293125,0.11145416666666667,0.0331814220982917,0.8725110298706923,1.0,0.965,98.2,False,
sparse,B568/S01238,0.04,6,0.2,0.2934437086092715,0.28375,0.10755833333333333,0.00997690833042835,0.8723355303260066,1.0,0.935625,106.6,False,
sparse,B568/S01238,0.04,7,0.3,0.29637417218543044,0.279375,0.10849583333333333,0.003770259672359546,0.8765036930715073,1.0,0.9299999999999999,94.8,False,
sparse,B568/S01238,0.04,8,0.4,0.2994370860927152,0.289375,0.11433333333333333,-0.014108574416173128,0.8800524016143302,1.0,0.933125,79.0,False,
sparse,B568/S01238,0.04,9,0.5,0.30184188741721857,0.305,0.11378749999999999,-0.009851102300453211,0.8821038995745908,1.0,0.924375,71.6,False,
sparse,B568/S01238,0.05,0,0.1,0.3070736754966887,0.309375,0.13418333333333335,0.035930202161031384,0.8866342519340016,1.0,0.9525,92.6,False,
sparse,B568/S01238,0.05,1,0.2,0.3051779801324503,0.29875,0.1311208333333333,0.011031718368769296,0.8865099860420665,1.0,0.933125,88.6,False,
sparse,B568/S01238,0.05,2,0.3,0.3087624172185431,0.318125,0.13367916666666668,0.013801084872777565,0.8913552151327351,1.0,0.9025,86.2,False,
sparse,B568/S01238,0.05,3,0.4,0.31165562913907285,0.2975,0.13712916666666666,-0.00372745294527735,0.8943811813008822,1.0,0.8987499999999999,79.4,False,
sparse,B568/S01238,0.05,4,0.5,0.31237996688741726,0.30125,0.138275,-0.009238410596026779,0.8948733909769849,1.0,0.895625,79.0,False,
sparse,B568/S01238,0.05,5,0.1,0.30322019867549665,0.3175,0.1314833333333333,0.03166194667131406,0.8819578464599804,1.0,0.955625,88.2,False,
sparse,B568/S01238,0.05,6,0.2,0.3054511589403973,0.305,0.13271666666666665,0.017184450156849117,0.8871507581752793,1.0,0.9293750000000001,88.0,False,
sparse,B568/S01238,0.05,7,0.3,0.30673427152317884,0.283125,0.12998749999999998,0.0013332171488318627,0.8890497959128041,1.0,0.908125,85.8,False,
sparse,B568/S01238,0.05,8,0.4,0.30920529801324503,0.31,0.13414583333333335,-0.004914277622865267,0.8917522093990847,1.0,0.90625,78.2,False,
sparse,B568/S01238,0.05,9,0.5,0.3100289735099338,0.316875,0.13741666666666666,-0.005409005751132945,0.8918543174487065,1.0,0.90375,66.2,False,
sparse,B568/S01238,0.06,0,0.1,0.3153725165562914,0.30125,0.15491250000000004,0.028859249738584905,0.8962839811941786,1.0,0.9375,84.8,False,
sparse,B568/S01238,0.06,1,0.2,0.31606788079470194,0.331875,0.15276666666666666,0.023212682990588963,0.8990274661016818,1.0,0.921875,78.6,False,
sparse,B568/S01238,0.06,2,0.3,0.3180711920529801,0.32,0.15733333333333335,0.002537033809689517,0.9019285479680239,1.0,0.874375,81.4,False,
sparse,B568/S01238,0.06,3,0.4,0.3181208609271523,0.3125,0.1528875,-0.010628812303938874,0.9018026211361005,1.0,0.884375,75.6,False,
sparse,B568/S01238,0.06,4,0.5,0.3196688741721854,0.31,0.15825833333333336,-0.0006254356918792045,0.903135226520255,1.0,0.89625,66.4,False,
sparse,B568/S01238,0.06,5,0.1,0.31165562913907285,0.335625,0.15062916666666668,0.025619009236667545,0.8919597448343636,1.0,0.940625,84.2,False,
sparse,B568/S01238,0.06,6,0.2,0.31787251655629134,0.319375,0.15592083333333334,0.014795442662948593,0.901245613898352,1.0,0.918125,86.2,False,
sparse,B568/S01238,0.06,7,0.3,0.3159809602649007,0.315,0.15148333333333333,0.011880337225513645,0.8995407287503949,1.0,0.88,81.4,False,
sparse,B568/S01238,0.06,8,0.4,0.3168418874172185,0.3125,0.1542875,-0.003871231265249377,0.9003784562152659,1.0,0.891875,65.2,False,
sparse,B568/S01238,0.06,9,0.5,0.31911837748344374,0.3175,0.1552125,-0.008593042000697253,0.9021448523814932,1.0,0.89375,59.2,False,
sparse,B568/S01238,0.07,0,0.1,0.3235637417218543,0.321875,0.17504999999999998,0.032413188393168126,0.9053122930231869,1.0,0.925625,74.8,False,
sparse,B568/S01238,0.07,1,0.2,0.32213576158940394,0.318125,0.1694416666666667,0.013913166608574059,0.9056388813816427,1.0,0.911875,79.0,False,
sparse,B568/S01238,0.07,2,0.3,0.3253435430463576,0.32375,0.17400833333333335,0.0081296836876956,0.9097216103718478,1.0,0.870625,64.8,False,
sparse,B568/S01238,0.07,3,0.4,0.32428394039735103,0.30125,0.1722625,-0.011656500522830762,0.908366141781445,1.0,0.871875,62.2,False,
sparse,B568/S01238,0.07,4,0.5,0.3263203642384106,0.315625,0.17569583333333333,-0.009333500348554005,0.9102477335740353,1.0,0.874375,58.6,False,
sparse,B568/S01238,0.07,5,0.1,0.3188369205298013,0.31,0.17058333333333334,0.023679635761589095,0.9002551025378938,1.0,0.931875,79.8,False,
sparse,B568/S01238,0.07,6,0.2,0.3229097682119206,0.325625,0.17242916666666663,0.016684166957127718,0.9067151395103292,1.0,0.91,81.4,False,
sparse,B568/S01238,0.07,7,0.3,0.32619205298013243,0.330625,0.17299583333333332,-0.00043329557337091703,0.9105908461734603,1.0,0.865,75.0,False,
sparse,B568/S01238,0.07,8,0.4,0.3266887417218543,0.311875,0.17641666666666667,-0.006413166608575034,0.9109694654160749,1.0,0.87875,61.8,False,
sparse,B568/S01238,0.07,9,0.5,0.3265024834437086,0.319375,0.17521666666666666,-0.008791717497386229,0.9100595467715128,1.0,0.8725,60.4,False,
sparse,B568/S01238,0.08,0,0.1,0.3283029801324503,0.32,0.19019583333333334,0.017695843499476772,0.91037989868005,1.0,0.916875,71.8,False,
sparse,B568/S01238,0.08,1,0.2,0.33158112582781457,0.331875,0.19084166666666666,0.01751775444405676,0.9154360391141049,1.0,0.90375,72.8,False,
sparse,B568/S01238,0.08,2,0.3,0.33322433774834437,0.328125,0.1927375,0.0037604566050885146,0.9176648598548451,1.0,0.85,67.2,False,
sparse,B568/S01238,0.08,3,0.4,0.33139900662251653,0.3175,0.19317083333333335,-0.007053960439177679,0.9157161643197412,1.0,0.85,58.4,False,
sparse,B568/S01238,0.08,4,0.5,0.3361216887417218,0.34125,0.19593333333333335,-0.00813621906587688,0.9202132338857753,1.0,0.84875,47.8,False,
sparse,B568/S01238,0.08,5,0.1,0.3299379139072847,0.33375,0.18935833333333335,0.025213162251655354,0.9119330067055464,1.0,0.919375,72.8,False,
sparse,B568/S01238,0.08,6,0.2,0.3324917218543046,0.329375,0.19234583333333338,0.0116980001742767,0.9165680280795346,1.0,0.8975,78.6,False,
sparse,B568/S01238,0.08,7,0.3,0.33067880794701987,0.3225,0.188625,-0.0003790519344721126,0.9152998837020485,1.0,0.8575,64.6,False,
sparse,B568/S01238,0.08,8,0.4,0.3338369205298013,0.323125,0.19463333333333332,0.000225797316138002,0.9183530257589093,1.0,0.8518749999999999,64.6,False,
sparse,B568/S01238,0.08,9,0.5,0.3323923841059602,0.34125,0.19237916666666668,-0.010235055768560371,0.9162910036174903,1.0,0.8525,54.2,False,
sparse,B568/S01238,0.09,0,0.1,0.3357201986754967,0.324375,0.20797499999999997,0.023807075636109933,0.917921463016175,1.0,0.910625,79.8,False,
sparse,B568/S01238,0.09,1,0.2,0.34024420529801325,0.35,0.21025416666666666,0.019888136110142535,0.9238113560822312,1.0,0.89,67.0,False,
sparse,B568/S01238,0.09,2,0.3,0.3398220198675497,0.31625,0.2097166666666667,-0.002100797316138547,0.9241361088364185,1.0,0.84125,66.2,False,
sparse,B568/S01238,0.09,3,0.4,0.33984271523178805,0.3225,0.21067083333333333,-0.0070124607877309585,0.9241194680534801,1.0,0.83375,55.2,False,
sparse,B568/S01238,0.09,4,0.5,0.3430918874172185,0.345625,0.21542916666666664,-0.0010394518996168817,0.9269107135455772,1.0,0.836875,54.4,False,
sparse,B568/S01238,0.09,5,0.1,0.3362913907284768,0.33375,0.20520000000000002,0.021646479609620017,0.9183293007131716,1.0,0.911875,60.6,False,
sparse,B568/S01238,0.09,6,0.2,0.33627483443708606,0.346875,0.2073375,0.0007149703729517391,0.9202888502739847,1.0,0.88875,68.8,False,
sparse,B568/S01238,0.09,7,0.3,0.3377938741721855,0.34,0.20484999999999998,0.000690462704774818,0.9222331170113014,1.0,0.841875,67.8,False,
sparse,B568/S01238,0.09,8,0.4,0.3423758278145695,0.34,0.21586249999999998,-0.00035291042174986345,0.9266507984233031,1.0,0.823125,51.4,False,
sparse,B568/S01238,0.09,9,0.5,0.34118791390728476,0.34,0.21109583333333334,-0.002215819972116218,0.924755554233716,1.0,0.834375,50.0,False,
sparse,B568/S01238,0.1,0,0.1,0.34389486754966886,0.334375,0.22428333333333333,0.02426945364238387,0.9256614090927839,1.0,0.901875,66.0,False,
sparse,B568/S01238,0.1,1,0.2,0.34445778145695366,0.335625,0.22513333333333335,0.009602757929591595,0.9278583682105627,1.0,0.88,66.2,False,
sparse,B568/S01238,0.1,2,0.3,0.34730132450331125,0.35,0.2272416666666667,0.007006905716277081,0.931080813736922,1.0,0.82875,67.8,False,
sparse,B568/S01238,0.1,3,0.4,0.34867135761589396,0.340625,0.22866666666666666,-0.0048802936563266995,0.9324376267244685,1.0,0.815625,53.2,False,
sparse,B568/S01238,0.1,4,0.5,0.3509561258278145,0.375625,0.23255416666666662,-0.004356809864064261,0.9341612732381271,1.0,0.8200000000000001,46.2,False,
sparse,B568/S01238,0.1,5,0.1,0.3422557947019868,0.34625,0.22531666666666667,0.016980219588706578,0.9241575108303989,1.0,0.900625,61.6,False,
sparse,B568/S01238,0.1,6,0.2,0.3446771523178808,0.3325,0.2240166666666667,0.0017018124782151446,0.9282384273255535,1.0,0.880625,74.0,False,
sparse,B568/S01238,0.1,7,0.3,0.3442880794701987,0.34,0.22413333333333332,0.01657339229696748,0.9283076878277513,1.0,0.835,64.2,False,
sparse,B568/S01238,0.1,8,0.4,0.3478435430463577,0.35375,0.22943750000000004,-0.0029020346810738206,0.9316660749548846,1.0,0.819375,54.8,False,
sparse,B568/S01238,0.1,9,0.5,0.34848509933774835,0.365625,0.22818333333333338,-0.00778428895085414,0.9316244615629623,1.0,0.825625,44.8,False,
sparse,B568/S01238,0.11,0,0.1,0.34997102649006623,0.35875,0.24082083333333335,0.01568882886022985,0.931097008792475,1.0,0.889375,65.8,False,
sparse,B568/S01238,0.11,1,0.2,0.3515521523178808,0.378125,0.24105833333333332,0.005930202161031568,0.9342200046863541,1.0,0.86875,55.8,False,
sparse,B568/S01238,0.11,2,0.3,0.3556415562913907,0.366875,0.24574583333333333,0.009285792087834886,0.9385032250321542,1.0,0.8225,54.6,False,
sparse,B568/S01238,0.11,3,0.4,0.3549296357615894,0.35875,0.24452083333333338,-0.00803688131753241,0.9378404629157971,1.0,0.801875,47.8,False,
sparse,B568/S01238,0.11,4,0.5,0.35614652317880796,0.3575,0.24870833333333336,0.0006061563262458395,0.9387129042703055,1.0,0.814375,42.4,False,
sparse,B568/S01238,0.11,5,0.1,0.3503890728476821,0.36625,0.2402333333333333,0.029122952248170055,0.9314668240997129,1.0,0.895625,62.2,False,
sparse,B568/S01238,0.11,6,0.2,0.3539072847682119,0.365625,0.24457083333333335,0.008185561171139513,0.9364562748481449,1.0,0.87,61.2,False,
sparse,B568/S01238,0.11,7,0.3,0.3508278145695364,0.338125,0.23717916666666666,0.009100840885325649,0.9342659839177191,1.0,0.824375,60.6,False,
sparse,B568/S01238,0.11,8,0.4,0.35466059602649,0.37375,0.24542916666666664,-0.00023069884977367368,0.9377224773472869,1.0,0.8043750000000001,45.8,False,
sparse,B568/S01238,0.11,9,0.5,0.3559519867549669,0.375,0.2461375,-0.004802522655977783,0.9383393937195765,1.0,0.795625,40.6,False,
sparse,B568/S01238,0.12,0,0.1,0.35799668874172186,0.36,0.2584791666666667,0.024236776751481216,0.9380888003288159,1.0,0.876875,59.8,False,
sparse,B568/S01238,0.12,1,0.2,0.35721440397351,0.363125,0.2564,0.013987669919832538,0.9390117387119468,1.0,0.86375,59.4,False,
sparse,B568/S01238,0.12,2,0.3,0.36046357615894037,0.371875,0.25877916666666667,-0.00529790432206373,0.9425940704985002,1.0,0.816875,56.6,False,
sparse,B568/S01238,0.12,3,0.4,0.360533940397351,0.36125,0.2603458333333333,0.0007538558731262598,0.9425810094918199,1.0,0.785,43.4,False,
sparse,B568/S01238,0.12,4,0.5,0.3641846026490066,0.361875,0.2640708333333333,-0.004529017079122227,0.9452664068373646,1.0,0.79,39.0,False,
sparse,B568/S01238,0.12,5,0.1,0.3555670529801324,0.35125,0.25488333333333335,0.02008779191355841,0.9360047975441189,1.0,0.884375,59.6,False,
sparse,B568/S01238,0.12,6,0.2,0.35651490066225167,0.348125,0.25477916666666667,0.00593477692575795,0.9387097546667494,1.0,0.860625,63.6,False,
sparse,B568/S01238,0.12,7,0.3,0.3562334437086093,0.355,0.252275,0.01516371122342252,0.938866863855841,1.0,0.81375,51.8,False,
sparse,B568/S01238,0.12,8,0.4,0.3602524834437086,0.389375,0.2599,0.003739216626001687,0.9424131744624495,1.0,0.783125,44.4,False,
sparse,B568/S01238,0.12,9,0.5,0.36245033112582786,0.35625,0.26201250000000004,-0.004672141861276141,0.9437841377944258,1.0,0.796875,34.6,False,
sparse,B568/S01238,0.13,0,0.1,0.36228476821192057,0.378125,0.2704333333333334,0.019133299930289213,0.9415967932670976,1.0,0.868125,57.2,False,
sparse,B568/S01238,0.13,1,0.2,0.3631912251655629,0.384375,0.271175,0.0174491329731612,0.9439630934117463,1.0,0.853125,52.8,False,
sparse,B568/S01238,0.13,2,0.3,0.36363824503311254,0.383125,0.2696125,0.0084923971767164,0.9450570242537876,1.0,0.81,50.2,False,
sparse,B568/S01238,0.13,3,0.4,0.3686299668874173,0.36625,0.27827083333333336,0.007846375043568731,0.9491407321221363,1.0,0.770625,37.2,False,
sparse,B568/S01238,0.13,4,0.5,0.368033940397351,0.379375,0.27702916666666666,-0.006994815266643891,0.9485134789233244,1.0,0.766875,35.6,False,
sparse,B568/S01238,0.13,5,0.1,0.3596771523178808,0.371875,0.2690625,0.022550322411990106,0.9394984420979156,1.0,0.8725,55.4,False,
sparse,B568/S01238,0.13,6,0.2,0.3609312913907285,0.356875,0.26817916666666664,0.004285574241895906,0.942470047523845,1.0,0.85,61.6,False,
sparse,B568/S01238,0.13,7,0.3,0.3644701986754967,0.3775,0.27034166666666665,0.0024821366329730063,0.9456891288546501,1.0,0.8049999999999999,53.4,False,
sparse,B568/S01238,0.13,8,0.4,0.3648716887417218,0.36125,0.2725791666666667,-0.0038048971767166008,0.9462390031379431,1.0,0.77125,45.8,False,
sparse,B568/S01238,0.13,9,0.5,0.3678600993377483,0.385,0.2757708333333333,-0.009731178110840557,0.9480864781796708,1.0,0.7775,33.2,False,
sparse,B568/S01238,0.14,0,0.1,0.36837748344370863,0.37625,0.2849958333333333,0.024070451376785918,0.946493215724598,1.0,0.86,53.2,False,
sparse,B568/S01238,0.14,1,0.2,0.36872930463576153,0.360625,0.2849916666666667,0.010367397176716446,0.9483765223902219,1.0,0.84,53.0,False,
sparse,B568/S01238,0.14,2,0.3,0.36870860927152316,0.36625,0.283475,0.004614957302195783,0.9491843933518236,1.0,0.79875,50.8,False,
sparse,B568/S01238,0.14,3,0.4,0.3706581125827815,0.350625,0.28646666666666665,-0.007274529452771157,0.9505485893699497,1.0,0.77875,47.4,False,
sparse,B568/S01238,0.14,4,0.5,0.37298841059602655,0.37375,0.2891416666666667,-0.004098662425932801,0.9522999004150763,1.0,0.765,32.0,False,
sparse,B568/S01238,0.14,5,0.1,0.36688741721854307,0.37625,0.2826666666666667,0.023308099512024852,0.9453764198410922,1.0,0.86,51.4,False,
sparse,B568/S01238,0.14,6,0.2,0.36846026490066225,0.37125,0.2837833333333333,0.0021370686650396178,0.948407844616047,1.0,0.83875,59.4,False,
sparse,B568/S01238,0.14,7,0.3,0.36704470198675493,0.37875,0.2787166666666667,-0.000990109794353624,0.9478860576225927,1.0,0.79625,46.6,False,
sparse,B568/S01238,0.14,8,0.4,0.36913079470198673,0.3825,0.2844291666666666,0.002869684559079362,0.9494252463989088,1.0,0.78125,51.0,False,
sparse,B568/S01238,0.14,9,0.5,0.3703062913907284,0.361875,0.28575,-0.01194732485186469,0.9500595464928803,1.0,0.7581249999999999,38.2,False,
sparse,B568/S01238,0.15,0,0.1,0.37519039735099335,0.3925,0.2990291666666667,0.021070059254095372,0.9515997236712694,1.0,0.8512500000000001,51.8,False,
sparse,B568/S01238,0.15,1,0.2,0.3773096026490066,0.3925,0.30067916666666666,0.00852409376089209,0.9546933532193356,1.0,0.830625,46.4,False,
sparse,B568/S01238,0.15,2,0.3,0.37563741721854305,0.35875,0.2996416666666667,-6.633408853274469e-05,0.9542789390356975,1.0,0.785625,43.4,False,
sparse,B568/S01238,0.15,3,0.4,0.3761920529801325,0.370625,0.3007166666666667,-0.0006773919484143809,0.954700834086053,1.0,0.753125,36.2,False,
sparse,B568/S01238,0.15,4,0.5,0.37999172185430463,0.399375,0.30580416666666665,0.0019292436388980995,0.9573737517273309,1.0,0.7525,33.2,False,
sparse,B568/S01238,0.15,5,0.1,0.3710513245033113,0.378125,0.2928208333333333,0.022682990589055096,0.9485925921304018,1.0,0.849375,57.2,False,
sparse,B568/S01238,0.15,6,0.2,0.3748096026490066,0.378125,0.29858749999999995,0.00647231178110851,0.9530609536099288,1.0,0.8325,56.0,False,
sparse,B568/S01238,0.15,7,0.3,0.3741349337748345,0.370625,0.2937375,0.0027647917392817,0.9532336322648589,1.0,0.79125,41.6,False,
sparse,B568/S01238,0.15,8,0.4,0.3770115894039735,0.3775,0.29988750000000003,-0.005997516556291498,0.9554256250809734,1.0,0.750625,40.0,False,
sparse,B568/S01238,0.15,9,0.5,0.3774420529801324,0.3825,0.30133750000000004,-0.003365392994075037,0.9553871761975188,1.0,0.763125,31.0,False,
sparse,B568/S01238,0.16,0,0.1,0.3776407284768211,0.393125,0.3085583333333333,0.017694863192750182,0.9534126024529187,1.0,0.845,50.2,False,
sparse,B568/S01238,0.16,1,0.2,0.3783236754966887,0.389375,0.306625,0.011559450156848606,0.9555636674595922,1.0,0.823125,43.2,False,
sparse,B568/S01238,0.16,2,0.3,0.3801862582781457,0.378125,0.3119541666666666,0.004250936737539414,0.9575198971512288,1.0,0.778125,40.8,False,
sparse,B568/S01238,0.16,3,0.4,0.38198675496688744,0.376875,0.31372500000000003,-0.004216299233182422,0.9589605323400338,1.0,0.740625,35.8,False,
sparse,B568/S01238,0.16,4,0.5,0.38247930463576163,0.3625,0.3166083333333334,-0.010887286510980124,0.9591232369007165,1.0,0.74375,36.4,False,
sparse,B568/S01238,0.16,5,0.1,0.37742135761589407,0.4175,0.30719166666666664,0.020265227431160278,0.9532370027566593,1.0,0.84125,44.6,False,
sparse,B568/S01238,0.16,6,0.2,0.3794163907284768,0.3725,0.30944166666666667,0.011833936040432159,0.9564797983124635,1.0,0.824375,47.6,False,
sparse,B568/S01238,0.16,7,0.3,0.3796895695364238,0.365625,0.30785416666666665,0.0037199372603692288,0.9572867195058997,1.0,0.78625,48.6,False,
sparse,B568/S01238,0.16,8,0.4,0.3818170529801324,0.35625,0.3133958333333333,-0.004530324154757889,0.9588836315733685,1.0,0.736875,35.2,False,
sparse,B568/S01238,0.16,9,0.5,0.3820778145695365,0.385625,0.31400833333333333,-0.007704557337051417,0.9584872217480939,1.0,0.7462500000000001,25.8,False,
sparse,B568/S01238,0.17,0,0.1,0.3831581125827815,0.395,0.3216625,0.026443120425235136,0.9573830852813794,1.0,0.830625,42.6,False,
sparse,B568/S01238,0.17,1,0.2,0.3853104304635762,0.394375,0.32354166666666667,0.012305136807249662,0.9602479108624277,1.0,0.80875,48.6,False,
sparse,B568/S01238,0.17,2,0.3,0.3855049668874172,0.404375,0.32135416666666666,0.006709219240153019,0.9611371826667721,1.0,0.768125,42.2,False,
sparse,B568/S01238,0.17,3,0.4,0.3878228476821192,0.381875,0.3264666666666667,-0.006385391251307456,0.962926612652452,1.0,0.736875,33.2,False,
sparse,B568/S01238,0.17,4,0.5,0.3885968543046357,0.40375,0.3290166666666667,-0.0038810343325205014,0.9632115445921177,1.0,0.743125,25.8,False,
sparse,B568/S01238,0.17,5,0.1,0.38297185430463576,0.404375,0.3207375,0.019107811955384548,0.9571070555482692,1.0,0.835,43.4,False,
sparse,B568/S01238,0.17,6,0.2,0.3830836092715232,0.376875,0.32032083333333333,0.008883539560822204,0.9590997172918377,1.0,0.81375,48.6,False,
sparse,B568/S01238,0.17,7,0.3,0.3827359271523179,0.38375,0.3188,0.008730611711397445,0.9594368068782491,1.0,0.776875,43.4,False,
sparse,B568/S01238,0.17,8,0.4,0.385716059602649,0.39875,0.32377083333333334,-0.0042483225862674015,0.9614904048789031,1.0,0.7275,33.0,False,
sparse,B568/S01238,0.17,9,0.5,0.38827814569536423,0.383125,0.32606666666666667,-0.005110012199373064,0.9628161226677643,1.0,0.721875,29.2,False,
sparse,B568/S01238,0.18,0,0.1,0.38639072847682127,0.393125,0.3315916666666666,0.01941170704078038,0.9594890743771026,1.0,0.81875,51.2,False,
sparse,B568/S01238,0.18,1,0.2,0.38951572847682114,0.36125,0.3335125,0.009269780411292835,0.963062724493273,1.0,0.79875,46.2,False,
sparse,B568/S01238,0.18,2,0.3,0.39093543046357615,0.384375,0.3357541666666667,0.004553524747298336,0.964767819597509,1.0,0.76375,40.2,False,
sparse,B568/S01238,0.18,3,0.4,0.3904594370860927,0.37375,0.3353458333333333,-0.0023272481700945674,0.9646978115058054,1.0,0.709375,31.8,False,
sparse,B568/S01238,0.18,4,0.5,0.3921109271523178,0.39875,0.33921666666666667,-0.004857093063785816,0.9655736620093153,1.0,0.71875,31.0,False,
sparse,B568/S01238,0.18,5,0.1,0.38692466887417215,0.398125,0.3325125,0.011686236493551364,0.9595890720222983,1.0,0.82375,43.2,False,
sparse,B568/S01238,0.18,6,0.2,0.38686258278145697,0.389375,0.3300624999999999,0.009585439177413318,0.9614920066773314,1.0,0.794375,44.8,False,
sparse,B568/S01238,0.18,7,0.3,0.3900041390728477,0.398125,0.33300416666666666,0.0010423928197971848,0.9641042568688131,1.0,0.771875,43.2,False,
sparse,B568/S01238,0.18,8,0.4,0.3910389072847682,0.41375,0.3360791666666667,0.004817554025792402,0.9651423285275537,1.0,0.71375,28.8,False,
sparse,B568/S01238,0.18,9,0.5,0.39330298013245035,0.409375,0.33925,0.0009825941094453773,0.9660266857648063,1.0,0.728125,22.6,False,
sparse,B568/S01238,0.19,0,0.1,0.3942756622516556,0.381875,0.34563333333333335,0.017423971767166074,0.9645256983502805,1.0,0.81125,48.8,False,
sparse,B568/S01238,0.19,1,0.2,0.39322847682119205,0.41375,0.3460125,0.007737234227953666,0.9654372873382548,1.0,0.7887500000000001,44.2,False,
sparse,B568/S01238,0.19,2,0.3,0.39435016556291397,0.404375,0.34371250000000003,0.001716190310212369,0.9668974909338575,1.0,0.75875,37.6,False,
sparse,B568/S01238,0.19,3,0.4,0.3958650662251656,0.395625,0.3456,-0.00480350296270528,0.9679778340345977,1.0,0.708125,26.4,False,
sparse,B568/S01238,0.19,4,0.5,0.39649420529801316,0.395,0.34913333333333335,-0.005977256883931792,0.9683165614740806,1.0,0.7068749999999999,25.2,False,
sparse,B568/S01238,0.19,5,0.1,0.39350579470198677,0.394375,0.3451375,0.02256208609271488,0.9639262008459858,1.0,0.810625,45.8,False,
sparse,B568/S01238,0.19,6,0.2,0.3940728476821192,0.395625,0.3443791666666667,0.008362016382014633,0.9661481393498126,1.0,0.785625,40.2,False,
sparse,B568/S01238,0.19,7,0.3,0.3922682119205298,0.375,0.341125,-0.0022785596026493288,0.9655222812663686,1.0,0.761875,38.0,False,
sparse,B568/S01238,0.19,8,0.4,0.3951200331125828,0.369375,0.34573333333333334,-0.005451812478215422,0.9675665525919823,1.0,0.7012499999999999,25.8,False,
sparse,B568/S01238,0.19,9,0.5,0.39771109271523186,0.394375,0.34832500000000005,0.00025455298013182614,0.9688430542619907,1.0,0.7075,20.6,False,
sparse,B568/S01238,0.2,0,0.1,0.3968584437086093,0.41875,0.35562916666666666,0.016091081387242908,0.9660746808108331,1.0,0.8049999999999999,42.4,False,
sparse,B568/S01238,0.2,1,0.2,0.3961920529801325,0.383125,0.3523083333333334,0.00893418874172131,0.9673008176656922,1.0,0.7825,40.8,False,
sparse,B568/S01238,0.2,2,0.3,0.39767798013245037,0.379375,0.3553375,0.00503616242593226,0.9688256141626591,1.0,0.750625,39.6,False,
sparse,B568/S01238,0.2,3,0.4,0.4006291390728477,0.4075,0.3571958333333333,-0.006252723074242342,0.9709109323571162,1.0,0.680625,28.4,False,
sparse,B568/S01238,0.2,4,0.5,0.40158940397350995,0.405625,0.3610958333333333,-0.0027406108400143195,0.9713831288879005,1.0,0.6775,20.2,False,
sparse,B568/S01238,0.2,5,0.1,0.3983029801324503,0.39,0.3553833333333334,0.018017710874868996,0.9668624372382343,1.0,0.796875,42.0,False,
sparse,B568/S01238,0.2,6,0.2,0.39586092715231785,0.406875,0.3521291666666667,0.014776816835133683,0.9671806227477304,1.0,0.774375,44.2,False,
sparse,B568/S01238,0.2,7,0.3,0.3977814569536425,0.398125,0.35202916666666667,0.01048176629487566,0.9690888810216187,1.0,0.754375,36.8,False,
sparse,B568/S01238,0.2,8,0.4,0.4019701986754967,0.4175,0.35818749999999994,0.00021043917741371814,0.9716097831347043,1.0,0.6912499999999999,29.0,False,
sparse,B568/S01238,0.2,9,0.5,0.4010140728476821,0.4225,0.3586708333333333,0.0011597028581380778,0.970790137235836,1.0,0.6956249999999999,17.8,False,
sparse,B568/S01238,0.21,0,0.1,0.4030298013245034,0.41625,0.36640416666666664,0.016191726211222918,0.9696364738570293,1.0,0.79375,41.0,False,
sparse,B568/S01238,0.21,1,0.2,0.4019453642384106,0.390625,0.36375833333333335,0.007769257581038396,0.9705329997516702,1.0,0.771875,43.0,False,
sparse,B568/S01238,0.21,2,0.3,0.4018377483443708,0.41,0.36318333333333336,0.010384062391076641,0.9713952249762791,1.0,0.744375,34.0,False,
sparse,B568/S01238,0.21,3,0.4,0.40592715231788074,0.4275,0.36714583333333334,0.0033797708260715742,0.9738714986944869,1.0,0.674375,20.6,False,
sparse,B568/S01238,0.21,4,0.5,0.4052235099337748,0.3975,0.3688833333333333,-0.002958238933426806,0.9734154812326127,1.0,0.683125,22.2,False,
sparse,B568/S01238,0.21,5,0.1,0.40019867549668875,0.41,0.3623416666666667,0.015320887068665056,0.9679915865140591,1.0,0.788125,41.2,False,
sparse,B568/S01238,0.21,6,0.2,0.40201986754966884,0.4025,0.365025,0.008571475252700854,0.9707317589454787,1.0,0.76375,42.8,False,
sparse,B568/S01238,0.21,7,0.3,0.4013120860927152,0.400625,0.36315416666666667,-0.004090493203207035,0.9709763625226131,1.0,0.744375,35.8,False,
sparse,B568/S01238,0.21,8,0.4,0.4054552980132451,0.39875,0.36837916666666665,0.002842889508539407,0.9737117266053715,1.0,0.683125,27.2,False,
sparse,B568/S01238,0.21,9,0.5,0.40560844370860927,0.40125,0.3681041666666667,-0.0036205995120258817,0.9733752846856836,1.0,0.68125,23.8,False,
sparse,B568/S01238,0.22,0,0.1,0.4055049668874172,0.41625,0.3741291666666667,0.011863345242244376,0.9708476222905889,1.0,0.786875,40.4,False,
sparse,B568/S01238,0.22,1,0.2,0.40648178807947016,0.403125,0.37394166666666667,0.010278842802370127,0.9731531344723905,1.0,0.763125,43.2,False,
sparse,B568/S01238,0.22,2,0.3,0.4076490066225166,0.41875,0.3753333333333333,0.009973640641338318,0.9745005052473532,1.0,0.736875,37.8,False,
sparse,B568/S01238,0.22,3,0.4,0.41016142384105964,0.419375,0.37811666666666666,0.0004894998257224029,0.9760387647256507,1.0,0.676875,21.4,False,
sparse,B568/S01238,0.22,4,0.5,0.4119536423841059,0.423125,0.38131250000000005,0.0006257624607875264,0.9770541042125496,1.0,0.6637500000000001,21.2,False,
sparse,B568/S01238,0.22,5,0.1,0.4053849337748345,0.4075,0.3726833333333333,0.01921695277099999,0.9710270598781034,1.0,0.78,38.2,False,
sparse,B568/S01238,0.22,6,0.2,0.4054470198675497,0.4075,0.3735666666666667,0.003112800627396329,0.9726808326894995,1.0,0.753125,42.0,False,
sparse,B568/S01238,0.22,7,0.3,0.405442880794702,0.403125,0.37213749999999995,0.008535530672708075,0.9733081012414524,1.0,0.735625,41.6,False,
sparse,B568/S01238,0.22,8,0.4,0.4085430463576159,0.4175,0.3757708333333333,0.0035212617636799725,0.9752970805277003,1.0,0.671875,25.4,False,
sparse,B568/S01238,0.22,9,0.5,0.4076490066225165,0.405,0.3754458333333333,-0.0013956300104574011,0.9744353693630471,1.0,0.6775,20.2,False,
sparse,B568/S01238,0.23,0,0.1,0.4079677152317881,0.411875,0.38000833333333334,0.01661619902404999,0.9722992794803493,1.0,0.779375,42.8,False,
sparse,B568/S01238,0.23,1,0.2,0.4110844370860927,0.408125,0.383175,0.012417545311954884,0.9755914209413791,1.0,0.755,38.8,False,
sparse,B568/S01238,0.23,2,0.3,0.4109188741721854,0.421875,0.3838041666666667,0.009217824154757314,0.9761419706026963,1.0,0.7268749999999999,38.4,False,
sparse,B568/S01238,0.23,3,0.4,0.4105711920529801,0.401875,0.381775,-0.010942183687696198,0.9763264495409542,1.0,0.666875,27.0,False,
sparse,B568/S01238,0.23,4,0.5,0.41624172185430464,0.42125,0.39095833333333335,-0.0005852431160686152,0.9791013166674973,1.0,0.6775,20.4,False,
sparse,B568/S01238,0.23,5,0.1,0.4100745033112583,0.415625,0.3840708333333333,0.01044190048797458,0.9734038151435788,1.0,0.768125,37.2,False,
sparse,B568/S01238,0.23,6,0.2,0.40922599337748344,0.415,0.38159166666666666,0.015297686476123735,0.9746151351126698,1.0,0.7481249999999999,40.2,False,
sparse,B568/S01238,0.23,7,0.3,0.40971854304635763,0.42,0.3805,0.005304439700243854,0.9756306905163548,1.0,0.7306250000000001,35.4,False,
sparse,B568/S01238,0.23,8,0.4,0.41164735099337746,0.385625,0.385025,0.0017158635413033283,0.9768827257916366,1.0,0.661875,24.4,False,
sparse,B568/S01238,0.23,9,0.5,0.41233029801324506,0.431875,0.38537499999999997,0.0032797795399090207,0.9769806061411811,1.0,0.65375,18.2,False,
sparse,B568/S01238,0.24,0,0.1,0.4140066225165563,0.4225,0.39207916666666665,0.021227235099337344,0.9754044280948097,1.0,0.7725,37.4,False,
sparse,B568/S01238,0.24,1,0.2,0.41469370860927157,0.41875,0.3932791666666666,0.009384149529452799,0.9772445273021151,1.0,0.745,36.8,False,
sparse,B568/S01238,0.24,2,0.3,0.4168543046357616,0.42875,0.3944583333333333,0.010499085047054312,0.9791375768687888,1.0,0.7175,28.6,False,
sparse,B568/S01238,0.24,3,0.4,0.41604718543046354,0.38375,0.3938375,0.0014057598466360977,0.9789914632191237,1.0,0.653125,26.0,False,
sparse,B568/S01238,0.24,4,0.5,0.41745447019867554,0.40375,0.3968333333333333,-0.004575418264203932,0.9796846879151978,1.0,0.6543749999999999,17.4,False,
sparse,B568/S01238,0.24,5,0.1,0.414283940397351,0.4375,0.39215,0.01453304722899901,0.9756105457399497,1.0,0.75125,37.4,False,
sparse,B568/S01238,0.24,6,0.2,0.41382864238410594,0.4125,0.3919416666666667,0.013315833042871972,0.9771293828676422,1.0,0.74,42.2,False,
sparse,B568/S01238,0.24,7,0.3,0.413580298013245,0.4175,0.39046666666666663,0.01011839926803756,0.9776192296167402,1.0,0.71625,33.6,False,
sparse,B568/S01238,0.24,8,0.4,0.41420529801324507,0.4275,0.3894458333333333,-0.0018625827814571267,0.9782074201385469,1.0,0.663125,19.0,False,
sparse,B568/S01238,0.24,9,0.5,0.41619619205298014,0.40125,0.39346250000000005,-0.00470873997908744,0.979013324584982,1.0,0.6525000000000001,18.6,False,
sparse,B568/S01238,0.25,0,0.1,0.41687086092715225,0.42375,0.39897916666666666,0.01956169397002446,0.9769489566185233,1.0,0.76,37.8,False,
sparse,B568/S01238,0.25,1,0.2,0.419296357615894,0.423125,0.4014416666666667,0.007932315266643475,0.9795822405670114,1.0,0.735,36.2,False,
sparse,B568/S01238,0.25,2,0.3,0.4200082781456954,0.441875,0.4020958333333333,0.014889878877657485,0.9805856205849974,1.0,0.70875,30.2,False,
sparse,B568/S01238,0.25,3,0.4,0.4201448675496689,0.41,0.4006208333333333,-0.005146283548275134,0.9811508154867385,1.0,0.6625,23.0,False,
sparse,B568/S01238,0.25,4,0.5,0.42300082781456955,0.410625,0.4061208333333334,-0.0006022350993380396,0.9823259757117461,1.0,0.631875,17.4,False,
sparse,B568/S01238,0.25,5,0.1,0.4156374172185431,0.419375,0.3986541666666666,0.018951616416869883,0.9762907022730682,1.0,0.7418750000000001,37.8,False,
sparse,B568/S01238,0.25,6,0.2,0.4163824503311258,0.435625,0.39777083333333335,0.01756317532241175,0.9782960450182278,1.0,0.731875,39.2,False,
sparse,B568/S01238,0.25,7,0.3,0.41751655629139073,0.398125,0.39707916666666665,0.008360382537469305,0.9795741956608982,1.0,0.70875,32.8,False,
sparse,B568/S01238,0.25,8,0.4,0.42245033112582786,0.41125,0.4053791666666667,0.0007424189613102132,0.9820206683491065,1.0,0.6425000000000001,22.2,False,
sparse,B568/S01238,0.25,9,0.5,0.4197930463576159,0.394375,0.40071666666666667,-0.0025736319275014405,0.9806718153094136,1.0,0.659375,19.2,False,
sparse,B568/S01238,0.26,0,0.1,0.42214403973509934,0.434375,0.4075,0.020437761415127036,0.9793090545114751,1.0,0.745625,33.2,False,
sparse,B568/S01238,0.26,1,0.2,0.4201779801324504,0.42625,0.4057041666666667,0.012539430115022157,0.9800206370528634,1.0,0.7262500000000001,34.2,False,
sparse,B568/S01238,0.26,2,0.3,0.4229470198675496,0.42375,0.4062916666666666,0.012264617462530252,0.982071774292239,1.0,0.700625,33.4,False,
sparse,B568/S01238,0.26,3,0.4,0.42288493377483444,0.40625,0.40950416666666667,-0.0032098509933781417,0.9823015427656991,1.0,0.6425000000000001,21.2,False,
sparse,B568/S01238,0.26,4,0.5,0.42524420529801327,0.438125,0.41277083333333336,0.003070320669222487,0.9834146447485168,1.0,0.6325000000000001,18.0,False,
sparse,B568/S01238,0.26,5,0.1,0.419908940397351,0.425625,0.4064625,0.019398963053328423,0.9782909874413761,1.0,0.734375,35.4,False,
sparse,B568/S01238,0.26,6,0.2,0.42116307947019865,0.446875,0.4051625,0.014410508888113842,0.9805115143152165,1.0,0.723125,35.8,False,
sparse,B568/S01238,0.26,7,0.3,0.4223096026490067,0.43375,0.4065166666666667,0.011057206343673494,0.9817147522930465,1.0,0.7025,31.4,False,
sparse,B568/S01238,0.26,8,0.4,0.422239238410596,0.426875,0.40848333333333336,0.0039584785639595645,0.9820054936159379,1.0,0.6425000000000001,19.2,False,
sparse,B568/S01238,0.26,9,0.5,0.4241225165562913,0.41625,0.41047083333333334,-0.004581626873475703,0.9826644730959859,1.0,0.62375,15.4,False,
sparse,B568/S01238,0.27,0,0.1,0.42519453642384103,0.43125,0.41668750000000004,0.015813001045660097,0.9806285741299887,1.0,0.7375,36.0,False,
sparse,B568/S01238,0.27,1,0.2,0.4271895695364239,0.433125,0.41823333333333335,0.009879204426629205,0.9831408996556877,1.0,0.7106250000000001,33.4,False,
sparse,B568/S01238,0.27,2,0.3,0.4266059602649006,0.415,0.41715833333333324,0.005220786859532582,0.9836318620205978,1.0,0.69,30.6,False,
sparse,B568/S01238,0.27,3,0.4,0.42559188741721854,0.41,0.41592916666666674,0.005619118159637029,0.9835421367656794,1.0,0.6212500000000001,19.8,False,
sparse,B568/S01238,0.27,4,0.5,0.4274006622516557,0.42375,0.4186583333333333,-0.00259062391077049,0.9843051629841262,1.0,0.625,17.6,False,
sparse,B568/S01238,0.27,5,0.1,0.42394039735099337,0.42875,0.4149916666666667,0.02087987974904111,0.9800245736282053,1.0,0.72375,35.8,False,
sparse,B568/S01238,0.27,6,0.2,0.42389486754966893,0.426875,0.41388749999999996,0.01661652579295903,0.9817686430855723,1.0,0.714375,37.0,False,
sparse,B568/S01238,0.27,7,0.3,0.4246564569536424,0.449375,0.41202916666666667,-0.0005453773091677227,0.9827825604977116,1.0,0.693125,27.4,False,
sparse,B568/S01238,0.27,8,0.4,0.4277193708609272,0.435,0.4179791666666666,-0.004474446671314007,0.9844244254579927,1.0,0.62375,19.2,False,
sparse,B568/S01238,0.27,9,0.5,0.42668874172185434,0.4425,0.41721250000000004,0.00018495120250930022,0.9838156080390853,1.0,0.6212500000000001,14.4,False,
sparse,B568/S01238,0.28,0,0.1,0.4295612582781457,0.444375,0.4236166666666666,0.014999019693272364,0.9824172448315938,1.0,0.729375,34.2,False,
sparse,B568/S01238,0.28,1,0.2,0.4314403973509933,0.42,0.4251125,0.010769649703729442,0.9846875071002625,1.0,0.7025,34.8,False,
sparse,B568/S01238,0.28,2,0.3,0.4296895695364238,0.42375,0.42293333333333333,0.006619031021261622,0.9848138401552127,1.0,0.678125,29.6,False,
sparse,B568/S01238,0.28,3,0.4,0.43113824503311265,0.42625,0.4227708333333333,-0.0036261545834787596,0.9858796425914992,1.0,0.62375,18.6,False,
sparse,B568/S01238,0.28,4,0.5,0.4302938741721855,0.429375,0.42461249999999995,-0.0005522394562564507,0.9854149933186309,1.0,0.6168750000000001,14.4,False,
sparse,B568/S01238,0.28,5,0.1,0.4300662251655629,0.4325,0.42494166666666666,0.01897775792959207,0.9825605100925411,1.0,0.71375,31.8,False,
sparse,B568/S01238,0.28,6,0.2,0.42823675496688735,0.435,0.4201666666666667,0.008701529278493957,0.9836558382041282,1.0,0.70375,35.4,False,
sparse,B568/S01238,0.28,7,0.3,0.4284602649006622,0.42375,0.42012499999999997,0.01305670529801345,0.9843036227998271,1.0,0.68625,27.6,False,
sparse,B568/S01238,0.28,8,0.4,0.43155629139072843,0.448125,0.42409166666666664,0.003280106308818124,0.9859367250203434,1.0,0.6231249999999999,14.4,False,
sparse,B568/S01238,0.28,9,0.5,0.432396523178808,0.405,0.4255791666666667,0.0009718107354472246,0.9861635297007605,1.0,0.619375,16.8,False,
sparse,B568/S01238,0.29,0,0.1,0.4314652317880795,0.44625,0.42934583333333326,0.01602866852561859,0.9831315024193598,1.0,0.72125,34.0,False,
sparse,B568/S01238,0.29,1,0.2,0.4339072847682119,0.450625,0.4299333333333333,0.012286837748343826,0.9856985574372346,1.0,0.69,29.2,False,
sparse,B568/S01238,0.29,2,0.3,0.4335471854304635,0.41625,0.43127499999999996,0.0018495120250954396,0.9863500345039621,1.0,0.6725,31.0,False,
sparse,B568/S01238,0.29,3,0.4,0.43480546357615896,0.43875,0.4306708333333334,0.003079796967584477,0.9872294218319788,1.0,0.615625,16.6,False,
sparse,B568/S01238,0.29,4,0.5,0.43588990066225164,0.44375,0.432125,-0.005713227605437975,0.9877006999265586,1.0,0.60875,16.6,False,
sparse,B568/S01238,0.29,5,0.1,0.4330049668874172,0.43125,0.4322083333333333,0.02278624956430799,0.9838349963454275,1.0,0.705625,37.2,False,
sparse,B568/S01238,0.29,6,0.2,0.43370860927152316,0.4125,0.42946666666666666,0.004743377483443558,0.9856971884282681,1.0,0.6975,38.2,False,
sparse,B568/S01238,0.29,7,0.3,0.43284354304635764,0.441875,0.4267458333333334,0.0038143734750780913,0.9860286379182164,1.0,0.681875,32.0,False,
sparse,B568/S01238,0.29,8,0.4,0.4339610927152317,0.433125,0.4320083333333333,0.002315811258277896,0.9869376284846375,1.0,0.615,15.6,False,
sparse,B568/S01238,0.29,9,0.5,0.43578642384105953,0.423125,0.4321499999999999,-0.0031830559428375612,0.9874594609303907,1.0,0.6131249999999999,11.6,False,
sparse,B568/S01238,0.3,0,0.1,0.4334975165562914,0.45625,0.4359875,0.016178655454862106,0.9839450246551267,1.0,0.71,35.0,False,
sparse,B568/S01238,0.3,1,0.2,0.4341721854304636,0.448125,0.43498333333333333,0.015687848553502727,0.9857909519628552,1.0,0.6837500000000001,35.0,False,
sparse,B568/S01238,0.3,2,0.3,0.43855546357615893,0.425625,0.4383125,0.010975187347507612,0.988205167222605,1.0,0.6681250000000001,25.2,False,
sparse,B568/S01238,0.3,3,0.4,0.4383940397350993,0.428125,0.4376333333333332,0.0038973727779710323,0.9885117749186837,1.0,0.61625,16.8,False,
sparse,B568/S01238,0.3,4,0.5,0.43985927152317883,0.434375,0.43807916666666663,0.0047205036598116515,0.989079260086454,1.0,0.6074999999999999,11.6,False,
sparse,B568/S01238,0.3,5,0.1,0.43473096026490066,0.45375,0.4342,0.020411619902404598,0.9844857527002286,1.0,0.6912499999999999,32.2,False,
sparse,B568/S01238,0.3,6,0.2,0.43699503311258286,0.44375,0.43594166666666656,0.008844980829556849,0.9869740035314346,1.0,0.688125,34.8,False,
sparse,B568/S01238,0.3,7,0.3,0.435885761589404,0.45375,0.4362,0.004810365109793633,0.9872794735335401,1.0,0.6756249999999999,28.6,False,
sparse,B568/S01238,0.3,8,0.4,0.43847682119205283,0.44875,0.43852083333333336,0.00768593150923604,0.9884619337786492,1.0,0.6056250000000001,19.6,False,
sparse,B568/S01238,0.3,9,0.5,0.4380546357615895,0.428125,0.4392083333333333,-0.000881622516556515,0.9883679421988104,1.0,0.60375,16.2,False,
sparse,B568/S01238,0.31,0,0.1,0.43923427152317884,0.440625,0.44297499999999995,0.01514279801324461,0.9860411682762804,1.0,0.7025,33.8,False,
sparse,B568/S01238,0.31,1,0.2,0.44015728476821186,0.44125,0.4431124999999999,0.012305136807249787,0.987851063997546,1.0,0.675,32.4,False,
sparse,B568/S01238,0.31,2,0.3,0.4405422185430463,0.459375,0.44287083333333327,0.010373605785987717,0.9889418697684109,1.0,0.65625,27.0,False,
sparse,B568/S01238,0.31,3,0.4,0.4409644039735099,0.40875,0.44095416666666665,0.00038656761937923425,0.9894617321257537,1.0,0.609375,18.6,False,
sparse,B568/S01238,0.31,4,0.5,0.44290149006622526,0.444375,0.4452041666666667,0.0007175845242239391,0.9900405074530803,1.0,0.5925,17.4,False,
sparse,B568/S01238,0.31,5,0.1,0.43997102649006625,0.445625,0.4437125,0.018638571802021473,0.9862202928720611,1.0,0.680625,34.2,False,
sparse,B568/S01238,0.31,6,0.2,0.43985513245033114,0.42375,0.44221666666666676,0.012326050017427762,0.9879180660112706,1.0,0.6799999999999999,37.8,False,
sparse,B568/S01238,0.31,7,0.3,0.43882864238410596,0.44,0.437875,0.0035255097594976883,0.9881897797304862,1.0,0.6675,30.0,False,
sparse,B568/S01238,0.31,8,0.4,0.44023592715231774,0.431875,0.44087499999999996,-9.31291390727001e-05,0.9892094316708873,1.0,0.605,18.2,False,
sparse,B568/S01238,0.31,9,0.5,0.4424503311258278,0.44875,0.44324583333333334,-0.00569721592889536,0.9897641991249454,1.0,0.593125,12.2,False,
sparse,B568/S01238,0.32,0,0.1,0.4416970198675496,0.43125,0.4473875,0.008216604217497184,0.9868497658790069,1.0,0.68875,34.6,False,
sparse,B568/S01238,0.32,1,0.2,0.4422475165562913,0.43875,0.4485375000000001,0.008663624085046995,0.9887141053215205,1.0,0.665625,35.8,False,
sparse,B568/S01238,0.32,2,0.3,0.4438907284768212,0.466875,0.44589583333333327,0.010037687347507653,0.9899172065380981,1.0,0.646875,25.4,False,
sparse,B568/S01238,0.32,3,0.4,0.44284768211920533,0.42625,0.4475375000000001,0.0032980785988145456,0.9900246147555861,1.0,0.6056250000000001,16.6,False,
sparse,B568/S01238,0.32,4,0.5,0.444908940397351,0.434375,0.4492958333333333,-0.005678916869989899,0.9907520615168648,1.0,0.58375,16.2,False,
sparse,B568/S01238,0.32,5,0.1,0.4409023178807947,0.45625,0.44578333333333336,0.01256524485883543,0.9866171846932897,1.0,0.6699999999999999,29.6,False,
sparse,B568/S01238,0.32,6,0.2,0.44024834437086097,0.435625,0.4460791666666665,0.012162992331822496,0.9880960459931051,1.0,0.6699999999999999,31.8,False,
sparse,B568/S01238,0.32,7,0.3,0.44274834437086086,0.449375,0.44719583333333335,0.00216092279539902,0.9895824663498244,1.0,0.659375,23.8,False,
sparse,B568/S01238,0.32,8,0.4,0.4443750000000001,0.4425,0.4463375,0.0016808992680370453,0.9905025761356585,1.0,0.5974999999999999,14.0,False,
sparse,B568/S01238,0.32,9,0.5,0.4447557947019867,0.461875,0.4497333333333333,0.0005140074938998864,0.990606822526522,1.0,0.58875,13.4,False,
sparse,B568/S01238,0.33,0,0.1,0.4464569536423841,0.439375,0.4533166666666667,0.014739565179504928,0.9882698034753806,1.0,0.6799999999999999,31.2,False,
sparse,B568/S01238,0.33,1,0.2,0.4469412251655629,0.451875,0.45565,0.007450984663645526,0.9900631285932883,1.0,0.6575,31.4,False,
sparse,B568/S01238,0.33,2,0.3,0.44729304635761585,0.453125,0.45326249999999996,0.004175126350644617,0.9911279479673708,1.0,0.638125,27.2,False,
sparse,B568/S01238,0.33,3,0.4,0.4471109271523178,0.440625,0.45208333333333334,-0.002831452596724298,0.9913949929795619,1.0,0.59875,14.8,False,
sparse,B568/S01238,0.33,4,0.5,0.4491183774834438,0.454375,0.4564708333333332,-0.0012204818752179444,0.992109213418867,1.0,0.584375,10.0,False,
sparse,B568/S01238,0.33,5,0.1,0.44322019867549667,0.4325,0.45202500000000007,0.016205123736493146,0.9874859736549589,1.0,0.6625,31.4,False,
sparse,B568/S01238,0.33,6,0.2,0.44540562913907283,0.418125,0.45282916666666667,0.014363780934123221,0.9897088028603153,1.0,0.659375,37.2,False,
sparse,B568/S01238,0.33,7,0.3,0.4461341059602649,0.43625,0.4524000000000001,0.009232201986754538,0.9906003958901011,1.0,0.6481250000000001,26.2,False,
sparse,B568/S01238,0.33,8,0.4,0.4472930463576159,0.434375,0.4537583333333333,0.002500108922969865,0.9914024308583828,1.0,0.593125,18.6,False,
sparse,B568/S01238,0.33,9,0.5,0.4492673841059602,0.439375,0.45527500000000004,-0.00013593586615602047,0.992005980326378,1.0,0.5856250000000001,13.4,False,
sparse,B568/S01238,0.34,0,0.1,0.4505670529801325,0.47875,0.45927083333333335,0.019660378180550664,0.9895225752149872,1.0,0.67125,31.6,False,
sparse,B568/S01238,0.34,1,0.2,0.4515024834437086,0.453125,0.4595416666666667,0.011792763157894418,0.9914369377851647,1.0,0.6481250000000001,30.2,False,
sparse,B568/S01238,0.34,2,0.3,0.4498096026490067,0.4425,0.4573750000000001,0.008186868246775551,0.9916828500401083,1.0,0.628125,27.0,False,
sparse,B568/S01238,0.34,3,0.4,0.4504801324503311,0.446875,0.4585666666666666,0.0014871253049843357,0.9924671169707955,1.0,0.593125,16.0,False,
sparse,B568/S01238,0.34,4,0.5,0.45294288079470196,0.4475,0.4607249999999999,-0.004985840013941881,0.9931865791088309,1.0,0.58375,13.8,False,
sparse,B568/S01238,0.34,5,0.1,0.4481291390728478,0.4675,0.45768333333333333,0.01597344457999316,0.9889802581049274,1.0,0.650625,30.2,False,
sparse,B568/S01238,0.34,6,0.2,0.44962334437086093,0.46125,0.4580916666666667,0.014936933600557522,0.9910446283187885,1.0,0.653125,36.2,False,
sparse,B568/S01238,0.34,7,0.3,0.44971026490066224,0.458125,0.4556041666666666,0.001573719065876036,0.9917231448555465,1.0,0.639375,30.6,False,
sparse,B568/S01238,0.34,8,0.4,0.44941639072847683,0.446875,0.45911666666666673,0.0009260630881834761,0.9920679572237161,1.0,0.585,15.6,False,
sparse,B568/S01238,0.34,9,0.5,0.4526200331125827,0.454375,0.45984166666666665,-0.0020641991983274357,0.9929773708559009,1.0,0.575625,12.6,False,
sparse,B568/S01238,0.35,0,0.1,0.45242135761589414,0.455,0.46313749999999987,0.009952400662251365,0.9900711950918744,1.0,0.65625,33.2,False,
sparse,B568/S01238,0.35,1,0.2,0.45521109271523175,0.456875,0.46569999999999995,0.017729500697106736,0.9924913453101063,1.0,0.635,31.8,False,
sparse,B568/S01238,0.35,2,0.3,0.45389486754966885,0.463125,0.4625125,0.006335068839316264,0.9929544420602583,1.0,0.618125,24.6,False,
sparse,B568/S01238,0.35,3,0.4,0.4551448675496688,0.464375,0.46357499999999996,0.001962574067618867,0.9936437899073437,1.0,0.58875,13.0,False,
sparse,B568/S01238,0.35,4,0.5,0.4567798013245033,0.453125,0.46615416666666665,0.0008505794701982192,0.9941909306150422,1.0,0.57125,9.4,False,
sparse,B568/S01238,0.35,5,0.1,0.4520281456953642,0.459375,0.4632458333333333,0.013811868246775749,0.9899565905590334,1.0,0.638125,30.6,False,
sparse,B568/S01238,0.35,6,0.2,0.45090231788079466,0.461875,0.46345416666666667,0.004745338096897613,0.991285950470118,1.0,0.64375,36.2,False,
sparse,B568/S01238,0.35,7,0.3,0.4525206953642384,0.4525,0.4595083333333333,0.007697041652143108,0.9925070853106385,1.0,0.634375,25.8,False,
sparse,B568/S01238,0.35,8,0.4,0.45505794701986757,0.47,0.46279583333333335,0.006614783025444031,0.9936643103815423,1.0,0.5818749999999999,16.2,False,
sparse,B568/S01238,0.35,9,0.5,0.4557201986754967,0.44375,0.46431249999999996,-0.0030118290345067795,0.9936862771020682,1.0,0.565625,12.2,False,
sparse,B568/S01238,0.36,0,0.1,0.4561299668874173,0.47,0.4676125,0.016980546357615773,0.9909350087634992,1.0,0.646875,31.2,False,
sparse,B568/S01238,0.36,1,0.2,0.4527690397350993,0.44625,0.46532083333333335,0.007398048100383071,0.991760930158709,1.0,0.6287499999999999,32.0,False,
sparse,B568/S01238,0.36,2,0.3,0.4554346026490066,0.450625,0.46858750000000005,0.0058517776228645705,0.993306425875025,1.0,0.610625,30.4,False,
sparse,B568/S01238,0.36,3,0.4,0.4576241721854305,0.460625,0.46844166666666676,0.0020534158243283454,0.9942318440537166,1.0,0.5862499999999999,14.6,False,
sparse,B568/S01238,0.36,4,0.5,0.45752069536423834,0.47125,0.4678583333333334,-0.0039424668874177,0.9943759692132221,1.0,0.569375,12.2,False,
sparse,B568/S01238,0.36,5,0.1,0.4531084437086093,0.44625,0.46459166666666657,0.015567924363889698,0.990328905074125,1.0,0.6275,28.2,False,
sparse,B568/S01238,0.36,6,0.2,0.4573261589403974,0.469375,0.4672625,0.0170949154757753,0.9931051539003756,1.0,0.635625,31.8,False,
sparse,B568/S01238,0.36,7,0.3,0.45629139072847685,0.435,0.46834166666666666,0.0033202988846281825,0.9934816719756725,1.0,0.619375,24.0,False,
sparse,B568/S01238,0.36,8,0.4,0.45844784768211927,0.461875,0.4676249999999999,0.004133953468106687,0.994558433957465,1.0,0.5800000000000001,13.4,False,
sparse,B568/S01238,0.36,9,0.5,0.459635761589404,0.441875,0.4694833333333333,-0.0015073849773446038,0.9947261720556406,1.0,0.565625,9.8,False,
sparse,B568/S01238,0.37,0,0.1,0.4575455298013245,0.46875,0.46972916666666664,0.012720460090624034,0.9913433627866955,1.0,0.639375,31.6,False,
sparse,B568/S01238,0.37,1,0.2,0.46076158940397355,0.435,0.4700791666666667,0.008705450505402756,0.9935916019024695,1.0,0.62,35.6,False,
sparse,B568/S01238,0.37,2,0.3,0.45907284768211915,0.46,0.4725083333333333,0.009982790170790954,0.994219789529836,1.0,0.6025,22.2,False,
sparse,B568/S01238,0.37,3,0.4,0.46109685430463576,0.454375,0.47161666666666674,-0.002296858661554853,0.9951350356294588,1.0,0.5818749999999999,15.6,False,
sparse,B568/S01238,0.37,4,0.5,0.4618087748344371,0.46625,0.472275,-0.0048597072150580786,0.9952630038262604,1.0,0.565,9.0,False,
sparse,B568/S01238,0.37,5,0.1,0.4574793046357616,0.46,0.47109166666666674,0.014466386371557725,0.9913851620640043,1.0,0.61625,29.8,False,
sparse,B568/S01238,0.37,6,0.2,0.46028559602648994,0.444375,0.47322083333333337,0.008984184384802776,0.9936730024750016,1.0,0.63125,33.0,False,
sparse,B568/S01238,0.37,7,0.3,0.4577193708609271,0.449375,0.46997916666666667,0.003169658417566584,0.9938085968419351,1.0,0.610625,24.0,False,
sparse,B568/S01238,0.37,8,0.4,0.46198675496688735,0.46375,0.4732041666666667,-0.002515793830603377,0.9953179115531506,1.0,0.575,15.4,False,
sparse,B568/S01238,0.37,9,0.5,0.4610306291390729,0.47625,0.4724708333333333,-0.002788972638550518,0.9951620023827042,1.0,0.565625,8.6,False,
sparse,B568/S01238,0.38,0,0.1,0.4622806291390729,0.46625,0.4774875,0.007499346462181474,0.9924479883040536,1.0,0.6287499999999999,30.2,False,
sparse,B568/S01238,0.38,1,0.2,0.4620943708609272,0.471875,0.47439166666666666,0.013174342105262946,0.9939541499355736,1.0,0.610625,27.6,False,
sparse,B568/S01238,0.38,2,0.3,0.4621605960264901,0.47375,0.4776333333333332,0.007904866678284751,0.9948600524898857,1.0,0.593125,25.8,False,
sparse,B568/S01238,0.38,3,0.4,0.4641970198675497,0.455,0.47713750000000005,-0.008040149006622815,0.9957757752554867,1.0,0.5775,14.0,False,
sparse,B568/S01238,0.38,4,0.5,0.4650248344370861,0.465625,0.4768958333333334,-0.0011747342279545708,0.9960446462396256,1.0,0.5525,10.6,False,
sparse,B568/S01238,0.38,5,0.1,0.46037665562913904,0.478125,0.47512916666666666,0.016682206343673504,0.9919782697759455,1.0,0.606875,28.0,False,
sparse,B568/S01238,0.38,6,0.2,0.4618460264900663,0.45375,0.4744166666666667,0.009062935691878375,0.9941418069843069,1.0,0.6174999999999999,34.4,False,
sparse,B568/S01238,0.38,7,0.3,0.46349337748344377,0.465,0.4741000000000001,0.008303851516207342,0.9950747303042214,1.0,0.6018749999999999,25.4,False,
sparse,B568/S01238,0.38,8,0.4,0.46329056291390724,0.4425,0.47484583333333336,0.0025945451376783524,0.9955769727506628,1.0,0.566875,16.0,False,
sparse,B568/S01238,0.38,9,0.5,0.4645695364238411,0.455625,0.47711666666666663,-0.002519061519693908,0.9958307516215197,1.0,0.5549999999999999,8.4,False,
sparse,B568/S01238,0.39,0,0.1,0.46249586092715234,0.471875,0.47882499999999995,0.013931792436388592,0.9924773334247512,1.0,0.619375,30.4,False,
sparse,B568/S01238,0.39,1,0.2,0.4650579470198675,0.464375,0.4776333333333334,0.015808753049843006,0.9945217768667325,1.0,0.6018749999999999,28.4,False,
sparse,B568/S01238,0.39,2,0.3,0.46680877483443706,0.469375,0.48012916666666666,0.013291978912512882,0.9957566531019041,1.0,0.5825,26.8,False,
sparse,B568/S01238,0.39,3,0.4,0.46756208609271527,0.456875,0.47987499999999994,-0.004588815789474222,0.9964517700782359,1.0,0.573125,14.6,False,
sparse,B568/S01238,0.39,4,0.5,0.4673716887417218,0.488125,0.48018749999999993,-0.001740697978390415,0.9964398613011335,1.0,0.5575,7.8,False,
sparse,B568/S01238,0.39,5,0.1,0.4642922185430465,0.480625,0.47983750000000003,0.015015684907632998,0.9928657755418667,1.0,0.59625,30.4,False,
sparse,B568/S01238,0.39,6,0.2,0.464817880794702,0.46875,0.47795000000000004,0.014670616939699984,0.9946152903400819,1.0,0.610625,34.6,False,
sparse,B568/S01238,0.39,7,0.3,0.4656870860927152,0.474375,0.47687916666666674,0.006849403102125942,0.9955526666263607,1.0,0.59375,26.8,False,
sparse,B568/S01238,0.39,8,0.4,0.4664817880794701,0.495,0.4792625,0.003877113105611389,0.9961891867261151,1.0,0.5587500000000001,13.8,False,
sparse,B568/S01238,0.39,9,0.5,0.46656043046357615,0.466875,0.47894166666666665,0.0018792479958165105,0.9962713038509718,1.0,0.56,7.4,False,
sparse,B568/S01238,0.4,0,0.1,0.46916390728476814,0.478125,0.48330833333333334,0.010240937608922415,0.9937007132750894,1.0,0.603125,29.4,False,
sparse,B568/S01238,0.4,1,0.2,0.4687127483443708,0.480625,0.48249166666666665,0.011286924886719734,0.9951319954720139,1.0,0.596875,31.0,False,
sparse,B568/S01238,0.4,2,0.3,0.4707905629139074,0.4825,0.48353333333333326,0.01236754966887392,0.9964932734700199,1.0,0.575,20.6,False,
sparse,B568/S01238,0.4,3,0.4,0.47023592715231793,0.465625,0.48370833333333335,-0.0003777448588362626,0.9969006922740596,1.0,0.571875,10.4,False,
sparse,B568/S01238,0.4,4,0.5,0.4711920529801325,0.470625,0.4840625,-0.00735752875566416,0.9971715384667137,1.0,0.56125,11.0,False,
sparse,B568/S01238,0.4,5,0.1,0.4675413907284768,0.45875,0.4827999999999999,0.012639748170093813,0.9934413453685316,1.0,0.590625,30.2,False,
sparse,B568/S01238,0.4,6,0.2,0.4694991721854304,0.469375,0.4815375,0.010499411815963415,0.9955186672465337,1.0,0.59625,31.2,False,
sparse,B568/S01238,0.4,7,0.3,0.468580298013245,0.460625,0.48098749999999996,0.008843020216102542,0.9960627775883337,1.0,0.5856250000000001,24.6,False,
sparse,B568/S01238,0.4,8,0.4,0.4711175496688741,0.46,0.4849125000000002,-0.0010015467061699828,0.9969736741564685,1.0,0.5543750000000001,13.8,False,
sparse,B568/S01238,0.4,9,0.5,0.4712665562913907,0.47125,0.48532916666666664,-0.0014332084349953842,0.9970034283447801,1.0,0.548125,7.4,False,
sparse,B568/S01238,0.41,0,0.1,0.4709933774834437,0.475,0.4860791666666666,0.012948544789124883,0.9940778563297497,1.0,0.5925,28.8,False,
sparse,B568/S01238,0.41,1,0.2,0.4711299668874172,0.4825,0.48518749999999994,0.016132254269780277,0.9955674159041811,1.0,0.58375,26.8,False,
sparse,B568/S01238,0.41,2,0.3,0.47057119205298015,0.475,0.4865166666666667,0.006405977692575203,0.9964159469880055,1.0,0.569375,23.6,False,
sparse,B568/S01238,0.41,3,0.4,0.4751862582781457,0.47875,0.4863625,0.0005368813175321668,0.9976288094046081,1.0,0.5662499999999999,11.4,False,
sparse,B568/S01238,0.41,4,0.5,0.47150662251655623,0.481875,0.4866958333333332,0.0074656892645516655,0.9971873196041202,1.0,0.544375,8.8,False,
sparse,B568/S01238,0.41,5,0.1,0.47076986754966893,0.485,0.4853416666666667,0.012314286336701926,0.9939955892378948,1.0,0.58375,28.4,False,
sparse,B568/S01238,0.41,6,0.2,0.47115894039735096,0.451875,0.48542083333333336,0.009552108748692988,0.9958606308233687,1.0,0.58875,28.6,False,
sparse,B568/S01238,0.41,7,0.3,0.4715273178807947,0.468125,0.48528750000000004,0.005960918438480136,0.9966173222171522,1.0,0.58125,23.0,False,
sparse,B568/S01238,0.41,8,0.4,0.47266970198675495,0.4825,0.48522083333333343,-0.0034470852213321903,0.9972254324729031,1.0,0.553125,13.0,False,
sparse,B568/S01238,0.41,9,0.5,0.4752028145695364,0.460625,0.4870166666666667,0.00223934733356533,0.9977754372783305,1.0,0.5475,7.6,False,
sparse,B568/S01238,0.42,0,0.1,0.47484685430463575,0.488125,0.48912500000000003,0.02005740240501926,0.9946282171442294,1.0,0.585,27.2,False,
sparse,B568/S01238,0.42,1,0.2,0.4730380794701987,0.48875,0.4878458333333333,0.011876415998605314,0.9958010058158779,1.0,0.578125,30.8,False,
sparse,B568/S01238,0.42,2,0.3,0.47416804635761584,0.4925,0.48922499999999997,0.008851516207737536,0.9970602057790738,1.0,0.56,23.4,False,
sparse,B568/S01238,0.42,3,0.4,0.4724958609271524,0.465,0.4889541666666667,-0.00405226124085047,0.9972226800261481,1.0,0.5575,12.6,False,
sparse,B568/S01238,0.42,4,0.5,0.4769163907284768,0.485,0.48895833333333333,-0.0032506971070064682,0.998025691263133,1.0,0.55125,9.4,False,
sparse,B568/S01238,0.42,5,0.1,0.4724958609271524,0.459375,0.48772916666666655,0.009343956953642492,0.994273953906696,1.0,0.571875,28.4,False,
sparse,B568/S01238,0.42,6,0.2,0.47424668874172177,0.456875,0.48847916666666674,0.007917283896828045,0.9962077159561875,1.0,0.5762499999999999,29.4,False,
sparse,B568/S01238,0.42,7,0.3,0.4749296357615894,0.468125,0.4877958333333334,0.010857550540257742,0.997061426387037,1.0,0.579375,23.8,False,
sparse,B568/S01238,0.42,8,0.4,0.474805463576159,0.4775,0.48862916666666667,0.003177500871382996,0.9975664502688482,1.0,0.5475,13.8,False,
sparse,B568/S01238,0.42,9,0.5,0.4757864238410596,0.455,0.48871249999999994,-0.0014407241199025683,0.9979084103901227,1.0,0.5525,6.6,False,
sparse,B568/S01238,0.43,0,0.1,0.4777276490066225,0.49375,0.4901125,0.014644802195886274,0.9949361532759616,1.0,0.575,26.0,False,
sparse,B568/S01238,0.43,1,0.2,0.47680463576158943,0.4775,0.4907125,0.011209807424189462,0.9964833999081835,1.0,0.569375,29.2,False,
sparse,B568/S01238,0.43,2,0.3,0.47784354304635773,0.48125,0.4911166666666666,0.010689591321017553,0.9974772111698776,1.0,0.549375,20.8,False,
sparse,B568/S01238,0.43,3,0.4,0.47784354304635773,0.46625,0.49202916666666674,0.0021292262112234555,0.9979945537988517,1.0,0.5549999999999999,12.8,False,
sparse,B568/S01238,0.43,4,0.5,0.48074917218543045,0.4775,0.49057500000000004,0.0022239891948409836,0.9984834678373803,1.0,0.549375,8.6,False,
sparse,B568/S01238,0.43,5,0.1,0.47557947019867547,0.483125,0.49052083333333324,0.008607746601603237,0.9947012336449951,1.0,0.563125,28.8,False,
sparse,B568/S01238,0.43,6,0.2,0.477603476821192,0.479375,0.49226250000000005,0.010841538863715314,0.9967562553087186,1.0,0.5706249999999999,32.6,False,
sparse,B568/S01238,0.43,7,0.3,0.47692880794701975,0.46375,0.48961666666666664,0.0053590101080512,0.9973258900753895,1.0,0.561875,26.0,False,
sparse,B568/S01238,0.43,8,0.4,0.47787665562913917,0.483125,0.49251666666666666,0.0016031282676887539,0.9980046876422027,1.0,0.5475,14.0,False,
sparse,B568/S01238,0.43,9,0.5,0.4801655629139073,0.463125,0.49286666666666673,0.00023756099686227672,0.9984438502319719,1.0,0.541875,7.0,False,
sparse,B568/S01238,0.44,0,0.1,0.48056291390728473,0.476875,0.4937833333333333,0.010415758975251831,0.9952801943148855,1.0,0.5675,28.2,False,
sparse,B568/S01238,0.44,1,0.2,0.483373344370861,0.49125,0.49530416666666666,0.012150248344370349,0.9971202186235311,1.0,0.5606249999999999,27.6,False,
sparse,B568/S01238,0.44,2,0.3,0.4795281456953642,0.4725,0.49284999999999995,0.011879356918786992,0.9976622139383394,1.0,0.548125,23.6,False,
sparse,B568/S01238,0.44,3,0.4,0.4816307947019867,0.495,0.4925041666666667,0.0016367854653187494,0.9984716287310351,1.0,0.5449999999999999,11.8,False,
sparse,B568/S01238,0.44,4,0.5,0.4837127483443709,0.484375,0.49442083333333336,-0.0026821192052983622,0.9987522956346758,1.0,0.541875,9.6,False,
sparse,B568/S01238,0.44,5,0.1,0.4790562913907286,0.4975,0.4929916666666666,0.01623126524921577,0.9950566381282313,1.0,0.55125,27.2,False,
sparse,B568/S01238,0.44,6,0.2,0.4795157284768213,0.476875,0.4904124999999999,0.00696802021610331,0.9968804938443463,1.0,0.558125,30.6,False,
sparse,B568/S01238,0.44,7,0.3,0.47990480132450325,0.4925,0.49125,0.010810495817357518,0.997612081128071,1.0,0.553125,26.6,False,
sparse,B568/S01238,0.44,8,0.4,0.4838451986754966,0.478125,0.4928333333333334,0.0055282764029277376,0.9986433854069882,1.0,0.5449999999999999,12.6,False,
sparse,B568/S01238,0.44,9,0.5,0.48300496688741723,0.48125,0.4930041666666666,-0.0022413079470201985,0.9986868337058871,1.0,0.5487500000000001,8.4,False,
sparse,B568/S01238,0.45,0,0.1,0.4845074503311258,0.48375,0.49418750000000006,0.023780934123388123,0.9955312471503796,1.0,0.56,29.0,False,
sparse,B568/S01238,0.45,1,0.2,0.4838824503311259,0.479375,0.49438333333333323,0.0055237016382008565,0.9972631866371406,1.0,0.548125,28.2,False,
sparse,B568/S01238,0.45,2,0.3,0.4841059602649006,0.471875,0.4963458333333333,0.0074483705123732005,0.9981338677653802,1.0,0.54125,23.8,False,
sparse,B568/S01238,0.45,3,0.4,0.48460678807947016,0.495625,0.4969333333333333,0.00777383234576484,0.9988059385130091,1.0,0.5431250000000001,10.8,False,
sparse,B568/S01238,0.45,4,0.5,0.4855256622516556,0.474375,0.49395416666666675,0.0003702291739276411,0.9990450206061241,1.0,0.540625,9.6,False,
sparse,B568/S01238,0.45,5,0.1,0.48150662251655635,0.485,0.49502500000000005,0.01820658330428678,0.9953174807851543,1.0,0.541875,26.2,False,
sparse,B568/S01238,0.45,6,0.2,0.4839610927152317,0.471875,0.49437916666666665,0.011091843848030424,0.9973422610529808,1.0,0.558125,28.0,False,
sparse,B568/S01238,0.45,7,0.3,0.4837665562913908,0.47875,0.4929833333333333,0.003220307598466004,0.9980647378917253,1.0,0.540625,24.2,False,
sparse,B568/S01238,0.45,8,0.4,0.4842798013245033,0.4925,0.49276250000000005,0.0005408025444405292,0.9986538220406211,1.0,0.54125,12.8,False,
sparse,B568/S01238,0.45,9,0.5,0.48706539735099336,0.483125,0.49670833333333336,0.0013910552457298952,0.99901799002354,1.0,0.54125,7.0,False,
sparse,B568/S01238,0.46,0,0.1,0.48597682119205293,0.4925,0.49633750000000004,0.01434156064830896,0.9956817623072297,1.0,0.551875,26.2,False,
sparse,B568/S01238,0.46,1,0.2,0.48665149006622516,0.488125,0.49604166666666666,0.010703969153014527,0.997429718270442,1.0,0.55,27.6,False,
sparse,B568/S01238,0.46,2,0.3,0.4871895695364239,0.504375,0.4952541666666666,0.007454252352736181,0.9983035745415745,1.0,0.54,22.6,False,
sparse,B568/S01238,0.46,3,0.4,0.4886879139072848,0.469375,0.4975,-0.004081343673754523,0.9990987593588635,1.0,0.541875,12.6,False,
sparse,B568/S01238,0.46,4,0.5,0.48807119205298016,0.48,0.49488333333333334,5.3263332170682746e-05,0.9991332864269244,1.0,0.546875,8.0,False,
sparse,B568/S01238,0.46,5,0.1,0.4851448675496689,0.485625,0.4972791666666666,0.018655563785290586,0.9956108680295602,1.0,0.55,28.6,False,
sparse,B568/S01238,0.46,6,0.2,0.48595198675496687,0.494375,0.49677083333333333,0.012068556117113757,0.9975271009389403,1.0,0.5393749999999999,30.4,False,
sparse,B568/S01238,0.46,7,0.3,0.48656043046357617,0.485,0.4961500000000001,0.00467540955036561,0.9982910965378875,1.0,0.5487500000000001,23.4,False,
sparse,B568/S01238,0.46,8,0.4,0.48773592715231784,0.456875,0.4973749999999999,-0.00017351429069400364,0.9988234589791221,1.0,0.5393749999999999,12.8,False,
sparse,B568/S01238,0.46,9,0.5,0.4876283112582782,0.480625,0.49732499999999996,-0.002425278842802564,0.9990605080248702,1.0,0.54125,6.8,False,
sparse,B568/S01238,0.47,0,0.1,0.48769039735099345,0.4775,0.49675416666666666,0.013412883408852784,0.9957231095555384,1.0,0.5449999999999999,27.2,False,
sparse,B568/S01238,0.47,1,0.2,0.4913783112582782,0.49875,0.4983375,0.009779866678284984,0.997598920204041,1.0,0.541875,26.4,False,
sparse,B568/S01238,0.47,2,0.3,0.4910885761589403,0.5175,0.49845,0.009803067270825368,0.9985602079757573,1.0,0.534375,22.2,False,
sparse,B568/S01238,0.47,3,0.4,0.49016142384105954,0.46125,0.49700416666666664,0.0019521174625306925,0.9991567529610046,1.0,0.54625,10.0,False,
sparse,B568/S01238,0.47,4,0.5,0.4908402317880795,0.491875,0.4970208333333333,0.0030817575810380333,0.9993823990767128,1.0,0.545625,8.6,False,
sparse,B568/S01238,0.47,5,0.1,0.4886134105960265,0.480625,0.4977958333333333,0.01148592715231753,0.9958793687070849,1.0,0.540625,26.6,False,
sparse,B568/S01238,0.47,6,0.2,0.48913079470198667,0.50875,0.49715000000000004,0.014211833391425462,0.9977636127355641,1.0,0.5431250000000001,27.8,False,
sparse,B568/S01238,0.47,7,0.3,0.48932119205298025,0.49125,0.49705000000000005,0.007787229871034443,0.9985722947935962,1.0,0.540625,23.8,False,
sparse,B568/S01238,0.47,8,0.4,0.4906208609271523,0.49,0.4973208333333334,0.001795595155105801,0.9991764426311203,1.0,0.5475,12.8,False,
sparse,B568/S01238,0.47,9,0.5,0.4898054635761589,0.479375,0.4972083333333333,-0.0019511371558043205,0.9992261166928973,1.0,0.544375,7.2,False,
sparse,B568/S01238,0.48,0,0.1,0.492123344370861,0.48125,0.49907083333333335,0.010388963924712313,0.9959466221215093,1.0,0.5425,26.0,False,
sparse,B568/S01238,0.48,1,0.2,0.4953311258278147,0.505,0.4970208333333333,0.00585700592540972,0.9977940736844021,1.0,0.54125,27.6,False,
sparse,B568/S01238,0.48,2,0.3,0.4929056291390728,0.506875,0.4976791666666667,0.005755380794701902,0.9986400218058601,1.0,0.536875,21.0,False,
sparse,B568/S01238,0.48,3,0.4,0.49210264900662254,0.491875,0.4973416666666666,-0.0022828075984668563,0.9992530680937132,1.0,0.538125,10.6,False,
sparse,B568/S01238,0.48,4,0.5,0.4955753311258278,0.49875,0.49979166666666675,0.007045137678633395,0.9995464265048537,1.0,0.545625,6.8,False,
sparse,B568/S01238,0.48,5,0.1,0.48917218543046365,0.501875,0.4985125,0.014184058034157697,0.9958315517255861,1.0,0.5506249999999999,24.4,False,
sparse,B568/S01238,0.48,6,0.2,0.4930380794701986,0.484375,0.4992875000000001,0.015630337225513893,0.9979066207409237,1.0,0.55375,30.0,False,
sparse,B568/S01238,0.48,7,0.3,0.49215645695364235,0.52375,0.4973583333333333,0.008139486754966724,0.9986718696881572,1.0,0.5375,23.0,False,
sparse,B568/S01238,0.48,8,0.4,0.4932698675496689,0.486875,0.49969166666666676,0.005704404844893129,0.9992465917582755,1.0,0.541875,10.8,False,
sparse,B568/S01238,0.48,9,0.5,0.493828642384106,0.48375,0.49976249999999994,0.0010655934123384434,0.9994860678617783,1.0,0.54625,5.8,False,
sparse,B568/S01238,0.49,0,0.1,0.4939569536423841,0.490625,0.4996499999999999,0.01857877309166942,0.9959989335431871,1.0,0.5387500000000001,26.6,False,
sparse,B568/S01238,0.49,1,0.2,0.4970736754966888,0.528125,0.49933333333333335,0.013879182642035304,0.997834498182235,1.0,0.54625,27.8,False,
sparse,B568/S01238,0.49,2,0.3,0.4987706953642384,0.509375,0.4995958333333334,0.019188850644823868,0.9986977959512687,1.0,0.53625,20.6,False,
sparse,B568/S01238,0.49,3,0.4,0.49542632450331137,0.491875,0.4984916666666667,0.00180180376437751,0.9993570486596385,1.0,0.540625,11.4,False,
sparse,B568/S01238,0.49,4,0.5,0.49603476821192044,0.488125,0.4989541666666666,0.0037085003485532444,0.9995499494684912,1.0,0.54,7.8,False,
sparse,B568/S01238,0.49,5,0.1,0.49437499999999995,0.500625,0.4996541666666665,0.013301128441965581,0.996048650190855,1.0,0.538125,27.2,False,
sparse,B568/S01238,0.49,6,0.2,0.49431705298013245,0.49125,0.5000333333333334,0.012217562739630528,0.9978699752036989,1.0,0.5425,28.6,False,
sparse,B568/S01238,0.49,7,0.3,0.4951034768211921,0.5075,0.49793333333333334,0.011389203555245508,0.9987680085077413,1.0,0.5393749999999999,20.4,False,
sparse,B568/S01238,0.49,8,0.4,0.49529387417218546,0.486875,0.5007416666666668,-0.00018299058905536903,0.9992792323194226,1.0,0.544375,10.0,False,
sparse,B568/S01238,0.49,9,0.5,0.49670115894039724,0.48,0.5003208333333334,0.001659986057859446,0.9994368221925616,1.0,0.5543750000000001,7.4,False,
sparse,B568/S01238,0.5,0,0.1,0.49877897350993367,0.513125,0.49919166666666664,0.015765292784942105,0.995990510600431,1.0,0.538125,25.2,False,
sparse,B568/S01238,0.5,1,0.2,0.49839817880794707,0.486875,0.4994749999999999,0.010670311955384594,0.9977365345975667,1.0,0.535625,26.4,False,
sparse,B568/S01238,0.5,2,0.3,0.5002317880794702,0.515625,0.5003041666666665,0.010315767689089341,0.9987685423464238,1.0,0.54,20.0,False,
sparse,B568/S01238,0.5,3,0.4,0.49798427152317876,0.463125,0.49695833333333334,0.0007518952596719536,0.9993881862580966,1.0,0.541875,11.4,False,
sparse,B568/S01238,0.5,4,0.5,0.5013948675496688,0.488125,0.4998958333333333,0.004114674102474353,0.9995942449695165,1.0,0.5431250000000001,5.6,False,
sparse,B568/S01238,0.5,5,0.1,0.49711506622516555,0.50125,0.5005166666666667,0.01311519693272872,0.9961153082041162,1.0,0.545625,26.4,False,
sparse,B568/S01238,0.5,6,0.2,0.4987003311258278,0.48375,0.5009333333333332,0.010069057162773927,0.9979814549386455,1.0,0.54125,29.2,False,
sparse,B568/S01238,0.5,7,0.3,0.4981663907284767,0.509375,0.4994208333333333,0.01206561519693208,0.998802859545014,1.0,0.5387500000000001,22.4,False,
sparse,B568/S01238,0.5,8,0.4,0.4986961920529801,0.490625,0.49885000000000007,0.002103738236318975,0.9992863021173978,1.0,0.54125,11.2,False,
sparse,B568/S01238,0.5,9,0.5,0.4992259933774834,0.509375,0.4988249999999999,0.004918852387591054,0.9996278628326803,1.0,0.54625,5.0,False,
sparse,B568/S01238,0.51,0,0.1,0.4997971854304635,0.515625,0.5018833333333333,0.02251535813872426,0.9959924880223175,1.0,0.540625,24.6,False,
sparse,B568/S01238,0.51,1,0.2,0.5025538079470199,0.499375,0.5002749999999999,0.009422054722899698,0.9977157089508562,1.0,0.545625,25.4,False,
sparse,B568/S01238,0.51,2,0.3,0.5020653973509934,0.489375,0.5011375,0.012834175670965104,0.9986498570401454,1.0,0.5431250000000001,20.8,False,
sparse,B568/S01238,0.51,3,0.4,0.5026283112582781,0.48875,0.5010874999999999,0.006494858835831125,0.9992737908976954,1.0,0.546875,11.6,False,
sparse,B568/S01238,0.51,4,0.5,0.505091059602649,0.5,0.5010333333333333,0.002000479261066016,0.9994949065920886,1.0,0.538125,5.0,False,
sparse,B568/S01238,0.51,5,0.1,0.5012293046357617,0.494375,0.49963749999999996,0.012326703555245342,0.9959844627598101,1.0,0.5393749999999999,24.4,False,
sparse,B568/S01238,0.51,6,0.2,0.501796357615894,0.501875,0.49962916666666674,0.013171727953990997,0.997833524202747,1.0,0.53625,27.2,False,
sparse,B568/S01238,0.51,7,0.3,0.5024254966887418,0.525,0.4999416666666665,0.011362081735795825,0.9986737625228177,1.0,0.540625,21.8,False,
sparse,B568/S01238,0.51,8,0.4,0.502748344370861,0.49375,0.49999583333333336,-0.004419549494597621,0.9991349399857884,1.0,0.535625,12.0,False,
sparse,B568/S01238,0.51,9,0.5,0.5013493377483442,0.49875,0.5018958333333334,-0.0026530367723951224,0.999527760600882,1.0,0.536875,5.6,False,
sparse,B568/S01238,0.52,0,0.1,0.5038783112582782,0.530625,0.5018666666666667,0.021381143255489163,0.9959325742096028,1.0,0.548125,25.0,False,
sparse,B568/S01238,0.52,1,0.2,0.5042922185430463,0.506875,0.49975833333333325,0.011621209480655094,0.9975795208311189,1.0,0.5349999999999999,26.0,False,
sparse,B568/S01238,0.52,2,0.3,0.5051614238410597,0.506875,0.49924583333333333,0.007101668699894922,0.9986704271869284,1.0,0.540625,23.2,False,
sparse,B568/S01238,0.52,3,0.4,0.5041349337748345,0.49,0.49914583333333323,0.005966473509933514,0.9993371939647497,1.0,0.540625,10.6,False,
sparse,B568/S01238,0.52,4,0.5,0.5051779801324502,0.495625,0.4984041666666667,0.00719414430114979,0.9994574356033242,1.0,0.5393749999999999,8.8,False,
sparse,B568/S01238,0.52,5,0.1,0.5037086092715232,0.49,0.5005,0.01201888724294146,0.995982790223972,1.0,0.5525,27.4,False,
sparse,B568/S01238,0.52,6,0.2,0.5036258278145694,0.51125,0.5004833333333333,0.015272198501219504,0.9977281425186328,1.0,0.541875,28.2,False,
sparse,B568/S01238,0.52,7,0.3,0.5055546357615893,0.505,0.4996083333333333,0.005742963576158609,0.9986166977277801,1.0,0.5449999999999999,22.0,False,
sparse,B568/S01238,0.52,8,0.4,0.5057243377483444,0.49625,0.4993291666666667,-0.0005823021958876871,0.9991393362561912,1.0,0.5449999999999999,11.2,False,
sparse,B568/S01238,0.52,9,0.5,0.5050869205298013,0.495,0.5008458333333332,-0.0010022002439882514,0.9994272762100388,1.0,0.5431250000000001,6.6,False,
sparse,B568/S01238,0.53,0,0.1,0.5074793046357615,0.50625,0.5002041666666667,0.015353890728476533,0.9957407064539258,1.0,0.5425,26.4,False,
sparse,B568/S01238,0.53,1,0.2,0.5077483443708609,0.50625,0.5001125,0.013585090623910126,0.9974787137982156,1.0,0.5393749999999999,25.6,False,
sparse,B568/S01238,0.53,2,0.3,0.5079221854304635,0.4875,0.5000833333333333,0.011904191355872954,0.9985773436275573,1.0,0.54125,22.6,False,
sparse,B568/S01238,0.53,3,0.4,0.5073841059602648,0.514375,0.5001749999999999,-0.00164364761240879,0.99919777102406,1.0,0.541875,10.4,False,
sparse,B568/S01238,0.53,4,0.5,0.508658940397351,0.519375,0.4991208333333333,0.0037225514116410534,0.9994335427036617,1.0,0.54625,5.8,False,
sparse,B568/S01238,0.53,5,0.1,0.5057574503311257,0.51875,0.5020166666666668,0.01883463314743753,0.9958483141496892,1.0,0.536875,27.2,False,
sparse,B568/S01238,0.53,6,0.2,0.5086713576158941,0.509375,0.5004458333333333,0.008960657023352539,0.997552998260161,1.0,0.5375,28.6,False,
sparse,B568/S01238,0.53,7,0.3,0.5067880794701987,0.515,0.4987833333333334,0.0014776490066223454,0.9984768050325142,1.0,0.549375,20.8,False,
sparse,B568/S01238,0.53,8,0.4,0.5097930463576158,0.52125,0.4981708333333334,7.221592889466332e-05,0.9990262063764132,1.0,0.544375,9.4,False,
sparse,B568/S01238,0.53,9,0.5,0.509192880794702,0.491875,0.49873333333333336,-0.0013743900313703862,0.9993101324462281,1.0,0.545625,6.8,False,
sparse,B568/S01238,0.54,0,0.1,0.5122889072847683,0.51625,0.49704583333333346,0.013255380794701458,0.9953997974360421,1.0,0.54375,26.8,False,
sparse,B568/S01238,0.54,1,0.2,0.510115894039735,0.489375,0.4990083333333333,0.012212007668176962,0.9973102536617411,1.0,0.534375,25.6,False,
sparse,B568/S01238,0.54,2,0.3,0.5099710264900661,0.51875,0.500025,0.010684689787382068,0.9984652693579287,1.0,0.53625,20.8,False,
sparse,B568/S01238,0.54,3,0.4,0.5130629139072849,0.5275,0.49984583333333327,0.0015805812129658264,0.9988616295214144,1.0,0.540625,9.2,False,
sparse,B568/S01238,0.54,4,0.5,0.5130256622516556,0.52,0.49814166666666665,0.0005110665737185834,0.9989775825962858,1.0,0.540625,6.6,False,
sparse,B568/S01238,0.54,5,0.1,0.5104097682119205,0.4875,0.4992833333333334,0.017514159986057848,0.9956007618969877,1.0,0.549375,24.6,False,
sparse,B568/S01238,0.54,6,0.2,0.5116266556291389,0.5075,0.49885833333333335,0.009553742593237628,0.9974084089068359,1.0,0.5387500000000001,28.6,False,
sparse,B568/S01238,0.54,7,0.3,0.5100331125827815,0.51875,0.5004833333333333,0.0082313088184027,0.9983267768176731,1.0,0.55,19.2,False,
sparse,B568/S01238,0.54,8,0.4,0.5120364238410595,0.503125,0.49868333333333337,0.0054576943185774655,0.9988200957643333,1.0,0.55125,10.0,False,
sparse,B568/S01238,0.54,9,0.5,0.5135596026490066,0.5075,0.4998208333333333,-0.006004051934472372,0.999032282375653,1.0,0.54,5.6,False,
sparse,B568/S01238,0.55,0,0.1,0.5135389072847683,0.534375,0.49949166666666656,0.01963194928546513,0.9953303737893052,1.0,0.541875,26.0,False,
sparse,B568/S01238,0.55,1,0.2,0.5151283112582782,0.520625,0.49879999999999997,0.012873714708957582,0.9969889706254654,1.0,0.5387500000000001,24.8,False,
sparse,B568/S01238,0.55,2,0.3,0.5136009933774834,0.529375,0.49907083333333335,0.011825766817706206,0.9981230031322154,1.0,0.540625,19.4,False,
sparse,B568/S01238,0.55,3,0.4,0.5157077814569536,0.53,0.4980041666666667,-0.0014881056117115824,0.998563491618185,1.0,0.5449999999999999,7.6,False,
sparse,B568/S01238,0.55,4,0.5,0.5147682119205298,0.49125,0.49767500000000003,0.003526816835133788,0.9989171850485975,1.0,0.54375,5.4,False,
sparse,B568/S01238,0.55,5,0.1,0.512930463576159,0.51375,0.5002333333333333,0.007789190484489061,0.9952762772435338,1.0,0.5375,26.0,False,
sparse,B568/S01238,0.55,6,0.2,0.5151531456953643,0.498125,0.49895416666666675,0.015368922098291589,0.9970742851546726,1.0,0.54125,28.2,False,
sparse,B568/S01238,0.55,7,0.3,0.5152193708609272,0.524375,0.49877916666666655,0.010332432903450163,0.9979690351794676,1.0,0.541875,21.0,False,
sparse,B568/S01238,0.55,8,0.4,0.5171192052980133,0.528125,0.4984583333333334,0.004474119902404529,0.9983699904122763,1.0,0.54625,10.2,False,
sparse,B568/S01238,0.55,9,0.5,0.5138038079470199,0.5175,0.5009958333333334,-0.0017920006971076038,0.9990589679904369,1.0,0.534375,6.8,False,
sparse,B568/S01238,0.56,0,0.1,0.5166763245033114,0.5325,0.4967875,0.01505816486580659,0.9949883633126478,1.0,0.541875,24.6,False,
sparse,B568/S01238,0.56,1,0.2,0.5178062913907284,0.5275,0.4976791666666667,0.00673634105960239,0.9965414027833696,1.0,0.544375,24.8,False,
sparse,B568/S01238,0.56,2,0.3,0.5174254966887417,0.504375,0.4975708333333333,0.007696061345416236,0.9977767680677814,1.0,0.5375,20.6,False,
sparse,B568/S01238,0.56,3,0.4,0.5171233443708608,0.524375,0.4968083333333334,-7.744423143981305e-05,0.9983953557795147,1.0,0.540625,9.4,False,
sparse,B568/S01238,0.56,4,0.5,0.5173799668874173,0.51875,0.4962833333333334,-0.009997821540606949,0.9986494597096296,1.0,0.53625,6.8,False,
sparse,B568/S01238,0.56,5,0.1,0.5159933774834436,0.54,0.4986916666666667,0.0151666521436037,0.9950620712193831,1.0,0.5393749999999999,25.6,False,
sparse,B568/S01238,0.56,6,0.2,0.5165273178807948,0.504375,0.49707083333333335,0.009309319449284936,0.9970398758085856,1.0,0.54,27.4,False,
sparse,B568/S01238,0.56,7,0.3,0.5164900662251656,0.525,0.4970166666666667,0.0073081866504007146,0.9978225568646828,1.0,0.54125,20.6,False,
sparse,B568/S01238,0.56,8,0.4,0.5197682119205298,0.514375,0.49645,0.007377134890205409,0.9980990109034281,1.0,0.5431250000000001,11.2,False,
sparse,B568/S01238,0.56,9,0.5,0.5193170529801325,0.5125,0.49882083333333327,0.0029252352736142666,0.998442786186263,1.0,0.55,6.6,False,
sparse,B568/S01238,0.57,0,0.1,0.5200165562913908,0.548125,0.49461666666666665,0.01431999390031378,0.9944846735977968,1.0,0.5549999999999999,25.4,False,
sparse,B568/S01238,0.57,1,0.2,0.5201572847682119,0.51875,0.4948125000000001,0.010861471767165917,0.9963496813065639,1.0,0.54,24.6,False,
sparse,B568/S01238,0.57,2,0.3,0.5209437086092715,0.51,0.494575,0.009051172011153538,0.9973167162910161,1.0,0.548125,22.4,False,
sparse,B568/S01238,0.57,3,0.4,0.5212955298013247,0.50625,0.4946625,0.0008469850121986474,0.9980518859320143,1.0,0.5475,10.8,False,
sparse,B568/S01238,0.57,4,0.5,0.5215645695364238,0.516875,0.4947208333333333,-0.0020210657023356994,0.9981902347683063,1.0,0.55375,7.0,False,
sparse,B568/S01238,0.57,5,0.1,0.5200662251655629,0.506875,0.4977458333333334,0.013821344545136739,0.9945562864479323,1.0,0.546875,25.4,False,
sparse,B568/S01238,0.57,6,0.2,0.5200041390728477,0.51875,0.49510833333333343,0.015188218891599692,0.996580416660485,1.0,0.5549999999999999,26.8,False,
sparse,B568/S01238,0.57,7,0.3,0.5204594370860928,0.505625,0.4952791666666667,0.005085504531194706,0.9973088462723471,1.0,0.548125,21.0,False,
sparse,B568/S01238,0.57,8,0.4,0.520248344370861,0.523125,0.4954833333333333,0.002920333739978595,0.9980415632021643,1.0,0.541875,11.4,False,
sparse,B568/S01238,0.57,9,0.5,0.5199461920529802,0.510625,0.49616666666666676,-0.0028958260718027987,0.998354753192184,1.0,0.5387500000000001,4.4,False,
sparse,B568/S01238,0.58,0,0.1,0.5206167218543046,0.54375,0.4948125,0.021823261589403925,0.9944836342919334,1.0,0.5449999999999999,24.8,False,
sparse,B568/S01238,0.58,1,0.2,0.5235968543046358,0.500625,0.49339999999999995,0.006693534332519632,0.9958002584164035,1.0,0.5431250000000001,27.4,False,
sparse,B568/S01238,0.58,2,0.3,0.5228600993377484,0.545,0.4949166666666667,0.008653821017775839,0.9971066764304258,1.0,0.54375,19.0,False,
sparse,B568/S01238,0.58,3,0.4,0.5254346026490065,0.53125,0.49436250000000004,0.005851450853955593,0.9972753181618491,1.0,0.54375,9.6,False,
sparse,B568/S01238,0.58,4,0.5,0.5262210264900662,0.510625,0.49377083333333344,0.0036702683861968054,0.9974048003260737,1.0,0.55625,6.8,False,
sparse,B568/S01238,0.58,5,0.1,0.5219660596026491,0.513125,0.49371250000000005,0.015577073893342584,0.9942452639180116,1.0,0.54625,26.2,False,
sparse,B568/S01238,0.58,6,0.2,0.5249420529801325,0.515,0.492825,0.017483770477517695,0.9958348397497624,1.0,0.546875,28.4,False,
sparse,B568/S01238,0.58,7,0.3,0.5237541390728477,0.52625,0.49379999999999996,0.011101973684209995,0.9969330591978931,1.0,0.5349999999999999,21.0,False,
sparse,B568/S01238,0.58,8,0.4,0.5244577814569537,0.51875,0.4965791666666666,0.0074179810038336735,0.9974256658145437,1.0,0.5387500000000001,9.6,False,
sparse,B568/S01238,0.58,9,0.5,0.5242259933774835,0.545625,0.49454999999999993,0.0034487190658759564,0.997842378571757,1.0,0.5449999999999999,4.2,False,
sparse,B568/S01238,0.59,0,0.1,0.526916390728477,0.526875,0.4920166666666667,0.012275400836527967,0.9934662835339182,1.0,0.548125,24.6,False,
sparse,B568/S01238,0.59,1,0.2,0.5277069536423842,0.5375,0.49045416666666675,0.009901097943533988,0.9952148454364971,1.0,0.545625,24.6,False,
sparse,B568/S01238,0.59,2,0.3,0.527421357615894,0.52375,0.48899999999999993,0.0057240109794355655,0.9963546771715515,1.0,0.540625,20.0,False,
sparse,B568/S01238,0.59,3,0.4,0.5278559602649007,0.53875,0.4922708333333334,0.005044331648657651,0.9970282901791977,1.0,0.548125,9.4,False,
sparse,B568/S01238,0.59,4,0.5,0.5294163907284768,0.531875,0.49091250000000003,0.004316617288253203,0.9970156093390463,1.0,0.548125,3.8,False,
sparse,B568/S01238,0.59,5,0.1,0.5232574503311258,0.52625,0.4952916666666666,0.009733138724293551,0.9940887451980542,1.0,0.538125,24.4,False,
sparse,B568/S01238,0.59,6,0.2,0.5275827814569537,0.5175,0.4925666666666666,0.012380947194143897,0.9954175995269512,1.0,0.54375,27.4,False,
sparse,B568/S01238,0.59,7,0.3,0.5265852649006623,0.53125,0.492525,0.007552609794353156,0.9964491620904823,1.0,0.544375,19.8,False,
sparse,B568/S01238,0.59,8,0.4,0.525376655629139,0.51625,0.4928791666666666,0.007536271348901876,0.9973389529956085,1.0,0.5487500000000001,10.0,False,
sparse,B568/S01238,0.59,9,0.5,0.52875,0.5275,0.49247083333333347,-0.003911423841060466,0.9971319267079641,1.0,0.549375,4.8,False,
sparse,B568/S01238,0.6,0,0.1,0.5292177152317882,0.56,0.4895125000000002,0.020777601080515837,0.9930292074620108,1.0,0.5475,24.6,False,
sparse,B568/S01238,0.6,1,0.2,0.529896523178808,0.51375,0.49016249999999995,0.00550670965493162,0.9947588671627976,1.0,0.5475,26.4,False,
sparse,B568/S01238,0.6,2,0.3,0.5321026490066225,0.515,0.48961666666666664,0.006599751655628788,0.9955465884522755,1.0,0.5431250000000001,20.6,False,
sparse,B568/S01238,0.6,3,0.4,0.5324917218543046,0.54,0.4882708333333333,0.00609162600209107,0.9961241163307823,1.0,0.55125,9.6,False,
sparse,B568/S01238,0.6,4,0.5,0.5299089403973509,0.52875,0.48930000000000007,0.00332683426280862,0.9969187251119376,1.0,0.548125,5.4,False,
sparse,B568/S01238,0.6,5,0.1,0.529805463576159,0.54,0.489775,0.010696126699197927,0.9929251927289919,1.0,0.54625,24.4,False,
sparse,B568/S01238,0.6,6,0.2,0.5295736754966888,0.52625,0.4903833333333333,0.01801280934123376,0.9951202274580658,1.0,0.546875,26.6,False,
sparse,B568/S01238,0.6,7,0.3,0.5300869205298013,0.5325,0.4902583333333333,0.001953424538166105,0.9959280642915241,1.0,0.544375,19.8,False,
sparse,B568/S01238,0.6,8,0.4,0.529896523178808,0.5175,0.49064583333333334,-0.0016511632973161617,0.9965507307610231,1.0,0.54375,9.2,False,
sparse,B568/S01238,0.6,9,0.5,0.5307119205298012,0.5375,0.4893291666666666,0.000798949982571927,0.9968032155873398,1.0,0.5475,4.6,False,
sparse,B568/S01238,0.61,0,0.1,0.5322226821192053,0.545,0.48838750000000003,0.007825788602299922,0.9925540042199262,1.0,0.5587500000000001,24.8,False,
sparse,B568/S01238,0.61,1,0.2,0.5333071192052982,0.534375,0.48785000000000006,0.012499564308120891,0.9942537742534292,1.0,0.5487500000000001,23.6,False,
sparse,B568/S01238,0.61,2,0.3,0.5331663907284768,0.546875,0.48762083333333334,0.005230263157893948,0.9953062401085238,1.0,0.5525,18.8,False,
sparse,B568/S01238,0.61,3,0.4,0.5354470198675496,0.526875,0.4861249999999999,0.005946213837573871,0.9956210821045881,1.0,0.544375,8.8,False,
sparse,B568/S01238,0.61,4,0.5,0.5343170529801324,0.539375,0.4865625,0.0032082171488319387,0.996110809796701,1.0,0.558125,6.2,False,
sparse,B568/S01238,0.61,5,0.1,0.5326986754966887,0.521875,0.48747083333333324,0.007714360404321385,0.9924077248652171,1.0,0.5475,26.2,False,
sparse,B568/S01238,0.61,6,0.2,0.5335720198675497,0.533125,0.48631250000000004,0.012139791739281862,0.9942336531956092,1.0,0.551875,26.4,False,
sparse,B568/S01238,0.61,7,0.3,0.5339279801324504,0.5225,0.4873333333333333,0.00935474032763977,0.9951092995061783,1.0,0.544375,20.0,False,
sparse,B568/S01238,0.61,8,0.4,0.5346067880794702,0.518125,0.4874083333333332,-0.0005858966538868839,0.9956334060706805,1.0,0.545625,8.4,False,
sparse,B568/S01238,0.61,9,0.5,0.5354470198675496,0.539375,0.4874000000000001,0.0018867636807247572,0.9959361031536467,1.0,0.545625,4.4,False,
sparse,B568/S01238,0.62,0,0.1,0.5373344370860927,0.5675,0.48526250000000004,0.013451768909026617,0.991402939955008,1.0,0.5487500000000001,24.8,False,
sparse,B568/S01238,0.62,1,0.2,0.539308774834437,0.541875,0.48290833333333333,0.008931247821539945,0.9927580506078538,1.0,0.55,24.4,False,
sparse,B568/S01238,0.62,2,0.3,0.537930463576159,0.51875,0.48331666666666667,0.011574154757754496,0.9942664688664987,1.0,0.55375,19.0,False,
sparse,B568/S01238,0.62,3,0.4,0.5380091059602649,0.54,0.4832375,0.006251089229696764,0.9949972250792971,1.0,0.5525,9.0,False,
sparse,B568/S01238,0.62,4,0.5,0.5366680463576159,0.52,0.48291666666666666,0.004682271697455025,0.9956730841149899,1.0,0.553125,5.2,False,
sparse,B568/S01238,0.62,5,0.1,0.5362293046357617,0.548125,0.48361250000000006,0.014392863367026524,0.9915084877476867,1.0,0.561875,23.6,False,
sparse,B568/S01238,0.62,6,0.2,0.5371399006622517,0.554375,0.4833208333333334,0.015182337051236835,0.9935272956357435,1.0,0.5525,25.6,False,
sparse,B568/S01238,0.62,7,0.3,0.5361216887417221,0.535625,0.4849458333333333,0.013981134541651974,0.9945192427267874,1.0,0.546875,20.0,False,
sparse,B568/S01238,0.62,8,0.4,0.5372682119205299,0.5325,0.48387916666666664,0.0038048971767164134,0.9950807532170505,1.0,0.561875,8.6,False,
sparse,B568/S01238,0.62,9,0.5,0.5395074503311258,0.550625,0.48360833333333336,0.000711702683861833,0.9950369247028945,1.0,0.5487500000000001,3.4,False,
sparse,B568/S01238,0.63,0,0.1,0.5424254966887417,0.5425,0.47832916666666675,0.014627483443708247,0.9900474796744843,1.0,0.565,23.4,False,
sparse,B568/S01238,0.63,1,0.2,0.5404470198675497,0.54875,0.48071249999999993,0.0039048884628787787,0.9924543921297043,1.0,0.5625,23.2,False,
sparse,B568/S01238,0.63,2,0.3,0.5403352649006622,0.540625,0.4824875000000001,0.011249019693272397,0.9936608428360822,1.0,0.57125,18.8,False,
sparse,B568/S01238,0.63,3,0.4,0.5403807947019867,0.53875,0.4804124999999999,0.005018843673753733,0.994439336253832,1.0,0.55125,8.4,False,
sparse,B568/S01238,0.63,4,0.5,0.5408071192052981,0.5475,0.4810916666666667,0.0009355393865454039,0.9947183527487266,1.0,0.5475,4.2,False,
sparse,B568/S01238,0.63,5,0.1,0.5402938741721854,0.546875,0.4823208333333332,0.01438109968630175,0.9905491569396377,1.0,0.5543750000000001,23.6,False,
sparse,B568/S01238,0.63,6,0.2,0.5417756622516555,0.534375,0.4792208333333334,0.01593521261763641,0.9924157552926927,1.0,0.5549999999999999,25.6,False,
sparse,B568/S01238,0.63,7,0.3,0.5391473509933774,0.54625,0.4837833333333334,0.0003182729173924959,0.9939214113709665,1.0,0.55,19.8,False,
sparse,B568/S01238,0.63,8,0.4,0.5416514900662251,0.5575,0.48150416666666673,0.001958979609619108,0.9940387150911926,1.0,0.5549999999999999,9.4,False,
sparse,B568/S01238,0.63,9,0.5,0.5417880794701987,0.529375,0.47925,-0.00040061868246848054,0.9945704643695954,1.0,0.561875,3.8,False,
sparse,B568/S01238,0.64,0,0.1,0.5428600993377483,0.540625,0.47800000000000004,0.01647862931334889,0.9898915124984867,1.0,0.566875,24.2,False,
sparse,B568/S01238,0.64,1,0.2,0.5447226821192053,0.555625,0.47685,0.012413297316137419,0.9913536810486716,1.0,0.565,23.6,False,
sparse,B568/S01238,0.64,2,0.3,0.5447847682119206,0.551875,0.47753750000000006,0.016312957476472736,0.9926051572468683,1.0,0.56,19.4,False,
sparse,B568/S01238,0.64,3,0.4,0.5471233443708609,0.56375,0.47549583333333334,0.0006391599860576291,0.9926751037081828,1.0,0.5549999999999999,9.0,False,
sparse,B568/S01238,0.64,4,0.5,0.5470447019867549,0.56375,0.4759999999999999,0.006459241024746635,0.9930934867034674,1.0,0.561875,3.6,False,
sparse,B568/S01238,0.64,5,0.1,0.5435885761589404,0.55,0.47676666666666667,0.014419985186475958,0.9896604302814408,1.0,0.56125,23.6,False,
sparse,B568/S01238,0.64,6,0.2,0.5444370860927152,0.535625,0.4767958333333333,0.014501677413732861,0.991632500406816,1.0,0.575,26.8,False,
sparse,B568/S01238,0.64,7,0.3,0.543737582781457,0.5275,0.4789083333333334,0.006372974032763788,0.9928148941615897,1.0,0.55625,18.6,False,
sparse,B568/S01238,0.64,8,0.4,0.5447392384105961,0.541875,0.4780999999999999,0.0019037556639939941,0.993181002643395,1.0,0.5575,9.0,False,
sparse,B568/S01238,0.64,9,0.5,0.5451117549668875,0.535625,0.47770833333333335,0.003359511153711931,0.9936242262788914,1.0,0.566875,3.6,False,
sparse,B568/S01238,0.65,0,0.1,0.5490811258278145,0.560625,0.47085,0.01218749999999954,0.9881471568365506,1.0,0.5743750000000001,24.4,False,
sparse,B568/S01238,0.65,1,0.2,0.549478476821192,0.55375,0.4732625,0.016344327291738573,0.9899873871870433,1.0,0.56875,23.4,False,
sparse,B568/S01238,0.65,2,0.3,0.5479925496688742,0.540625,0.4722541666666666,0.0122093935169047,0.9917190159042029,1.0,0.575,19.4,False,
sparse,B568/S01238,0.65,3,0.4,0.5483360927152319,0.555625,0.47389166666666666,0.005443316486580116,0.9923401356445557,1.0,0.56125,6.8,False,
sparse,B568/S01238,0.65,4,0.5,0.5481539735099339,0.551875,0.4736791666666667,0.008711332345764674,0.9927607497490601,1.0,0.566875,5.0,False,
sparse,B568/S01238,0.65,5,0.1,0.5481912251655628,0.559375,0.47394583333333334,0.009127635935865604,0.9883841799988426,1.0,0.56125,24.0,False,
sparse,B568/S01238,0.65,6,0.2,0.5471316225165563,0.545625,0.4748625,0.012640074939002979,0.9909475944370107,1.0,0.5675,25.6,False,
sparse,B568/S01238,0.65,7,0.3,0.5474710264900663,0.56375,0.47529166666666667,0.010900030498431397,0.9918118714217591,1.0,0.575625,19.2,False,
sparse,B568/S01238,0.65,8,0.4,0.5468294701986757,0.544375,0.47518333333333335,0.003947695189961599,0.9927216194996287,1.0,0.55625,9.0,False,
sparse,B568/S01238,0.65,9,0.5,0.5484478476821192,0.54625,0.4747208333333333,0.008787469501568201,0.9926474328890574,1.0,0.578125,4.2,False,
sparse,B568/S01238,0.66,0,0.1,0.5540562913907284,0.521875,0.46870000000000006,0.009574655803415603,0.9865404056524721,1.0,0.5725,23.6,False,
sparse,B568/S01238,0.66,1,0.2,0.5510182119205298,0.551875,0.46989166666666676,0.009885739804809954,0.9895209885365299,1.0,0.576875,23.8,False,
sparse,B568/S01238,0.66,2,0.3,0.5506622516556292,0.52,0.47090000000000004,0.006836985883582961,0.9908631635700128,1.0,0.5818749999999999,18.4,False,
sparse,B568/S01238,0.66,3,0.4,0.5521730132450332,0.551875,0.46939166666666665,0.008008125653537772,0.9912787651341984,1.0,0.5725,6.8,False,
sparse,B568/S01238,0.66,4,0.5,0.5532119205298013,0.53,0.4684750000000001,0.0040989891948411536,0.9912540868991119,1.0,0.563125,4.8,False,
sparse,B568/S01238,0.66,5,0.1,0.5502773178807947,0.556875,0.4699041666666667,0.015046727953990731,0.9877412342559899,1.0,0.5706249999999999,23.2,False,
sparse,B568/S01238,0.66,6,0.2,0.5509933774834437,0.561875,0.4702125000000001,0.014821910944579414,0.989862462278926,1.0,0.5606249999999999,25.4,False,
sparse,B568/S01238,0.66,7,0.3,0.5515190397350994,0.543125,0.4701125,0.00541782851167576,0.9905797420337673,1.0,0.56875,18.8,False,
sparse,B568/S01238,0.66,8,0.4,0.5511506622516557,0.53875,0.4709958333333334,0.0018812086092707544,0.9913879761974459,1.0,0.565,8.4,False,
sparse,B568/S01238,0.66,9,0.5,0.5531995033112582,0.564375,0.4682416666666667,0.006760195189961292,0.9913235229075432,1.0,0.5743750000000001,3.6,False,
sparse,B568/S01238,0.67,0,0.1,0.5565852649006623,0.561875,0.463375,0.0188235230045309,0.9857286075513668,1.0,0.573125,23.8,False,
sparse,B568/S01238,0.67,1,0.2,0.5563576158940396,0.583125,0.4635583333333333,0.009603084698501073,0.987825770195022,1.0,0.57875,23.8,False,
sparse,B568/S01238,0.67,2,0.3,0.555612582781457,0.553125,0.46387083333333334,0.010449416172882765,0.989307859288584,1.0,0.57375,18.6,False,
sparse,B568/S01238,0.67,3,0.4,0.5550289735099337,0.5375,0.4651208333333334,0.009021109271522677,0.9903551533807753,1.0,0.5675,7.4,False,
sparse,B568/S01238,0.67,4,0.5,0.5576697019867549,0.55625,0.4634583333333333,0.009940636981526153,0.9897818251800814,1.0,0.586875,5.0,False,
sparse,B568/S01238,0.67,5,0.1,0.5566887417218543,0.5575,0.4631,0.00890249215754556,0.985645505230017,1.0,0.5743750000000001,24.4,False,
sparse,B568/S01238,0.67,6,0.2,0.557408940397351,0.543125,0.4637708333333334,0.017702705646566154,0.9875419199187978,1.0,0.580625,26.0,False,
sparse,B568/S01238,0.67,7,0.3,0.5530877483443709,0.544375,0.4688708333333333,0.006155019170441886,0.9899892274271067,1.0,0.5675,19.2,False,
sparse,B568/S01238,0.67,8,0.4,0.5560761589403974,0.565,0.46592916666666667,0.0004515946322756291,0.9898104479425811,1.0,0.579375,10.0,False,
sparse,B568/S01238,0.67,9,0.5,0.5564362582781457,0.565625,0.466925,0.0017054069362139664,0.9902934038527532,1.0,0.57375,3.4,False,
sparse,B568/S01238,0.68,0,0.1,0.5591349337748344,0.55875,0.45947916666666666,0.020636110142906373,0.9848139318983745,1.0,0.5862499999999999,24.2,False,
sparse,B568/S01238,0.68,1,0.2,0.56033940397351,0.564375,0.4557583333333333,0.008956082258626282,0.9864022312110351,1.0,0.583125,22.8,False,
sparse,B568/S01238,0.68,2,0.3,0.558894867549669,0.5725,0.462075,0.010483400139421051,0.9881657442695628,1.0,0.573125,18.8,False,
sparse,B568/S01238,0.68,3,0.4,0.5601200331125827,0.535,0.45960416666666654,0.008129356918786716,0.9886026834607649,1.0,0.58875,7.4,False,
sparse,B568/S01238,0.68,4,0.5,0.5627276490066226,0.581875,0.45680416666666673,0.008777993203205898,0.9880225062635564,1.0,0.584375,4.2,False,
sparse,B568/S01238,0.68,5,0.1,0.5590645695364238,0.57375,0.46056666666666674,0.011776424712442887,0.984787452721811,1.0,0.583125,23.2,False,
sparse,B568/S01238,0.68,6,0.2,0.5590273178807947,0.55,0.4619666666666667,0.01164506361101381,0.9869774464838429,1.0,0.5800000000000001,26.0,False,
sparse,B568/S01238,0.68,7,0.3,0.5585389072847682,0.553125,0.4639875,0.007334981700940545,0.9883238679160385,1.0,0.5775,19.6,False,
sparse,B568/S01238,0.68,8,0.4,0.5596854304635762,0.538125,0.46008333333333323,0.004589469327291053,0.9887425356370798,1.0,0.5706249999999999,9.2,False,
sparse,B568/S01238,0.68,9,0.5,0.5604594370860927,0.56875,0.4599458333333333,0.003875806029974914,0.9888859533102675,1.0,0.580625,2.8,False,
sparse,B568/S01238,0.69,0,0.1,0.563567880794702,0.563125,0.45235833333333325,0.011820865284070847,0.983178115226724,1.0,0.59125,24.6,False,
sparse,B568/S01238,0.69,1,0.2,0.563162251655629,0.5625,0.4541208333333333,0.0159443621470893,0.9853877321996781,1.0,0.60625,23.0,False,
sparse,B568/S01238,0.69,2,0.3,0.5623882450331126,0.56,0.45525,0.009868747821540343,0.9869170782745538,1.0,0.57875,18.6,False,
sparse,B568/S01238,0.69,3,0.4,0.5644495033112583,0.590625,0.45424999999999993,0.006077574939002948,0.9870369512805556,1.0,0.579375,6.8,False,
sparse,B568/S01238,0.69,4,0.5,0.5658774834437087,0.568125,0.45260416666666675,0.00821791129313291,0.986895161865584,1.0,0.5875,3.8,False,
sparse,B568/S01238,0.69,5,0.1,0.5617384105960265,0.556875,0.45688750000000006,0.01330570320669215,0.9837320282350279,1.0,0.593125,22.8,False,
sparse,B568/S01238,0.69,6,0.2,0.5623509933774834,0.579375,0.4569541666666667,0.013486733182293213,0.9858668726650595,1.0,0.586875,26.2,False,
sparse,B568/S01238,0.69,7,0.3,0.5619039735099337,0.57375,0.4560833333333333,0.01236460874869243,0.986957763853666,1.0,0.579375,19.0,False,
sparse,B568/S01238,0.69,8,0.4,0.5653394039735099,0.571875,0.4538500000000001,0.011278102126176262,0.98652012031937,1.0,0.58125,9.0,False,
sparse,B568/S01238,0.69,9,0.5,0.5646274834437086,0.57,0.45265416666666664,0.0008182293482043233,0.9873710573016993,1.0,0.5762499999999999,3.0,False,
sparse,B568/S01238,0.7,0,0.1,0.5675372516556292,0.5625,0.44803749999999987,0.013918721680027217,0.9815412598983392,1.0,0.6012500000000001,23.0,False,
sparse,B568/S01238,0.7,1,0.2,0.5691390728476821,0.579375,0.4476833333333334,0.005850797316137886,0.9829382592026304,1.0,0.593125,22.8,False,
sparse,B568/S01238,0.7,2,0.3,0.5678559602649007,0.560625,0.44887083333333333,0.0028226298361797015,0.9847649063927653,1.0,0.5900000000000001,18.2,False,
sparse,B568/S01238,0.7,3,0.4,0.569635761589404,0.56375,0.44943749999999993,0.008396327117461898,0.9848538999945677,1.0,0.59125,7.4,False,
sparse,B568/S01238,0.7,4,0.5,0.5686672185430464,0.564375,0.44641249999999993,0.004175779888462385,0.9856775710540135,1.0,0.600625,4.6,False,
sparse,B568/S01238,0.7,5,0.1,0.5660802980132451,0.570625,0.44923749999999996,0.011265684907632906,0.9820092564683102,1.0,0.6,23.8,False,
sparse,B568/S01238,0.7,6,0.2,0.5668956953642383,0.564375,0.45142083333333344,0.01495196497037239,0.9841140078848001,1.0,0.5862499999999999,25.6,False,
sparse,B568/S01238,0.7,7,0.3,0.5676076158940397,0.55875,0.44889999999999997,0.009572695189961483,0.9847956763627369,1.0,0.5862499999999999,18.8,False,
sparse,B568/S01238,0.7,8,0.4,0.5691846026490066,0.564375,0.4483583333333333,0.0026628398396652785,0.9850590742836072,1.0,0.5918749999999999,8.6,False,
sparse,B568/S01238,0.7,9,0.5,0.5696771523178809,0.595625,0.44788333333333336,0.004014682816311737,0.9853173481763162,1.0,0.6056250000000001,3.4,False,
sparse,B568/S01238,0.71,0,0.1,0.572669701986755,0.575625,0.4409,0.016024747298709726,0.9793138790485375,1.0,0.611875,24.0,False,
sparse,B568/S01238,0.71,1,0.2,0.571771523178808,0.57875,0.4412208333333333,0.0018018037643773225,0.9817940077960893,1.0,0.604375,22.6,False,
sparse,B568/S01238,0.71,2,0.3,0.5714693708609271,0.56625,0.4428916666666667,0.007443142209828551,0.9832731197345882,1.0,0.5900000000000001,17.8,False,
sparse,B568/S01238,0.71,3,0.4,0.571717715231788,0.579375,0.4442583333333334,0.003318338271174376,0.9840500340576402,1.0,0.595,8.2,False,
sparse,B568/S01238,0.71,4,0.5,0.5746730132450333,0.575,0.44208333333333344,0.008648919484140354,0.9832310590952026,1.0,0.6025,4.0,False,
sparse,B568/S01238,0.71,5,0.1,0.569283940397351,0.584375,0.44536249999999994,0.014161184210525604,0.9806725336877541,1.0,0.604375,22.8,False,
sparse,B568/S01238,0.71,6,0.2,0.5731870860927153,0.568125,0.4415541666666667,0.00941029104217461,0.9814752602455087,1.0,0.59625,26.0,False,
sparse,B568/S01238,0.71,7,0.3,0.569648178807947,0.55375,0.44550833333333323,0.010009585221330847,0.9839303549432151,1.0,0.59625,18.6,False,
sparse,B568/S01238,0.71,8,0.4,0.5761837748344371,0.57625,0.4399874999999999,0.014204971244335483,0.9820321279520018,1.0,0.603125,8.4,False,
sparse,B568/S01238,0.71,9,0.5,0.5739155629139072,0.58125,0.4408374999999999,0.0063337617636801645,0.9836226164961991,1.0,0.60375,2.6,False,
sparse,B568/S01238,0.72,0,0.1,0.5770447019867551,0.608125,0.4356583333333333,0.013944209654931698,0.977291810528618,1.0,0.635,23.2,False,
sparse,B568/S01238,0.72,1,0.2,0.576601821192053,0.59,0.4365374999999999,0.0154947281282676,0.9796673421450806,1.0,0.618125,23.4,False,
sparse,B568/S01238,0.72,2,0.3,0.5747971854304635,0.593125,0.43785416666666666,0.01371645172533964,0.9818641416552815,1.0,0.604375,18.6,False,
sparse,B568/S01238,0.72,3,0.4,0.5758029801324502,0.599375,0.43899999999999995,-0.0008214970372954793,0.9821481453998412,1.0,0.609375,7.6,False,
sparse,B568/S01238,0.72,4,0.5,0.5767756622516557,0.5625,0.43415833333333337,0.010655280585569601,0.9822124683336481,1.0,0.61,3.6,False,
sparse,B568/S01238,0.72,5,0.1,0.5728973509933775,0.543125,0.4382125,0.004876045660508234,0.979083861294394,1.0,0.6174999999999999,23.8,False,
sparse,B568/S01238,0.72,6,0.2,0.5780918874172186,0.595625,0.4359708333333333,0.006835352039037133,0.9792301444759666,1.0,0.600625,27.4,False,
sparse,B568/S01238,0.72,7,0.3,0.5772268211920529,0.55375,0.4370833333333333,0.01022525270128884,0.9806390882325202,1.0,0.605,18.0,False,
sparse,B568/S01238,0.72,8,0.4,0.5781705298013246,0.575625,0.4369416666666666,0.003333042872080579,0.9810782391227931,1.0,0.6125,8.2,False,
sparse,B568/S01238,0.72,9,0.5,0.5783692052980132,0.5625,0.4352541666666667,0.00021076594632219632,0.9815901536395661,1.0,0.60875,3.4,False,
sparse,B568/S01238,0.73,0,0.1,0.5826614238410597,0.59125,0.42743749999999997,0.009923318229347939,0.9746163752029388,1.0,0.640625,23.2,False,
sparse,B568/S01238,0.73,1,0.2,0.583021523178808,0.57875,0.4290958333333333,0.012947237713488782,0.9764965768142815,1.0,0.6287499999999999,23.2,False,
sparse,B568/S01238,0.73,2,0.3,0.5810885761589404,0.595,0.4323166666666666,0.012728956082257964,0.978880143977446,1.0,0.6125,17.8,False,
sparse,B568/S01238,0.73,3,0.4,0.581419701986755,0.5775,0.42911249999999995,0.009268146566747569,0.9797437131277391,1.0,0.6174999999999999,7.0,False,
sparse,B568/S01238,0.73,4,0.5,0.5832201986754967,0.585,0.42913333333333337,0.010270020041825905,0.9792232529736089,1.0,0.6225,4.2,False,
sparse,B568/S01238,0.73,5,0.1,0.57932119205298,0.5925,0.4328166666666667,0.008005511502265198,0.9761677240139441,1.0,0.629375,23.8,False,
sparse,B568/S01238,0.73,6,0.2,0.580273178807947,0.575,0.43276666666666663,0.012780912338793797,0.9781680324490559,1.0,0.6125,25.0,False,
sparse,B568/S01238,0.73,7,0.3,0.5804097682119205,0.575625,0.43112916666666656,0.006298797490414631,0.9792193364224302,1.0,0.60625,19.0,False,
sparse,B568/S01238,0.73,8,0.4,0.5832450331125827,0.565,0.43096249999999997,0.004794680202160372,0.9785466621741975,1.0,0.618125,7.8,False,
sparse,B568/S01238,0.73,9,0.5,0.5809519867549668,0.588125,0.42909166666666676,0.004974076333216731,0.9803648989733141,1.0,0.610625,3.6,False,
sparse,B568/S01238,0.74,0,0.1,0.5857119205298013,0.591875,0.4225,0.020998170094108877,0.9730266446568342,1.0,0.650625,23.8,False,
sparse,B568/S01238,0.74,1,0.2,0.5879594370860927,0.600625,0.4214583333333333,0.009980829557336462,0.9741142415729939,1.0,0.64125,22.2,False,
sparse,B568/S01238,0.74,2,0.3,0.5864486754966888,0.584375,0.4220875,0.009757319623562119,0.976274478685675,1.0,0.615625,17.8,False,
sparse,B568/S01238,0.74,3,0.4,0.5862996688741724,0.60875,0.42332916666666665,0.0013596854304635587,0.9772669361212363,1.0,0.625,7.4,False,
sparse,B568/S01238,0.74,4,0.5,0.5886961920529802,0.57375,0.4219583333333333,0.004531304461484823,0.9764855844816918,1.0,0.619375,3.2,False,
sparse,B568/S01238,0.74,5,0.1,0.5845405629139073,0.605,0.423325,0.01053078163122969,0.9735130642953753,1.0,0.639375,22.8,False,
sparse,B568/S01238,0.74,6,0.2,0.5880504966887418,0.599375,0.4203041666666667,0.009393952596723331,0.9742695271068115,1.0,0.62375,25.0,False,
sparse,B568/S01238,0.74,7,0.3,0.5886175496688741,0.603125,0.4211375,0.012995272743115627,0.975048576577704,1.0,0.6168750000000001,18.2,False,
sparse,B568/S01238,0.74,8,0.4,0.5877649006622516,0.596875,0.42203333333333326,0.012685169048448647,0.976416336766693,1.0,0.615625,8.4,False,
sparse,B568/S01238,0.74,9,0.5,0.5877483443708609,0.565,0.4213625,0.0018308861972806871,0.976984871635566,1.0,0.61375,3.4,False,
sparse,B568/S01238,0.75,0,0.1,0.5933567880794702,0.594375,0.41239166666666666,0.019496993726036294,0.9688742131386443,1.0,0.6643749999999999,23.6,False,
sparse,B568/S01238,0.75,1,0.2,0.5934519867549669,0.588125,0.41208333333333336,0.010703315615195946,0.9709612498350265,1.0,0.650625,23.4,False,
sparse,B568/S01238,0.75,2,0.3,0.5932905629139074,0.605625,0.4133125,0.009351472638549237,0.9726672210367381,1.0,0.625625,17.6,False,
sparse,B568/S01238,0.75,3,0.4,0.5924544701986756,0.6,0.4149791666666667,0.01168296880446102,0.9741218309715025,1.0,0.619375,6.8,False,
sparse,B568/S01238,0.75,4,0.5,0.5928476821192054,0.595625,0.4141708333333333,0.004738149180898845,0.9742371706977546,1.0,0.61625,3.4,False,
sparse,B568/S01238,0.75,5,0.1,0.5905546357615894,0.585625,0.41679583333333337,0.011682315266642752,0.970357169040778,1.0,0.6487499999999999,23.0,False,
sparse,B568/S01238,0.75,6,0.2,0.5937251655629139,0.60375,0.4137166666666667,0.01767362321366323,0.9711676822346814,1.0,0.639375,24.6,False,
sparse,B568/S01238,0.75,7,0.3,0.5946067880794703,0.60125,0.4118333333333334,0.012838423666782195,0.9718171211247404,1.0,0.6287499999999999,18.8,False,
sparse,B568/S01238,0.75,8,0.4,0.5899130794701987,0.575,0.41672916666666665,-0.0006633408853261345,0.9752679524053457,1.0,0.64125,7.8,False,
sparse,B568/S01238,0.75,9,0.5,0.5931167218543046,0.581875,0.41359999999999997,0.0023641730568136573,0.974241459046311,1.0,0.6475,4.0,False,
sparse,B568/S01238,0.76,0,0.1,0.59783940397351,0.608125,0.405,0.011084328163122553,0.9662189531245008,1.0,0.674375,22.8,False,
sparse,B568/S01238,0.76,1,0.2,0.5985968543046358,0.6025,0.40619583333333337,0.007436280062739573,0.9680420139042121,1.0,0.66125,22.8,False,
sparse,B568/S01238,0.76,2,0.3,0.5966887417218543,0.585625,0.40779583333333336,0.0002192619379569398,0.9706166788593088,1.0,0.64,18.0,False,
sparse,B568/S01238,0.76,3,0.4,0.5975372516556292,0.5875,0.4060958333333333,0.0051711179853603465,0.9711127295633655,1.0,0.630625,7.2,False,
sparse,B568/S01238,0.76,4,0.5,0.5979470198675496,0.598125,0.4063958333333333,0.003208543917740854,0.9713967425417336,1.0,0.63125,3.6,False,
sparse,B568/S01238,0.76,5,0.1,0.5956084437086093,0.623125,0.41002083333333333,0.015657459044962577,0.9675422671898779,1.0,0.6599999999999999,23.0,False,
sparse,B568/S01238,0.76,6,0.2,0.5976076158940397,0.610625,0.4081875,0.0060334611362839645,0.968983736447928,1.0,0.631875,24.8,False,
sparse,B568/S01238,0.76,7,0.3,0.5948468543046358,0.589375,0.4099625,0.006026925758103153,0.971737761165853,1.0,0.63625,18.2,False,
sparse,B568/S01238,0.76,8,0.4,0.5978228476821192,0.611875,0.40867499999999995,0.012947891251306552,0.9708658947076623,1.0,0.63125,8.2,False,
sparse,B568/S01238,0.76,9,0.5,0.5987003311258278,0.588125,0.4057166666666666,0.0067007232485182125,0.9711563037121745,1.0,0.645,3.2,False,
sparse,B568/S01238,0.77,0,0.1,0.6030422185430464,0.58625,0.3980541666666667,0.011607811955384992,0.9629888898866509,1.0,0.6825,23.0,False,
sparse,B568/S01238,0.77,1,0.2,0.600819536423841,0.610625,0.3983166666666667,0.012598575287556322,0.966774671768373,1.0,0.665625,22.8,False,
sparse,B568/S01238,0.77,2,0.3,0.6028435430463577,0.609375,0.39859583333333326,0.01206463489020502,0.9669395679671209,1.0,0.6443749999999999,18.0,False,
sparse,B568/S01238,0.77,3,0.4,0.6013865894039734,0.596875,0.40175,0.006062870338096682,0.9688357999683336,1.0,0.6368750000000001,7.2,False,
sparse,B568/S01238,0.77,4,0.5,0.6025703642384107,0.598125,0.3993208333333334,0.004555812129661683,0.9685918757300493,1.0,0.64,4.0,False,
sparse,B568/S01238,0.77,5,0.1,0.5989031456953643,0.606875,0.4016875,0.018551324503310818,0.9654967924542922,1.0,0.665,23.2,False,
sparse,B568/S01238,0.77,6,0.2,0.6009147350993377,0.615625,0.40295416666666667,0.015704186998953946,0.9669015934500361,1.0,0.643125,25.2,False,
sparse,B568/S01238,0.77,7,0.3,0.6026903973509934,0.5875,0.3993333333333334,0.013055071453467747,0.9669177117991875,1.0,0.638125,17.8,False,
sparse,B568/S01238,0.77,8,0.4,0.6026697019867551,0.603125,0.3996083333333334,0.00431792436388899,0.9677978309055087,1.0,0.6525000000000001,7.4,False,
sparse,B568/S01238,0.77,9,0.5,0.6031953642384106,0.590625,0.3981166666666667,0.008262351864760745,0.968473660499533,1.0,0.6599999999999999,2.2,False,
sparse,B568/S01238,0.78,0,0.1,0.6062624172185431,0.605625,0.3914,0.01659495904496285,0.9611210445553411,1.0,0.6775,23.2,False,
sparse,B568/S01238,0.78,1,0.2,0.6057119205298013,0.613125,0.392625,0.019928982223771173,0.9636301326368208,1.0,0.67875,22.8,False,
sparse,B568/S01238,0.78,2,0.3,0.6031043046357617,0.605625,0.3957625,0.011572520913209606,0.9667993553587388,1.0,0.6425000000000001,17.2,False,
sparse,B568/S01238,0.78,3,0.4,0.6078228476821192,0.609375,0.3926666666666667,0.0007496078773088568,0.9648533955525159,1.0,0.649375,6.4,False,
sparse,B568/S01238,0.78,4,0.5,0.6115935430463577,0.598125,0.38645416666666665,0.009115218717322437,0.9628270046847117,1.0,0.6525000000000001,3.6,False,
sparse,B568/S01238,0.78,5,0.1,0.6075496688741723,0.591875,0.3914958333333333,0.015405846985011178,0.9600907526695597,1.0,0.666875,22.4,False,
sparse,B568/S01238,0.78,6,0.2,0.6089238410596027,0.620625,0.3908708333333333,0.017436715754618033,0.9618923104863901,1.0,0.655625,24.8,False,
sparse,B568/S01238,0.78,7,0.3,0.6072806291390728,0.618125,0.39182916666666673,0.0066928807947018,0.9640139839125306,1.0,0.645,18.4,False,
sparse,B568/S01238,0.78,8,0.4,0.6078973509933776,0.603125,0.39141666666666663,-0.002039364761240724,0.9646718293108493,1.0,0.655625,7.8,False,
sparse,B568/S01238,0.78,9,0.5,0.6073716887417218,0.64625,0.39092916666666666,0.005938698152665749,0.9658015155375557,1.0,0.655625,3.2,False,
sparse,B568/S01238,0.79,0,0.1,0.6136009933774834,0.6175,0.38235416666666666,0.01095264029278431,0.9560540894475762,1.0,0.69,23.2,False,
sparse,B568/S01238,0.79,1,0.2,0.6132988410596026,0.62125,0.3804874999999999,0.011994706343673204,0.9586757779446522,1.0,0.6793750000000001,22.6,False,
sparse,B568/S01238,0.79,2,0.3,0.6121067880794702,0.6275,0.3853416666666667,0.004516599860578059,0.9609369531715014,1.0,0.65125,18.6,False,
sparse,B568/S01238,0.79,3,0.4,0.6145778145695363,0.603125,0.381075,0.014065114151271412,0.960376830388447,1.0,0.665,6.4,False,
sparse,B568/S01238,0.79,4,0.5,0.614126655629139,0.599375,0.38062083333333335,0.0047479522481696885,0.9611883500167961,1.0,0.661875,3.0,False,
sparse,B568/S01238,0.79,5,0.1,0.6122433774834436,0.596875,0.3838708333333334,0.014493181422097743,0.956976399429613,1.0,0.6737500000000001,23.0,False,
sparse,B568/S01238,0.79,6,0.2,0.6091721854304636,0.621875,0.38536250000000005,0.02113214534681059,0.9617453453269155,1.0,0.665,25.0,False,
sparse,B568/S01238,0.79,7,0.3,0.6150869205298012,0.625625,0.3808708333333334,0.017297512199372294,0.9589357771546636,1.0,0.6543749999999999,18.0,False,
sparse,B568/S01238,0.79,8,0.4,0.6133278145695364,0.604375,0.383525,0.005698849773439626,0.9610920216875887,1.0,0.685,8.4,False,
sparse,B568/S01238,0.79,9,0.5,0.6145612582781457,0.634375,0.3798916666666667,0.009379574764725668,0.9610670555601623,1.0,0.663125,2.8,False,
sparse,B568/S01238,0.8,0,0.1,0.6187168874172186,0.644375,0.37443333333333334,0.016376677413732468,0.9525771307777006,1.0,0.694375,23.0,False,
sparse,B568/S01238,0.8,1,0.2,0.6220157284768213,0.63,0.37002916666666663,0.009082541826419375,0.9526286416313667,1.0,0.6925,22.4,False,
sparse,B568/S01238,0.8,2,0.3,0.62125,0.619375,0.3707708333333333,0.007123888985708933,0.9546302149546899,1.0,0.6643749999999999,17.4,False,
sparse,B568/S01238,0.8,3,0.4,0.6178062913907284,0.6425,0.37575416666666667,0.006069732485186161,0.9581181028958524,1.0,0.6837500000000001,6.2,False,
sparse,B568/S01238,0.8,4,0.5,0.620078642384106,0.626875,0.37004583333333335,0.009559297664691132,0.9571568596288024,1.0,0.6756249999999999,3.6,False,
sparse,B568/S01238,0.8,5,0.1,0.6174254966887417,0.608125,0.3763041666666666,0.006052740501915861,0.9533236893573216,1.0,0.6825,22.4,False,
sparse,B568/S01238,0.8,6,0.2,0.6172433774834436,0.589375,0.3747208333333333,0.012123126524920978,0.9561866119473896,1.0,0.669375,25.0,False,
sparse,B568/S01238,0.8,7,0.3,0.6199379139072848,0.610625,0.37295416666666664,0.01163460700592526,0.9555185287678057,1.0,0.6737500000000001,18.4,False,
sparse,B568/S01238,0.8,8,0.4,0.6189817880794702,0.63,0.3747208333333334,0.004996950156848574,0.9571463940953102,1.0,0.6675,7.2,False,
sparse,B568/S01238,0.8,9,0.5,0.6214403973509934,0.629375,0.3700333333333333,0.008294701986754766,0.9563488638807729,1.0,0.670625,2.0,False,
sparse,B568/S01238,0.81,0,0.1,0.6247226821192052,0.620625,0.362,0.012011371558033588,0.9480772880308441,1.0,0.709375,22.6,False,
sparse,B568/S01238,0.81,1,0.2,0.6238700331125828,0.624375,0.36587500000000006,0.010779126002091494,0.9510937671071867,1.0,0.7,22.8,False,
sparse,B568/S01238,0.81,2,0.3,0.6253559602649006,0.61,0.36490833333333333,0.008012373649354426,0.9516305994145591,1.0,0.665625,17.8,False,
sparse,B568/S01238,0.81,3,0.4,0.6274254966887417,0.62375,0.3644958333333333,0.009331539735098511,0.9510681243933834,1.0,0.681875,6.6,False,
sparse,B568/S01238,0.81,4,0.5,0.6279346026490066,0.653125,0.3607708333333334,0.017811519693272243,0.9513136951258002,1.0,0.681875,3.2,False,
sparse,B568/S01238,0.81,5,0.1,0.6229014900662251,0.62125,0.36719166666666664,0.01719588706866454,0.949368390194618,1.0,0.69375,22.6,False,
sparse,B568/S01238,0.81,6,0.2,0.6217342715231788,0.64,0.3663166666666667,0.023018582258626432,0.952986560364197,1.0,0.684375,24.8,False,
sparse,B568/S01238,0.81,7,0.3,0.6234354304635763,0.60875,0.3655083333333333,0.012196976298361407,0.9529665861837643,1.0,0.7,18.2,False,
sparse,B568/S01238,0.81,8,0.4,0.6260927152317881,0.626875,0.3646666666666667,0.012054831822935177,0.9519928592631218,1.0,0.67875,8.0,False,
sparse,B568/S01238,0.81,9,0.5,0.6277483443708609,0.6275,0.3623458333333333,0.014932032066921537,0.951584187324833,1.0,0.6825,3.2,False,
sparse,B568/S01238,0.82,0,0.1,0.6301697019867549,0.64375,0.3532541666666667,0.019930616068315813,0.943799381461427,1.0,0.71,23.0,False,
sparse,B568/S01238,0.82,1,0.2,0.6317756622516557,0.655625,0.3539833333333333,0.014066421226907638,0.945093307110198,1.0,0.703125,22.6,False,
sparse,B568/S01238,0.82,2,0.3,0.6309809602649007,0.624375,0.3566708333333333,0.018325853956081606,0.9472334272309337,1.0,0.6825,17.4,False,
sparse,B568/S01238,0.82,3,0.4,0.6294743377483444,0.633125,0.35697499999999993,0.00996939264552054,0.9496086409462707,1.0,0.696875,6.8,False,
sparse,B568/S01238,0.82,4,0.5,0.6332698675496689,0.626875,0.35174583333333337,0.006483095155105601,0.9470050656472584,1.0,0.68625,2.8,False,
sparse,B568/S01238,0.82,5,0.1,0.6297350993377484,0.655625,0.3579958333333333,0.01342530062739564,0.9441080334119831,1.0,0.698125,22.2,False,
sparse,B568/S01238,0.82,6,0.2,0.6307243377483445,0.655625,0.3549791666666667,0.014443839316834736,0.9461345733302943,1.0,0.68875,24.6,False,
sparse,B568/S01238,0.82,7,0.3,0.629987582781457,0.639375,0.35667916666666666,0.01318022394562474,0.947962311330068,1.0,0.6856249999999999,18.0,False,
sparse,B568/S01238,0.82,8,0.4,0.6288907284768213,0.63,0.35749583333333335,0.011236929243638645,0.9498702375282847,1.0,0.68625,7.8,False,
sparse,B568/S01238,0.82,9,0.5,0.6317756622516557,0.604375,0.3537833333333333,0.012963902927849354,0.9484663341890684,1.0,0.6912499999999999,2.2,False,
sparse,B568/S01238,0.83,0,0.1,0.6375951986754967,0.6275,0.3447541666666667,0.0178147873823629,0.9378271275630369,1.0,0.7206250000000001,22.6,False,
sparse,B568/S01238,0.83,1,0.2,0.6378725165562914,0.62375,0.34404583333333333,0.01116340623910732,0.9400458930078788,1.0,0.703125,22.6,False,
sparse,B568/S01238,0.83,2,0.3,0.6373675496688742,0.643125,0.3459875,0.009639356047402894,0.9421206205472851,1.0,0.6956249999999999,17.6,False,
sparse,B568/S01238,0.83,3,0.4,0.6394826158940399,0.64875,0.3446875,0.012335853084698417,0.9415151187349198,1.0,0.7012499999999999,6.8,False,
sparse,B568/S01238,0.83,4,0.5,0.6420819536423841,0.61125,0.339975,0.011536903102125429,0.9398102687422728,1.0,0.6993750000000001,2.8,False,
sparse,B568/S01238,0.83,5,0.1,0.6374503311258278,0.63,0.34709166666666663,0.007209829208782802,0.9377881566758577,1.0,0.7106250000000001,22.0,False,
sparse,B568/S01238,0.83,6,0.2,0.6396978476821193,0.643125,0.3454875,0.017015510630881806,0.938718996816365,1.0,0.7075,24.4,False,
sparse,B568/S01238,0.83,7,0.3,0.6384975165562914,0.62625,0.3438333333333334,0.015505511502264754,0.9410253586753708,1.0,0.69875,17.6,False,
sparse,B568/S01238,0.83,8,0.4,0.6372102649006622,0.64625,0.3474291666666667,0.018744118159637155,0.9430800875568685,1.0,0.69375,7.6,False,
sparse,B568/S01238,0.83,9,0.5,0.6372889072847683,0.64,0.34605416666666666,0.004325766817706278,0.9440801353396494,1.0,0.6950000000000001,2.6,False,
sparse,B568/S01238,0.84,0,0.1,0.6456125827814568,0.656875,0.3330916666666667,0.01805692314395237,0.9309385952775969,1.0,0.719375,23.2,False,
sparse,B568/S01238,0.84,1,0.2,0.6452773178807948,0.633125,0.33285,0.015673470721505316,0.9337157362331333,1.0,0.7075,22.2,False,
sparse,B568/S01238,0.84,2,0.3,0.6428352649006622,0.643125,0.33773749999999997,0.009390358138724008,0.9374794350478428,1.0,0.70625,17.6,False,
sparse,B568/S01238,0.84,3,0.4,0.6438369205298013,0.651875,0.334825,0.014048448936911217,0.9378170321230663,1.0,0.701875,6.6,False,
sparse,B568/S01238,0.84,4,0.5,0.6461754966887416,0.6275,0.331375,0.00472377134890137,0.9363356513849418,1.0,0.71,3.0,False,
sparse,B568/S01238,0.84,5,0.1,0.641875,0.67625,0.33989166666666665,0.013059972987103232,0.9338914376071308,1.0,0.7075,22.0,False,
sparse,B568/S01238,0.84,6,0.2,0.6431829470198676,0.64875,0.336725,0.019857093063784925,0.9358632126818851,1.0,0.7112499999999999,24.2,False,
sparse,B568/S01238,0.84,7,0.3,0.6448799668874172,0.63,0.335325,0.013141991983269237,0.9354939783444357,1.0,0.71,18.4,False,
sparse,B568/S01238,0.84,8,0.4,0.642930463576159,0.6525,0.33552916666666666,0.009077967061693556,0.9383219804907318,1.0,0.7068749999999999,7.4,False,
sparse,B568/S01238,0.84,9,0.5,0.6446564569536425,0.645,0.3345125,0.012874695015683953,0.9377273118359467,1.0,0.7206250000000001,2.2,False,
sparse,B568/S01238,0.85,0,0.1,0.6540604304635762,0.663125,0.3213666666666667,0.023329993028929075,0.9231206453733392,1.0,0.7175,22.6,False,
sparse,B568/S01238,0.85,1,0.2,0.6507408940397351,0.658125,0.3236166666666667,0.020507036423840833,0.9287979093163036,1.0,0.71875,22.2,False,
sparse,B568/S01238,0.85,2,0.3,0.6497350993377484,0.636875,0.32565416666666674,0.01765859184384786,0.9313690834278034,1.0,0.723125,17.2,False,
sparse,B568/S01238,0.85,3,0.4,0.6524503311258278,0.658125,0.32445,0.016244336005576145,0.9301157335259661,1.0,0.71,6.6,False,
sparse,B568/S01238,0.85,4,0.5,0.6540355960264901,0.6525,0.3236583333333333,0.004632929592192392,0.929208681548457,1.0,0.713125,3.2,False,
sparse,B568/S01238,0.85,5,0.1,0.649466059602649,0.6525,0.3264,0.014561149355175253,0.9272381225034094,1.0,0.71625,22.2,False,
sparse,B568/S01238,0.85,6,0.2,0.6507615894039736,0.665625,0.3244125,0.01363116504008279,0.9290225082006698,1.0,0.729375,24.8,False,
sparse,B568/S01238,0.85,7,0.3,0.6512210264900662,0.646875,0.3228458333333333,0.015620534158242362,0.929914770630842,1.0,0.7175,17.8,False,
sparse,B568/S01238,0.85,8,0.4,0.650873344370861,0.6675,0.32567083333333335,0.013748801847333222,0.9313571912399944,1.0,0.71625,7.2,False,
sparse,B568/S01238,0.85,9,0.5,0.6512872516556291,0.654375,0.325475,0.010502352736144218,0.9320113168694742,1.0,0.714375,2.0,False,
sparse,B568/S01238,0.86,0,0.1,0.6600372516556292,0.67375,0.3138375,0.02251764552108692,0.9172895904801407,1.0,0.7262500000000001,23.2,False,
sparse,B568/S01238,0.86,1,0.2,0.6554884105960265,0.659375,0.31595,0.014520630010456342,0.9243546531195188,1.0,0.723125,22.4,False,
sparse,B568/S01238,0.86,2,0.3,0.6564528145695363,0.655,0.3166,0.008421815092366253,0.9250597606324523,1.0,0.73125,17.4,False,
sparse,B568/S01238,0.86,3,0.4,0.65744619205298,0.67625,0.3162374999999999,0.012702814569535965,0.9254838943332824,1.0,0.72,6.2,False,
sparse,B568/S01238,0.86,4,0.5,0.6607036423841058,0.65125,0.31231666666666663,0.006250108922969392,0.9228596238032309,1.0,0.7306250000000001,2.8,False,
sparse,B568/S01238,0.86,5,0.1,0.6542342715231788,0.6675,0.31856666666666666,0.015945995991634314,0.9228074869925595,1.0,0.725625,22.6,False,
sparse,B568/S01238,0.86,6,0.2,0.6586465231788079,0.655625,0.3158708333333333,0.015627396305332778,0.9216864640379979,1.0,0.7306250000000001,24.8,False,
sparse,B568/S01238,0.86,7,0.3,0.6578725165562914,0.6475,0.31544999999999995,0.016663580515858627,0.9236186454105236,1.0,0.7275,17.8,False,
sparse,B568/S01238,0.86,8,0.4,0.6570985099337749,0.66875,0.31314583333333335,0.007766316660857156,0.9255160830165895,1.0,0.7268749999999999,7.2,False,
sparse,B568/S01238,0.86,9,0.5,0.6589362582781457,0.655625,0.3121416666666666,0.01890488846287876,0.9247440148658306,1.0,0.74125,2.0,False,
sparse,B568/S01238,0.87,0,0.1,0.6644784768211921,0.676875,0.30576666666666674,0.017150792959219122,0.9127415112190714,1.0,0.7324999999999999,22.6,False,
sparse,B568/S01238,0.87,1,0.2,0.6645902317880795,0.66125,0.3050791666666667,0.016617832868594567,0.915404410776031,1.0,0.739375,22.2,False,
sparse,B568/S01238,0.87,2,0.3,0.6632905629139073,0.649375,0.3070375,0.014422272568838804,0.9185160016538213,1.0,0.731875,17.4,False,
sparse,B568/S01238,0.87,3,0.4,0.6659809602649007,0.659375,0.3040083333333334,0.00847213750435632,0.9170514066483479,1.0,0.73125,6.2,False,
sparse,B568/S01238,0.87,4,0.5,0.668100165562914,0.6725,0.3015,0.009945211746252285,0.9154806810988473,1.0,0.74125,2.8,False,
sparse,B568/S01238,0.87,5,0.1,0.6647764900662251,0.6475,0.3048416666666666,0.014199089403973502,0.912569615538986,1.0,0.7306250000000001,22.6,False,
sparse,B568/S01238,0.87,6,0.2,0.6655298013245033,0.65875,0.3045083333333333,0.011102627222028014,0.9148866859128421,1.0,0.734375,24.4,False,
sparse,B568/S01238,0.87,7,0.3,0.6625910596026489,0.66,0.30619999999999997,0.014230785988148755,0.919074314752612,1.0,0.7375,17.6,False,
sparse,B568/S01238,0.87,8,0.4,0.6647847682119205,0.670625,0.30305000000000004,0.016648875914952486,0.9180256146634281,1.0,0.735,7.2,False,
sparse,B568/S01238,0.87,9,0.5,0.6672226821192053,0.661875,0.29939166666666667,0.01388931247821525,0.9166457023152562,1.0,0.733125,2.2,False,
sparse,B568/S01238,0.88,0,0.1,0.6728683774834437,0.678125,0.29335833333333333,0.013951725339838945,0.904237441631,1.0,0.75125,23.4,False,
sparse,B568/S01238,0.88,1,0.2,0.6684561258278144,0.6675,0.2965625,0.015949917218542737,0.9114797188179325,1.0,0.755,22.6,False,
sparse,B568/S01238,0.88,2,0.3,0.6713617549668875,0.679375,0.2947958333333333,0.01368312129661906,0.9101686527330852,1.0,0.755,17.8,False,
sparse,B568/S01238,0.88,3,0.4,0.670260761589404,0.67375,0.2971625,0.00839698065528023,0.9125808696746389,1.0,0.75875,6.2,False,
sparse,B568/S01238,0.88,4,0.5,0.6736258278145696,0.68,0.2911666666666667,0.007742789299407294,0.9098576936476429,1.0,0.75875,2.8,False,
sparse,B568/S01238,0.88,5,0.1,0.6694784768211922,0.68375,0.29765833333333336,0.015209458870685956,0.9076859227263989,1.0,0.745,22.2,False,
sparse,B568/S01238,0.88,6,0.2,0.6722516556291392,0.68,0.294425,0.01852420268386232,0.9078472486876061,1.0,0.745625,24.2,False,
sparse,B568/S01238,0.88,7,0.3,0.6723509933774835,0.65625,0.2942666666666667,0.012600535901010441,0.9091563130203473,1.0,0.74875,17.4,False,
sparse,B568/S01238,0.88,8,0.4,0.6706705298013244,0.6725,0.2982125,0.007808469850121645,0.911841633161494,1.0,0.7418750000000001,7.4,False,
sparse,B568/S01238,0.88,9,0.5,0.6737831125827816,0.668125,0.2909666666666667,0.012510020913209503,0.9099761817731294,1.0,0.7481249999999999,2.2,False,
sparse,B568/S01238,0.89,0,0.1,0.6804594370860926,0.686875,0.28511666666666663,0.01655672708260722,0.8958733057245734,1.0,0.7581249999999999,22.8,False,
sparse,B568/S01238,0.89,1,0.2,0.6788907284768212,0.705,0.2856874999999999,0.019367266469152357,0.9004933704324769,1.0,0.751875,22.4,False,
sparse,B568/S01238,0.89,2,0.3,0.6758899006622516,0.673125,0.2893541666666667,0.013425954165213909,0.9053871646908133,1.0,0.75875,17.4,False,
sparse,B568/S01238,0.89,3,0.4,0.6795529801324504,0.670625,0.2833333333333333,0.010542218543046423,0.9027232350807388,1.0,0.761875,6.4,False,
sparse,B568/S01238,0.89,4,0.5,0.6798592715231788,0.683125,0.2837041666666667,0.0075702553154405995,0.9031068543121918,1.0,0.7525,2.8,False,
sparse,B568/S01238,0.89,5,0.1,0.6780422185430464,0.6725,0.28847500000000004,0.021124302892993302,0.8984271137418578,1.0,0.75,22.2,False,
sparse,B568/S01238,0.89,6,0.2,0.6784975165562913,0.705,0.28489999999999993,0.01207737887765748,0.9010950833939793,1.0,0.76,24.6,False,
sparse,B568/S01238,0.89,7,0.3,0.6778890728476821,0.655,0.28570833333333334,0.021623932554897213,0.9032743715673662,1.0,0.75125,17.4,False,
sparse,B568/S01238,0.89,8,0.4,0.6771316225165565,0.684375,0.28617499999999996,0.009371078773090862,0.9051910101496249,1.0,0.760625,7.2,False,
sparse,B568/S01238,0.89,9,0.5,0.6770240066225166,0.69,0.28489583333333335,0.01596364151272182,0.9064493647162646,1.0,0.7575000000000001,2.0,False,
sparse,B568/S01238,0.9,0,0.1,0.6857367549668875,0.671875,0.27600833333333336,0.017408286859533186,0.8898939056054396,1.0,0.7581249999999999,22.6,False,
sparse,B568/S01238,0.9,1,0.2,0.6868832781456953,0.670625,0.2729916666666667,0.007675801673056155,0.8913504788991218,1.0,0.76375,22.2,False,
sparse,B568/S01238,0.9,2,0.3,0.687433774834437,0.67875,0.2735666666666667,0.015548318229348011,0.892583322932994,1.0,0.7731250000000001,17.4,False,
sparse,B568/S01238,0.9,3,0.4,0.6860140728476821,0.689375,0.27484166666666665,0.02099228825374602,0.8954411386180804,1.0,0.775625,6.2,False,
sparse,B568/S01238,0.9,4,0.5,0.6866432119205298,0.678125,0.2729958333333333,0.006308273788776121,0.8954664043017225,1.0,0.759375,2.8,False,
sparse,B568/S01238,0.9,5,0.1,0.684817880794702,0.679375,0.2763625,0.015209132101777227,0.8907884271435796,1.0,0.763125,22.2,False,
sparse,B568/S01238,0.9,6,0.2,0.6842177152317881,0.70375,0.2765166666666667,0.0198100383408847,0.8946239302814991,1.0,0.77125,24.6,False,
sparse,B568/S01238,0.9,7,0.3,0.6851862582781456,0.683125,0.27664583333333337,0.013959241024746692,0.8949960537139641,1.0,0.75875,17.6,False,
sparse,B568/S01238,0.9,8,0.4,0.6840480132450331,0.696875,0.2764916666666667,0.016695930637852647,0.8976269320639894,1.0,0.76125,7.2,False,
sparse,B568/S01238,0.9,9,0.5,0.6867756622516556,0.683125,0.272625,0.012279322063435955,0.8957072760703934,1.0,0.76375,2.2,False,
sparse,B568/S01238,0.91,0,0.1,0.6914859271523179,0.706875,0.26875,0.01495065789473654,0.8831502913000162,1.0,0.768125,22.6,False,
sparse,B568/S01238,0.91,1,0.2,0.6925372516556291,0.70375,0.2672625,0.013681814220983022,0.8847121831175424,1.0,0.77875,22.4,False,
sparse,B568/S01238,0.91,2,0.3,0.6913783112582781,0.699375,0.2659125,0.020512918264202876,0.8880446052165272,1.0,0.7725,17.2,False,
sparse,B568/S01238,0.91,3,0.4,0.6919577814569536,0.6925,0.2647541666666666,0.02235654844893627,0.8886048994950797,1.0,0.7775,6.2,False,
sparse,B568/S01238,0.91,4,0.5,0.6931249999999999,0.68875,0.262975,0.00793133495991629,0.8878732679757317,1.0,0.785625,2.8,False,
sparse,B568/S01238,0.91,5,0.1,0.6905132450331126,0.683125,0.26763750000000003,0.015112408504705082,0.8842430733369663,1.0,0.7825,22.2,False,
sparse,B568/S01238,0.91,6,0.2,0.6943915562913908,0.7025,0.26436666666666664,0.012008430637852473,0.8828595819185796,1.0,0.778125,24.2,False,
sparse,B568/S01238,0.91,7,0.3,0.69158940397351,0.67625,0.2661333333333333,0.026733291216451387,0.887581098123635,1.0,0.764375,17.4,False,
sparse,B568/S01238,0.91,8,0.4,0.6916804635761589,0.685,0.2659125,0.023711332345764283,0.8888011931823645,1.0,0.7737499999999999,7.2,False,
sparse,B568/S01238,0.91,9,0.5,0.6919205298013245,0.705625,0.26505,0.02440636981526598,0.8895769522571364,1.0,0.774375,2.2,False,
sparse,B568/S01238,0.92,0,0.1,0.7002566225165564,0.7,0.2565291666666667,0.0191646697455553,0.8723867522753369,1.0,0.783125,22.6,False,
sparse,B568/S01238,0.92,1,0.2,0.6989114238410596,0.705,0.25652083333333325,0.013786707040780248,0.8769684044832481,1.0,0.7825,22.2,False,
sparse,B568/S01238,0.92,2,0.3,0.69778559602649,0.69,0.2571083333333333,0.016484837922620413,0.880213831097106,1.0,0.785,17.2,False,
sparse,B568/S01238,0.92,3,0.4,0.6966473509933775,0.68875,0.25729583333333333,0.009627265597768579,0.8828812231475901,1.0,0.783125,6.2,False,
sparse,B568/S01238,0.92,4,0.5,0.6996440397350994,0.70375,0.2546000000000001,0.016860948936911344,0.8799794901864633,1.0,0.7825,2.8,False,
sparse,B568/S01238,0.92,5,0.1,0.6962789735099337,0.695625,0.26022083333333335,0.017693229348204977,0.8770850847761545,1.0,0.784375,22.0,False,
sparse,B568/S01238,0.92,6,0.2,0.6976779801324504,0.705,0.2582333333333333,0.01660018734750781,0.8786949444337562,1.0,0.781875,24.2,False,
sparse,B568/S01238,0.92,7,0.3,0.6992880794701987,0.681875,0.2569125,0.018251677413732702,0.8783911767236586,1.0,0.78625,17.6,False,
sparse,B568/S01238,0.92,8,0.4,0.698621688741722,0.70875,0.2575458333333333,0.008702836354129993,0.8804185915724921,1.0,0.783125,7.0,False,
sparse,B568/S01238,0.92,9,0.5,0.697669701986755,0.69875,0.2553958333333334,0.01700995555942774,0.8828505775183365,1.0,0.784375,2.0,False,
sparse,B568/S01238,0.93,0,0.1,0.7048385761589403,0.71,0.2489958333333333,0.014217388462878526,0.8665688121500181,1.0,0.790625,22.8,False,
sparse,B568/S01238,0.93,1,0.2,0.7066266556291391,0.73625,0.24733749999999996,0.01410399965144587,0.8672229846237991,1.0,0.7893749999999999,22.2,False,
sparse,B568/S01238,0.93,2,0.3,0.7039900662251656,0.72125,0.24769166666666667,0.027544985186475898,0.8724744607661795,1.0,0.801875,17.6,False,
sparse,B568/S01238,0.93,3,0.4,0.7064569536423841,0.71,0.24458749999999999,0.015572499128615766,0.8706049908355423,1.0,0.79875,6.4,False,
sparse,B568/S01238,0.93,4,0.5,0.7058733443708609,0.70375,0.24549999999999997,0.016086506622515217,0.8721078293445057,1.0,0.795,3.0,False,
sparse,B568/S01238,0.93,5,0.1,0.7026903973509933,0.69875,0.25343333333333334,0.02719926368072493,0.8690243064091471,1.0,0.793125,22.0,False,
sparse,B568/S01238,0.93,6,0.2,0.7060554635761589,0.715625,0.24725416666666666,0.023316922272568322,0.868219106521087,1.0,0.800625,24.2,False,
sparse,B568/S01238,0.93,7,0.3,0.7032698675496688,0.71,0.2500416666666666,0.016902121819448713,0.873209382876898,1.0,0.783125,17.4,False,
sparse,B568/S01238,0.93,8,0.4,0.7036382450331126,0.705625,0.24778333333333336,0.014877134890205089,0.8741038068255282,1.0,0.7887500000000001,7.0,False,
sparse,B568/S01238,0.93,9,0.5,0.7061548013245033,0.688125,0.24468333333333334,0.012904104217496359,0.8722656695984272,1.0,0.7875,2.0,False,
sparse,B568/S01238,0.94,0,0.1,0.7113327814569537,0.714375,0.23900000000000002,0.018522568839316432,0.8578719763005138,1.0,0.8175,22.6,False,
sparse,B568/S01238,0.94,1,0.2,0.7114279801324503,0.721875,0.23939999999999997,0.014855568142209908,0.8608497356109922,1.0,0.8043750000000001,22.4,False,
sparse,B568/S01238,0.94,2,0.3,0.7107574503311258,0.72,0.2394333333333334,0.01724098117811052,0.863801944766545,1.0,0.80375,17.4,False,
sparse,B568/S01238,0.94,3,0.4,0.7126614238410596,0.71875,0.23643750000000002,0.011023549146043312,0.8626275057256423,1.0,0.803125,6.2,False,
sparse,B568/S01238,0.94,4,0.5,0.7132036423841059,0.713125,0.23547083333333338,0.013553394039734998,0.862737459089494,1.0,0.810625,2.8,False,
sparse,B568/S01238,0.94,5,0.1,0.709933774834437,0.705625,0.23682083333333329,0.014879422272568561,0.8597472502518945,1.0,0.80875,22.0,False,
sparse,B568/S01238,0.94,6,0.2,0.7123799668874172,0.72125,0.23955833333333335,0.019800888811432316,0.8599445210598977,1.0,0.800625,24.2,False,
sparse,B568/S01238,0.94,7,0.3,0.7099917218543046,0.731875,0.2392875,0.02280356831648558,0.8646839982762212,1.0,0.79375,17.4,False,
sparse,B568/S01238,0.94,8,0.4,0.7129635761589403,0.715,0.23702916666666668,0.019257145346810483,0.8621711335901777,1.0,0.79875,7.2,False,
sparse,B568/S01238,0.94,9,0.5,0.7141059602649006,0.735,0.2337041666666667,0.015641774137329378,0.8618300923995404,1.0,0.80625,2.0,False,
sparse,B568/S01238,0.95,0,0.1,0.7191349337748345,0.71625,0.23014583333333336,0.019155193447193936,0.8473541799214651,1.0,0.82125,22.6,False,
sparse,B568/S01238,0.95,1,0.2,0.7177773178807947,0.73375,0.22835416666666664,0.01994826158940332,0.8522439809953596,1.0,0.815,22.2,False,
sparse,B568/S01238,0.95,2,0.3,0.7169122516556291,0.723125,0.22890416666666671,0.024382842453815806,0.8555507075899671,1.0,0.82375,17.2,False,
sparse,B568/S01238,0.95,3,0.4,0.7162748344370861,0.7275,0.2285041666666667,0.02255195625653481,0.8577397490551286,1.0,0.81125,6.4,False,
sparse,B568/S01238,0.95,4,0.5,0.7194701986754968,0.721875,0.22459583333333333,0.01109641861275693,0.8541405618777446,1.0,0.823125,2.8,False,
sparse,B568/S01238,0.95,5,0.1,0.7171730132450331,0.705,0.22981666666666664,0.023669832694317938,0.8498976358108069,1.0,0.814375,22.0,False,
sparse,B568/S01238,0.95,6,0.2,0.7178021523178808,0.704375,0.22842083333333335,0.019811998954338696,0.85261470962616,1.0,0.80875,24.4,False,
sparse,B568/S01238,0.95,7,0.3,0.7174172185430464,0.7075,0.22714166666666666,0.023035901010804896,0.8547140776523736,1.0,0.825,17.4,False,
sparse,B568/S01238,0.95,8,0.4,0.7178145695364239,0.7575,0.22648749999999998,0.010211528407110447,0.8554928045925392,1.0,0.814375,7.0,False,
sparse,B568/S01238,0.95,9,0.5,0.7185389072847683,0.749375,0.2283416666666667,0.01726058731265258,0.8558322066409322,1.0,0.811875,2.2,False,
sparse,B568/S01238,0.96,0,0.1,0.7237955298013246,0.715625,0.2198833333333333,0.02433970895782457,0.8406242547976557,1.0,0.826875,22.6,False,
sparse,B568/S01238,0.96,1,0.2,0.7241473509933775,0.72375,0.2138375,0.02152002004182605,0.8435626425518385,1.0,0.83125,22.2,False,
sparse,B568/S01238,0.96,2,0.3,0.7229594370860927,0.729375,0.21711249999999999,0.01703250261415073,0.8471543315194318,1.0,0.833125,17.2,False,
sparse,B568/S01238,0.96,3,0.4,0.7263203642384106,0.749375,0.21509166666666668,0.012620142035551877,0.8437791841025615,1.0,0.82375,6.2,False,
sparse,B568/S01238,0.96,4,0.5,0.723331953642384,0.73,0.21492499999999998,0.020761916172882325,0.8487976439150093,1.0,0.82375,3.0,False,
sparse,B568/S01238,0.96,5,0.1,0.7231705298013245,0.719375,0.2160625,0.018352649006622063,0.8414359187604924,1.0,0.834375,22.0,False,
sparse,B568/S01238,0.96,6,0.2,0.7241846026490065,0.744375,0.21815416666666668,0.012917174973858234,0.8437029575690592,1.0,0.8175,24.4,False,
sparse,B568/S01238,0.96,7,0.3,0.723149834437086,0.729375,0.2178375,0.025312499999999793,0.8467096729935948,1.0,0.819375,17.6,False,
sparse,B568/S01238,0.96,8,0.4,0.7243170529801325,0.73125,0.21327083333333335,0.021975209132101436,0.8465206957072543,1.0,0.81875,7.2,False,
sparse,B568/S01238,0.96,9,0.5,0.7260264900662252,0.749375,0.21364166666666667,0.017968042000696696,0.8453507112980017,1.0,0.83,2.2,False,
sparse,B568/S01238,0.97,0,0.1,0.7272350993377483,0.73625,0.20522916666666668,0.022500326768908643,0.8355125053622864,1.0,0.849375,22.6,False,
sparse,B568/S01238,0.97,1,0.2,0.7289528145695364,0.745,0.20499583333333335,0.015373496863017845,0.8364885082527018,1.0,0.84125,22.2,False,
sparse,B568/S01238,0.97,2,0.3,0.7309478476821192,0.71875,0.20235,0.021391273091668796,0.8356454905982146,1.0,0.840625,17.4,False,
sparse,B568/S01238,0.97,3,0.4,0.7308319536423842,0.7175,0.19660416666666666,0.016088467235970207,0.83737012246739,1.0,0.845625,6.2,False,
sparse,B568/S01238,0.97,4,0.5,0.729908940397351,0.746875,0.19869583333333332,0.01179243638898494,0.8394757852987734,1.0,0.844375,2.8,False,
sparse,B568/S01238,0.97,5,0.1,0.72817880794702,0.709375,0.20717916666666664,0.02280650923666751,0.8340293105577432,1.0,0.84375,22.0,False,
sparse,B568/S01238,0.97,6,0.2,0.7307822847682119,0.774375,0.20232083333333337,0.01612212443360008,0.8342121743618398,1.0,0.835,24.4,False,
sparse,B568/S01238,0.97,7,0.3,0.7303187086092716,0.7425,0.20143333333333333,0.01668874172185363,0.8365691798490248,1.0,0.83375,17.4,False,
sparse,B568/S01238,0.97,8,0.4,0.7315149006622517,0.7425,0.19524583333333334,0.02186998954339436,0.8361731814596404,1.0,0.848125,7.0,False,
sparse,B568/S01238,0.97,9,0.5,0.7325620860927152,0.734375,0.197225,0.019665933252003352,0.8359727130500045,1.0,0.8375,2.0,False,
sparse,B568/S01238,0.98,0,0.1,0.7379221854304636,0.725,0.17722083333333333,0.024095939351690524,0.8196761002529979,1.0,0.859375,22.6,False,
sparse,B568/S01238,0.98,1,0.2,0.733282284768212,0.733125,0.1854,0.02684896741024664,0.8302169969382287,1.0,0.859375,22.2,False,
sparse,B568/S01238,0.98,2,0.3,0.7355877483443709,0.731875,0.1802625,0.019650901882188484,0.8287910703448473,1.0,0.8625,17.4,False,
sparse,B568/S01238,0.98,3,0.4,0.7374089403973509,0.731875,0.17638333333333336,0.019941726211222758,0.8274117181349807,1.0,0.8625,6.2,False,
sparse,B568/S01238,0.98,4,0.5,0.7393460264900661,0.749375,0.1761708333333333,0.017301433426280467,0.8254656069596495,1.0,0.861875,2.8,False,
sparse,B568/S01238,0.98,5,0.1,0.7339859271523178,0.74125,0.18641666666666665,0.027351537992330605,0.8254660542546168,1.0,0.863125,22.0,False,
sparse,B568/S01238,0.98,6,0.2,0.7383774834437087,0.751875,0.18160416666666665,0.016786118856744234,0.8228786071495245,1.0,0.865,24.2,False,
sparse,B568/S01238,0.98,7,0.3,0.7363576158940397,0.74,0.18165833333333334,0.019856439525967218,0.827588378588178,1.0,0.855625,17.4,False,
sparse,B568/S01238,0.98,8,0.4,0.7385554635761589,0.76,0.17498750000000002,0.020475993377483223,0.8257018228583531,1.0,0.859375,7.0,False,
sparse,B568/S01238,0.98,9,0.5,0.7375745033112583,0.725625,0.17583333333333334,0.014323261589403311,0.8286096479926869,1.0,0.8625,2.0,False,
sparse,B568/S01238,0.99,0,0.1,0.7436506622516555,0.74875,0.14907916666666668,0.027606090972464057,0.8104973720411262,1.0,0.901875,22.6,False,
sparse,B568/S01238,0.99,1,0.2,0.7425,0.74375,0.14394583333333333,0.02378550888811344,0.8163195968424793,1.0,0.91125,22.2,False,
sparse,B568/S01238,0.99,2,0.3,0.74466059602649,0.74625,0.141275,0.022689852736144697,0.8150171823359356,1.0,0.90625,17.2,False,
sparse,B568/S01238,0.99,3,0.4,0.7438865894039736,0.75875,0.14142083333333333,0.014522917392818689,0.8176544878332598,1.0,0.896875,6.2,False,
sparse,B568/S01238,0.99,4,0.5,0.7483609271523178,0.750625,0.1326625,0.02509356483095133,0.8113627877034622,1.0,0.916875,2.8,False,
sparse,B568/S01238,0.99,5,0.1,0.744387417218543,0.760625,0.14607083333333334,0.029374237539211506,0.80949117773626,1.0,0.895625,22.0,False,
sparse,B568/S01238,0.99,6,0.2,0.7453187086092715,0.73625,0.13818333333333332,0.019892384105959563,0.812289493660101,1.0,0.913125,24.4,False,
sparse,B568/S01238,0.99,7,0.3,0.7456870860927153,0.748125,0.13817083333333333,0.0170370773788773,0.8132866074931409,1.0,0.896875,17.4,False,
sparse,B568/S01238,0.99,8,0.4,0.7438245033112584,0.725,0.1439875,0.020447564482398,0.817596799947767,1.0,0.906875,7.0,False,
sparse,B568/S01238,0.99,9,0.5,0.7471316225165564,0.733125,0.133725,0.01504182642035506,0.8139543190837419,1.0,0.904375,2.0,False,
active,B123/S02457,0.0,0,0.1,0.4957657284768212,0.491875,0.3910625,0.012078685953293518,0.9954252370880379,1.0,0.665625,29.8,False,
active,B123/S02457,0.0,1,0.2,0.4968708609271523,0.52125,0.38957916666666664,0.0036934689787381262,0.9961991114251718,1.0,0.6699999999999999,29.6,False,
active,B123/S02457,0.0,2,0.3,0.4971647350993378,0.5175,0.38869583333333335,0.0020452466016030175,0.9976598255935839,1.0,0.685,24.4,False,
active,B123/S02457,0.0,3,0.4,0.4979387417218543,0.51,0.38640833333333335,0.002328882014638708,0.9989978190494463,1.0,0.66875,14.0,False,
active,B123/S02457,0.0,4,0.5,0.4969908940397351,0.51625,0.3866750000000001,-0.00017514813523889425,0.9993244132958106,1.0,0.656875,8.8,False,
active,B123/S02457,0.0,5,0.1,0.49430463576158934,0.488125,0.3918666666666667,0.014778123910769846,0.9956356393095361,1.0,0.66625,31.4,False,
active,B123/S02457,0.0,6,0.2,0.49574917218543046,0.496875,0.3911708333333333,0.007852583652840566,0.9958009469941174,1.0,0.671875,29.8,False,
active,B123/S02457,0.0,7,0.3,0.49702400662251656,0.489375,0.38743333333333335,0.005768451551062964,0.9981168128591549,1.0,0.676875,20.6,False,
active,B123/S02457,0.0,8,0.4,0.49648592715231776,0.491875,0.39059166666666667,-0.00011731003834139297,0.9989233345998179,1.0,0.666875,15.6,False,
active,B123/S02457,0.0,9,0.5,0.49686672185430464,0.515625,0.3873875,0.001336484837922175,0.9992161604668126,1.0,0.678125,11.2,False,
active,B123/S02457,0.01,0,0.1,0.4948137417218542,0.48875,0.38944166666666663,0.011473183164865508,0.9956432663560184,1.0,0.6725,28.4,False,
active,B123/S02457,0.01,1,0.2,0.49662665562913905,0.495625,0.39136666666666664,0.0033957825026138143,0.9962209221390053,1.0,0.6599999999999999,33.4,False,
active,B123/S02457,0.01,2,0.3,0.4961341059602649,0.48625,0.3901125,0.0024412905193439294,0.9978275483258469,1.0,0.6837500000000001,23.8,False,
active,B123/S02457,0.01,3,0.4,0.497342715231788,0.5025,0.3876666666666666,-0.00015292784942531993,0.9989388186358865,1.0,0.67625,11.8,False,
active,B123/S02457,0.01,4,0.5,0.49751241721854306,0.49125,0.3871583333333333,-0.0008116939700249483,0.9992905528043006,1.0,0.6625,9.2,False,
active,B123/S02457,0.01,5,0.1,0.49385347682119207,0.470625,0.3924666666666667,0.017369728128267082,0.9953574177171739,1.0,0.6581250000000001,30.0,False,
active,B123/S02457,0.01,6,0.2,0.49673427152317884,0.490625,0.39077916666666673,0.00484336876960561,0.9961864249542698,1.0,0.655,35.2,False,
active,B123/S02457,0.01,7,0.3,0.4968087748344371,0.49875,0.39004583333333337,0.0012694972115716615,0.9981210854982654,1.0,0.6681250000000001,21.6,False,
active,B123/S02457,0.01,8,0.4,0.49473509933774823,0.45,0.3897791666666667,0.0001807032066915848,0.9987871795739152,1.0,0.650625,16.8,False,
active,B123/S02457,0.01,9,0.5,0.4973137417218542,0.483125,0.38881250000000006,-0.00024867113977053245,0.9991901057595455,1.0,0.6675,10.8,False,
active,B123/S02457,0.02,0,0.1,0.49532284768211915,0.511875,0.3900208333333333,0.015009149529452747,0.9956201928226436,1.0,0.661875,28.2,False,
active,B123/S02457,0.02,1,0.2,0.49711920529801323,0.4925,0.39269583333333336,0.004173819275008641,0.9965609718065541,1.0,0.65,32.6,False,
active,B123/S02457,0.02,2,0.3,0.496262417218543,0.484375,0.39250833333333335,0.0041310125479257585,0.9977109597441695,1.0,0.6487499999999999,24.2,False,
active,B123/S02457,0.02,3,0.4,0.49704470198675504,0.49625,0.390975,0.0006675888811427251,0.9988604007691975,1.0,0.6699999999999999,13.4,False,
active,B123/S02457,0.02,4,0.5,0.4983195364238411,0.505,0.39010833333333333,8.822760543534115e-06,0.9993016552558407,1.0,0.67125,9.8,False,
active,B123/S02457,0.02,5,0.1,0.4956870860927152,0.490625,0.39111666666666667,0.012481592018124594,0.995304414376233,1.0,0.6599999999999999,29.8,False,
active,B123/S02457,0.02,6,0.2,0.49582781456953645,0.4925,0.3940083333333333,0.002410901010805215,0.9960359541719819,1.0,0.6543749999999999,32.6,False,
active,B123/S02457,0.02,7,0.3,0.49717715231788073,0.50125,0.39187916666666667,-0.0006842540955042338,0.998131889571464,1.0,0.661875,21.2,False,
active,B123/S02457,0.02,8,0.4,0.4970281456953643,0.496875,0.3917166666666666,-0.0010280149878007727,0.9989236962852436,1.0,0.649375,17.0,False,
active,B123/S02457,0.02,9,0.5,0.4972102649006622,0.494375,0.3894625,-0.0015260108051589187,0.9992955869925113,1.0,0.666875,10.6,False,
active,B123/S02457,0.03,0,0.1,0.4951531456953642,0.515,0.3923583333333333,0.013539342976646503,0.9954948873026055,1.0,0.65875,24.4,False,
active,B123/S02457,0.03,1,0.2,0.4968667218543046,0.501875,0.39250833333333335,0.0017897133147434447,0.9965398057818894,1.0,0.676875,30.0,False,
active,B123/S02457,0.03,2,0.3,0.49742549668874164,0.4775,0.3955708333333333,-0.0009299843150924633,0.9976282406874339,1.0,0.651875,27.4,False,
active,B123/S02457,0.03,3,0.4,0.49649420529801325,0.49375,0.39298333333333335,-0.0017870991634723072,0.998820175574778,1.0,0.66625,13.4,False,
active,B123/S02457,0.03,4,0.5,0.4977566225165563,0.51125,0.3943000000000001,0.0010776838619722586,0.9992195472348805,1.0,0.65625,11.8,False,
active,B123/S02457,0.03,5,0.1,0.4947847682119207,0.496875,0.39162500000000006,0.010204339491111616,0.9956036327269256,1.0,0.66125,28.6,False,
active,B123/S02457,0.03,6,0.2,0.4973385761589404,0.5,0.3938833333333333,0.005648527361449434,0.9962750659367817,1.0,0.6599999999999999,33.6,False,
active,B123/S02457,0.03,7,0.3,0.4961961920529802,0.489375,0.39463333333333334,0.0022109184384801715,0.9981705875505262,1.0,0.66125,21.0,False,
active,B123/S02457,0.03,8,0.4,0.4980836092715231,0.498125,0.3912333333333333,0.004751873475078238,0.9987019435484372,1.0,0.661875,13.6,False,
active,B123/S02457,0.03,9,0.5,0.4974420529801325,0.506875,0.3918041666666666,-0.0010306291390734725,0.9992158653305387,1.0,0.661875,7.6,False,
active,B123/S02457,0.04,0,0.1,0.49616721854304635,0.505625,0.39372083333333335,0.01627309166957128,0.9955772134326905,1.0,0.673125,26.0,False,
active,B123/S02457,0.04,1,0.2,0.49616721854304624,0.525,0.39342916666666666,0.005377635935865765,0.9964152170196371,1.0,0.6575,28.4,False,
active,B123/S02457,0.04,2,0.3,0.49759105960264893,0.51125,0.3944291666666667,-0.0002052108748691308,0.9980359149656037,1.0,0.649375,21.8,False,
active,B123/S02457,0.04,3,0.4,0.49784768211920527,0.495,0.39321666666666666,-0.00072477344022327,0.9989783965415168,1.0,0.6681250000000001,12.8,False,
active,B123/S02457,0.04,4,0.5,0.4983153973509934,0.48375,0.3909583333333333,-0.0021579818752181542,0.9993049614279531,1.0,0.6543749999999999,12.0,False,
active,B123/S02457,0.04,5,0.1,0.4954801324503311,0.46125,0.3941625,0.01503038950853945,0.9953771535869562,1.0,0.669375,30.0,False,
active,B123/S02457,0.04,6,0.2,0.4970778145695364,0.510625,0.3939625,0.002420704078075371,0.9961108535886491,1.0,0.67625,31.6,False,
active,B123/S02457,0.04,7,0.3,0.4979718543046357,0.51875,0.3953791666666667,0.0021517732659456328,0.9982790470639391,1.0,0.6543749999999999,18.2,False,
active,B123/S02457,0.04,8,0.4,0.49795115894039726,0.506875,0.3944583333333333,0.003121950156848779,0.9988582301329307,1.0,0.660625,16.4,False,
active,B123/S02457,0.04,9,0.5,0.49792632450331115,0.505625,0.39000416666666665,0.002417436388985215,0.9994251922312043,1.0,0.6575,9.6,False,
active,B123/S02457,0.05,0,0.1,0.4960264900662252,0.48375,0.39285833333333336,0.010442554025792536,0.9957000018106174,1.0,0.660625,29.0,False,
active,B123/S02457,0.05,1,0.2,0.4969701986754967,0.480625,0.39445833333333336,0.0022602605437431166,0.996604135367466,1.0,0.65375,31.8,False,
active,B123/S02457,0.05,2,0.3,0.4970736754966887,0.495625,0.39620000000000005,0.003010195189961389,0.9979739590055542,1.0,0.6643749999999999,22.4,False,
active,B123/S02457,0.05,3,0.4,0.49669701986754966,0.469375,0.3924625,0.003235992506099016,0.9990801605205477,1.0,0.65875,14.0,False,
active,B123/S02457,0.05,4,0.5,0.4979966887417218,0.485,0.39248333333333335,0.00025259236667764495,0.9993024687102513,1.0,0.678125,13.0,False,
active,B123/S02457,0.05,5,0.1,0.4962541390728476,0.49625,0.3945125,0.013262896479609392,0.9954420141474343,1.0,0.65625,31.0,False,
active,B123/S02457,0.05,6,0.2,0.4965438741721855,0.49875,0.3956666666666666,0.007364390902753388,0.9960780267133119,1.0,0.6575,32.0,False,
active,B123/S02457,0.05,7,0.3,0.49656870860927155,0.485625,0.39681666666666665,-0.0010061214708956764,0.9981199415211395,1.0,0.665625,21.0,False,
active,B123/S02457,0.05,8,0.4,0.49776076158940386,0.501875,0.39364999999999994,0.0017050801673052381,0.9989022768760988,1.0,0.65375,13.8,False,
active,B123/S02457,0.05,9,0.5,0.4977897350993377,0.52,0.3917833333333333,0.00022645085395583327,0.9994099052335914,1.0,0.65625,8.2,False,
active,B123/S02457,0.06,0,0.1,0.4955711920529802,0.493125,0.3958458333333334,0.012899202683861999,0.9956552794702217,1.0,0.669375,25.6,False,
active,B123/S02457,0.06,1,0.2,0.49757864238410593,0.491875,0.396075,0.005371754095503471,0.9965014924541463,1.0,0.651875,30.0,False,
active,B123/S02457,0.06,2,0.3,0.4982243377483444,0.489375,0.3974333333333333,0.0010182119205288044,0.9978781594384416,1.0,0.6475,23.8,False,
active,B123/S02457,0.06,3,0.4,0.49617135761589404,0.4925,0.3968916666666667,0.0020351167654233835,0.9991282685156551,1.0,0.661875,15.0,False,
active,B123/S02457,0.06,4,0.5,0.497342715231788,0.495625,0.39529583333333335,0.0005097594980829833,0.9992908578554646,1.0,0.65,11.2,False,
active,B123/S02457,0.06,5,0.1,0.4960513245033113,0.473125,0.3956666666666666,0.011964970372951883,0.995605730186685,1.0,0.669375,29.4,False,
active,B123/S02457,0.06,6,0.2,0.49713162251655635,0.473125,0.3942791666666667,0.003597072150574895,0.996350468241605,1.0,0.64375,30.4,False,
active,B123/S02457,0.06,7,0.3,0.4987748344370861,0.523125,0.3947583333333334,0.0002869031021257844,0.9982899337079687,1.0,0.65,21.6,False,
active,B123/S02457,0.06,8,0.4,0.49732615894039733,0.490625,0.39571666666666666,0.0006662818055070625,0.9990204822781241,1.0,0.655625,14.6,False,
active,B123/S02457,0.06,9,0.5,0.49793046357615894,0.499375,0.39374583333333335,0.0018982005925406162,0.99926175883442,1.0,0.651875,8.6,False,
active,B123/S02457,0.07,0,0.1,0.49527731788079477,0.498125,0.3978541666666666,0.015440811258277523,0.995582855244885,1.0,0.651875,25.4,False,
active,B123/S02457,0.07,1,0.2,0.49725579470198683,0.503125,0.39791666666666664,0.005136807249912332,0.9967576113725137,1.0,0.6599999999999999,28.8,False,
active,B123/S02457,0.07,2,0.3,0.4974627483443708,0.465625,0.39713333333333334,0.0018256578947364124,0.9979926348324205,1.0,0.65375,23.2,False,
active,B123/S02457,0.07,3,0.4,0.4975041390728477,0.526875,0.39642916666666667,0.0028040040083651364,0.9991196709229324,1.0,0.6575,12.0,False,
active,B123/S02457,0.07,4,0.5,0.4978187086092715,0.495625,0.3968541666666667,-0.0013021741024754104,0.9993833926548846,1.0,0.645,7.6,False,
active,B123/S02457,0.07,5,0.1,0.4957243377483443,0.47875,0.3977041666666667,0.014248104740327281,0.9956573603050147,1.0,0.65,29.8,False,
active,B123/S02457,0.07,6,0.2,0.49596026490066236,0.496875,0.3981791666666667,0.007006252178458937,0.9964539689057468,1.0,0.6481250000000001,30.6,False,
active,B123/S02457,0.07,7,0.3,0.49744205298013244,0.5025,0.3954375,0.0027997560125479206,0.998307392624546,1.0,0.6475,21.2,False,
active,B123/S02457,0.07,8,0.4,0.4988245033112584,0.511875,0.39521666666666666,-0.004433927326595095,0.9989013319194442,1.0,0.660625,14.2,False,
active,B123/S02457,0.07,9,0.5,0.4975579470198676,0.52375,0.3961833333333334,0.0007326158940398697,0.9993108844029637,1.0,0.666875,8.8,False,
active,B123/S02457,0.08,0,0.1,0.4955132450331125,0.479375,0.39843749999999994,0.013791935343324959,0.9956663029205545,1.0,0.6525000000000001,28.4,False,
active,B123/S02457,0.08,1,0.2,0.49760347682119205,0.506875,0.39915,-0.0008329339491117134,0.996661999400595,1.0,0.65,28.6,False,
active,B123/S02457,0.08,2,0.3,0.49730132450331127,0.496875,0.3983833333333333,0.0019906761937951724,0.9980550392138312,1.0,0.655,23.2,False,
active,B123/S02457,0.08,3,0.4,0.4978187086092715,0.505625,0.39887083333333334,0.003496427326594511,0.999069512956033,1.0,0.659375,11.6,False,
active,B123/S02457,0.08,4,0.5,0.49804221854304637,0.488125,0.3968041666666666,0.0005166216451720863,0.9994448533492892,1.0,0.659375,9.2,False,
active,B123/S02457,0.08,5,0.1,0.495612582781457,0.486875,0.39660833333333334,0.015144758626698977,0.9956632300940728,1.0,0.66125,29.8,False,
active,B123/S02457,0.08,6,0.2,0.4975993377483443,0.49625,0.4012916666666666,0.005058382711745647,0.9964342440668724,1.0,0.6756249999999999,29.4,False,
active,B123/S02457,0.08,7,0.3,0.4971647350993378,0.5175,0.39939583333333334,0.00521294440571542,0.9985091142036757,1.0,0.6487499999999999,19.4,False,
active,B123/S02457,0.08,8,0.4,0.49879966887417215,0.51125,0.3971791666666667,-0.0026680681422098034,0.9990449209694462,1.0,0.64125,14.6,False,
active,B123/S02457,0.08,9,0.5,0.49793460264900663,0.49375,0.39654999999999996,0.00015684907633280743,0.9994253929962393,1.0,0.6425000000000001,6.4,False,
active,B123/S02457,0.09,0,0.1,0.4963948675496689,0.50875,0.40018333333333334,0.016167545311955224,0.9955996462896602,1.0,0.645,27.4,False,
active,B123/S02457,0.09,1,0.2,0.49805877483443706,0.523125,0.40158333333333335,0.005425670965493047,0.9968501264829085,1.0,0.6525000000000001,28.2,False,
active,B123/S02457,0.09,2,0.3,0.49826572847682116,0.503125,0.4025916666666667,0.0018214098989191344,0.9979515226720429,1.0,0.655,21.6,False,
active,B123/S02457,0.09,3,0.4,0.49828642384105964,0.51,0.40168333333333334,0.0004035596026487212,0.999141499885312,1.0,0.6475,12.0,False,
active,B123/S02457,0.09,4,0.5,0.4977069536423841,0.493125,0.40065416666666664,0.0016616199024047115,0.9993907810389842,1.0,0.660625,9.8,False,
active,B123/S02457,0.09,5,0.1,0.4955173841059603,0.525625,0.39974166666666666,0.015998932554896705,0.9956549958968599,1.0,0.6637500000000001,28.6,False,
active,B123/S02457,0.09,6,0.2,0.496783940397351,0.485625,0.40000416666666666,0.005564220982920268,0.9964128128736731,1.0,0.6581250000000001,30.0,False,
active,B123/S02457,0.09,7,0.3,0.4974668874172185,0.509375,0.39901666666666663,0.0008891382014635742,0.998432058715653,1.0,0.649375,20.0,False,
active,B123/S02457,0.09,8,0.4,0.4976407284768213,0.53625,0.4018208333333334,-0.00044538602300510724,0.9988934503890293,1.0,0.649375,13.2,False,
active,B123/S02457,0.09,9,0.5,0.49881622516556284,0.51,0.39715000000000006,0.001618159637504372,0.9993467641357404,1.0,0.645625,8.4,False,
active,B123/S02457,0.1,0,0.1,0.49590231788079464,0.475625,0.40194583333333334,0.013763179679330136,0.9956512564975253,1.0,0.6481250000000001,27.8,False,
active,B123/S02457,0.1,1,0.2,0.4976738410596025,0.491875,0.4014083333333333,0.001740371209480562,0.9969943492503769,1.0,0.6481250000000001,28.6,False,
active,B123/S02457,0.1,2,0.3,0.49679221854304634,0.495,0.4031041666666667,0.0029023614499820486,0.9979681606903424,1.0,0.6368750000000001,22.4,False,
active,B123/S02457,0.1,3,0.4,0.4965397350993377,0.486875,0.40038749999999995,0.0014701333217144738,0.9991915460668441,1.0,0.638125,11.0,False,
active,B123/S02457,0.1,4,0.5,0.49807119205298017,0.504375,0.4024208333333334,0.0007947019867542741,0.999259002102391,1.0,0.638125,8.8,False,
active,B123/S02457,0.1,5,0.1,0.49467301324503316,0.485625,0.4018416666666667,0.008744009236667861,0.9954416797250254,1.0,0.643125,27.0,False,
active,B123/S02457,0.1,6,0.2,0.4981001655629139,0.53375,0.39944166666666664,0.008346331474380934,0.9965354617553152,1.0,0.6481250000000001,28.0,False,
active,B123/S02457,0.1,7,0.3,0.4973509933774834,0.495625,0.40147499999999997,0.005430245730219054,0.9983745577774616,1.0,0.64125,18.8,False,
active,B123/S02457,0.1,8,0.4,0.498373344370861,0.473125,0.40069999999999995,-0.0012992331822937325,0.9991215948562306,1.0,0.6443749999999999,16.0,False,
active,B123/S02457,0.1,9,0.5,0.498112582781457,0.5125,0.40174166666666666,0.0021217105263150837,0.9994577587333695,1.0,0.64,8.2,False,
active,B123/S02457,0.11,0,0.1,0.4958774834437087,0.48625,0.40222499999999994,0.012850840885325489,0.9957778073157313,1.0,0.66125,26.4,False,
active,B123/S02457,0.11,1,0.2,0.4975993377483443,0.4875,0.4030708333333333,0.002988628441965271,0.9967100565788314,1.0,0.646875,29.2,False,
active,B123/S02457,0.11,2,0.3,0.4974710264900662,0.4925,0.40499583333333333,0.0035323719065871034,0.9980621604288027,1.0,0.646875,19.6,False,
active,B123/S02457,0.11,3,0.4,0.49908940397351,0.5225,0.40174999999999994,0.004432620250957996,0.999002004355297,1.0,0.649375,12.0,False,
active,B123/S02457,0.11,4,0.5,0.4982905629139072,0.465625,0.4007958333333333,-0.002587029452771356,0.9992840721751001,1.0,0.6543749999999999,8.6,False,
active,B123/S02457,0.11,5,0.1,0.49615066225165566,0.50125,0.40267083333333326,0.01423176629487575,0.9956819690050362,1.0,0.63625,28.0,False,
active,B123/S02457,0.11,6,0.2,0.49792218543046357,0.518125,0.4047625,0.0099128616242587,0.9964939856365989,1.0,0.6487499999999999,30.4,False,
active,B123/S02457,0.11,7,0.3,0.49906456953642375,0.4925,0.40395416666666667,0.0004685866155449285,0.9984960779793582,1.0,0.639375,19.4,False,
active,B123/S02457,0.11,8,0.4,0.4964610927152317,0.500625,0.40563333333333335,0.0019151925758099156,0.9990712594692422,1.0,0.640625,15.6,False,
active,B123/S02457,0.11,9,0.5,0.49787251655629144,0.51625,0.40138333333333337,0.0026788515162072687,0.9994799387647334,1.0,0.64125,5.8,False,
active,B123/S02457,0.12,0,0.1,0.4968004966887417,0.490625,0.40479583333333335,0.01510227866852526,0.9956854739985697,1.0,0.6387499999999999,26.2,False,
active,B123/S02457,0.12,1,0.2,0.4977524834437087,0.495,0.4054791666666667,0.004603847159288715,0.9968654425367336,1.0,0.65,29.8,False,
active,B123/S02457,0.12,2,0.3,0.49764072847682106,0.495625,0.40497500000000003,0.004682925235273169,0.9982212114169919,1.0,0.64125,21.8,False,
active,B123/S02457,0.12,3,0.4,0.4970198675496689,0.47,0.40695833333333337,0.006688959567793188,0.9990566669230937,1.0,0.64125,11.0,False,
active,B123/S02457,0.12,4,0.5,0.49978062913907284,0.535,0.40205833333333335,-0.0017505010456607584,0.9994564084581409,1.0,0.629375,8.4,False,
active,B123/S02457,0.12,5,0.1,0.49569536423841054,0.506875,0.4042166666666666,0.011916281805506582,0.9957147728104644,1.0,0.640625,26.0,False,
active,B123/S02457,0.12,6,0.2,0.49760761589403985,0.51625,0.40528333333333333,0.005358356570233243,0.996544462076274,1.0,0.645625,28.6,False,
active,B123/S02457,0.12,7,0.3,0.49866721854304646,0.505625,0.40304999999999996,0.003984293307772585,0.998462942002375,1.0,0.6425000000000001,19.4,False,
active,B123/S02457,0.12,8,0.4,0.4972061258278146,0.485625,0.4067,0.006129857964446946,0.9990669174676505,1.0,0.6387499999999999,14.6,False,
active,B123/S02457,0.12,9,0.5,0.49862996688741723,0.491875,0.4037291666666666,-0.0020730219588707822,0.9994585382226868,1.0,0.634375,5.4,False,
active,B123/S02457,0.13,0,0.1,0.49615066225165566,0.473125,0.40835416666666663,0.01390532415475799,0.9956954064927643,1.0,0.63,27.6,False,
active,B123/S02457,0.13,1,0.2,0.4983402317880794,0.490625,0.40590833333333337,0.00249357354478899,0.9969230222157873,1.0,0.646875,29.4,False,
active,B123/S02457,0.13,2,0.3,0.49736341059602646,0.508125,0.4084166666666667,0.0018978738236316382,0.9981373782598613,1.0,0.643125,20.6,False,
active,B123/S02457,0.13,3,0.4,0.49783112582781447,0.500625,0.4071708333333333,0.0043499477169739705,0.9991693531364885,1.0,0.6387499999999999,11.4,False,
active,B123/S02457,0.13,4,0.5,0.4981705298013246,0.4925,0.4071166666666666,-0.0003388593586620545,0.999383685605495,1.0,0.635,9.0,False,
active,B123/S02457,0.13,5,0.1,0.49688741721854307,0.495625,0.40449999999999997,0.01252472551411633,0.9957298097112534,1.0,0.635,28.8,False,
active,B123/S02457,0.13,6,0.2,0.49649420529801325,0.501875,0.4100708333333334,0.009922991460439085,0.9964704423121845,1.0,0.643125,28.2,False,
active,B123/S02457,0.13,7,0.3,0.498373344370861,0.51125,0.4077208333333333,0.003969915475775361,0.9986347094069918,1.0,0.634375,17.8,False,
active,B123/S02457,0.13,8,0.4,0.4986506622516556,0.508125,0.40735833333333327,0.005503768734750567,0.9990534998278628,1.0,0.635625,13.6,False,
active,B123/S02457,0.13,9,0.5,0.49906870860927155,0.4725,0.40485,-0.0012982528755666732,0.9993960952299203,1.0,0.638125,8.8,False,
active,B123/S02457,0.14,0,0.1,0.4965728476821193,0.491875,0.40762916666666665,0.012210047054722594,0.995716462992332,1.0,0.63375,27.8,False,
active,B123/S02457,0.14,1,0.2,0.4981498344370861,0.493125,0.41029166666666667,0.0043970024398738185,0.9971001456076043,1.0,0.640625,27.8,False,
active,B123/S02457,0.14,2,0.3,0.49874586092715223,0.5025,0.4105375,0.005925627396304687,0.9981212591055172,1.0,0.628125,21.8,False,
active,B123/S02457,0.14,3,0.4,0.4981829470198676,0.48625,0.407625,-0.00113029365632686,0.999162489326035,1.0,0.6387499999999999,10.8,False,
active,B123/S02457,0.14,4,0.5,0.4993377483443708,0.493125,0.41065416666666665,-0.00019279365632702481,0.999460982617144,1.0,0.6231249999999999,9.8,False,
active,B123/S02457,0.14,5,0.1,0.49704056291390714,0.51,0.4064875,0.012266578075984183,0.9955568224978278,1.0,0.639375,27.6,False,
active,B123/S02457,0.14,6,0.2,0.4962582781456954,0.459375,0.40960416666666666,0.006613149180899016,0.9966437551102656,1.0,0.65125,32.6,False,
active,B123/S02457,0.14,7,0.3,0.49753311258278143,0.495,0.4086791666666667,0.002852692575809938,0.9985399428089902,1.0,0.643125,17.4,False,
active,B123/S02457,0.14,8,0.4,0.4987293046357616,0.4775,0.4100958333333333,0.0009685430463570059,0.9992046119632366,1.0,0.64625,14.8,False,
active,B123/S02457,0.14,9,0.5,0.4991473509933775,0.475625,0.4091708333333333,-0.001707367549669085,0.9994566475874118,1.0,0.650625,7.2,False,
active,B123/S02457,0.15,0,0.1,0.4958692052980133,0.496875,0.4116458333333334,0.015896653886371494,0.9957716299572096,1.0,0.6425000000000001,25.8,False,
active,B123/S02457,0.15,1,0.2,0.49736754966887414,0.500625,0.41455,0.004659724642732098,0.9969065332195208,1.0,0.64125,28.2,False,
active,B123/S02457,0.15,2,0.3,0.49892798013245027,0.518125,0.4089416666666667,0.006385391251306456,0.9982917642628149,1.0,0.628125,19.8,False,
active,B123/S02457,0.15,3,0.4,0.498580298013245,0.476875,0.4115625,0.005804396131055994,0.9991266516516996,1.0,0.63,10.6,False,
active,B123/S02457,0.15,4,0.5,0.49771109271523173,0.4825,0.4096416666666667,-0.004827030324154954,0.9993793077320704,1.0,0.6475,8.2,False,
active,B123/S02457,0.15,5,0.1,0.4960554635761589,0.49125,0.4132291666666666,0.009585439177413443,0.9956663198199102,1.0,0.62375,29.8,False,
active,B123/S02457,0.15,6,0.2,0.49772350993377484,0.52,0.41,0.008244379574764637,0.9967703649350128,1.0,0.655625,29.8,False,
active,B123/S02457,0.15,7,0.3,0.4986134105960263,0.505625,0.41069999999999995,0.0019344719414424994,0.9985357155707583,1.0,0.634375,17.2,False,
active,B123/S02457,0.15,8,0.4,0.4982615894039736,0.50875,0.4123958333333334,0.006969327291739473,0.9991574266316585,1.0,0.63,14.6,False,
active,B123/S02457,0.15,9,0.5,0.4991928807947021,0.495625,0.4103458333333333,-0.001309363018473929,0.999407505981174,1.0,0.628125,8.6,False,
active,B123/S02457,0.16,0,0.1,0.49560016556291386,0.510625,0.41360416666666666,0.016277993203206328,0.9957608658842988,1.0,0.639375,26.8,False,
active,B123/S02457,0.16,1,0.2,0.49813327814569525,0.508125,0.410425,0.0047554679330773725,0.9970295860573613,1.0,0.62375,29.8,False,
active,B123/S02457,0.16,2,0.3,0.49826986754966895,0.518125,0.411875,0.005880206517950417,0.9981735501959539,1.0,0.6275,22.0,False,
active,B123/S02457,0.16,3,0.4,0.4985057947019867,0.503125,0.4121958333333333,0.004169244510282198,0.9992922884936097,1.0,0.6268750000000001,11.8,False,
active,B123/S02457,0.16,4,0.5,0.49820364238410597,0.524375,0.4112541666666667,0.0012211354130357132,0.9993840470510742,1.0,0.63,6.6,False,
active,B123/S02457,0.16,5,0.1,0.49588576158940395,0.5025,0.41422916666666665,0.012435517601951804,0.9955900379414683,1.0,0.6275,25.6,False,
active,B123/S02457,0.16,6,0.2,0.49715231788079467,0.49,0.4121916666666667,0.008778973509933395,0.9967202823404773,1.0,0.656875,30.8,False,
active,B123/S02457,0.16,7,0.3,0.4977483443708609,0.4875,0.4128208333333333,0.0049048013245029335,0.9985821261686151,1.0,0.630625,18.8,False,
active,B123/S02457,0.16,8,0.4,0.4981043046357616,0.5125,0.4133875,0.003630075810386372,0.999025904833348,1.0,0.63125,13.2,False,
active,B123/S02457,0.16,9,0.5,0.4978807947019868,0.5,0.4133333333333333,-0.004636524050192589,0.9994359340873259,1.0,0.625625,7.6,False,
active,B123/S02457,0.17,0,0.1,0.4962168874172185,0.495625,0.4159958333333333,0.01716778494248842,0.9956919212410354,1.0,0.620625,28.0,False,
active,B123/S02457,0.17,1,0.2,0.4974834437086093,0.50375,0.41489583333333335,0.006065484489368758,0.9969960833931428,1.0,0.635,28.6,False,
active,B123/S02457,0.17,2,0.3,0.4964652317880795,0.48125,0.4148041666666667,0.005285487103519749,0.998187192852187,1.0,0.6231249999999999,22.4,False,
active,B123/S02457,0.17,3,0.4,0.49819122516556297,0.48375,0.4145083333333333,0.0037843107354476047,0.999290654115809,1.0,0.63,11.2,False,
active,B123/S02457,0.17,4,0.5,0.4995860927152318,0.50375,0.41161666666666663,0.0013897481700937326,0.9993939112830029,1.0,0.63,7.8,False,
active,B123/S02457,0.17,5,0.1,0.4965314569536424,0.529375,0.4162166666666666,0.018513746078772774,0.9955659207843915,1.0,0.6174999999999999,25.8,False,
active,B123/S02457,0.17,6,0.2,0.49724751655629146,0.5175,0.4161416666666667,0.008778319972115313,0.9967042343806505,1.0,0.65,28.6,False,
active,B123/S02457,0.17,7,0.3,0.4979718543046357,0.501875,0.41789166666666666,0.009109010108051352,0.9985652177767439,1.0,0.630625,20.0,False,
active,B123/S02457,0.17,8,0.4,0.4978476821192054,0.5125,0.4154708333333333,0.0034634236667830964,0.9991304666517624,1.0,0.640625,11.6,False,
active,B123/S02457,0.17,9,0.5,0.4986216887417218,0.541875,0.41332083333333336,-0.0013959567793660668,0.9994482170481777,1.0,0.625625,8.0,False,
active,B123/S02457,0.18,0,0.1,0.49745860927152324,0.488125,0.41657083333333333,0.020928895085395267,0.9957502112313518,1.0,0.624375,26.2,False,
active,B123/S02457,0.18,1,0.2,0.4975372516556291,0.50625,0.41880416666666664,0.0036032807598464166,0.9971361304961983,1.0,0.635,27.2,False,
active,B123/S02457,0.18,2,0.3,0.49833609271523177,0.505,0.41832083333333336,0.0018230437434647124,0.998275370243187,1.0,0.62625,21.2,False,
active,B123/S02457,0.18,3,0.4,0.4973137417218544,0.514375,0.42186250000000003,0.00598150487974882,0.9991658068016599,1.0,0.625,10.2,False,
active,B123/S02457,0.18,4,0.5,0.4978187086092715,0.478125,0.4178125,0.002569710700592016,0.9994432561180359,1.0,0.64,8.6,False,
active,B123/S02457,0.18,5,0.1,0.4961589403973509,0.5025,0.4170125,0.009326311432554673,0.995621494703102,1.0,0.6212500000000001,25.2,False,
active,B123/S02457,0.18,6,0.2,0.4972350993377484,0.484375,0.4158041666666667,0.006670660508888039,0.9968806906465065,1.0,0.639375,29.6,False,
active,B123/S02457,0.18,7,0.3,0.49764486754966886,0.5025,0.41792916666666663,0.003185343325200283,0.9986056793123301,1.0,0.6231249999999999,19.8,False,
active,B123/S02457,0.18,8,0.4,0.499205298013245,0.50375,0.4162458333333333,0.0015050975949806944,0.9992378090557243,1.0,0.62,12.4,False,
active,B123/S02457,0.18,9,0.5,0.4982533112582782,0.5,0.41694166666666665,0.0013711223422791677,0.99945310259101,1.0,0.61625,7.0,False,
active,B123/S02457,0.19,0,0.1,0.4965190397350993,0.49125,0.4221666666666667,0.0103272046009057,0.9958440064814615,1.0,0.628125,24.2,False,
active,B123/S02457,0.19,1,0.2,0.4969908940397351,0.50625,0.4191875,0.007846375043569043,0.9972689192711341,1.0,0.6287499999999999,26.8,False,
active,B123/S02457,0.19,2,0.3,0.4968791390728478,0.516875,0.4212833333333333,0.004792719588706753,0.9984041869622152,1.0,0.625625,19.6,False,
active,B123/S02457,0.19,3,0.4,0.4987541390728476,0.515625,0.4197875,0.0034055855698847826,0.9992429146156713,1.0,0.62,10.4,False,
active,B123/S02457,0.19,4,0.5,0.49787251655629133,0.48,0.4199833333333333,-0.002203729522482403,0.9993209572523064,1.0,0.6212500000000001,10.0,False,
active,B123/S02457,0.19,5,0.1,0.4969743377483444,0.529375,0.42201666666666665,0.015465318926454944,0.9957393988287706,1.0,0.615625,26.6,False,
active,B123/S02457,0.19,6,0.2,0.49787665562913913,0.51125,0.4213,0.007047098292087951,0.9968299204084236,1.0,0.63125,29.4,False,
active,B123/S02457,0.19,7,0.3,0.49752897350993386,0.500625,0.4216999999999999,0.003795747647263776,0.998672867172026,1.0,0.630625,17.4,False,
active,B123/S02457,0.19,8,0.4,0.4989362582781458,0.489375,0.41980833333333334,-0.0006554984315095973,0.9992683157418101,1.0,0.62,12.6,False,
active,B123/S02457,0.19,9,0.5,0.4984271523178807,0.495,0.41833333333333333,-0.000518582258626705,0.9995293249060554,1.0,0.62,7.2,False,
active,B123/S02457,0.2,0,0.1,0.4965976821192053,0.50375,0.42410833333333336,0.01525455298013175,0.9958443714717204,1.0,0.6125,27.2,False,
active,B123/S02457,0.2,1,0.2,0.49812499999999993,0.501875,0.42286666666666667,0.00707323980480945,0.9972616841947822,1.0,0.625625,27.2,False,
active,B123/S02457,0.2,2,0.3,0.49908526490066235,0.493125,0.4200333333333333,0.008867201115370798,0.9984105652386085,1.0,0.6287499999999999,20.2,False,
active,B123/S02457,0.2,3,0.4,0.4994701986754966,0.51125,0.4213333333333334,-0.0002467105263158513,0.9991530408002443,1.0,0.6268750000000001,9.4,False,
active,B123/S02457,0.2,4,0.5,0.4977690397350994,0.508125,0.4197875,0.00011110142906880894,0.9994773578289717,1.0,0.618125,7.4,False,
active,B123/S02457,0.2,5,0.1,0.4968584437086094,0.5075,0.42035416666666664,0.015327422446844931,0.9958499007377359,1.0,0.62375,25.6,False,
active,B123/S02457,0.2,6,0.2,0.4972930463576159,0.50875,0.421,0.006315462704774702,0.9969400518169796,1.0,0.6225,29.4,False,
active,B123/S02457,0.2,7,0.3,0.49768211920529803,0.51,0.42064583333333333,0.007928394039734738,0.9986465870725527,1.0,0.6287499999999999,16.8,False,
active,B123/S02457,0.2,8,0.4,0.49875413907284777,0.49625,0.42215416666666666,0.004281326246078379,0.9990910586799002,1.0,0.614375,13.6,False,
active,B123/S02457,0.2,9,0.5,0.4991680463576159,0.514375,0.4202208333333333,0.0004594370860922913,0.9994896342642343,1.0,0.6231249999999999,6.0,False,
active,B123/S02457,0.21,0,0.1,0.4962168874172186,0.494375,0.42383750000000003,0.014781718368769105,0.9957911792013011,1.0,0.614375,23.2,False,
active,B123/S02457,0.21,1,0.2,0.4974461920529802,0.5125,0.4258125,0.007878398396653274,0.9972436674332631,1.0,0.62625,27.2,False,
active,B123/S02457,0.21,2,0.3,0.4972847682119205,0.506875,0.4260166666666667,0.012479958173579329,0.9983097226470656,1.0,0.629375,20.4,False,
active,B123/S02457,0.21,3,0.4,0.49815397350993373,0.5,0.4246083333333333,0.004143102997560199,0.9992955000748677,1.0,0.6112500000000001,10.8,False,
active,B123/S02457,0.21,4,0.5,0.4973468543046358,0.48625,0.42585,0.002285421749738494,0.9995247371221174,1.0,0.61,8.8,False,
active,B123/S02457,0.21,5,0.1,0.49747516556291393,0.479375,0.42368333333333336,0.013367789299407054,0.9957354294185169,1.0,0.614375,25.4,False,
active,B123/S02457,0.21,6,0.2,0.49792632450331137,0.489375,0.4273125,0.004242767514813149,0.9968830224417404,1.0,0.62,27.8,False,
active,B123/S02457,0.21,7,0.3,0.49780215231788083,0.488125,0.42533333333333334,0.006436040432205939,0.9987338563149232,1.0,0.625625,20.2,False,
active,B123/S02457,0.21,8,0.4,0.49995447019867556,0.485625,0.42235833333333334,0.001754422272568871,0.9992273564588274,1.0,0.61375,13.2,False,
active,B123/S02457,0.21,9,0.5,0.4979056291390729,0.49625,0.4252166666666667,-0.0018295791216456495,0.9993782105709642,1.0,0.606875,5.8,False,
active,B123/S02457,0.22,0,0.1,0.4975620860927152,0.516875,0.42662083333333334,0.014634345590797975,0.9958069276615736,1.0,0.6131249999999999,24.6,False,
active,B123/S02457,0.22,1,0.2,0.4975372516556291,0.51625,0.42883750000000004,0.005948174451028177,0.9972631384157407,1.0,0.615625,29.0,False,
active,B123/S02457,0.22,2,0.3,0.49881622516556284,0.493125,0.42643333333333333,0.0062657938306025915,0.998492882461141,1.0,0.621875,20.0,False,
active,B123/S02457,0.22,3,0.4,0.49817880794701985,0.484375,0.42487916666666664,0.0029732703032413622,0.9992477768103979,1.0,0.6056250000000001,11.6,False,
active,B123/S02457,0.22,4,0.5,0.49947847682119206,0.52,0.42471666666666663,-0.00039669745555999316,0.9994987160320599,1.0,0.608125,8.2,False,
active,B123/S02457,0.22,5,0.1,0.4960099337748345,0.5075,0.4237458333333333,0.014415410421749202,0.9957969793262117,1.0,0.618125,27.2,False,
active,B123/S02457,0.22,6,0.2,0.49660596026490067,0.485,0.425325,0.00580570320669197,0.9969258473841738,1.0,0.620625,30.6,False,
active,B123/S02457,0.22,7,0.3,0.49834437086092714,0.4975,0.4260125,0.009628572673404992,0.9986436903488274,1.0,0.618125,19.2,False,
active,B123/S02457,0.22,8,0.4,0.4984188741721854,0.52375,0.4276041666666667,-0.003757188915999046,0.9991766077248699,1.0,0.60625,11.8,False,
active,B123/S02457,0.22,9,0.5,0.49949503311258275,0.496875,0.4269125000000001,-0.003508517776228826,0.9994217796330659,1.0,0.6131249999999999,6.4,False,
active,B123/S02457,0.23,0,0.1,0.4975910596026491,0.480625,0.4289958333333334,0.014008909898918802,0.9958003773096274,1.0,0.6125,24.6,False,
active,B123/S02457,0.23,1,0.2,0.49868377483443715,0.465625,0.4275666666666667,0.0037758147438124237,0.9973837034280066,1.0,0.62,29.4,False,
active,B123/S02457,0.23,2,0.3,0.4992673841059603,0.53375,0.42982916666666665,0.0017995163820145382,0.9984033607280868,1.0,0.6231249999999999,20.0,False,
active,B123/S02457,0.23,3,0.4,0.4983816225165564,0.481875,0.4294125000000001,0.005139421401184532,0.9992460684752865,1.0,0.62375,11.6,False,
active,B123/S02457,0.23,4,0.5,0.49751655629139074,0.49375,0.42992500000000006,0.004581953642383307,0.9995504914610489,1.0,0.609375,7.0,False,
active,B123/S02457,0.23,5,0.1,0.4966887417218543,0.524375,0.42847499999999994,0.01932936127570552,0.9957884893354516,1.0,0.618125,25.0,False,
active,B123/S02457,0.23,6,0.2,0.4980918874172185,0.4975,0.431225,0.010893821889159811,0.9969438092327685,1.0,0.609375,28.2,False,
active,B123/S02457,0.23,7,0.3,0.4968087748344371,0.5,0.4315791666666666,0.006190963750435166,0.9985700646588319,1.0,0.615,17.6,False,
active,B123/S02457,0.23,8,0.4,0.49876241721854303,0.51375,0.43066249999999995,0.0024265859184382896,0.9990865533905063,1.0,0.608125,12.6,False,
active,B123/S02457,0.23,9,0.5,0.4984850993377484,0.51375,0.4285166666666667,0.0031343673753915723,0.9994978085214475,1.0,0.60625,5.6,False,
active,B123/S02457,0.24,0,0.1,0.49758692052980136,0.495625,0.42921250000000005,0.01715863541303503,0.9958426508888841,1.0,0.614375,24.0,False,
active,B123/S02457,0.24,1,0.2,0.49805877483443706,0.485625,0.4310166666666667,0.005940658766119993,0.9973467164471128,1.0,0.6074999999999999,29.0,False,
active,B123/S02457,0.24,2,0.3,0.4975827814569538,0.500625,0.4320583333333334,0.0019027753572673721,0.9985655153379926,1.0,0.608125,19.8,False,
active,B123/S02457,0.24,3,0.4,0.4985554635761588,0.486875,0.43122083333333344,0.0021570015684904075,0.9993353883343213,1.0,0.605,10.0,False,
active,B123/S02457,0.24,4,0.5,0.49803807947019857,0.5325,0.43149166666666666,0.0016655411293126363,0.9993604364572439,1.0,0.6012500000000001,5.2,False,
active,B123/S02457,0.24,5,0.1,0.49609685430463585,0.499375,0.43304166666666666,0.014978760020912658,0.9958161529597108,1.0,0.6074999999999999,27.6,False,
active,B123/S02457,0.24,6,0.2,0.4977814569536424,0.4825,0.43181666666666674,0.009437086092714816,0.9970600496370133,1.0,0.606875,30.8,False,
active,B123/S02457,0.24,7,0.3,0.498228476821192,0.4925,0.4313208333333334,0.002889617462530215,0.9987466129658281,1.0,0.609375,18.8,False,
active,B123/S02457,0.24,8,0.4,0.5001655629139073,0.50375,0.4314374999999999,0.001206430812129448,0.9992024012695842,1.0,0.606875,11.2,False,
active,B123/S02457,0.24,9,0.5,0.49867963576158936,0.515,0.4305833333333334,0.0035696235622162337,0.9995207696969372,1.0,0.60875,5.8,False,
active,B123/S02457,0.25,0,0.1,0.4967466887417218,0.506875,0.43278750000000005,0.016550191704426346,0.9957704850759962,1.0,0.6056250000000001,23.2,False,
active,B123/S02457,0.25,1,0.2,0.49788907284768213,0.52875,0.43427083333333333,0.015170573370512062,0.9974073037096491,1.0,0.6112500000000001,26.4,False,
active,B123/S02457,0.25,2,0.3,0.49807947019867554,0.49125,0.43507083333333335,0.0030915606483090646,0.9984387701563118,1.0,0.61,19.8,False,
active,B123/S02457,0.25,3,0.4,0.4981663907284768,0.4875,0.43438333333333334,-0.0002342933077733079,0.9993355857419891,1.0,0.6025,10.2,False,
active,B123/S02457,0.25,4,0.5,0.49920115894039735,0.484375,0.43259583333333346,0.0024899790867895437,0.9995087764675805,1.0,0.6056250000000001,7.4,False,
active,B123/S02457,0.25,5,0.1,0.4971688741721856,0.50625,0.4341541666666667,0.012673078598814894,0.9956859563522049,1.0,0.6056250000000001,28.2,False,
active,B123/S02457,0.25,6,0.2,0.4976697019867549,0.486875,0.4332791666666666,0.0038169876263501037,0.9969966114026139,1.0,0.610625,28.4,False,
active,B123/S02457,0.25,7,0.3,0.4981043046357616,0.49625,0.4335124999999999,0.002768059428372356,0.9988167004691187,1.0,0.60875,17.8,False,
active,B123/S02457,0.25,8,0.4,0.49932947019867535,0.5025,0.4335958333333333,0.003458195364237759,0.9993545362137662,1.0,0.6,11.6,False,
active,B123/S02457,0.25,9,0.5,0.4989238410596026,0.503125,0.4327291666666667,0.0015387547926103778,0.9995159806597195,1.0,0.59875,6.8,False,
active,B123/S02457,0.26,0,0.1,0.49629552980132446,0.5025,0.4370416666666667,0.010573915127221613,0.9958694957971134,1.0,0.5974999999999999,23.8,False,
active,B123/S02457,0.26,1,0.2,0.49764486754966886,0.51125,0.43720416666666667,0.01079709829208729,0.9975496371127544,1.0,0.604375,28.2,False,
active,B123/S02457,0.26,2,0.3,0.5002649006622518,0.495,0.43612916666666657,0.009712879051933595,0.9985076208637251,1.0,0.605,21.4,False,
active,B123/S02457,0.26,3,0.4,0.49808360927152306,0.509375,0.4360708333333334,-0.0007852256883934711,0.9992261146641337,1.0,0.603125,10.8,False,
active,B123/S02457,0.26,4,0.5,0.49902317880794694,0.48,0.43439999999999995,-0.0009361929243644224,0.9994732082947818,1.0,0.604375,6.8,False,
active,B123/S02457,0.26,5,0.1,0.4964735099337748,0.485625,0.43715833333333326,0.016001546706169344,0.9958228942173802,1.0,0.598125,28.6,False,
active,B123/S02457,0.26,6,0.2,0.49764072847682117,0.531875,0.43809583333333324,0.010491569362146503,0.997078124843746,1.0,0.5974999999999999,28.2,False,
active,B123/S02457,0.26,7,0.3,0.49766142384105955,0.510625,0.43735,0.007833957825025687,0.9986610858599755,1.0,0.59875,17.8,False,
active,B123/S02457,0.26,8,0.4,0.49879552980132447,0.500625,0.4347,-0.005154126002091859,0.9992379971724734,1.0,0.6012500000000001,13.6,False,
active,B123/S02457,0.26,9,0.5,0.4997475165562915,0.50625,0.4336500000000001,0.0017812173231088887,0.9993631935552527,1.0,0.620625,6.4,False,
active,B123/S02457,0.27,0,0.1,0.4965149006622516,0.495625,0.43875416666666667,0.013223357441617229,0.9958811154196635,1.0,0.5925,24.2,False,
active,B123/S02457,0.27,1,0.2,0.49868791390728473,0.4825,0.4406041666666666,0.006693207563610591,0.9976574678329828,1.0,0.59625,27.0,False,
active,B123/S02457,0.27,2,0.3,0.4983774834437086,0.484375,0.44017500000000004,0.0044414430115020925,0.9986093656504081,1.0,0.603125,19.0,False,
active,B123/S02457,0.27,3,0.4,0.4982533112582782,0.493125,0.4396875,-0.002946802021610947,0.9992088888335523,1.0,0.59625,8.6,False,
active,B123/S02457,0.27,4,0.5,0.4978890728476821,0.499375,0.4392458333333333,0.0011498997908677344,0.9995268732201875,1.0,0.60625,6.8,False,
active,B123/S02457,0.27,5,0.1,0.49753311258278154,0.529375,0.4398916666666667,0.016532219414429738,0.9957209317333418,1.0,0.5900000000000001,24.8,False,
active,B123/S02457,0.27,6,0.2,0.49747516556291393,0.489375,0.4386708333333333,0.010020695364238103,0.9970761221474689,1.0,0.6012500000000001,27.0,False,
active,B123/S02457,0.27,7,0.3,0.4987748344370861,0.501875,0.4392083333333333,0.006967693447193582,0.9988147724656188,1.0,0.604375,18.6,False,
active,B123/S02457,0.27,8,0.4,0.49889072847682114,0.5025,0.43767083333333334,0.005952095677936227,0.9992840063344206,1.0,0.595,11.6,False,
active,B123/S02457,0.27,9,0.5,0.5001241721854305,0.490625,0.4386541666666667,-0.006498780062740299,0.9994910041714095,1.0,0.5956250000000001,5.8,False,
active,B123/S02457,0.28,0,0.1,0.49650662251655625,0.485,0.44173333333333337,0.015664321192052553,0.9959514172084468,1.0,0.594375,25.6,False,
active,B123/S02457,0.28,1,0.2,0.4968832781456953,0.506875,0.441875,0.007721549320320342,0.9975704696617492,1.0,0.608125,26.6,False,
active,B123/S02457,0.28,2,0.3,0.49836920529801315,0.5175,0.4408791666666667,0.00287785378180519,0.9984763381628257,1.0,0.599375,21.8,False,
active,B123/S02457,0.28,3,0.4,0.4989735099337748,0.486875,0.4394958333333333,-0.000843390554200388,0.9993530769306317,1.0,0.594375,11.0,False,
active,B123/S02457,0.28,4,0.5,0.49896937086092713,0.479375,0.44037083333333327,-0.0010963096897875736,0.9993887274111939,1.0,0.594375,9.0,False,
active,B123/S02457,0.28,5,0.1,0.4957450331125829,0.50125,0.4422291666666666,0.014313458522132842,0.9956669064026273,1.0,0.5862499999999999,26.0,False,
active,B123/S02457,0.28,6,0.2,0.4981788079470199,0.50125,0.441075,0.010451050017427405,0.9970397703670963,1.0,0.6018749999999999,30.0,False,
active,B123/S02457,0.28,7,0.3,0.49927152317880796,0.5075,0.43897083333333325,0.00934591756709611,0.9987931801426316,1.0,0.605,18.2,False,
active,B123/S02457,0.28,8,0.4,0.4988245033112582,0.513125,0.4404666666666666,0.010205319797838864,0.9992655388849785,1.0,0.60375,12.6,False,
active,B123/S02457,0.28,9,0.5,0.49922599337748347,0.491875,0.4412208333333333,0.00041793743464563335,0.9995036032698831,1.0,0.6012500000000001,5.8,False,
active,B123/S02457,0.29,0,0.1,0.49582781456953645,0.47875,0.44314166666666666,0.01394355611711343,0.9958529739059784,1.0,0.598125,24.6,False,
active,B123/S02457,0.29,1,0.2,0.49696605960264906,0.496875,0.445525,0.009600470547228748,0.9975323537918067,1.0,0.596875,28.6,False,
active,B123/S02457,0.29,2,0.3,0.4995281456953643,0.505,0.4426875,0.005447891251306371,0.9986496580339698,1.0,0.6,19.4,False,
active,B123/S02457,0.29,3,0.4,0.4991639072847682,0.498125,0.4438208333333333,0.00572499128616225,0.9993334581834595,1.0,0.596875,10.8,False,
active,B123/S02457,0.29,4,0.5,0.498307119205298,0.491875,0.44247083333333337,-0.0011825766817711082,0.999474149105798,1.0,0.5918749999999999,7.6,False,
active,B123/S02457,0.29,5,0.1,0.49705711920529805,0.50375,0.44272916666666673,0.015515314569536408,0.9957807857460247,1.0,0.598125,26.2,False,
active,B123/S02457,0.29,6,0.2,0.4987748344370861,0.49,0.4430583333333334,0.0051554330777269595,0.9970435722730678,1.0,0.59625,28.4,False,
active,B123/S02457,0.29,7,0.3,0.4989942052980132,0.501875,0.4425,0.0026670878354828065,0.9988794986044103,1.0,0.599375,18.8,False,
active,B123/S02457,0.29,8,0.4,0.4982988410596027,0.4875,0.4446125000000001,0.0010672272568842088,0.9991507400274494,1.0,0.604375,13.0,False,
active,B123/S02457,0.29,9,0.5,0.4990397350993377,0.5025,0.4439666666666667,-0.0003424538166613137,0.9995292690881118,1.0,0.5956250000000001,4.6,False,
active,B123/S02457,0.3,0,0.1,0.4971854304635761,0.509375,0.44721249999999996,0.0170253136981524,0.9958772351317337,1.0,0.58125,24.6,False,
active,B123/S02457,0.3,1,0.2,0.49841473509933776,0.518125,0.449375,0.015108160508887492,0.9975806612006534,1.0,0.59625,29.6,False,
active,B123/S02457,0.3,2,0.3,0.49845198675496677,0.516875,0.4494666666666667,0.004800888811432331,0.9985548878375851,1.0,0.590625,21.2,False,
active,B123/S02457,0.3,3,0.4,0.49956125827814574,0.4925,0.44678333333333325,0.007055921052631423,0.9992780163805188,1.0,0.589375,9.0,False,
active,B123/S02457,0.3,4,0.5,0.4979097682119206,0.494375,0.4475208333333334,0.0023599250609965664,0.9995092555646232,1.0,0.600625,7.8,False,
active,B123/S02457,0.3,5,0.1,0.4976241721854305,0.490625,0.4463166666666666,0.015215994248866644,0.9957228673074876,1.0,0.593125,24.8,False,
active,B123/S02457,0.3,6,0.2,0.49757036423841067,0.494375,0.4479458333333334,0.0015822150575109046,0.9970986458669786,1.0,0.59375,28.8,False,
active,B123/S02457,0.3,7,0.3,0.4989072847682119,0.514375,0.44683333333333325,0.006765750261415045,0.9989268747643664,1.0,0.5918749999999999,17.4,False,
active,B123/S02457,0.3,8,0.4,0.49906456953642386,0.496875,0.44629166666666664,0.0069546226908328325,0.9991387633701728,1.0,0.5918749999999999,12.4,False,
active,B123/S02457,0.3,9,0.5,0.5001490066225166,0.491875,0.4457958333333334,-0.0009528581387244938,0.9995731202312722,1.0,0.5856250000000001,7.0,False,
active,B123/S02457,0.31,0,0.1,0.4953228476821193,0.483125,0.45052916666666665,0.014956539735098709,0.9958588542677043,1.0,0.586875,24.8,False,
active,B123/S02457,0.31,1,0.2,0.4985264900662252,0.5175,0.44937083333333333,0.008446976298361443,0.9976582648053398,1.0,0.600625,27.6,False,
active,B123/S02457,0.31,2,0.3,0.4964652317880795,0.506875,0.44895,0.009061301847333048,0.9985846359384682,1.0,0.58875,19.4,False,
active,B123/S02457,0.31,3,0.4,0.4992425496688742,0.4875,0.45025000000000004,-0.002472987103520619,0.9993360795277132,1.0,0.593125,9.8,False,
active,B123/S02457,0.31,4,0.5,0.499908940397351,0.515625,0.44981250000000006,-0.0004921139769956651,0.9995482330339014,1.0,0.5818749999999999,7.0,False,
active,B123/S02457,0.31,5,0.1,0.4971399006622516,0.5075,0.4482375,0.012228019344718703,0.9957451700867704,1.0,0.58375,26.2,False,
active,B123/S02457,0.31,6,0.2,0.49956125827814574,0.500625,0.44882083333333317,0.008397960962007851,0.9971294697680494,1.0,0.59625,28.4,False,
active,B123/S02457,0.31,7,0.3,0.4971357615894039,0.51125,0.45042916666666666,0.0065749172185427,0.9988324718972744,1.0,0.59125,18.0,False,
active,B123/S02457,0.31,8,0.4,0.49906456953642375,0.49375,0.44953750000000003,0.006778494248866629,0.9993064371245003,1.0,0.586875,13.2,False,
active,B123/S02457,0.31,9,0.5,0.4988451986754967,0.4925,0.4494333333333333,0.0018648701638194736,0.9994461019279248,1.0,0.58375,8.0,False,
active,B123/S02457,0.32,0,0.1,0.49685016556291384,0.48875,0.4515166666666666,0.016998845416521236,0.9957680918985838,1.0,0.58125,26.0,False,
active,B123/S02457,0.32,1,0.2,0.49846440397350994,0.5,0.45132916666666667,0.008946279191355438,0.9977247591052222,1.0,0.59375,27.4,False,
active,B123/S02457,0.32,2,0.3,0.49827814569536427,0.514375,0.4508500000000001,0.005381883931683105,0.9986057464207206,1.0,0.5800000000000001,19.6,False,
active,B123/S02457,0.32,3,0.4,0.49835264900662263,0.49375,0.4527333333333333,0.004958064656674366,0.9992663591535663,1.0,0.5825,9.4,False,
active,B123/S02457,0.32,4,0.5,0.49980546357615885,0.510625,0.4507791666666666,-0.0030850252701292522,0.9994940768843102,1.0,0.5856250000000001,6.4,False,
active,B123/S02457,0.32,5,0.1,0.4985264900662252,0.493125,0.4507083333333334,0.01688676368072443,0.9957746423895003,1.0,0.57875,25.0,False,
active,B123/S02457,0.32,6,0.2,0.4991887417218543,0.48875,0.45085,0.012068229348204841,0.9971577736614157,1.0,0.5825,30.2,False,
active,B123/S02457,0.32,7,0.3,0.49908526490066224,0.513125,0.4512333333333334,0.003041891774137016,0.9987362140224547,1.0,0.5825,18.0,False,
active,B123/S02457,0.32,8,0.4,0.49839817880794707,0.518125,0.4532583333333332,0.0035516512722197496,0.9992632104456718,1.0,0.57375,12.0,False,
active,B123/S02457,0.32,9,0.5,0.5005504966887417,0.5025,0.4512583333333333,-0.0014805899268040858,0.9995617992283062,1.0,0.58375,6.8,False,
active,B123/S02457,0.33,0,0.1,0.4974296357615894,0.5125,0.45445833333333324,0.010988911641686631,0.9959243350489557,1.0,0.58875,22.8,False,
active,B123/S02457,0.33,1,0.2,0.4977359271523178,0.4925,0.4550791666666666,0.005584807424189264,0.9976919067981764,1.0,0.584375,30.2,False,
active,B123/S02457,0.33,2,0.3,0.4993832781456953,0.4875,0.45374583333333335,0.006294876263505894,0.9987744994677196,1.0,0.576875,20.0,False,
active,B123/S02457,0.33,3,0.4,0.4989859271523179,0.48125,0.454725,-0.001075069710700996,0.9994245476295659,1.0,0.584375,11.6,False,
active,B123/S02457,0.33,4,0.5,0.49779387417218546,0.50375,0.454825,-0.004131339316835425,0.9994451500951145,1.0,0.5856250000000001,6.8,False,
active,B123/S02457,0.33,5,0.1,0.4963120860927152,0.51125,0.45404583333333337,0.01352137068664983,0.9958003131978692,1.0,0.57875,26.8,False,
active,B123/S02457,0.33,6,0.2,0.4982201986754967,0.488125,0.45347916666666666,0.013177283025444186,0.9971883230787931,1.0,0.5856250000000001,28.6,False,
active,B123/S02457,0.33,7,0.3,0.49942466887417203,0.488125,0.45494999999999997,0.0030222856395951416,0.9989297014487333,1.0,0.5800000000000001,17.6,False,
active,B123/S02457,0.33,8,0.4,0.4992508278145696,0.481875,0.4523749999999999,0.0030811040432200147,0.9992936168771096,1.0,0.58375,12.0,False,
active,B123/S02457,0.33,9,0.5,0.49915976821192043,0.4925,0.4538833333333334,-0.0004865589055423497,0.9994628146039701,1.0,0.59125,5.2,False,
active,B123/S02457,0.34,0,0.1,0.4962872516556292,0.505625,0.45737916666666667,0.01693610578598775,0.9958585584895163,1.0,0.5800000000000001,27.8,False,
active,B123/S02457,0.34,1,0.2,0.4971812913907285,0.51625,0.4577375000000001,0.009344937260368925,0.9977225260108188,1.0,0.5775,26.2,False,
active,B123/S02457,0.34,2,0.3,0.49731788079470207,0.520625,0.45647499999999996,0.006961484837922748,0.9986487523261129,1.0,0.571875,18.8,False,
active,B123/S02457,0.34,3,0.4,0.49795115894039743,0.489375,0.4568291666666666,-0.0009152797141865107,0.9993480136909484,1.0,0.573125,10.6,False,
active,B123/S02457,0.34,4,0.5,0.5005546357615893,0.521875,0.45437083333333345,0.0021383757406757175,0.9995489330654411,1.0,0.593125,5.6,False,
active,B123/S02457,0.34,5,0.1,0.4961589403973509,0.50125,0.4572625,0.021515772046008522,0.9957361711369644,1.0,0.5818749999999999,27.4,False,
active,B123/S02457,0.34,6,0.2,0.4984395695364238,0.5025,0.456125,0.010012199372603423,0.997267948535189,1.0,0.576875,29.2,False,
active,B123/S02457,0.34,7,0.3,0.49760347682119205,0.49,0.45723749999999996,2.287382363171803e-05,0.99881345342774,1.0,0.5762499999999999,19.2,False,
active,B123/S02457,0.34,8,0.4,0.49913493377483437,0.495625,0.4550583333333333,0.01055855698849733,0.9992881007347953,1.0,0.58125,10.6,False,
active,B123/S02457,0.34,9,0.5,0.49995447019867545,0.5225,0.4561499999999999,0.0011884585221325268,0.9995448030559739,1.0,0.575,5.2,False,
active,B123/S02457,0.35,0,0.1,0.4962458609271522,0.49,0.4592999999999999,0.015339512896479559,0.9959043435506555,1.0,0.575,25.2,False,
active,B123/S02457,0.35,1,0.2,0.49929635761589414,0.496875,0.4590083333333333,0.006628507319623175,0.9978483443878179,1.0,0.5800000000000001,29.8,False,
active,B123/S02457,0.35,2,0.3,0.49872102649006617,0.51375,0.45917916666666675,0.010577836354129913,0.9986292416444108,1.0,0.571875,18.0,False,
active,B123/S02457,0.35,3,0.4,0.49887003311258277,0.50625,0.4579666666666667,0.0073317140118505765,0.9993044967450934,1.0,0.5825,10.4,False,
active,B123/S02457,0.35,4,0.5,0.4994867549668875,0.525625,0.4568208333333333,0.0025667697804110877,0.9994958782807281,1.0,0.5800000000000001,8.0,False,
active,B123/S02457,0.35,5,0.1,0.4990604304635762,0.496875,0.4589,0.011161445625653138,0.9957759131373547,1.0,0.5762499999999999,26.0,False,
active,B123/S02457,0.35,6,0.2,0.49774006622516553,0.49375,0.4595333333333333,0.008232615894039487,0.997236291161782,1.0,0.575,29.2,False,
active,B123/S02457,0.35,7,0.3,0.49793046357615894,0.499375,0.46133333333333326,0.009134824851864436,0.9988537080330354,1.0,0.5825,16.6,False,
active,B123/S02457,0.35,8,0.4,0.5004925496688742,0.504375,0.4575,0.009543285988149016,0.9992315333517302,1.0,0.5800000000000001,12.6,False,
active,B123/S02457,0.35,9,0.5,0.4987541390728476,0.51625,0.4578916666666666,0.0017674930289297455,0.9995791420208248,1.0,0.5700000000000001,5.6,False,
active,B123/S02457,0.36,0,0.1,0.49610927152317885,0.50375,0.4623916666666666,0.017786685256186655,0.9958895915820708,1.0,0.57125,25.8,False,
active,B123/S02457,0.36,1,0.2,0.49718543046357627,0.5075,0.4638374999999999,0.01332138811432485,0.9978075528437595,1.0,0.58125,27.6,False,
active,B123/S02457,0.36,2,0.3,0.4993625827814569,0.4875,0.46319583333333336,0.011605197804112542,0.9985862180788274,1.0,0.56875,20.2,False,
active,B123/S02457,0.36,3,0.4,0.49859271523178805,0.50375,0.46146666666666664,0.007425169919832942,0.9993451687628551,1.0,0.5818749999999999,10.4,False,
active,B123/S02457,0.36,4,0.5,0.5003228476821192,0.49375,0.4606916666666666,-0.000672490414779709,0.9995401596254377,1.0,0.5706249999999999,5.4,False,
active,B123/S02457,0.36,5,0.1,0.49758692052980136,0.5025,0.4614041666666666,0.014282415475775108,0.9958763783914809,1.0,0.583125,24.2,False,
active,B123/S02457,0.36,6,0.2,0.49927152317880796,0.49625,0.46145,0.00901653450679642,0.9972269779603967,1.0,0.57125,28.6,False,
active,B123/S02457,0.36,7,0.3,0.4984395695364238,0.516875,0.4626666666666667,0.004961005576855356,0.9988009031617883,1.0,0.5675,18.2,False,
active,B123/S02457,0.36,8,0.4,0.49868791390728473,0.505625,0.4620916666666667,0.00550540257929527,0.9993227131307779,1.0,0.571875,12.8,False,
active,B123/S02457,0.36,9,0.5,0.49842301324503313,0.49875,0.46314999999999995,-0.0016998518647621506,0.9995733221633117,1.0,0.56875,6.4,False,
active,B123/S02457,0.37,0,0.1,0.4974627483443708,0.49375,0.46537500000000004,0.01298122168002763,0.9958340108007636,1.0,0.566875,24.4,False,
active,B123/S02457,0.37,1,0.2,0.49834023178807946,0.495625,0.46385833333333343,0.00837704775182944,0.9977864612954789,1.0,0.5775,26.8,False,
active,B123/S02457,0.37,2,0.3,0.4986341059602649,0.493125,0.46517499999999995,0.010748082955733011,0.9986514270484157,1.0,0.5743750000000001,19.4,False,
active,B123/S02457,0.37,3,0.4,0.496146523178808,0.505,0.46643333333333337,0.010675213489020391,0.9992937623490036,1.0,0.5643750000000001,9.6,False,
active,B123/S02457,0.37,4,0.5,0.4988617549668874,0.5125,0.46149166666666663,-0.0010005663994429859,0.9995061996400186,1.0,0.5700000000000001,6.6,False,
active,B123/S02457,0.37,5,0.1,0.4977855960264901,0.474375,0.4655583333333333,0.01605677065179452,0.995798178019189,1.0,0.5662499999999999,26.0,False,
active,B123/S02457,0.37,6,0.2,0.49747516556291393,0.49125,0.4644083333333334,0.00383920791216449,0.9971556699315443,1.0,0.580625,27.8,False,
active,B123/S02457,0.37,7,0.3,0.500182119205298,0.506875,0.4657249999999999,0.0020942619379572974,0.9988119704971006,1.0,0.5762499999999999,16.4,False,
active,B123/S02457,0.37,8,0.4,0.49790976821192057,0.496875,0.46367499999999995,0.010178851516207323,0.9993482472833182,1.0,0.565625,11.6,False,
active,B123/S02457,0.37,9,0.5,0.4989569536423841,0.501875,0.46282916666666674,-0.0019014682816317723,0.9994964718281381,1.0,0.5706249999999999,8.0,False,
active,B123/S02457,0.38,0,0.1,0.4965355960264901,0.4975,0.46900833333333336,0.019421183339141997,0.9959660739574141,1.0,0.56125,23.8,False,
active,B123/S02457,0.38,1,0.2,0.4975413907284768,0.519375,0.46921666666666684,0.008849555594283855,0.9977050038941665,1.0,0.5700000000000001,27.8,False,
active,B123/S02457,0.38,2,0.3,0.49790976821192057,0.5125,0.46743749999999995,0.007884933774834273,0.9986169296300921,1.0,0.569375,18.6,False,
active,B123/S02457,0.38,3,0.4,0.49949917218543044,0.518125,0.46651250000000005,-0.0003944100731964589,0.9992933433649901,1.0,0.5675,9.6,False,
active,B123/S02457,0.38,4,0.5,0.499205298013245,0.5175,0.46659166666666674,-0.0020896871732316033,0.9995563755702054,1.0,0.565625,6.4,False,
active,B123/S02457,0.38,5,0.1,0.4952276490066224,0.518125,0.4673,0.014056944928546273,0.9958515241497207,1.0,0.563125,26.2,False,
active,B123/S02457,0.38,6,0.2,0.4968253311258278,0.463125,0.4674125,0.009758299930288615,0.9972697423219401,1.0,0.5625,28.8,False,
active,B123/S02457,0.38,7,0.3,0.49840645695364244,0.5075,0.4675708333333334,0.00940244858835776,0.9987796640256548,1.0,0.565625,17.8,False,
active,B123/S02457,0.38,8,0.4,0.49982201986754976,0.504375,0.46751666666666664,0.004835526315789261,0.9993042284361732,1.0,0.56,9.8,False,
active,B123/S02457,0.38,9,0.5,0.498658940397351,0.51125,0.4674416666666667,0.003661118856743918,0.9995095121514729,1.0,0.5700000000000001,6.6,False,
active,B123/S02457,0.39,0,0.1,0.49552980132450325,0.485,0.47225000000000006,0.012513288602300408,0.9957943668281265,1.0,0.5625,23.4,False,
active,B123/S02457,0.39,1,0.2,0.49685430463576163,0.486875,0.47132499999999994,0.007623191878703054,0.9977788150295875,1.0,0.56,27.4,False,
active,B123/S02457,0.39,2,0.3,0.49771937086092705,0.495625,0.4697416666666666,0.006425910596026555,0.9987167757193679,1.0,0.566875,19.8,False,
active,B123/S02457,0.39,3,0.4,0.4994536423841059,0.49875,0.46979166666666666,0.0016841669571277013,0.9994008890234435,1.0,0.5700000000000001,10.2,False,
active,B123/S02457,0.39,4,0.5,0.49802152317880805,0.508125,0.4716291666666668,0.0011668917741368462,0.9995238312490834,1.0,0.556875,9.0,False,
active,B123/S02457,0.39,5,0.1,0.49721440397350974,0.503125,0.4703083333333332,0.01816998518647592,0.9959710549626464,1.0,0.569375,26.8,False,
active,B123/S02457,0.39,6,0.2,0.4971440397350993,0.505625,0.4718541666666666,0.012115937608922522,0.9971339423453726,1.0,0.5625,28.6,False,
active,B123/S02457,0.39,7,0.3,0.498489238410596,0.47125,0.4702791666666667,0.006578838445451,0.9988090444602019,1.0,0.5643750000000001,20.2,False,
active,B123/S02457,0.39,8,0.4,0.4996978476821192,0.503125,0.46878333333333333,0.0068069231439521,0.9993402697018496,1.0,0.56125,12.2,False,
active,B123/S02457,0.39,9,0.5,0.4999048013245033,0.49625,0.4699250000000001,0.0002849424886719157,0.9995496356450198,1.0,0.5625,6.4,False,
active,B123/S02457,0.4,0,0.1,0.4979056291390729,0.52375,0.47409166666666674,0.01857746601603313,0.9959160325154274,1.0,0.56125,25.8,False,
active,B123/S02457,0.4,1,0.2,0.4990604304635762,0.4775,0.4729875,0.008181313175322297,0.9978115233131992,1.0,0.5587500000000001,27.6,False,
active,B123/S02457,0.4,2,0.3,0.4985844370860927,0.5075,0.4722875,0.0016952771000341448,0.9986663730623662,1.0,0.561875,20.0,False,
active,B123/S02457,0.4,3,0.4,0.49875827814569534,0.500625,0.47243749999999995,0.0025680768560472503,0.9993466264198876,1.0,0.5587500000000001,10.6,False,
active,B123/S02457,0.4,4,0.5,0.4998096026490066,0.505625,0.47229583333333325,-0.003721571104915244,0.9994704296058043,1.0,0.565625,6.8,False,
active,B123/S02457,0.4,5,0.1,0.4976283112582781,0.48625,0.4709291666666667,0.02015183861972806,0.9957769468035046,1.0,0.5625,27.4,False,
active,B123/S02457,0.4,6,0.2,0.4988576158940398,0.496875,0.4713291666666667,0.013165519344718912,0.9973672958633312,1.0,0.563125,27.4,False,
active,B123/S02457,0.4,7,0.3,0.49896937086092724,0.495625,0.4724666666666666,0.006885674451028013,0.9988901083880586,1.0,0.56,17.8,False,
active,B123/S02457,0.4,8,0.4,0.5003435430463575,0.49125,0.4724041666666667,0.0015364674102470934,0.9993387130374431,1.0,0.5625,11.0,False,
active,B123/S02457,0.4,9,0.5,0.4997971854304636,0.53375,0.47186666666666666,-0.005921379400488159,0.9995573934330093,1.0,0.561875,7.4,False,
active,B123/S02457,0.41,0,0.1,0.49826986754966895,0.48875,0.47511666666666674,0.01044124695015675,0.9958787415383246,1.0,0.5700000000000001,24.2,False,
active,B123/S02457,0.41,1,0.2,0.4988658940397351,0.501875,0.474775,0.009317815440919554,0.9979345188425995,1.0,0.56375,26.8,False,
active,B123/S02457,0.41,2,0.3,0.49834437086092714,0.490625,0.47575000000000006,0.005278298187521293,0.9987526674595788,1.0,0.563125,20.4,False,
active,B123/S02457,0.41,3,0.4,0.49832367549668877,0.51875,0.4727583333333333,0.007188262460787247,0.9993677188034545,1.0,0.559375,10.2,False,
active,B123/S02457,0.41,4,0.5,0.4993915562913907,0.51625,0.47386666666666677,0.002048514290693174,0.9995879200353117,1.0,0.56375,6.2,False,
active,B123/S02457,0.41,5,0.1,0.4972557947019867,0.51875,0.47451250000000017,0.01644039735099301,0.9958634194678718,1.0,0.559375,25.2,False,
active,B123/S02457,0.41,6,0.2,0.4985264900662252,0.505625,0.4762291666666667,0.015051956256534505,0.9973028812321799,1.0,0.5549999999999999,27.0,False,
active,B123/S02457,0.41,7,0.3,0.4991142384105959,0.509375,0.4741666666666667,0.007201333217148496,0.9989390882523723,1.0,0.55375,16.4,False,
active,B123/S02457,0.41,8,0.4,0.5003973509933776,0.498125,0.47755000000000003,0.011738519518995676,0.99917688959913,1.0,0.5606249999999999,12.0,False,
active,B123/S02457,0.41,9,0.5,0.4996564569536424,0.508125,0.47351249999999995,9.345590798161572e-05,0.9995241820459041,1.0,0.5606249999999999,5.6,False,
active,B123/S02457,0.42,0,0.1,0.4987831125827814,0.5175,0.4779749999999999,0.018600993377482743,0.9958987890790892,1.0,0.558125,25.4,False,
active,B123/S02457,0.42,1,0.2,0.4987168874172186,0.544375,0.477925,0.011573501219937164,0.9976960718453185,1.0,0.5487500000000001,28.0,False,
active,B123/S02457,0.42,2,0.3,0.4990935430463576,0.490625,0.47764166666666663,0.00998671139769913,0.9986439266284651,1.0,0.558125,20.0,False,
active,B123/S02457,0.42,3,0.4,0.4999048013245033,0.49125,0.4786416666666666,0.0037235317183688,0.9993536684617765,1.0,0.55125,10.6,False,
active,B123/S02457,0.42,4,0.5,0.4997102649006621,0.504375,0.47793749999999996,0.00046433861972740054,0.9995467705639961,1.0,0.5587500000000001,7.0,False,
active,B123/S02457,0.42,5,0.1,0.49677152317880796,0.525625,0.47864166666666674,0.015921815092366433,0.9958849352899395,1.0,0.5575,25.6,False,
active,B123/S02457,0.42,6,0.2,0.49751655629139074,0.508125,0.4803625,0.007759781282676843,0.9973027550775014,1.0,0.553125,27.8,False,
active,B123/S02457,0.42,7,0.3,0.4999958609271522,0.494375,0.4778250000000001,0.009654060648308784,0.9988828660171991,1.0,0.56,16.2,False,
active,B123/S02457,0.42,8,0.4,0.5001862582781457,0.51625,0.47707083333333333,0.000981940571627546,0.9993278663527309,1.0,0.5543750000000001,11.2,False,
active,B123/S02457,0.42,9,0.5,0.4996854304635763,0.471875,0.47854583333333345,-0.001327008539561122,0.9995380882507642,1.0,0.5525,5.2,False,
active,B123/S02457,0.43,0,0.1,0.4968418874172186,0.505625,0.48035416666666664,0.014961768037643295,0.9959042476446773,1.0,0.5506249999999999,25.6,False,
active,B123/S02457,0.43,1,0.2,0.49699917218543044,0.491875,0.48177500000000006,0.01012297403276394,0.9979057871305875,1.0,0.545625,27.2,False,
active,B123/S02457,0.43,2,0.3,0.49685016556291384,0.50625,0.48118749999999993,0.00920769431857768,0.998714566183065,1.0,0.5543750000000001,22.6,False,
active,B123/S02457,0.43,3,0.4,0.49962334437086087,0.50875,0.482175,0.005925627396304999,0.9993957083628408,1.0,0.55375,8.8,False,
active,B123/S02457,0.43,4,0.5,0.4989114238410596,0.504375,0.47961250000000005,-0.001385173405368164,0.9995715883342298,1.0,0.56875,7.8,False,
active,B123/S02457,0.43,5,0.1,0.49720198675496696,0.524375,0.48031666666666667,0.020059363018473067,0.9957174665511094,1.0,0.5475,25.0,False,
active,B123/S02457,0.43,6,0.2,0.49781043046357615,0.493125,0.48312916666666667,0.009956648658068706,0.9972402698990626,1.0,0.548125,28.8,False,
active,B123/S02457,0.43,7,0.3,0.49887417218543045,0.516875,0.48001666666666665,0.00793590972464236,0.9989323465714611,1.0,0.55375,16.6,False,
active,B123/S02457,0.43,8,0.4,0.49898592715231793,0.4875,0.4804375000000001,0.0043692270826063044,0.9992468726594994,1.0,0.5506249999999999,13.0,False,
active,B123/S02457,0.43,9,0.5,0.4999503311258279,0.491875,0.4795291666666666,-0.006184755141164769,0.9995707416725895,1.0,0.555625,6.4,False,
active,B123/S02457,0.44,0,0.1,0.4972640728476821,0.478125,0.4837958333333332,0.017656304461484827,0.9960018155918963,1.0,0.55,25.2,False,
active,B123/S02457,0.44,1,0.2,0.4965562913907286,0.4925,0.48595416666666663,0.01669397002439822,0.9978152380264868,1.0,0.5575,27.8,False,
active,B123/S02457,0.44,2,0.3,0.4973675496688742,0.49125,0.48385416666666664,0.01012852910421713,0.9986274389816044,1.0,0.548125,18.8,False,
active,B123/S02457,0.44,3,0.4,0.4975289735099337,0.486875,0.48516250000000016,0.011636240850470525,0.999273926381936,1.0,0.5525,10.2,False,
active,B123/S02457,0.44,4,0.5,0.4993129139072847,0.486875,0.4829374999999999,0.0024474991286157636,0.9994989849768753,1.0,0.5431250000000001,6.4,False,
active,B123/S02457,0.44,5,0.1,0.49713990066225155,0.503125,0.48314166666666664,0.01498137417218542,0.9958368207341212,1.0,0.55,27.2,False,
active,B123/S02457,0.44,6,0.2,0.4984271523178808,0.498125,0.48384583333333336,0.007020630010456287,0.9974004998361333,1.0,0.55125,27.4,False,
active,B123/S02457,0.44,7,0.3,0.49833195364238403,0.499375,0.48436666666666667,0.0013972638550017917,0.9989496786544385,1.0,0.549375,16.8,False,
active,B123/S02457,0.44,8,0.4,0.4990976821192053,0.506875,0.4842416666666668,0.008970460090623631,0.9991474693904135,1.0,0.549375,12.6,False,
active,B123/S02457,0.44,9,0.5,0.5001490066225164,0.51375,0.4825,0.0020681204252347356,0.9996014896536728,1.0,0.5506249999999999,4.8,False,
active,B123/S02457,0.45,0,0.1,0.49721440397350986,0.518125,0.48635416666666664,0.012124760369466369,0.9959738450639797,1.0,0.549375,24.2,False,
active,B123/S02457,0.45,1,0.2,0.4982822847682119,0.503125,0.486475,0.013892906936214259,0.9978746530897024,1.0,0.545625,27.6,False,
active,B123/S02457,0.45,2,0.3,0.4997723509933774,0.524375,0.4865166666666666,0.006208609271522922,0.9987159325744761,1.0,0.5575,19.2,False,
active,B123/S02457,0.45,3,0.4,0.4998634105960265,0.515,0.48558333333333337,0.0024527274311606636,0.9992933255217479,1.0,0.54375,9.2,False,
active,B123/S02457,0.45,4,0.5,0.5018129139072848,0.485625,0.4842541666666667,0.0018027840711045693,0.9995076795211376,1.0,0.5525,7.2,False,
active,B123/S02457,0.45,5,0.1,0.4970074503311258,0.503125,0.4864166666666667,0.013947150575113188,0.9958581319748397,1.0,0.551875,25.4,False,
active,B123/S02457,0.45,6,0.2,0.4978849337748345,0.49125,0.48656666666666676,0.008099620948065395,0.9972770349668981,1.0,0.546875,27.6,False,
active,B123/S02457,0.45,7,0.3,0.49825745033112584,0.49125,0.4866875,0.005634476298361625,0.9988634597235518,1.0,0.5475,16.2,False,
active,B123/S02457,0.45,8,0.4,0.49824503311258267,0.500625,0.4869,0.010352692575809992,0.9992655927203468,1.0,0.544375,15.0,False,
active,B123/S02457,0.45,9,0.5,0.4991887417218543,0.5,0.48669999999999997,0.005425997734401713,0.9995366767461419,1.0,0.5375,4.6,False,
active,B123/S02457,0.46,0,0.1,0.49671357615894046,0.479375,0.4890625,0.012568839316834564,0.9959862876429337,1.0,0.551875,25.0,False,
active,B123/S02457,0.46,1,0.2,0.4996026490066225,0.511875,0.48910833333333337,0.009206060474032602,0.997862201442451,1.0,0.5506249999999999,28.2,False,
active,B123/S02457,0.46,2,0.3,0.4985596026490066,0.514375,0.4895083333333333,0.010376873475077935,0.9987155977205302,1.0,0.5475,19.8,False,
active,B123/S02457,0.46,3,0.4,0.4995778145695364,0.5125,0.48872500000000013,0.003497080864412655,0.9993031783113081,1.0,0.5393749999999999,9.0,False,
active,B123/S02457,0.46,4,0.5,0.4997433774834438,0.511875,0.48852916666666657,-0.004554505054026083,0.9995796396999042,1.0,0.5487500000000001,7.8,False,
active,B123/S02457,0.46,5,0.1,0.49671357615894035,0.486875,0.48911666666666664,0.013393277274311723,0.9958983266025294,1.0,0.5449999999999999,26.2,False,
active,B123/S02457,0.46,6,0.2,0.497330298013245,0.523125,0.4894375,0.013035792087834789,0.9973755240077085,1.0,0.5431250000000001,29.6,False,
active,B123/S02457,0.46,7,0.3,0.5007077814569536,0.485,0.4887041666666666,0.007986558905541593,0.9989157003365827,1.0,0.54375,19.6,False,
active,B123/S02457,0.46,8,0.4,0.5002400662251655,0.493125,0.4906166666666667,0.0038035901010801884,0.9993066163126145,1.0,0.544375,11.4,False,
active,B123/S02457,0.46,9,0.5,0.5005380794701988,0.513125,0.48772083333333344,0.0040143560474031345,0.9995115381724624,1.0,0.54375,5.8,False,
active,B123/S02457,0.47,0,0.1,0.4968791390728477,0.4875,0.49135,0.0210308469850115,0.9958850377235311,1.0,0.544375,27.2,False,
active,B123/S02457,0.47,1,0.2,0.49745447019867556,0.48875,0.49302083333333335,0.008800540257929262,0.9979251462516353,1.0,0.548125,28.8,False,
active,B123/S02457,0.47,2,0.3,0.5000248344370861,0.48125,0.49197083333333336,0.007628746950156245,0.9986883709966163,1.0,0.54,19.8,False,
active,B123/S02457,0.47,3,0.4,0.49940397350993376,0.488125,0.49322916666666666,0.0038941050888806885,0.9993961607466628,1.0,0.538125,10.4,False,
active,B123/S02457,0.47,4,0.5,0.5002317880794702,0.51875,0.4909749999999999,0.004692728302543887,0.9995151355502634,1.0,0.545625,4.6,False,
active,B123/S02457,0.47,5,0.1,0.4975413907284768,0.5125,0.49279583333333327,0.01906075723248476,0.995846109651097,1.0,0.54125,27.0,False,
active,B123/S02457,0.47,6,0.2,0.49908112582781455,0.483125,0.4923375,0.007748344370860047,0.9973493421872901,1.0,0.546875,26.6,False,
active,B123/S02457,0.47,7,0.3,0.49754552980132455,0.499375,0.49323333333333336,0.008362343150923237,0.9988930162911689,1.0,0.54625,16.2,False,
active,B123/S02457,0.47,8,0.4,0.4998923841059604,0.4875,0.4928208333333333,0.005236798536074698,0.9993016295492891,1.0,0.54125,12.0,False,
active,B123/S02457,0.47,9,0.5,0.49892798013245027,0.508125,0.49183750000000004,-0.0007845721505752649,0.9994967876367671,1.0,0.5387500000000001,6.0,False,
active,B123/S02457,0.48,0,0.1,0.49670115894039735,0.499375,0.4955625000000001,0.021509236667828332,0.9958908894792184,1.0,0.54375,24.2,False,
active,B123/S02457,0.48,1,0.2,0.4985844370860927,0.524375,0.4938833333333334,0.009430223945625213,0.9978966080991717,1.0,0.5393749999999999,29.8,False,
active,B123/S02457,0.48,2,0.3,0.4974130794701987,0.479375,0.49499166666666666,0.0020436127570580644,0.9987213316237721,1.0,0.5393749999999999,20.6,False,
active,B123/S02457,0.48,3,0.4,0.4987665562913907,0.501875,0.4948125,-0.0014511807249915556,0.9993820638027041,1.0,0.540625,11.6,False,
active,B123/S02457,0.48,4,0.5,0.4996440397350993,0.485,0.49355,-0.0024844240153367282,0.9996020760513802,1.0,0.548125,7.6,False,
active,B123/S02457,0.48,5,0.1,0.49603476821192055,0.489375,0.49445,0.012525379051934099,0.995733566592568,1.0,0.5393749999999999,28.0,False,
active,B123/S02457,0.48,6,0.2,0.500546357615894,0.503125,0.4936958333333334,0.015716277448587886,0.99728415392024,1.0,0.5425,29.4,False,
active,B123/S02457,0.48,7,0.3,0.4976365894039735,0.475625,0.49633333333333335,0.006229849250609999,0.998866085899665,1.0,0.540625,16.6,False,
active,B123/S02457,0.48,8,0.4,0.4994495033112583,0.496875,0.49471666666666675,0.0018857833739972603,0.9992324377655469,1.0,0.5349999999999999,11.8,False,
active,B123/S02457,0.48,9,0.5,0.5002524834437085,0.520625,0.4951958333333332,0.0033287948762631132,0.999501034336373,1.0,0.541875,6.6,False,
active,B123/S02457,0.49,0,0.1,0.4957905629139073,0.5025,0.49588333333333345,0.01581104043220554,0.9959721349975003,1.0,0.54375,24.4,False,
active,B123/S02457,0.49,1,0.2,0.4979470198675496,0.5025,0.4967208333333334,0.010767689090274823,0.9978189115458647,1.0,0.5375,26.2,False,
active,B123/S02457,0.49,2,0.3,0.49908940397351,0.503125,0.4978583333333332,0.010650379051933992,0.9987073075617313,1.0,0.544375,19.8,False,
active,B123/S02457,0.49,3,0.4,0.49901903973509937,0.48875,0.4981500000000001,0.0067239238410592836,0.9992821670089684,1.0,0.54,9.6,False,
active,B123/S02457,0.49,4,0.5,0.5009975165562913,0.48375,0.4973666666666668,0.0006868682467752464,0.999609373069097,1.0,0.53625,6.0,False,
active,B123/S02457,0.49,5,0.1,0.4969163907284767,0.49625,0.49766249999999995,0.01724817009410941,0.9958663767974621,1.0,0.5387500000000001,26.2,False,
active,B123/S02457,0.49,6,0.2,0.4997185430463577,0.515625,0.49832916666666666,0.009230894911118377,0.9974360734281471,1.0,0.544375,27.6,False,
active,B123/S02457,0.49,7,0.3,0.499375,0.50375,0.49717916666666667,0.003008561345415436,0.9989102555955394,1.0,0.540625,17.2,False,
active,B123/S02457,0.49,8,0.4,0.49722682119205297,0.516875,0.4990333333333333,0.00945603868943861,0.9993609215148048,1.0,0.544375,11.2,False,
active,B123/S02457,0.49,9,0.5,0.4991680463576159,0.505,0.4981583333333333,0.0012884498082950172,0.9996003537937203,1.0,0.5387500000000001,5.0,False,
active,B123/S02457,0.5,0,0.1,0.49665562913907285,0.513125,0.4998708333333334,0.019598292087834947,0.9958676405416711,1.0,0.5449999999999999,24.8,False,
active,B123/S02457,0.5,1,0.2,0.4987541390728476,0.51125,0.4995458333333333,0.01850394301150168,0.9978709139163552,1.0,0.538125,28.0,False,
active,B123/S02457,0.5,2,0.3,0.49983443708609265,0.515,0.4992958333333333,0.00737125304984299,0.9987202946352566,1.0,0.545625,20.8,False,
active,B123/S02457,0.5,3,0.4,0.49841059602649,0.5175,0.5012166666666666,0.011151969327291334,0.9992805876622621,1.0,0.53375,10.4,False,
active,B123/S02457,0.5,4,0.5,0.4996357615894039,0.48125,0.5000916666666666,0.0023458739979080076,0.9995378784960951,1.0,0.536875,7.6,False,
active,B123/S02457,0.5,5,0.1,0.4978435430463576,0.508125,0.49891666666666673,0.013817423318229128,0.995908802221927,1.0,0.536875,25.6,False,
active,B123/S02457,0.5,6,0.2,0.4972061258278146,0.50625,0.499075,0.008552849424886351,0.9972176377069539,1.0,0.5393749999999999,30.0,False,
active,B123/S02457,0.5,7,0.3,0.49878311258278135,0.50875,0.4994208333333333,0.007277143604042794,0.9988903499466132,1.0,0.5393749999999999,16.6,False,
active,B123/S02457,0.5,8,0.4,0.49985513245033114,0.505,0.4993541666666667,0.004350601254792427,0.9993346381419961,1.0,0.5449999999999999,12.2,False,
active,B123/S02457,0.5,9,0.5,0.5004511589403974,0.48625,0.4999416666666666,0.010036707040780656,0.9995143864958894,1.0,0.54125,8.0,False,
active,B123/S02457,0.51,0,0.1,0.4964817880794702,0.510625,0.5040291666666668,0.012976320146391959,0.9957797112145567,1.0,0.5375,22.2,False,
active,B123/S02457,0.51,1,0.2,0.49874172185430465,0.501875,0.5019583333333333,0.009335787730916227,0.9978118341836029,1.0,0.5387500000000001,27.8,False,
active,B123/S02457,0.51,2,0.3,0.49788493377483456,0.481875,0.5037166666666667,0.0028932119205295364,0.9988290391554054,1.0,0.5393749999999999,19.2,False,
active,B123/S02457,0.51,3,0.4,0.4998841059602649,0.520625,0.5018958333333334,0.007623518647612407,0.9993352909518067,1.0,0.5425,10.4,False,
active,B123/S02457,0.51,4,0.5,0.5013120860927153,0.51,0.5019583333333334,-0.000927696932729679,0.9995594490951649,1.0,0.5387500000000001,6.4,False,
active,B123/S02457,0.51,5,0.1,0.4970488410596026,0.516875,0.5034583333333333,0.016578620599511505,0.995864789211448,1.0,0.541875,25.8,False,
active,B123/S02457,0.51,6,0.2,0.4981622516556291,0.50125,0.5051583333333334,0.004731287033809054,0.9973508973963215,1.0,0.540625,28.2,False,
active,B123/S02457,0.51,7,0.3,0.4987086092715232,0.498125,0.5020666666666667,0.010773244161728451,0.9988725370484652,1.0,0.541875,16.8,False,
active,B123/S02457,0.51,8,0.4,0.4999379139072847,0.50125,0.5020708333333334,-0.002902361449983236,0.9993693186886056,1.0,0.5425,10.6,False,
active,B123/S02457,0.51,9,0.5,0.49881208609271516,0.5,0.5037,0.0033010195189955988,0.9994888182870273,1.0,0.54375,4.8,False,
active,B123/S02457,0.52,0,0.1,0.49771523178807947,0.485625,0.5055791666666667,0.016859315092366142,0.9959921542179957,1.0,0.5387500000000001,24.6,False,
active,B123/S02457,0.52,1,0.2,0.49787251655629144,0.4875,0.5055875000000001,0.014752309166956638,0.9978936800736132,1.0,0.541875,27.0,False,
active,B123/S02457,0.52,2,0.3,0.49664321192052996,0.508125,0.505175,0.005956343673753818,0.9987547561743593,1.0,0.53375,19.4,False,
active,B123/S02457,0.52,3,0.4,0.49879552980132436,0.50125,0.5057666666666667,0.00467704339491025,0.999290520364544,1.0,0.54125,12.0,False,
active,B123/S02457,0.52,4,0.5,0.4998137417218543,0.499375,0.5044291666666667,-0.004806117113977355,0.9995861967839481,1.0,0.5431250000000001,5.2,False,
active,B123/S02457,0.52,5,0.1,0.49764900662251654,0.5025,0.5060625000000001,0.015621187696060943,0.9959097677055166,1.0,0.546875,25.4,False,
active,B123/S02457,0.52,6,0.2,0.49696605960264906,0.50375,0.5055833333333333,0.013463205820843415,0.9973603657173528,1.0,0.544375,28.6,False,
active,B123/S02457,0.52,7,0.3,0.5005422185430464,0.5,0.5054958333333334,0.005033548274659748,0.9989153787055808,1.0,0.54,17.6,False,
active,B123/S02457,0.52,8,0.4,0.4989817880794701,0.47875,0.5057041666666667,0.0063817967933073845,0.9993013077915656,1.0,0.545625,12.6,False,
active,B123/S02457,0.52,9,0.5,0.5002152317880795,0.499375,0.5049458333333333,-4.117288253767987e-05,0.9996357198497156,1.0,0.5375,5.0,False,
active,B123/S02457,0.53,0,0.1,0.49840231788079464,0.509375,0.5075125,0.015602235099337463,0.9957956061998675,1.0,0.545625,25.2,False,
active,B123/S02457,0.53,1,0.2,0.49691225165562913,0.490625,0.5088999999999999,0.009574655803415353,0.997904980982895,1.0,0.5506249999999999,28.6,False,
active,B123/S02457,0.53,2,0.3,0.4986299668874171,0.48625,0.5072041666666667,0.004801869118159077,0.9986526785548203,1.0,0.54125,20.2,False,
active,B123/S02457,0.53,3,0.4,0.49942052980132445,0.495625,0.5095291666666667,0.008356134541652151,0.9994231723539935,1.0,0.54125,11.0,False,
active,B123/S02457,0.53,4,0.5,0.49882036423841064,0.49625,0.5079666666666667,-0.0008897917392820304,0.9996492364709817,1.0,0.54125,5.2,False,
active,B123/S02457,0.53,5,0.1,0.49849751655629143,0.496875,0.5071416666666666,0.017929156500522802,0.9958472758997139,1.0,0.5387500000000001,25.4,False,
active,B123/S02457,0.53,6,0.2,0.4966183774834437,0.479375,0.5106124999999999,0.009855023527360887,0.9972947780273241,1.0,0.54,29.8,False,
active,B123/S02457,0.53,7,0.3,0.5001738410596027,0.5,0.5103791666666668,0.010469022307423638,0.9989007814222202,1.0,0.54125,17.0,False,
active,B123/S02457,0.53,8,0.4,0.4991059602649007,0.51,0.5083541666666668,0.0009561258278141501,0.9992629211383603,1.0,0.53625,12.8,False,
active,B123/S02457,0.53,9,0.5,0.500951986754967,0.49375,0.5072249999999999,0.0019217279539904153,0.9995867090275218,1.0,0.53375,8.6,False,
active,B123/S02457,0.54,0,0.1,0.49838162251655627,0.495625,0.5117291666666667,0.016559341233878984,0.9958562132564883,1.0,0.541875,24.2,False,
active,B123/S02457,0.54,1,0.2,0.4980918874172185,0.503125,0.5114416666666667,0.013733443708609001,0.9978321370956275,1.0,0.5449999999999999,28.6,False,
active,B123/S02457,0.54,2,0.3,0.4991183774834437,0.510625,0.5110250000000001,0.009956321889159727,0.998752282504003,1.0,0.541875,21.2,False,
active,B123/S02457,0.54,3,0.4,0.5005132450331126,0.52625,0.5134333333333333,0.009622690833042385,0.9992818075289414,1.0,0.548125,7.8,False,
active,B123/S02457,0.54,4,0.5,0.5009644039735099,0.5125,0.5125333333333333,0.002056356744510211,0.9996231513214714,1.0,0.5387500000000001,6.4,False,
active,B123/S02457,0.54,5,0.1,0.4962582781456952,0.495,0.5101708333333332,0.017054396131055576,0.9958164205908561,1.0,0.54625,25.8,False,
active,B123/S02457,0.54,6,0.2,0.4993791390728477,0.496875,0.5125208333333333,0.011266338445451175,0.9972830023758523,1.0,0.5393749999999999,28.4,False,
active,B123/S02457,0.54,7,0.3,0.4970778145695364,0.485,0.5118624999999999,0.007435299756012014,0.9989298487327408,1.0,0.5387500000000001,16.8,False,
active,B123/S02457,0.54,8,0.4,0.4987168874172186,0.490625,0.5120750000000001,0.008658722551410699,0.9993493914509199,1.0,0.538125,10.8,False,
active,B123/S02457,0.54,9,0.5,0.5005298013245034,0.528125,0.5097041666666666,-0.004579666260021085,0.9995647736671683,1.0,0.538125,6.0,False,
active,B123/S02457,0.55,0,0.1,0.4975620860927153,0.493125,0.5159625000000001,0.015470873997908198,0.995955959605836,1.0,0.5425,25.0,False,
active,B123/S02457,0.55,1,0.2,0.4987706953642385,0.51,0.5136458333333332,0.019293089926803262,0.9978007844368422,1.0,0.541875,26.8,False,
active,B123/S02457,0.55,2,0.3,0.49961920529801324,0.4875,0.5137541666666666,0.008789756883930985,0.998659959559937,1.0,0.544375,22.2,False,
active,B123/S02457,0.55,3,0.4,0.4993170529801324,0.5,0.5129833333333332,0.006474599163471294,0.9993522194812765,1.0,0.5387500000000001,9.8,False,
active,B123/S02457,0.55,4,0.5,0.4988865894039735,0.5125,0.5113916666666666,-0.001566856918787183,0.9995848955183257,1.0,0.541875,7.4,False,
active,B123/S02457,0.55,5,0.1,0.4968460264900661,0.510625,0.5140916666666666,0.02230328511676509,0.9958424247144516,1.0,0.541875,25.4,False,
active,B123/S02457,0.55,6,0.2,0.4978062913907286,0.510625,0.5146125,0.013992571453467209,0.9973809466497888,1.0,0.54375,28.0,False,
active,B123/S02457,0.55,7,0.3,0.4987210264900663,0.49875,0.5132958333333333,0.009450810386893898,0.9989024418205911,1.0,0.5387500000000001,16.8,False,
active,B123/S02457,0.55,8,0.4,0.5002649006622517,0.513125,0.514825,0.010394192227256589,0.9992756778224159,1.0,0.54125,12.6,False,
active,B123/S02457,0.55,9,0.5,0.5018004966887417,0.50375,0.5148333333333333,0.0039006404670616883,0.9995952177570911,1.0,0.540625,7.2,False,
active,B123/S02457,0.56,0,0.1,0.49745447019867545,0.511875,0.5152875,0.01494314220982898,0.9959386320276664,1.0,0.5425,24.6,False,
active,B123/S02457,0.56,1,0.2,0.49909768211920535,0.514375,0.5158583333333333,0.017492920006971082,0.9978336557900596,1.0,0.54,26.8,False,
active,B123/S02457,0.56,2,0.3,0.5015976821192053,0.520625,0.5154083333333334,0.014641534506795931,0.9986716195845085,1.0,0.5393749999999999,19.0,False,
active,B123/S02457,0.56,3,0.4,0.49834850993377494,0.49625,0.5173999999999999,0.0038169876263502286,0.9994212588439777,1.0,0.540625,9.0,False,
active,B123/S02457,0.56,4,0.5,0.4993956953642384,0.5075,0.5161666666666666,0.0028719719414421465,0.9996231862454522,1.0,0.555625,6.4,False,
active,B123/S02457,0.56,5,0.1,0.4962375827814569,0.49875,0.5153125,0.013513201463924127,0.9958226357095087,1.0,0.540625,25.4,False,
active,B123/S02457,0.56,6,0.2,0.49582367549668876,0.475,0.516225,0.01460330254443993,0.9971583533593246,1.0,0.538125,27.6,False,
active,B123/S02457,0.56,7,0.3,0.4982450331125828,0.496875,0.5169833333333334,0.008284245381665967,0.9989345468748062,1.0,0.5393749999999999,20.4,False,
active,B123/S02457,0.56,8,0.4,0.5000206953642384,0.50125,0.5172125,-0.0002065179505057307,0.9993205873636472,1.0,0.54,10.6,False,
active,B123/S02457,0.56,9,0.5,0.5007243377483444,0.495625,0.5182041666666667,-0.002469065876612444,0.9994995451733941,1.0,0.5387500000000001,6.0,False,
active,B123/S02457,0.57,0,0.1,0.4966349337748344,0.51,0.5193000000000001,0.01604500697106956,0.995843636883064,1.0,0.538125,24.0,False,
active,B123/S02457,0.57,1,0.2,0.4990728476821192,0.494375,0.5178666666666665,0.0037464055420004558,0.9978969416727079,1.0,0.540625,27.2,False,
active,B123/S02457,0.57,2,0.3,0.5001531456953642,0.4975,0.5207791666666666,0.013258648483792051,0.998698551628933,1.0,0.540625,19.8,False,
active,B123/S02457,0.57,3,0.4,0.49825745033112584,0.525625,0.5194291666666667,-0.0022589534681073916,0.9992373063402451,1.0,0.558125,11.2,False,
active,B123/S02457,0.57,4,0.5,0.4973509933774834,0.504375,0.5199958333333332,-1.372429417995569e-05,0.9995740116470924,1.0,0.535625,6.0,False,
active,B123/S02457,0.57,5,0.1,0.49722682119205297,0.481875,0.5200666666666666,0.013797490414778025,0.9958936270367409,1.0,0.5375,25.6,False,
active,B123/S02457,0.57,6,0.2,0.4970653973509933,0.510625,0.5191708333333335,0.011289539037991621,0.9973319832362465,1.0,0.54375,29.6,False,
active,B123/S02457,0.57,7,0.3,0.4972268211920531,0.505625,0.5188666666666667,0.011730677065179513,0.9988298106739862,1.0,0.54125,16.4,False,
active,B123/S02457,0.57,8,0.4,0.5010430463576159,0.515625,0.5201916666666668,0.007027818926454555,0.9992734894370959,1.0,0.5449999999999999,12.8,False,
active,B123/S02457,0.57,9,0.5,0.500873344370861,0.506875,0.5199874999999999,-0.0012440092366684935,0.999582603790758,1.0,0.54,4.6,False,
active,B123/S02457,0.58,0,0.1,0.4967425496688742,0.485625,0.5226958333333334,0.018585962007668124,0.9959723979895955,1.0,0.536875,23.8,False,
active,B123/S02457,0.58,1,0.2,0.4962624172185431,0.50375,0.5222374999999999,0.007064090275356501,0.9977948660575404,1.0,0.541875,28.4,False,
active,B123/S02457,0.58,2,0.3,0.49895281456953644,0.485625,0.521725,0.012527339665388406,0.9986558842829771,1.0,0.5475,19.4,False,
active,B123/S02457,0.58,3,0.4,0.4963369205298013,0.51125,0.522975,0.009137439003136948,0.9992839962742799,1.0,0.5425,9.0,False,
active,B123/S02457,0.58,4,0.5,0.5004925496688742,0.495,0.521625,0.00039833130010388394,0.9995290560356482,1.0,0.540625,6.8,False,
active,B123/S02457,0.58,5,0.1,0.49815811258278153,0.485,0.5205791666666667,0.016573392296966732,0.9958273159411709,1.0,0.5387500000000001,26.2,False,
active,B123/S02457,0.58,6,0.2,0.4985223509933775,0.485625,0.5242458333333334,0.014642841582432094,0.997302537699307,1.0,0.549375,28.0,False,
active,B123/S02457,0.58,7,0.3,0.5001324503311259,0.52375,0.5222875000000001,0.007639203555245919,0.9988524294123401,1.0,0.548125,16.0,False,
active,B123/S02457,0.58,8,0.4,0.49797599337748333,0.510625,0.522775,-0.00032415475775560186,0.9992406093491925,1.0,0.548125,11.2,False,
active,B123/S02457,0.58,9,0.5,0.5006456953642385,0.475625,0.5218958333333334,0.0013828860230041297,0.9995498461437887,1.0,0.55,6.0,False,
active,B123/S02457,0.59,0,0.1,0.4991680463576158,0.498125,0.5259291666666667,0.012292719588706244,0.9959157632287641,1.0,0.545625,25.2,False,
active,B123/S02457,0.59,1,0.2,0.49641970198675495,0.50375,0.5242375,0.00966941878703363,0.9978969191460936,1.0,0.545625,28.4,False,
active,B123/S02457,0.59,2,0.3,0.49845612582781457,0.500625,0.5249,0.012967824154757404,0.9986364251872631,1.0,0.5425,20.0,False,
active,B123/S02457,0.59,3,0.4,0.49914321192052974,0.516875,0.5252041666666667,0.00819307685604701,0.9993190422671979,1.0,0.5375,9.0,False,
active,B123/S02457,0.59,4,0.5,0.5006663907284767,0.49375,0.5246916666666668,-0.0008816225165564524,0.9994861719509015,1.0,0.5431250000000001,8.4,False,
active,B123/S02457,0.59,5,0.1,0.4971067880794703,0.486875,0.5242333333333333,0.015398984837922574,0.9958549523665345,1.0,0.5387500000000001,27.0,False,
active,B123/S02457,0.59,6,0.2,0.49732201986754954,0.486875,0.5252541666666667,0.01656783722551379,0.9972142312472726,1.0,0.5375,31.2,False,
active,B123/S02457,0.59,7,0.3,0.4986548013245033,0.48875,0.5252125,0.011158504705472022,0.998807264883597,1.0,0.5431250000000001,16.8,False,
active,B123/S02457,0.59,8,0.4,0.49928394039735097,0.498125,0.5242833333333333,0.0009074372603692236,0.9992281054248717,1.0,0.536875,12.2,False,
active,B123/S02457,0.59,9,0.5,0.5016266556291391,0.52375,0.5259416666666668,0.000416957127918574,0.9995165394118826,1.0,0.5393749999999999,5.4,False,
active,B123/S02457,0.6,0,0.1,0.4988534768211921,0.505,0.5293416666666667,0.01657927413732971,0.9958283700247463,1.0,0.5506249999999999,25.8,False,
active,B123/S02457,0.6,1,0.2,0.4996978476821192,0.485,0.5277208333333332,0.01969468891599849,0.9978273569149921,1.0,0.548125,26.4,False,
active,B123/S02457,0.6,2,0.3,0.4972392384105961,0.50875,0.5262791666666667,0.009688698152665777,0.9987345456850045,1.0,0.538125,18.0,False,
active,B123/S02457,0.6,3,0.4,0.49961920529801324,0.495,0.5292583333333333,0.002543895956779245,0.9992795996283901,1.0,0.54125,9.8,False,
active,B123/S02457,0.6,4,0.5,0.4977566225165563,0.50625,0.5252833333333332,0.001494967758800248,0.9995367033733976,1.0,0.5425,6.2,False,
active,B123/S02457,0.6,5,0.1,0.49738410596026494,0.509375,0.5274666666666666,0.016356417741373138,0.9959025036210128,1.0,0.540625,26.4,False,
active,B123/S02457,0.6,6,0.2,0.49872102649006617,0.48625,0.52785,0.005259672359706478,0.9972432708134596,1.0,0.5449999999999999,28.6,False,
active,B123/S02457,0.6,7,0.3,0.49838576158940395,0.5,0.5279791666666667,0.010645804287207924,0.998833162455571,1.0,0.54125,17.0,False,
active,B123/S02457,0.6,8,0.4,0.49847268211920526,0.491875,0.5275666666666666,0.005446910944579812,0.9992461267083697,1.0,0.536875,14.2,False,
active,B123/S02457,0.6,9,0.5,0.5007491721854305,0.50375,0.527075,-0.0005881840362501057,0.9996630750244313,1.0,0.54375,6.6,False,
active,B123/S02457,0.61,0,0.1,0.49792218543046357,0.51375,0.531675,0.01556857790170778,0.9959846251696617,1.0,0.54625,25.0,False,
active,B123/S02457,0.61,1,0.2,0.4984975165562913,0.50125,0.5314541666666667,0.01843499477169742,0.9977616392520988,1.0,0.55625,26.8,False,
active,B123/S02457,0.61,2,0.3,0.49949917218543044,0.514375,0.5296333333333333,0.012537142732659061,0.9986969778582455,1.0,0.5449999999999999,21.4,False,
active,B123/S02457,0.61,3,0.4,0.4996067880794703,0.52,0.5307083333333333,0.008599577378877534,0.999317292512158,1.0,0.54,7.6,False,
active,B123/S02457,0.61,4,0.5,0.498125,0.47625,0.5289666666666667,0.008240785116764815,0.9995435594904583,1.0,0.54,8.0,False,
active,B123/S02457,0.61,5,0.1,0.49915149006622517,0.488125,0.5312583333333333,0.016128659811780893,0.9957754988191698,1.0,0.54,28.2,False,
active,B123/S02457,0.61,6,0.2,0.4984312913907285,0.47875,0.5306416666666667,0.004855459219240051,0.9972727650188729,1.0,0.548125,29.0,False,
active,B123/S02457,0.61,7,0.3,0.5019660596026491,0.518125,0.5331416666666666,0.019267601951899284,0.9987818960598244,1.0,0.54375,14.8,False,
active,B123/S02457,0.61,8,0.4,0.4986258278145695,0.50125,0.5280708333333333,0.00889105524572995,0.9992531111249895,1.0,0.5487500000000001,12.0,False,
active,B123/S02457,0.61,9,0.5,0.49887417218543045,0.48625,0.53015,-0.004126437783200065,0.9994160277216597,1.0,0.549375,4.6,False,
active,B123/S02457,0.62,0,0.1,0.49776076158940397,0.499375,0.5333625000000001,0.02099196148483748,0.9958996569079132,1.0,0.54,23.6,False,
active,B123/S02457,0.62,1,0.2,0.500401490066225,0.505625,0.53355,0.015957432903450423,0.9977057773118667,1.0,0.5606249999999999,28.4,False,
active,B123/S02457,0.62,2,0.3,0.49760347682119205,0.5175,0.5320791666666665,0.01476799407459015,0.9987472265180373,1.0,0.5387500000000001,18.0,False,
active,B123/S02457,0.62,3,0.4,0.500430463576159,0.510625,0.5341375000000002,0.00780585569884932,0.9993654069322818,1.0,0.53625,9.0,False,
active,B123/S02457,0.62,4,0.5,0.49995447019867545,0.51375,0.5342749999999999,0.004295377309166625,0.9995392422402837,1.0,0.55,7.6,False,
active,B123/S02457,0.62,5,0.1,0.4978807947019866,0.51375,0.5341708333333333,0.022928720808643513,0.9958512286411189,1.0,0.538125,26.0,False,
active,B123/S02457,0.62,6,0.2,0.49933360927152315,0.5025,0.533625,0.010391251307075347,0.9972907841680965,1.0,0.54625,28.6,False,
active,B123/S02457,0.62,7,0.3,0.4975206953642383,0.503125,0.5318416666666667,0.012466887417218391,0.9988097316948316,1.0,0.541875,17.6,False,
active,B123/S02457,0.62,8,0.4,0.49889486754966883,0.50875,0.5324791666666667,0.01175191704426609,0.9992534149707721,1.0,0.5393749999999999,12.8,False,
active,B123/S02457,0.62,9,0.5,0.5012831125827815,0.494375,0.5338125,0.004851864761240853,0.9995114269329571,1.0,0.551875,5.4,False,
active,B123/S02457,0.63,0,0.1,0.49783112582781464,0.521875,0.5372708333333334,0.01745305420006919,0.9959076878076363,1.0,0.540625,23.6,False,
active,B123/S02457,0.63,1,0.2,0.49730132450331127,0.490625,0.5349833333333334,0.014162818055071556,0.9977905083470441,1.0,0.566875,28.6,False,
active,B123/S02457,0.63,2,0.3,0.49682947019867546,0.506875,0.5359416666666666,0.01708380533286792,0.9987349288101713,1.0,0.5606249999999999,18.0,False,
active,B123/S02457,0.63,3,0.4,0.5011754966887417,0.495625,0.5362458333333332,0.003792806727082223,0.9993478246552868,1.0,0.5431250000000001,8.4,False,
active,B123/S02457,0.63,4,0.5,0.5002773178807947,0.499375,0.5362458333333332,0.002822956605088242,0.9995713178253162,1.0,0.544375,6.0,False,
active,B123/S02457,0.63,5,0.1,0.49866307947019867,0.513125,0.5357083333333332,0.019647307424189662,0.9958414394449232,1.0,0.5543750000000001,26.0,False,
active,B123/S02457,0.63,6,0.2,0.4987086092715232,0.503125,0.5348458333333334,0.005359663645868968,0.9972383006334455,1.0,0.546875,27.6,False,
active,B123/S02457,0.63,7,0.3,0.4972847682119205,0.4875,0.5358625,0.010842192401533396,0.9988684601999196,1.0,0.553125,17.2,False,
active,B123/S02457,0.63,8,0.4,0.4988038079470199,0.49125,0.5347875,0.018698697281282074,0.9992586433645245,1.0,0.540625,11.4,False,
active,B123/S02457,0.63,9,0.5,0.5002690397350994,0.495625,0.5369041666666667,-0.003049080690136347,0.9995035062548073,1.0,0.535625,5.8,False,
active,B123/S02457,0.64,0,0.1,0.49867963576158936,0.503125,0.5381541666666667,0.017643560474032306,0.9959581963412684,1.0,0.544375,25.0,False,
active,B123/S02457,0.64,1,0.2,0.5002193708609273,0.489375,0.5376583333333333,0.01609238846287857,0.997712306280402,1.0,0.575,28.6,False,
active,B123/S02457,0.64,2,0.3,0.5014362582781458,0.504375,0.5404999999999999,0.001594632276053823,0.9987200965509866,1.0,0.5475,19.2,False,
active,B123/S02457,0.64,3,0.4,0.5005132450331127,0.490625,0.5398041666666668,0.006223313872429124,0.9993491575313793,1.0,0.54,9.4,False,
active,B123/S02457,0.64,4,0.5,0.502330298013245,0.495,0.5413916666666667,0.006841560648308905,0.999545897179765,1.0,0.54,8.4,False,
active,B123/S02457,0.64,5,0.1,0.4974130794701987,0.47375,0.5367875,0.017826224294178947,0.9957558329392566,1.0,0.544375,25.2,False,
active,B123/S02457,0.64,6,0.2,0.4961754966887416,0.485,0.5360666666666667,0.013096571104914093,0.9971267577140577,1.0,0.5487500000000001,30.6,False,
active,B123/S02457,0.64,7,0.3,0.49764486754966886,0.49375,0.5371625,0.013584763855001273,0.9988073929248593,1.0,0.544375,17.2,False,
active,B123/S02457,0.64,8,0.4,0.5010347682119205,0.5075,0.5381458333333333,0.012869139944231387,0.999266229467302,1.0,0.5425,13.8,False,
active,B123/S02457,0.64,9,0.5,0.5006415562913907,0.51375,0.5381083333333333,-0.0023141774137338806,0.9994713710558842,1.0,0.53625,5.2,False,
active,B123/S02457,0.65,0,0.1,0.4977483443708609,0.51125,0.5412666666666667,0.020336789822237297,0.9959718278726427,1.0,0.55,22.8,False,
active,B123/S02457,0.65,1,0.2,0.4974420529801325,0.48875,0.5414541666666668,0.015505838271174356,0.9977953016090518,1.0,0.5800000000000001,28.2,False,
active,B123/S02457,0.65,2,0.3,0.4986754966887417,0.493125,0.53935,0.011518277274311239,0.9985805835946714,1.0,0.5425,20.6,False,
active,B123/S02457,0.65,3,0.4,0.4986382450331126,0.504375,0.5412875,0.0050518473335652726,0.9992472373993929,1.0,0.553125,9.2,False,
active,B123/S02457,0.65,4,0.5,0.49918874172185446,0.51375,0.5403083333333334,0.008845961136284157,0.9995778818456555,1.0,0.5387500000000001,6.8,False,
active,B123/S02457,0.65,5,0.1,0.4981581125827814,0.495,0.5410875,0.014450701463924525,0.9958116547288983,1.0,0.544375,26.8,False,
active,B123/S02457,0.65,6,0.2,0.49987582781456946,0.508125,0.5428375,0.01377200243987442,0.9971915912445344,1.0,0.5543750000000001,27.4,False,
active,B123/S02457,0.65,7,0.3,0.49987996688741726,0.495625,0.5424749999999999,0.012065288428023164,0.9987136076856911,1.0,0.54625,17.6,False,
active,B123/S02457,0.65,8,0.4,0.5014072847682118,0.49,0.5411291666666667,0.008414299407458569,0.9992424422735937,1.0,0.5387500000000001,11.8,False,
active,B123/S02457,0.65,9,0.5,0.5024254966887418,0.540625,0.5414708333333332,0.0006760848727777186,0.9994903543244,1.0,0.540625,6.8,False,
active,B123/S02457,0.66,0,0.1,0.4984685430463577,0.493125,0.5461625,0.018266055245729614,0.9957515543584136,1.0,0.548125,24.2,False,
active,B123/S02457,0.66,1,0.2,0.4963079470198675,0.495,0.5424625,0.010702008539560284,0.9977054883964407,1.0,0.584375,27.0,False,
active,B123/S02457,0.66,2,0.3,0.49879552980132447,0.51375,0.5437458333333335,0.013000501045659902,0.9986770389106954,1.0,0.55125,18.6,False,
active,B123/S02457,0.66,3,0.4,0.5011589403973511,0.489375,0.5451625,0.006123649355175487,0.9992568303537318,1.0,0.54375,12.0,False,
active,B123/S02457,0.66,4,0.5,0.5018170529801325,0.505625,0.5438458333333334,-0.0015910378180558134,0.9993739622822134,1.0,0.551875,6.2,False,
active,B123/S02457,0.66,5,0.1,0.4996150662251656,0.499375,0.5449250000000001,0.016341713140466934,0.99580067737924,1.0,0.5449999999999999,24.6,False,
active,B123/S02457,0.66,6,0.2,0.49730960264900664,0.50125,0.5417583333333333,0.012137504356918264,0.9973372842049246,1.0,0.555625,26.4,False,
active,B123/S02457,0.66,7,0.3,0.5001158940397352,0.523125,0.5445166666666668,0.01433861972812797,0.9986756462009195,1.0,0.545625,15.8,False,
active,B123/S02457,0.66,8,0.4,0.49613824503311255,0.474375,0.5439333333333334,-0.0003097769257584398,0.9991920856803993,1.0,0.553125,12.4,False,
active,B123/S02457,0.66,9,0.5,0.5012872516556292,0.49875,0.5450416666666668,-0.005292022481701936,0.9995472163231848,1.0,0.544375,7.0,False,
active,B123/S02457,0.67,0,0.1,0.49802152317880793,0.506875,0.5468625,0.016659659288950517,0.995873720564767,1.0,0.5449999999999999,24.4,False,
active,B123/S02457,0.67,1,0.2,0.4981746688741722,0.500625,0.5469500000000002,0.012177370163819595,0.9977132823453528,1.0,0.5862499999999999,26.6,False,
active,B123/S02457,0.67,2,0.3,0.49963162251655635,0.491875,0.548825,0.014967976646914443,0.9986829162051764,1.0,0.536875,18.4,False,
active,B123/S02457,0.67,3,0.4,0.4983526490066225,0.51125,0.546675,0.0014825505402577047,0.9993535701286275,1.0,0.5387500000000001,10.0,False,
active,B123/S02457,0.67,4,0.5,0.501353476821192,0.490625,0.5485625000000001,0.004004552980132104,0.9995690907693453,1.0,0.5425,7.6,False,
active,B123/S02457,0.67,5,0.1,0.500794701986755,0.531875,0.5481833333333332,0.024445255315440815,0.9957932782341455,1.0,0.54375,24.4,False,
active,B123/S02457,0.67,6,0.2,0.499830298013245,0.50875,0.5477916666666668,0.01323544789125098,0.9972501096385895,1.0,0.561875,30.2,False,
active,B123/S02457,0.67,7,0.3,0.49914321192052974,0.49875,0.5474041666666667,0.008757733530846691,0.998671870718297,1.0,0.5431250000000001,16.6,False,
active,B123/S02457,0.67,8,0.4,0.4999337748344371,0.515,0.5493041666666666,0.0021243246775880338,0.9993382774286138,1.0,0.5449999999999999,12.4,False,
active,B123/S02457,0.67,9,0.5,0.5018170529801326,0.48875,0.54745,-0.0008652840711054841,0.9996027044095117,1.0,0.5431250000000001,7.4,False,
active,B123/S02457,0.68,0,0.1,0.4981084437086093,0.52125,0.5499499999999999,0.015302914778667822,0.9959151135484403,1.0,0.548125,23.6,False,
active,B123/S02457,0.68,1,0.2,0.49749999999999994,0.51125,0.5490791666666667,0.022132058208433995,0.9976540478067826,1.0,0.5862499999999999,28.2,False,
active,B123/S02457,0.68,2,0.3,0.5005711920529802,0.515,0.5482125,0.009347878180550228,0.998695513304119,1.0,0.540625,20.0,False,
active,B123/S02457,0.68,3,0.4,0.4990728476821193,0.504375,0.5479624999999999,0.009891294876263146,0.9993781412104054,1.0,0.549375,9.4,False,
active,B123/S02457,0.68,4,0.5,0.500637417218543,0.495,0.5495,0.0014825505402571422,0.9995850166388281,1.0,0.5431250000000001,7.4,False,
active,B123/S02457,0.68,5,0.1,0.49780215231788083,0.525625,0.5498666666666668,0.012467867723945139,0.9957672321847335,1.0,0.5506249999999999,25.4,False,
active,B123/S02457,0.68,6,0.2,0.4980298013245032,0.495,0.5504500000000001,0.014164125130707157,0.9972640315259466,1.0,0.5662499999999999,27.2,False,
active,B123/S02457,0.68,7,0.3,0.49942052980132456,0.4975,0.5486708333333333,0.01598651533635385,0.998759565485288,1.0,0.553125,20.0,False,
active,B123/S02457,0.68,8,0.4,0.5013120860927153,0.50375,0.5495958333333333,0.018498061171139512,0.9992197163019184,1.0,0.54125,13.6,False,
active,B123/S02457,0.68,9,0.5,0.5007822847682118,0.495625,0.5499291666666667,-0.003328794876263738,0.9994411472125708,1.0,0.5425,4.8,False,
active,B123/S02457,0.69,0,0.1,0.4962789735099338,0.4925,0.5531999999999999,0.013278581387242092,0.9958645459556708,1.0,0.55375,24.6,False,
active,B123/S02457,0.69,1,0.2,0.49778973509933777,0.471875,0.5503000000000001,0.007068011502265488,0.9976631434635662,1.0,0.589375,29.0,False,
active,B123/S02457,0.69,2,0.3,0.5009685430463576,0.491875,0.5524916666666665,0.008170856570233311,0.9986475590326539,1.0,0.5449999999999999,19.6,False,
active,B123/S02457,0.69,3,0.4,0.5004594370860928,0.5175,0.5531083333333333,0.010577509585220747,0.9992962949542483,1.0,0.5449999999999999,9.0,False,
active,B123/S02457,0.69,4,0.5,0.5018915562913908,0.496875,0.5526125,-0.008104522481701255,0.9994903541445938,1.0,0.54625,7.4,False,
active,B123/S02457,0.69,5,0.1,0.4957326158940398,0.5025,0.5516458333333333,0.013047882537469292,0.9958696079498587,1.0,0.551875,26.4,False,
active,B123/S02457,0.69,6,0.2,0.4963948675496689,0.484375,0.5499291666666667,0.021676869118159355,0.9971423361038657,1.0,0.575625,29.8,False,
active,B123/S02457,0.69,7,0.3,0.4988245033112582,0.495,0.5514291666666666,0.009321736667827917,0.9987413651932947,1.0,0.555625,17.6,False,
active,B123/S02457,0.69,8,0.4,0.5009478476821192,0.495625,0.5527749999999999,0.010519671488323308,0.9992831084387135,1.0,0.5425,14.2,False,
active,B123/S02457,0.69,9,0.5,0.49807119205298017,0.488125,0.5495875,-0.0005705385151625375,0.9995354328563402,1.0,0.546875,5.2,False,
active,B123/S02457,0.7,0,0.1,0.4997723509933776,0.508125,0.5567291666666667,0.007459480655279956,0.9959097072187318,1.0,0.55375,23.8,False,
active,B123/S02457,0.7,1,0.2,0.5002110927152317,0.510625,0.5550416666666667,0.022579078075984242,0.9975192481514183,1.0,0.5974999999999999,27.8,False,
active,B123/S02457,0.7,2,0.3,0.5008153973509935,0.49625,0.5558958333333334,0.016889051063087652,0.9985833488277701,1.0,0.5549999999999999,19.6,False,
active,B123/S02457,0.7,3,0.4,0.5000993377483445,0.485,0.5572916666666666,0.011458478563959493,0.9993212713017894,1.0,0.5475,10.0,False,
active,B123/S02457,0.7,4,0.5,0.4984975165562913,0.501875,0.5540958333333333,0.0035094980829551356,0.9995429188006217,1.0,0.56875,8.4,False,
active,B123/S02457,0.7,5,0.1,0.4979966887417218,0.479375,0.5556416666666667,0.016101537992331272,0.9957989016131462,1.0,0.55375,26.8,False,
active,B123/S02457,0.7,6,0.2,0.4977731788079471,0.505625,0.5543541666666667,0.023935495817357707,0.9970965919042758,1.0,0.5800000000000001,30.0,False,
active,B123/S02457,0.7,7,0.3,0.4965935430463576,0.503125,0.5524416666666667,0.009830842628092881,0.9987564965900303,1.0,0.555625,17.8,False,
active,B123/S02457,0.7,8,0.4,0.5018584437086093,0.499375,0.5557249999999999,0.012167240327639712,0.9992092243187249,1.0,0.551875,11.8,False,
active,B123/S02457,0.7,9,0.5,0.5014279801324504,0.5175,0.5555166666666667,0.00020717148832306205,0.9994388183157198,1.0,0.5525,6.2,False,
active,B123/S02457,0.71,0,0.1,0.4987706953642385,0.498125,0.5578791666666666,0.020748191878703557,0.9958325590147651,1.0,0.5506249999999999,24.0,False,
active,B123/S02457,0.71,1,0.2,0.49946605960264895,0.49375,0.5568291666666667,0.01876045660508831,0.9976153185325821,1.0,0.606875,29.8,False,
active,B123/S02457,0.71,2,0.3,0.4987334437086094,0.48875,0.5558708333333334,0.016182576681770467,0.9986471189653344,1.0,0.55125,23.6,False,
active,B123/S02457,0.71,3,0.4,0.5001986754966887,0.485,0.5561,0.004917872080864058,0.9992446859823032,1.0,0.5606249999999999,11.2,False,
active,B123/S02457,0.71,4,0.5,0.5029221854304636,0.499375,0.5581625,-0.002097856395957119,0.9995949446351117,1.0,0.546875,6.6,False,
active,B123/S02457,0.71,5,0.1,0.49901076158940394,0.5275,0.5562375,0.01783537382363183,0.9958304475365385,1.0,0.54625,24.4,False,
active,B123/S02457,0.71,6,0.2,0.4974917218543047,0.518125,0.5559958333333332,0.012362974904147539,0.9969899298953174,1.0,0.585,29.8,False,
active,B123/S02457,0.71,7,0.3,0.49934602649006626,0.491875,0.556025,0.010858530846984802,0.9986646771627561,1.0,0.555625,17.8,False,
active,B123/S02457,0.71,8,0.4,0.5006415562913907,0.505625,0.5591083333333334,0.01415660944579941,0.9991611392187059,1.0,0.5475,13.4,False,
active,B123/S02457,0.71,9,0.5,0.4996812913907285,0.50125,0.5567416666666667,-0.010270346810735883,0.9994741869014506,1.0,0.55375,5.6,False,
active,B123/S02457,0.72,0,0.1,0.49699917218543044,0.4975,0.5599249999999999,0.020113606657371372,0.9957640153549798,1.0,0.55,24.2,False,
active,B123/S02457,0.72,1,0.2,0.4975620860927153,0.505,0.5582041666666667,0.01929897176716593,0.9974704048483473,1.0,0.615,29.2,False,
active,B123/S02457,0.72,2,0.3,0.49843543046357625,0.50375,0.5608791666666666,0.007267667305680929,0.998539092190047,1.0,0.558125,21.8,False,
active,B123/S02457,0.72,3,0.4,0.5017549668874173,0.515625,0.5614791666666666,0.00873812739630513,0.9992137668452352,1.0,0.5506249999999999,10.0,False,
active,B123/S02457,0.72,4,0.5,0.5009064569536424,0.515,0.560375,0.005866482223771148,0.9994974194853133,1.0,0.5575,6.8,False,
active,B123/S02457,0.72,5,0.1,0.497342715231788,0.474375,0.5585,0.016511306204252015,0.9957617892892203,1.0,0.5543750000000001,27.2,False,
active,B123/S02457,0.72,6,0.2,0.4962706953642384,0.519375,0.5587541666666666,0.02066061781108311,0.9970521996764224,1.0,0.589375,28.2,False,
active,B123/S02457,0.72,7,0.3,0.5014362582781456,0.521875,0.5614666666666667,0.01908428459393481,0.9985786211964935,1.0,0.556875,17.0,False,
active,B123/S02457,0.72,8,0.4,0.49885761589403976,0.50875,0.5587458333333333,0.009575636110142663,0.9991626514558014,1.0,0.55125,10.6,False,
active,B123/S02457,0.72,9,0.5,0.5020405629139074,0.511875,0.5622041666666666,-0.0005339403973511138,0.9996136915607342,1.0,0.5543750000000001,5.4,False,
active,B123/S02457,0.73,0,0.1,0.4978932119205298,0.48375,0.5638000000000001,0.01713118682467731,0.9957918961551836,1.0,0.54625,25.4,False,
active,B123/S02457,0.73,1,0.2,0.4980918874172185,0.519375,0.5595666666666667,0.016715210003485168,0.9975317784048419,1.0,0.620625,29.6,False,
active,B123/S02457,0.73,2,0.3,0.4989776490066224,0.46875,0.5624958333333333,0.010394845765074481,0.998527034327833,1.0,0.56125,18.4,False,
active,B123/S02457,0.73,3,0.4,0.49939155629139065,0.486875,0.5630541666666666,0.014200069710699937,0.9992232820095469,1.0,0.55375,9.4,False,
active,B123/S02457,0.73,4,0.5,0.5003849337748345,0.488125,0.5631125,0.004661685256186342,0.9995811561334684,1.0,0.5606249999999999,7.0,False,
active,B123/S02457,0.73,5,0.1,0.49641970198675495,0.505625,0.5612083333333333,0.012985469675845284,0.9957867007160387,1.0,0.55125,26.2,False,
active,B123/S02457,0.73,6,0.2,0.496523178807947,0.508125,0.5583625000000001,0.028505685779016743,0.996908485898884,1.0,0.595,29.6,False,
active,B123/S02457,0.73,7,0.3,0.49906456953642386,0.515,0.5624125,0.01158167044266293,0.9986738092159003,1.0,0.56,17.8,False,
active,B123/S02457,0.73,8,0.4,0.49929221854304634,0.479375,0.5636666666666665,0.009371078773091863,0.9991873114088472,1.0,0.551875,13.4,False,
active,B123/S02457,0.73,9,0.5,0.5011754966887417,0.489375,0.5630625000000001,0.004613323457650518,0.9994887035685602,1.0,0.56,8.2,False,
active,B123/S02457,0.74,0,0.1,0.5002400662251655,0.525,0.5663833333333333,0.01454121645172465,0.9957965655311845,1.0,0.559375,23.8,False,
active,B123/S02457,0.74,1,0.2,0.4972640728476821,0.495625,0.5630333333333334,0.01937053415824289,0.9973919682053647,1.0,0.625625,28.0,False,
active,B123/S02457,0.74,2,0.3,0.49883692052980133,0.476875,0.5640666666666667,0.006034768211919753,0.9985313823780113,1.0,0.5662499999999999,19.4,False,
active,B123/S02457,0.74,3,0.4,0.5027773178807947,0.51,0.5669583333333332,0.0067922185430463345,0.9993854726617426,1.0,0.565625,9.4,False,
active,B123/S02457,0.74,4,0.5,0.5015562913907284,0.48875,0.5672833333333334,-0.00027579295921971594,0.9994216276879244,1.0,0.5543750000000001,7.8,False,
active,B123/S02457,0.74,5,0.1,0.49866307947019867,0.51125,0.5668208333333333,0.013482485186475998,0.9956696397093882,1.0,0.559375,25.8,False,
active,B123/S02457,0.74,6,0.2,0.5002607615894039,0.491875,0.5653208333333333,0.024228280759846284,0.9969556662706826,1.0,0.598125,28.4,False,
active,B123/S02457,0.74,7,0.3,0.499466059602649,0.4875,0.5648375000000001,0.010184406587660576,0.9986251976016685,1.0,0.57125,16.4,False,
active,B123/S02457,0.74,8,0.4,0.5006291390728477,0.48375,0.5652875,0.006630467933077543,0.9991347516875662,1.0,0.55625,13.8,False,
active,B123/S02457,0.74,9,0.5,0.5017177152317881,0.480625,0.5651375,-0.005416194667131682,0.9995493381866059,1.0,0.5525,5.4,False,
active,B123/S02457,0.75,0,0.1,0.49841887417218544,0.519375,0.5687708333333334,0.024651773265945733,0.9957877509675801,1.0,0.5675,25.4,False,
active,B123/S02457,0.75,1,0.2,0.4982284768211921,0.5225,0.5667125,0.03011502265597733,0.9974124713911102,1.0,0.628125,28.4,False,
active,B123/S02457,0.75,2,0.3,0.500455298013245,0.484375,0.5703250000000001,0.007801280934123189,0.9984403478309932,1.0,0.5700000000000001,20.0,False,
active,B123/S02457,0.75,3,0.4,0.5019453642384105,0.498125,0.5678458333333334,0.010844806552805345,0.9993599945984342,1.0,0.56375,10.4,False,
active,B123/S02457,0.75,4,0.5,0.500873344370861,0.460625,0.5670208333333333,-0.003269976472638802,0.9995148791900957,1.0,0.5606249999999999,8.4,False,
active,B123/S02457,0.75,5,0.1,0.49726821192052983,0.496875,0.5670416666666666,0.017508931683513383,0.9957986341748297,1.0,0.5543750000000001,27.8,False,
active,B123/S02457,0.75,6,0.2,0.4974834437086093,0.509375,0.5678458333333334,0.017748126524920988,0.997043160180245,1.0,0.600625,29.4,False,
active,B123/S02457,0.75,7,0.3,0.5018956953642384,0.5175,0.5694625,0.007254596549320304,0.9986214071370058,1.0,0.5700000000000001,16.4,False,
active,B123/S02457,0.75,8,0.4,0.4989569536423841,0.504375,0.5668083333333334,0.009510609097246079,0.9991712514789632,1.0,0.558125,11.0,False,
active,B123/S02457,0.75,9,0.5,0.5021937086092714,0.494375,0.5703958333333332,-0.004544701986755739,0.9994881271612615,1.0,0.5543750000000001,7.4,False,
active,B123/S02457,0.76,0,0.1,0.4968708609271523,0.50125,0.5692416666666666,0.019571823806203783,0.9958035419356845,1.0,0.559375,27.2,False,
active,B123/S02457,0.76,1,0.2,0.49793046357615894,0.5025,0.5720875,0.02119031021261707,0.9972892685157901,1.0,0.6331249999999999,27.8,False,
active,B123/S02457,0.76,2,0.3,0.49643211920529806,0.485625,0.5702666666666668,0.00929232746601545,0.9985422983335095,1.0,0.571875,19.8,False,
active,B123/S02457,0.76,3,0.4,0.5014942052980133,0.48375,0.5718916666666667,0.0018452640292783492,0.9993217172971031,1.0,0.55625,11.8,False,
active,B123/S02457,0.76,4,0.5,0.4975455298013244,0.496875,0.5692208333333334,0.006630794701986271,0.9994534827811481,1.0,0.5662499999999999,5.0,False,
active,B123/S02457,0.76,5,0.1,0.5003932119205298,0.514375,0.5742250000000001,0.020479587835482795,0.9957125734709792,1.0,0.5587500000000001,25.2,False,
active,B123/S02457,0.76,6,0.2,0.5002400662251656,0.5075,0.57105,0.020961571976298013,0.9968622228386889,1.0,0.6056250000000001,27.6,False,
active,B123/S02457,0.76,7,0.3,0.4982408940397351,0.5,0.5706541666666667,0.021218412338793874,0.9986508893420034,1.0,0.5706249999999999,18.8,False,
active,B123/S02457,0.76,8,0.4,0.5024461920529801,0.48875,0.5716875000000001,0.012484532938305396,0.9991412300219568,1.0,0.5643750000000001,11.8,False,
active,B123/S02457,0.76,9,0.5,0.500600165562914,0.490625,0.5702125,-0.0002470372952252044,0.9994896729260967,1.0,0.568125,6.6,False,
active,B123/S02457,0.77,0,0.1,0.4985264900662252,0.479375,0.5735958333333334,0.02062369292436352,0.9958705062338739,1.0,0.565625,25.8,False,
active,B123/S02457,0.77,1,0.2,0.49873758278145697,0.493125,0.5695083333333334,0.021817379749041507,0.9971061351402899,1.0,0.639375,30.4,False,
active,B123/S02457,0.77,2,0.3,0.499544701986755,0.505,0.5732541666666666,0.02277350557685578,0.9984849434670303,1.0,0.57375,19.6,False,
active,B123/S02457,0.77,3,0.4,0.4993377483443709,0.504375,0.5725874999999998,0.0052426803764374285,0.9991757539651988,1.0,0.5625,10.2,False,
active,B123/S02457,0.77,4,0.5,0.5003890728476822,0.503125,0.5725625,-0.004349294179156702,0.9993996449238499,1.0,0.558125,6.8,False,
active,B123/S02457,0.77,5,0.1,0.49492135761589395,0.489375,0.5707666666666668,0.018449045834785294,0.9957536277394492,1.0,0.5662499999999999,27.0,False,
active,B123/S02457,0.77,6,0.2,0.49904801324503306,0.5225,0.5732333333333334,0.02593956953642342,0.9968493157721531,1.0,0.609375,27.8,False,
active,B123/S02457,0.77,7,0.3,0.4994495033112583,0.490625,0.5708666666666666,0.022502940920180903,0.9985586967920583,1.0,0.5725,17.0,False,
active,B123/S02457,0.77,8,0.4,0.49754552980132455,0.48875,0.5719958333333334,0.005125043569187183,0.9991259718045015,1.0,0.56,14.6,False,
active,B123/S02457,0.77,9,0.5,0.5027566225165563,0.505625,0.5736875,0.0043780498431504,0.9993512510685902,1.0,0.558125,5.8,False,
active,B123/S02457,0.78,0,0.1,0.4971440397350994,0.48875,0.5738416666666666,0.017703032415475696,0.9958186558436163,1.0,0.5662499999999999,26.0,False,
active,B123/S02457,0.78,1,0.2,0.49722682119205286,0.49375,0.5732791666666667,0.01202280846984951,0.9973828404389462,1.0,0.641875,27.2,False,
active,B123/S02457,0.78,2,0.3,0.4960016556291391,0.4975,0.5718458333333333,0.020298557859881047,0.9983972697204474,1.0,0.575,21.6,False,
active,B123/S02457,0.78,3,0.4,0.4996812913907285,0.505,0.5761416666666666,0.0038705777274311392,0.9992762201546587,1.0,0.5625,10.4,False,
active,B123/S02457,0.78,4,0.5,0.5024834437086093,0.5025,0.5774583333333334,0.003979065005227936,0.9994853369083603,1.0,0.565,7.0,False,
active,B123/S02457,0.78,5,0.1,0.49774006622516553,0.496875,0.5745833333333332,0.0060687521784590385,0.9957102286429875,1.0,0.559375,24.8,False,
active,B123/S02457,0.78,6,0.2,0.49619205298013236,0.490625,0.5745625,0.024612887765771713,0.996867956157157,1.0,0.6212500000000001,28.0,False,
active,B123/S02457,0.78,7,0.3,0.4986961920529801,0.48625,0.5734958333333334,0.004296684384803163,0.9984409822629562,1.0,0.5762499999999999,16.2,False,
active,B123/S02457,0.78,8,0.4,0.5000331125827814,0.5075,0.5757541666666667,0.008086550191704145,0.9991267310504616,1.0,0.5625,12.2,False,
active,B123/S02457,0.78,9,0.5,0.5005794701986755,0.515,0.5749500000000001,0.006105350296269962,0.999521213073641,1.0,0.561875,6.0,False,
active,B123/S02457,0.79,0,0.1,0.4990149006622516,0.4875,0.578875,0.016869118159637236,0.9958880169692063,1.0,0.571875,25.6,False,
active,B123/S02457,0.79,1,0.2,0.49527731788079477,0.5225,0.5747958333333333,0.02407077814569502,0.99721615826374,1.0,0.6481250000000001,27.6,False,
active,B123/S02457,0.79,2,0.3,0.5003104304635762,0.50375,0.5784541666666666,0.01756676978041101,0.9983522533419091,1.0,0.5775,18.6,False,
active,B123/S02457,0.79,3,0.4,0.4991473509933774,0.51125,0.5765833333333334,0.008280977692575311,0.9992586693121958,1.0,0.57375,11.4,False,
active,B123/S02457,0.79,4,0.5,0.5044991721854304,0.51,0.5824250000000001,2.1893516904658682e-05,0.9994897649469878,1.0,0.5662499999999999,6.4,False,
active,B123/S02457,0.79,5,0.1,0.49851407284768207,0.50625,0.5775875,0.02794070233530808,0.9957054205449649,1.0,0.56375,26.6,False,
active,B123/S02457,0.79,6,0.2,0.4963451986754967,0.485,0.5747583333333334,0.021336049146043184,0.9968023808190388,1.0,0.621875,28.0,False,
active,B123/S02457,0.79,7,0.3,0.49899006622516545,0.500625,0.5782416666666668,0.019271196409898605,0.9984715748509665,1.0,0.58125,17.4,False,
active,B123/S02457,0.79,8,0.4,0.4998096026490066,0.49125,0.5786625,0.014357899093760429,0.999097134603991,1.0,0.5662499999999999,11.6,False,
active,B123/S02457,0.79,9,0.5,0.5010885761589404,0.5025,0.5807333333333333,-0.0008290127222030385,0.9994678719198676,1.0,0.565625,6.4,False,
active,B123/S02457,0.8,0,0.1,0.4984312913907285,0.498125,0.5800208333333334,0.026430049668874196,0.9956813490119844,1.0,0.56875,23.6,False,
active,B123/S02457,0.8,1,0.2,0.49989238410596026,0.506875,0.5801666666666666,0.020158373997908558,0.9971160029148862,1.0,0.651875,26.2,False,
active,B123/S02457,0.8,2,0.3,0.4986009933774834,0.53125,0.5793958333333333,0.016234206169396886,0.9983479348710914,1.0,0.5800000000000001,18.6,False,
active,B123/S02457,0.8,3,0.4,0.5018832781456952,0.51625,0.5814416666666666,0.013329884105959781,0.9991237480992793,1.0,0.573125,7.8,False,
active,B123/S02457,0.8,4,0.5,0.5033112582781457,0.491875,0.5825041666666667,-0.00016436476124124144,0.9992814292797088,1.0,0.5743750000000001,8.4,False,
active,B123/S02457,0.8,5,0.1,0.4984478476821192,0.51625,0.5801375000000001,0.021265793830602387,0.9957455680965818,1.0,0.579375,28.4,False,
active,B123/S02457,0.8,6,0.2,0.49500827814569537,0.52,0.578625,0.02236635151620724,0.9967661326474022,1.0,0.624375,26.0,False,
active,B123/S02457,0.8,7,0.3,0.4990728476821192,0.496875,0.5807416666666667,0.018365066225165292,0.9984611839676801,1.0,0.57875,18.6,False,
active,B123/S02457,0.8,8,0.4,0.5006208609271523,0.525,0.5819041666666668,0.016482550540258066,0.9991412501432841,1.0,0.571875,11.0,False,
active,B123/S02457,0.8,9,0.5,0.5042425496688742,0.51125,0.5845666666666665,0.0015247037295220065,0.9994437294390586,1.0,0.575625,6.2,False,
active,B123/S02457,0.81,0,0.1,0.4963038079470197,0.4975,0.5825333333333333,0.017297185430463193,0.9958846698165607,1.0,0.5725,26.0,False,
active,B123/S02457,0.81,1,0.2,0.4963245033112582,0.510625,0.58035,0.025513462879051832,0.9971782367869011,1.0,0.6581250000000001,28.6,False,
active,B123/S02457,0.81,2,0.3,0.5005836092715231,0.513125,0.58685,0.021557925235273324,0.9984201177686457,1.0,0.5818749999999999,20.8,False,
active,B123/S02457,0.81,3,0.4,0.5007408940397351,0.50375,0.5843583333333333,0.0038359402230740843,0.9991854953190422,1.0,0.5743750000000001,11.4,False,
active,B123/S02457,0.81,4,0.5,0.5028973509933775,0.5025,0.5870000000000001,-9.476298362115271e-06,0.9994139171285364,1.0,0.568125,7.0,False,
active,B123/S02457,0.81,5,0.1,0.49610513245033117,0.485625,0.58195,0.010995120250958402,0.9957816096055196,1.0,0.575625,26.8,False,
active,B123/S02457,0.81,6,0.2,0.49561672185430455,0.475625,0.5800791666666667,0.030633604914603783,0.9966404513528057,1.0,0.63,28.4,False,
active,B123/S02457,0.81,7,0.3,0.49799668874172187,0.5125,0.5817708333333333,0.013110948936911693,0.9984243301207186,1.0,0.58875,18.6,False,
active,B123/S02457,0.81,8,0.4,0.5006622516556293,0.5275,0.5838791666666667,0.015535247472987011,0.9991439588838597,1.0,0.5800000000000001,11.8,False,
active,B123/S02457,0.81,9,0.5,0.5037044701986755,0.518125,0.5845625,-0.007264726385500875,0.9994257656229533,1.0,0.57875,7.4,False,
active,B123/S02457,0.82,0,0.1,0.4993046357615894,0.528125,0.5892291666666667,0.017401751481351875,0.9956573504260028,1.0,0.579375,22.8,False,
active,B123/S02457,0.82,1,0.2,0.496941225165563,0.51,0.5849541666666667,0.023163667654234527,0.9970969708187533,1.0,0.66125,27.8,False,
active,B123/S02457,0.82,2,0.3,0.49773592715231796,0.505,0.5859041666666667,0.011772176716625483,0.9983130946100454,1.0,0.5825,21.0,False,
active,B123/S02457,0.82,3,0.4,0.5003311258278147,0.490625,0.5869958333333333,0.009495250958521982,0.9992329203490004,1.0,0.579375,9.0,False,
active,B123/S02457,0.82,4,0.5,0.49955711920529805,0.5125,0.5861500000000001,0.0012972725688387388,0.9995373098123458,1.0,0.568125,7.8,False,
active,B123/S02457,0.82,5,0.1,0.4979718543046358,0.49875,0.5849625,0.03529953816660865,0.9956438097784223,1.0,0.58375,28.0,False,
active,B123/S02457,0.82,6,0.2,0.4973468543046358,0.508125,0.5842291666666667,0.020118834959916083,0.9967053843746569,1.0,0.631875,28.6,False,
active,B123/S02457,0.82,7,0.3,0.5004221854304636,0.508125,0.5862583333333333,0.017666761066573063,0.9981856902073207,1.0,0.5875,18.4,False,
active,B123/S02457,0.82,8,0.4,0.500935430463576,0.521875,0.58665,0.008753812303938017,0.999061113194471,1.0,0.5762499999999999,12.6,False,
active,B123/S02457,0.82,9,0.5,0.505716059602649,0.514375,0.5912041666666666,0.004334589578249687,0.9994174440242846,1.0,0.578125,7.8,False,
active,B123/S02457,0.83,0,0.1,0.4968915562913908,0.48875,0.58745,0.017971963227604686,0.9956229059250564,1.0,0.5862499999999999,25.6,False,
active,B123/S02457,0.83,1,0.2,0.49725579470198683,0.4975,0.5868458333333333,0.014535334611362794,0.9970253287681901,1.0,0.6643749999999999,27.2,False,
active,B123/S02457,0.83,2,0.3,0.4977814569536424,0.5,0.5875791666666665,0.02156674799581748,0.99838200154743,1.0,0.586875,20.4,False,
active,B123/S02457,0.83,3,0.4,0.5,0.4875,0.5903000000000002,0.01374684123387898,0.9990810798980606,1.0,0.58375,8.8,False,
active,B123/S02457,0.83,4,0.5,0.5029759933774834,0.50875,0.5902416666666667,-0.003479108574416421,0.9995597037757499,1.0,0.575,8.2,False,
active,B123/S02457,0.83,5,0.1,0.5004594370860928,0.4975,0.5909375,0.017481156326245806,0.9957057768405104,1.0,0.575625,28.2,False,
active,B123/S02457,0.83,6,0.2,0.49738410596026494,0.516875,0.5873541666666667,0.027763266817705967,0.9963821583743262,1.0,0.634375,29.2,False,
active,B123/S02457,0.83,7,0.3,0.49621274834437085,0.52,0.5867791666666666,0.01825233095155103,0.9980929929092697,1.0,0.58875,17.4,False,
active,B123/S02457,0.83,8,0.4,0.502735927152318,0.538125,0.5911249999999999,0.012138484663645761,0.9989484784481709,1.0,0.5974999999999999,13.2,False,
active,B123/S02457,0.83,9,0.5,0.501080298013245,0.495,0.5890583333333335,-0.002184123387940591,0.9991927543514355,1.0,0.579375,7.4,False,
active,B123/S02457,0.84,0,0.1,0.501601821192053,0.4875,0.594575,0.01824546880446093,0.9955432722958478,1.0,0.5918749999999999,24.8,False,
active,B123/S02457,0.84,1,0.2,0.49421771523178815,0.534375,0.5840166666666666,0.02332476472638511,0.9967958539703098,1.0,0.669375,27.4,False,
active,B123/S02457,0.84,2,0.3,0.5012417218543046,0.509375,0.5904750000000001,0.029523570930637504,0.9980312269594102,1.0,0.59125,21.2,False,
active,B123/S02457,0.84,3,0.4,0.4993791390728477,0.53375,0.5917416666666666,0.0008806422098287682,0.999095886293505,1.0,0.585,9.6,False,
active,B123/S02457,0.84,4,0.5,0.5052110927152319,0.483125,0.5971208333333334,0.00027873387940014404,0.9993459926338316,1.0,0.593125,8.2,False,
active,B123/S02457,0.84,5,0.1,0.49885761589403965,0.5,0.5900791666666667,0.019861994597420034,0.9956848137535376,1.0,0.59375,28.4,False,
active,B123/S02457,0.84,6,0.2,0.4987044701986755,0.47875,0.5918166666666668,0.022667959219239787,0.9964700922173292,1.0,0.6387499999999999,28.4,False,
active,B123/S02457,0.84,7,0.3,0.49786837748344365,0.5,0.5894041666666667,0.015120577727430784,0.9979049415850235,1.0,0.5900000000000001,17.4,False,
active,B123/S02457,0.84,8,0.4,0.5015521523178808,0.500625,0.5927,0.007442161903101616,0.9990935462861507,1.0,0.5862499999999999,11.4,False,
active,B123/S02457,0.84,9,0.5,0.5071109271523179,0.51,0.5983333333333334,-0.00623834524224518,0.9992715703740622,1.0,0.586875,8.4,False,
active,B123/S02457,0.85,0,0.1,0.4985885761589405,0.519375,0.5956208333333334,0.02288003224119827,0.9957240748874634,1.0,0.585,26.4,False,
active,B123/S02457,0.85,1,0.2,0.49506622516556287,0.5125,0.5888291666666667,0.020094327291739225,0.9967196147846643,1.0,0.67625,29.8,False,
active,B123/S02457,0.85,2,0.3,0.49391970198675494,0.5125,0.5896791666666666,0.02677675148135179,0.9979244013234628,1.0,0.5956250000000001,20.0,False,
active,B123/S02457,0.85,3,0.4,0.5020322847682119,0.5025,0.5963249999999999,0.005757341408155959,0.9993195670726832,1.0,0.5825,10.6,False,
active,B123/S02457,0.85,4,0.5,0.5044246688741723,0.468125,0.6002958333333334,-0.0061060038340889815,0.9993491100860485,1.0,0.590625,7.2,False,
active,B123/S02457,0.85,5,0.1,0.5012789735099339,0.493125,0.5990166666666666,0.02265684907633272,0.9954778858837073,1.0,0.58125,23.8,False,
active,B123/S02457,0.85,6,0.2,0.49848923841059606,0.5375,0.5932750000000001,0.027576681770651586,0.9964355760655067,1.0,0.640625,27.4,False,
active,B123/S02457,0.85,7,0.3,0.5012541390728478,0.501875,0.5957333333333332,0.031238780934123064,0.9980448977270547,1.0,0.598125,18.0,False,
active,B123/S02457,0.85,8,0.4,0.497069536423841,0.510625,0.5910083333333332,0.02780476646915225,0.9988530956584225,1.0,0.5862499999999999,14.2,False,
active,B123/S02457,0.85,9,0.5,0.5045736754966887,0.489375,0.5980875,0.008124128616242315,0.9993583370749793,1.0,0.59625,5.2,False,
active,B123/S02457,0.86,0,0.1,0.5020736754966887,0.521875,0.5996458333333333,0.027460678807946795,0.9955463408010311,1.0,0.59625,25.2,False,
active,B123/S02457,0.86,1,0.2,0.499503311258278,0.495,0.5968958333333333,0.033377156674799346,0.99661535972056,1.0,0.6799999999999999,30.2,False,
active,B123/S02457,0.86,2,0.3,0.4981788079470199,0.48875,0.5930374999999999,0.02061617723945596,0.9979628231691772,1.0,0.6025,20.6,False,
active,B123/S02457,0.86,3,0.4,0.5007574503311258,0.49375,0.5972166666666667,-0.0040787295224820105,0.9990391986701014,1.0,0.590625,8.4,False,
active,B123/S02457,0.86,4,0.5,0.5070405629139073,0.504375,0.6034625,-0.003144823980481497,0.9993196359707736,1.0,0.5918749999999999,8.2,False,
active,B123/S02457,0.86,5,0.1,0.5034933774834437,0.491875,0.6025666666666667,0.01777034681073525,0.9955968277038172,1.0,0.58875,27.8,False,
active,B123/S02457,0.86,6,0.2,0.49720612582781465,0.49625,0.5961666666666665,0.035186476124084785,0.9964054610983659,1.0,0.65,27.8,False,
active,B123/S02457,0.86,7,0.3,0.5019329470198676,0.52,0.5981375,0.03587791913558729,0.9979357489623369,1.0,0.595,20.0,False,
active,B123/S02457,0.86,8,0.4,0.5003973509933775,0.495,0.5962625,0.017034136458695996,0.9989408699944831,1.0,0.5974999999999999,11.2,False,
active,B123/S02457,0.86,9,0.5,0.5001531456953642,0.50125,0.5987333333333333,-0.009726603346114176,0.9992612421615893,1.0,0.59625,6.2,False,
active,B123/S02457,0.87,0,0.1,0.4999627483443709,0.5025,0.601175,0.019028080341582324,0.9956770159243972,1.0,0.6018749999999999,27.0,False,
active,B123/S02457,0.87,1,0.2,0.49655629139072843,0.49375,0.5963708333333333,0.03424766904844879,0.9962139437211899,1.0,0.686875,28.4,False,
active,B123/S02457,0.87,2,0.3,0.5024793046357615,0.5025,0.6024875000000001,0.03936846462181907,0.9975973937323575,1.0,0.6056250000000001,21.0,False,
active,B123/S02457,0.87,3,0.4,0.5033567880794703,0.525,0.6026833333333333,0.010040955036597871,0.9989811307823993,1.0,0.59125,9.8,False,
active,B123/S02457,0.87,4,0.5,0.503373344370861,0.5175,0.6028000000000001,-0.002858901185082147,0.9992777502273225,1.0,0.5900000000000001,6.4,False,
active,B123/S02457,0.87,5,0.1,0.5018501655629141,0.53625,0.6047541666666668,0.023370839142558025,0.9955431293611139,1.0,0.5974999999999999,27.2,False,
active,B123/S02457,0.87,6,0.2,0.4993294701986755,0.51125,0.5994916666666666,0.03555997298710321,0.9962157635961318,1.0,0.65375,28.2,False,
active,B123/S02457,0.87,7,0.3,0.5017756622516557,0.515625,0.6009,0.02632646392471207,0.997501565123017,1.0,0.6025,15.6,False,
active,B123/S02457,0.87,8,0.4,0.5030587748344371,0.5125,0.6034125,0.010417392819797285,0.9989260984288075,1.0,0.59375,11.4,False,
active,B123/S02457,0.87,9,0.5,0.5086134105960266,0.490625,0.6069541666666667,-0.008949546880446533,0.9992262504772081,1.0,0.59375,6.2,False,
active,B123/S02457,0.88,0,0.1,0.49968543046357616,0.48875,0.6042083333333333,0.023767536598117645,0.9956291195780672,1.0,0.610625,27.6,False,
active,B123/S02457,0.88,1,0.2,0.4949254966887418,0.511875,0.5958416666666667,0.051443229348204535,0.9960031102653445,1.0,0.693125,27.8,False,
active,B123/S02457,0.88,2,0.3,0.49487996688741726,0.48625,0.5949458333333333,0.03443556117113945,0.9976603183397708,1.0,0.6074999999999999,19.4,False,
active,B123/S02457,0.88,3,0.4,0.5011589403973511,0.4975,0.6049666666666667,-0.0010969632276055922,0.9991957753568561,1.0,0.599375,11.2,False,
active,B123/S02457,0.88,4,0.5,0.5020198675496689,0.52875,0.6053666666666666,0.012356439525966914,0.9993380990093305,1.0,0.60375,8.8,False,
active,B123/S02457,0.88,5,0.1,0.5006663907284769,0.475625,0.6037166666666667,0.01587672098292058,0.9954780621355539,1.0,0.6074999999999999,25.2,False,
active,B123/S02457,0.88,6,0.2,0.5008857615894039,0.53875,0.6006916666666666,0.03499204862321306,0.9960933104474337,1.0,0.660625,27.4,False,
active,B123/S02457,0.88,7,0.3,0.5027524834437086,0.515,0.6054708333333333,0.03797969675845252,0.9978134431564507,1.0,0.6012500000000001,18.0,False,
active,B123/S02457,0.88,8,0.4,0.5044039735099337,0.494375,0.6052666666666666,0.023702182816311583,0.9986834953426389,1.0,0.608125,12.4,False,
active,B123/S02457,0.88,9,0.5,0.5095488410596027,0.52,0.6132833333333334,0.011149355176019072,0.9991791076158384,1.0,0.59875,6.2,False,
active,B123/S02457,0.89,0,0.1,0.49934602649006626,0.52,0.6062666666666666,0.01799385674451003,0.9957200069094576,1.0,0.604375,25.6,False,
active,B123/S02457,0.89,1,0.2,0.4984354304635762,0.525,0.6022874999999999,0.04897416347159259,0.9956067085822758,1.0,0.6975,28.4,False,
active,B123/S02457,0.89,2,0.3,0.4999917218543046,0.498125,0.6050666666666666,0.034320865284070766,0.9976929001196371,1.0,0.61,21.8,False,
active,B123/S02457,0.89,3,0.4,0.5005049668874173,0.48875,0.6054166666666667,-0.013855655280586254,0.9990424561247128,1.0,0.605,10.6,False,
active,B123/S02457,0.89,4,0.5,0.506510761589404,0.508125,0.6121208333333334,0.00480709742070404,0.9994171986978524,1.0,0.605,7.8,False,
active,B123/S02457,0.89,5,0.1,0.5036506622516556,0.485,0.6088041666666667,0.03652067357964405,0.9954989806533756,1.0,0.603125,28.6,False,
active,B123/S02457,0.89,6,0.2,0.4965976821192053,0.48625,0.60005,0.017392275182989636,0.9960084142772668,1.0,0.6637500000000001,31.8,False,
active,B123/S02457,0.89,7,0.3,0.5013948675496688,0.49,0.6048958333333333,0.030966909201812335,0.9979057822156351,1.0,0.6025,17.6,False,
active,B123/S02457,0.89,8,0.4,0.5034354304635762,0.505625,0.6081666666666667,0.01524278929940735,0.99877400111357,1.0,0.61375,12.4,False,
active,B123/S02457,0.89,9,0.5,0.5061713576158942,0.48125,0.6087583333333333,-0.006605633495992331,0.9993145231605933,1.0,0.600625,7.4,False,
active,B123/S02457,0.9,0,0.1,0.5003600993377483,0.510625,0.6086375,0.02576866939700224,0.9955362793421126,1.0,0.603125,24.8,False,
active,B123/S02457,0.9,1,0.2,0.49840645695364244,0.484375,0.6037416666666666,0.02398385761589347,0.9954477801347509,1.0,0.703125,29.8,False,
active,B123/S02457,0.9,2,0.3,0.49811672185430456,0.499375,0.6046499999999999,0.032922294353432933,0.9976670088910523,1.0,0.615,21.0,False,
active,B123/S02457,0.9,3,0.4,0.5033153973509934,0.52625,0.6103,0.02200004356918771,0.9990246956820199,1.0,0.614375,9.2,False,
active,B123/S02457,0.9,4,0.5,0.5113617549668874,0.530625,0.6184458333333333,0.0038238497734395813,0.9990368051786325,1.0,0.6174999999999999,7.0,False,
active,B123/S02457,0.9,5,0.1,0.5009312913907285,0.486875,0.6121333333333333,0.032381491808992094,0.995554950691299,1.0,0.61375,27.8,False,
active,B123/S02457,0.9,6,0.2,0.5017259933774835,0.48375,0.6103916666666666,0.037282045137677994,0.995992350079744,1.0,0.66125,29.4,False,
active,B123/S02457,0.9,7,0.3,0.501746688741722,0.524375,0.60795,0.05197128790519292,0.9974303314188091,1.0,0.6074999999999999,18.2,False,
active,B123/S02457,0.9,8,0.4,0.4994867549668873,0.499375,0.60415,0.026939809166956555,0.998570479064697,1.0,0.60875,13.2,False,
active,B123/S02457,0.9,9,0.5,0.5068460264900662,0.490625,0.6141625,-0.004357463401882592,0.9991849439063504,1.0,0.6112500000000001,7.4,False,
active,B123/S02457,0.91,0,0.1,0.4972019867549669,0.481875,0.6073208333333333,0.027036205995120098,0.9954540080986354,1.0,0.62625,27.2,False,
active,B123/S02457,0.91,1,0.2,0.5011175496688741,0.549375,0.6108166666666667,0.04252113105611691,0.9954766811478583,1.0,0.705625,29.8,False,
active,B123/S02457,0.91,2,0.3,0.49484271523178813,0.499375,0.6017166666666666,0.02425997734402191,0.9975093496249336,1.0,0.6231249999999999,19.4,False,
active,B123/S02457,0.91,3,0.4,0.5076365894039735,0.495,0.616925,0.015498976124084754,0.9989183194408223,1.0,0.61,11.0,False,
active,B123/S02457,0.91,4,0.5,0.5061009933774834,0.47625,0.6158833333333333,0.0026085962007657867,0.9990737796911979,1.0,0.61375,8.6,False,
active,B123/S02457,0.91,5,0.1,0.49527731788079465,0.49125,0.6046708333333334,0.03153777448588323,0.9957060243266631,1.0,0.620625,28.6,False,
active,B123/S02457,0.91,6,0.2,0.5011423841059603,0.523125,0.6104791666666667,0.054651773265946085,0.9956033829350633,1.0,0.666875,30.0,False,
active,B123/S02457,0.91,7,0.3,0.5020240066225167,0.521875,0.61155,0.0318089926803765,0.9973624358653926,1.0,0.6112500000000001,17.6,False,
active,B123/S02457,0.91,8,0.4,0.4963700331125827,0.510625,0.6046166666666667,0.009041695712791424,0.9989506564633045,1.0,0.611875,16.6,False,
active,B123/S02457,0.91,9,0.5,0.5061506622516555,0.5175,0.6175,0.00563970460090565,0.9992707661793591,1.0,0.6131249999999999,5.8,False,
active,B123/S02457,0.92,0,0.1,0.5025041390728475,0.523125,0.6141791666666667,0.021750392122690743,0.9951224787715186,1.0,0.62,24.0,False,
active,B123/S02457,0.92,1,0.2,0.5019950331125828,0.506875,0.6166916666666666,0.0425789691530146,0.9950191242655627,1.0,0.711875,27.8,False,
active,B123/S02457,0.92,2,0.3,0.49832781456953645,0.536875,0.6105166666666668,0.024225013070756002,0.997436603908705,1.0,0.6268750000000001,20.4,False,
active,B123/S02457,0.92,3,0.4,0.5033816225165563,0.505,0.6145666666666666,0.015306836005576746,0.9988039807633812,1.0,0.624375,10.6,False,
active,B123/S02457,0.92,4,0.5,0.5050951986754967,0.520625,0.6170291666666669,-0.011565985535030231,0.998977029075914,1.0,0.6212500000000001,6.6,False,
active,B123/S02457,0.92,5,0.1,0.5053973509933775,0.52,0.6214708333333333,0.036432119205297486,0.9952786555931192,1.0,0.6225,24.0,False,
active,B123/S02457,0.92,6,0.2,0.5062417218543046,0.509375,0.6179958333333332,0.05514192662948744,0.9952384047424742,1.0,0.6737500000000001,30.8,False,
active,B123/S02457,0.92,7,0.3,0.5013658940397352,0.50125,0.6111708333333334,0.03562271261763638,0.9972778002821393,1.0,0.614375,16.4,False,
active,B123/S02457,0.92,8,0.4,0.5069536423841059,0.509375,0.6210333333333333,0.006305006099686278,0.9984624952940174,1.0,0.62625,15.0,False,
active,B123/S02457,0.92,9,0.5,0.509333609271523,0.520625,0.6225541666666666,-0.0051292915650057724,0.9991871853309882,1.0,0.62,5.8,False,
active,B123/S02457,0.93,0,0.1,0.5010637417218544,0.50625,0.6154333333333333,0.03425681857790137,0.9952595216852985,1.0,0.63125,26.0,False,
active,B123/S02457,0.93,1,0.2,0.49222268211920533,0.513125,0.6037666666666667,0.04261229958173543,0.995539317497547,1.0,0.71625,31.6,False,
active,B123/S02457,0.93,2,0.3,0.5044329470198675,0.508125,0.617325,0.033452640292784414,0.9966985916678872,1.0,0.6325000000000001,20.4,False,
active,B123/S02457,0.93,3,0.4,0.509155629139073,0.515625,0.6260708333333334,0.019748932554896795,0.9985547990317363,1.0,0.62625,10.8,False,
active,B123/S02457,0.93,4,0.5,0.5043543046357616,0.543125,0.6170625,0.004230350296269981,0.9989241325577531,1.0,0.6287499999999999,7.8,False,
active,B123/S02457,0.93,5,0.1,0.5083899006622516,0.52625,0.6259958333333334,0.03811922708260705,0.9950261266824898,1.0,0.6275,26.6,False,
active,B123/S02457,0.93,6,0.2,0.5060885761589403,0.5275,0.6225749999999999,0.050713227605437367,0.9947388872947621,1.0,0.67875,27.8,False,
active,B123/S02457,0.93,7,0.3,0.5008774834437085,0.521875,0.61455,0.042867179330776925,0.9969451302300559,1.0,0.615625,18.4,False,
active,B123/S02457,0.93,8,0.4,0.5004759933774835,0.49125,0.6146208333333334,0.030049015336354123,0.9985125127869227,1.0,0.629375,12.8,False,
active,B123/S02457,0.93,9,0.5,0.5057450331125828,0.488125,0.6217041666666667,-0.025496470895783472,0.9992137866102131,1.0,0.625,8.4,False,
active,B123/S02457,0.94,0,0.1,0.5013327814569537,0.499375,0.6197208333333334,0.02883245468804398,0.995243856327545,1.0,0.625625,24.4,False,
active,B123/S02457,0.94,1,0.2,0.4994163907284769,0.530625,0.6162083333333334,0.0400994466713133,0.9951590757429076,1.0,0.72125,28.6,False,
active,B123/S02457,0.94,2,0.3,0.49848096026490063,0.515,0.6131791666666666,0.052258191007319016,0.9965246075728855,1.0,0.628125,20.8,False,
active,B123/S02457,0.94,3,0.4,0.5115024834437086,0.50125,0.6298416666666667,0.00037480393865389717,0.9981667770951195,1.0,0.6325000000000001,10.4,False,
active,B123/S02457,0.94,4,0.5,0.5108692052980133,0.511875,0.6292458333333334,0.007709132101777048,0.9988623434850383,1.0,0.64125,9.0,False,
active,B123/S02457,0.94,5,0.1,0.5078600993377483,0.501875,0.6291833333333333,0.0057664909376082835,0.9947905383841609,1.0,0.630625,24.2,False,
active,B123/S02457,0.94,6,0.2,0.5025372516556292,0.515625,0.6188541666666668,0.04615578163123004,0.994938665357861,1.0,0.683125,29.4,False,
active,B123/S02457,0.94,7,0.3,0.4991349337748345,0.49,0.6149874999999999,0.05840275357267298,0.9969164013136822,1.0,0.6443749999999999,18.0,False,
active,B123/S02457,0.94,8,0.4,0.5142384105960265,0.520625,0.631725,0.015430681422098077,0.9978278109888842,1.0,0.6275,11.2,False,
active,B123/S02457,0.94,9,0.5,0.5166100993377483,0.519375,0.6346708333333333,-0.006718042000697053,0.9986838177659406,1.0,0.631875,7.2,False,
active,B123/S02457,0.95,0,0.1,0.5083567880794703,0.509375,0.6294208333333334,0.04081310996863012,0.9948948224440165,1.0,0.639375,24.6,False,
active,B123/S02457,0.95,1,0.2,0.49713576158940403,0.5,0.6122208333333332,0.06531979783896807,0.9947197907268002,1.0,0.724375,28.4,False,
active,B123/S02457,0.95,2,0.3,0.5027897350993379,0.498125,0.6223500000000002,0.04111210352039016,0.9967570081333438,1.0,0.63625,20.2,False,
active,B123/S02457,0.95,3,0.4,0.505418046357616,0.489375,0.6231625000000001,0.059853934297664224,0.9978817335529889,1.0,0.63375,10.4,False,
active,B123/S02457,0.95,4,0.5,0.5142880794701987,0.51625,0.637175,0.00826954078075939,0.9986498431879186,1.0,0.640625,8.8,False,
active,B123/S02457,0.95,5,0.1,0.5146895695364239,0.524375,0.6375333333333333,0.049467911293133146,0.9943008149330984,1.0,0.6443749999999999,24.4,False,
active,B123/S02457,0.95,6,0.2,0.5038948675496688,0.52875,0.624,0.07923655890554204,0.9947665259616562,1.0,0.6912499999999999,28.4,False,
active,B123/S02457,0.95,7,0.3,0.5134850993377483,0.51375,0.6328708333333333,0.05648265946322727,0.9960031738404802,1.0,0.6325000000000001,16.0,False,
active,B123/S02457,0.95,8,0.4,0.5051738410596026,0.515,0.6238708333333333,0.011912033809689804,0.9980685794914215,1.0,0.635,12.4,False,
active,B123/S02457,0.95,9,0.5,0.5120943708609272,0.50625,0.6330250000000001,0.01429646653886348,0.9988526419918856,1.0,0.63625,8.4,False,
active,B123/S02457,0.96,0,0.1,0.5077773178807947,0.514375,0.6329291666666668,0.036896131056116846,0.9951472124032482,1.0,0.645625,24.6,False,
active,B123/S02457,0.96,1,0.2,0.5064735099337748,0.515625,0.6307416666666665,0.04867713053328611,0.9946777976008558,1.0,0.7262500000000001,28.8,False,
active,B123/S02457,0.96,2,0.3,0.5065024834437086,0.47625,0.6295708333333334,0.036813458522132816,0.9958730560780912,1.0,0.64625,21.8,False,
active,B123/S02457,0.96,3,0.4,0.519283940397351,0.503125,0.6445458333333334,0.03635467497385811,0.9972920935065401,1.0,0.645625,9.8,False,
active,B123/S02457,0.96,4,0.5,0.5111672185430464,0.525625,0.6320374999999999,0.0032856613802715643,0.9984474245780653,1.0,0.6368750000000001,8.8,False,
active,B123/S02457,0.96,5,0.1,0.50591059602649,0.54125,0.6276624999999999,0.04580156413384445,0.9947523680968267,1.0,0.655,27.4,False,
active,B123/S02457,0.96,6,0.2,0.5047599337748344,0.529375,0.6278208333333333,0.03511099250609922,0.9952241982104786,1.0,0.69625,26.8,False,
active,B123/S02457,0.96,7,0.3,0.5111258278145694,0.524375,0.6325583333333333,0.04143723858487239,0.9961326158206646,1.0,0.6387499999999999,18.2,False,
active,B123/S02457,0.96,8,0.4,0.5162210264900663,0.53625,0.6424458333333334,0.034232637678632986,0.9973099139388635,1.0,0.64375,12.2,False,
active,B123/S02457,0.96,9,0.5,0.510807119205298,0.50875,0.6354249999999999,0.019658417567095732,0.9988739016196196,1.0,0.641875,6.4,False,
active,B123/S02457,0.97,0,0.1,0.5151738410596027,0.54125,0.6452166666666667,0.05175104566050804,0.993889573529501,1.0,0.65125,24.4,False,
active,B123/S02457,0.97,1,0.2,0.511237582781457,0.5275,0.6388458333333333,0.06932990589055381,0.993361090223796,1.0,0.7262500000000001,28.0,False,
active,B123/S02457,0.97,2,0.3,0.5064362582781456,0.52875,0.6283875,0.04707040780759797,0.9963512900857652,1.0,0.6475,17.4,False,
active,B123/S02457,0.97,3,0.4,0.5244826158940398,0.52375,0.6526166666666667,0.018267362321365523,0.9964482173636332,1.0,0.6543749999999999,10.0,False,
active,B123/S02457,0.97,4,0.5,0.5212996688741722,0.524375,0.6480874999999999,0.013066181596374628,0.9976243642514695,1.0,0.65375,7.2,False,
active,B123/S02457,0.97,5,0.1,0.5091390728476821,0.525,0.6360875,0.05085014377831957,0.994465346149466,1.0,0.64625,26.6,False,
active,B123/S02457,0.97,6,0.2,0.5115149006622516,0.5075,0.6402750000000001,0.06910639595677878,0.9941069854592285,1.0,0.700625,29.6,False,
active,B123/S02457,0.97,7,0.3,0.5121150662251656,0.53,0.6362791666666667,0.056981635587312285,0.9953364987360095,1.0,0.643125,16.2,False,
active,B123/S02457,0.97,8,0.4,0.5106498344370861,0.52625,0.6329291666666665,0.052418634541651514,0.9975574857168058,1.0,0.645,14.4,False,
active,B123/S02457,0.97,9,0.5,0.5254014900662252,0.4975,0.6577916666666667,-0.0037630707563613397,0.9972598863461509,1.0,0.6625,8.4,False,
active,B123/S02457,0.98,0,0.1,0.5174254966887417,0.51125,0.6505,0.02659408766120596,0.9931720273418234,1.0,0.656875,25.6,False,
active,B123/S02457,0.98,1,0.2,0.5099089403973509,0.519375,0.6381333333333333,0.07756578947368414,0.9928305661551684,1.0,0.73,28.8,False,
active,B123/S02457,0.98,2,0.3,0.5131332781456954,0.51875,0.6396875,0.04133267253398345,0.9954327646033424,1.0,0.65375,21.8,False,
active,B123/S02457,0.98,3,0.4,0.52096440397351,0.553125,0.6516291666666667,0.0491561737539209,0.9968979118800784,1.0,0.655,9.0,False,
active,B123/S02457,0.98,4,0.5,0.5209519867549669,0.536875,0.6534125000000001,0.013488040257929063,0.9978684179368071,1.0,0.659375,7.4,False,
active,B123/S02457,0.98,5,0.1,0.5192673841059602,0.535,0.6522208333333332,0.056378746950156544,0.993435217795899,1.0,0.6775,29.6,False,
active,B123/S02457,0.98,6,0.2,0.5133112582781456,0.5675,0.6411333333333332,0.08767863367026787,0.9927662217684404,1.0,0.70625,27.0,False,
active,B123/S02457,0.98,7,0.3,0.5021399006622517,0.53125,0.6249874999999999,0.07190811258278113,0.995805367933714,1.0,0.655,17.8,False,
active,B123/S02457,0.98,8,0.4,0.5170653973509934,0.560625,0.6456166666666667,0.09242854653189206,0.9956686360088518,1.0,0.65875,12.8,False,
active,B123/S02457,0.98,9,0.5,0.522694536423841,0.53625,0.654925,0.024640989891948205,0.997554828871558,1.0,0.65625,8.8,False,
active,B123/S02457,0.99,0,0.1,0.5210513245033113,0.534375,0.6561791666666666,0.06412382363192692,0.9935627547659822,1.0,0.671875,25.4,False,
active,B123/S02457,0.99,1,0.2,0.5085596026490066,0.5325,0.6371875,0.060545704078075704,0.9931752313167893,1.0,0.735625,28.4,False,
active,B123/S02457,0.99,2,0.3,0.5098096026490065,0.54,0.6378791666666668,0.07495719327291754,0.9944960620017153,1.0,0.660625,21.2,False,
active,B123/S02457,0.99,3,0.4,0.5234354304635761,0.498125,0.6572958333333333,0.007383997037294699,0.9965098422982186,1.0,0.665,9.2,False,
active,B123/S02457,0.99,4,0.5,0.5234105960264901,0.559375,0.6568875,0.04749259323806163,0.9971716461415788,1.0,0.661875,8.8,False,
active,B123/S02457,0.99,5,0.1,0.5177897350993378,0.53625,0.6538458333333333,0.05888702509585167,0.9936079840096917,1.0,0.661875,25.0,False,
active,B123/S02457,0.99,6,0.2,0.5199710264900662,0.5475,0.6520166666666667,0.08072923928197957,0.9923755166335958,1.0,0.709375,28.0,False,
active,B123/S02457,0.99,7,0.3,0.5172185430463576,0.535625,0.6491916666666666,0.06408265074939,0.9947971938980316,1.0,0.670625,17.6,False,
active,B123/S02457,0.99,8,0.4,0.5088286423841061,0.498125,0.6381166666666667,0.04878038950853913,0.9975934765617593,1.0,0.66625,13.0,False,
active,B123/S02457,0.99,9,0.5,0.5294163907284768,0.52875,0.66505,-0.005962879051934567,0.9968515977796001,1.0,0.675,5.2,False,
dense,B3/S245678,0.0,0,0.1,0.2183443708609272,0.34,0.022562499999999996,0.3794852300453119,0.6897419214271125,1.0,0.994375,24.2,False,
dense,B3/S245678,0.0,1,0.2,0.49334850993377477,0.7575,0.049320833333333335,0.6429008365284069,0.892199891145262,1.0,0.993125,24.2,False,
dense,B3/S245678,0.0,2,0.3,0.6316887417218543,0.73125,0.0491125,0.41477300453119526,0.8884026697705156,1.0,0.999375,16.8,False,
dense,B3/S245678,0.0,3,0.4,0.6748882450331125,0.705,0.03884166666666666,0.1452027056465664,0.8966676939866558,1.0,0.999375,6.0,False,
dense,B3/S245678,0.0,4,0.5,0.6816514900662253,0.705,0.034875,0.13463761327988782,0.8914821611567445,1.0,0.9975,3.6,False,
dense,B3/S245678,0.0,5,0.1,0.010322847682119206,0.008125,0.010983333333333333,-0.0055893821889160195,0.08118260907869519,1.0,1.0,23.4,False,
dense,B3/S245678,0.0,6,0.2,0.45572847682119205,0.750625,0.045483333333333334,0.6876073980481007,0.8698671921317798,1.0,0.986875,26.0,False,
dense,B3/S245678,0.0,7,0.3,0.6587872516556291,0.736875,0.0503875,0.3410866155454862,0.8793226134174187,1.0,1.0,15.6,False,
dense,B3/S245678,0.0,8,0.4,0.6603187086092714,0.695625,0.043649999999999994,0.178732790170791,0.9080128300037895,1.0,0.998125,5.0,False,
dense,B3/S245678,0.0,9,0.5,0.6841307947019866,0.705,0.03167083333333333,0.10153494248867172,0.8932284514818744,1.0,0.99875,1.4,False,
dense,B3/S245678,0.01,0,0.1,0.05671771523178807,0.135625,0.0378,0.09365033548274664,0.3019453523295034,1.0,0.981875,33.6,False,
dense,B3/S245678,0.01,1,0.2,0.4757864238410596,0.66125,0.1145875,0.520432750958522,0.924956616002235,1.0,0.953125,26.8,False,
dense,B3/S245678,0.01,2,0.3,0.5388245033112583,0.625,0.12407083333333332,0.3595872908678979,0.9587333005090785,1.0,0.925625,18.4,False,
dense,B3/S245678,0.01,3,0.4,0.6003766556291391,0.655,0.1259,0.1367063872429415,0.9627081219122087,1.0,0.92,7.6,False,
dense,B3/S245678,0.01,4,0.5,0.5960264900662252,0.609375,0.12517083333333331,0.1253207781456949,0.9671401169810692,1.0,0.92625,4.6,False,
dense,B3/S245678,0.01,5,0.1,0.011858443708609272,0.010625,0.021933333333333332,-0.009317488672011183,0.09047196239000627,1.0,0.990625,33.0,False,
dense,B3/S245678,0.01,6,0.2,0.3673468543046358,0.589375,0.10824166666666665,0.5707652927849425,0.8560179422494115,1.0,0.92625,29.6,False,
dense,B3/S245678,0.01,7,0.3,0.585351821192053,0.611875,0.1267625,0.1998129792610663,0.960219970148955,1.0,0.934375,16.4,False,
dense,B3/S245678,0.01,8,0.4,0.5922599337748344,0.583125,0.12718333333333334,0.11455439613105586,0.9674599781121189,1.0,0.921875,6.6,False,
dense,B3/S245678,0.01,9,0.5,0.6048965231788079,0.6175,0.12300416666666668,0.06437772307424143,0.9653594947680564,1.0,0.916875,3.6,False,
dense,B3/S245678,0.02,0,0.1,0.28399006622516554,0.53,0.11477083333333332,0.5464468238062045,0.7647009088741417,1.0,0.945625,35.2,False,
dense,B3/S245678,0.02,1,0.2,0.44556705298013255,0.58625,0.15418749999999998,0.47069035378180535,0.9272216796914623,1.0,0.885,29.0,False,
dense,B3/S245678,0.02,2,0.3,0.5247019867549669,0.550625,0.17850833333333332,0.17738976995468775,0.9846199813116395,1.0,0.880625,21.6,False,
dense,B3/S245678,0.02,3,0.4,0.5464403973509934,0.5525,0.17999999999999997,0.06387155803415814,0.9899519894447983,1.0,0.860625,8.6,False,
dense,B3/S245678,0.02,4,0.5,0.5555670529801324,0.5825,0.17461666666666667,0.0526764552108745,0.9889679859466605,1.0,0.8725,6.4,False,
dense,B3/S245678,0.02,5,0.1,0.07914735099337748,0.196875,0.06510833333333332,0.11278232833739983,0.3859768181920136,1.0,0.959375,45.2,False,
dense,B3/S245678,0.02,6,0.2,0.4258650662251655,0.56375,0.15847083333333334,0.4595909942488672,0.9235283453040785,1.0,0.891875,32.6,False,
dense,B3/S245678,0.02,7,0.3,0.5515024834437088,0.574375,0.1702875,0.10577542262112222,0.9828810920280638,1.0,0.868125,17.8,False,
dense,B3/S245678,0.02,8,0.4,0.559230132450331,0.540625,0.17029166666666667,0.03771141948414024,0.9865375723268626,1.0,0.8775,7.6,False,
dense,B3/S245678,0.02,9,0.5,0.5616721854304635,0.58,0.16907916666666667,0.016506404670615843,0.9876640705233597,1.0,0.868125,3.4,False,
dense,B3/S245678,0.03,0,0.1,0.2885513245033113,0.55625,0.14429583333333335,0.5617477779714187,0.7652475717159557,1.0,0.918125,38.0,False,
dense,B3/S245678,0.03,1,0.2,0.4815521523178809,0.575,0.19139583333333335,0.3079104217497382,0.9615766373486525,1.0,0.846875,27.6,False,
dense,B3/S245678,0.03,2,0.3,0.5249668874172186,0.54375,0.1950375,0.12226418177065179,0.9876681083150004,1.0,0.86,19.8,False,
dense,B3/S245678,0.03,3,0.4,0.5199793046357616,0.52375,0.20929166666666668,0.01945124607877292,0.9968039854890653,1.0,0.84375,8.6,False,
dense,B3/S245678,0.03,4,0.5,0.532773178807947,0.545,0.203275,0.026257188915997896,0.9956348780392483,1.0,0.838125,6.6,False,
dense,B3/S245678,0.03,5,0.1,0.31496688741721846,0.556875,0.15905000000000002,0.5772719153014989,0.7928420396372741,1.0,0.9293750000000001,34.4,False,
dense,B3/S245678,0.03,6,0.2,0.4761672185430464,0.576875,0.19749166666666668,0.2830740240501917,0.9641925853769912,1.0,0.8475,29.4,False,
dense,B3/S245678,0.03,7,0.3,0.5228352649006622,0.535625,0.20518750000000002,0.05501840798187471,0.9935890771884341,1.0,0.8475,18.6,False,
dense,B3/S245678,0.03,8,0.4,0.5317880794701988,0.564375,0.20105,0.04087258191007283,0.9948292287323646,1.0,0.84125,9.0,False,
dense,B3/S245678,0.03,9,0.5,0.5425496688741722,0.516875,0.193875,-0.008766229522481935,0.9938324385680665,1.0,0.84375,5.0,False,
dense,B3/S245678,0.04,0,0.1,0.45293874172185417,0.51,0.20547916666666666,0.35000087138375746,0.9335804699958761,1.0,0.896875,29.0,False,
dense,B3/S245678,0.04,1,0.2,0.48596854304635767,0.5,0.2156125,0.21196061345416498,0.978412102099848,1.0,0.82875,29.0,False,
dense,B3/S245678,0.04,2,0.3,0.5045488410596027,0.515625,0.22682499999999994,0.07757493900313665,0.9938428975766006,1.0,0.81625,22.0,False,
dense,B3/S245678,0.04,3,0.4,0.5196316225165564,0.525625,0.22287916666666666,0.019349294179156186,0.997056081930081,1.0,0.810625,11.4,False,
dense,B3/S245678,0.04,4,0.5,0.5190976821192053,0.514375,0.22029583333333336,0.028877222028581232,0.997927784423755,1.0,0.81875,8.0,False,
dense,B3/S245678,0.04,5,0.1,0.4452938741721854,0.5525,0.20377916666666665,0.39503975688393167,0.9258361367239413,1.0,0.895,27.0,False,
dense,B3/S245678,0.04,6,0.2,0.4930049668874172,0.524375,0.220975,0.15228738236319228,0.982988892692181,1.0,0.811875,29.8,False,
dense,B3/S245678,0.04,7,0.3,0.5136796357615895,0.52375,0.22120000000000004,0.06770880533286851,0.994823623394434,1.0,0.8225,19.8,False,
dense,B3/S245678,0.04,8,0.4,0.5092218543046358,0.506875,0.22790833333333335,0.01604173928197934,0.9984094625300649,1.0,0.808125,8.4,False,
dense,B3/S245678,0.04,9,0.5,0.5196647350993379,0.529375,0.22021666666666667,-0.007909768211920735,0.9982362748465362,1.0,0.818125,6.4,False,
dense,B3/S245678,0.05,0,0.1,0.4663079470198676,0.496875,0.22472499999999995,0.25868464621819437,0.9532801061421436,1.0,0.875,29.2,False,
dense,B3/S245678,0.05,1,0.2,0.48762003311258284,0.528125,0.23324999999999999,0.1260517601951893,0.9848721179462941,1.0,0.808125,28.2,False,
dense,B3/S245678,0.05,2,0.3,0.49847268211920526,0.49625,0.23457916666666667,0.05455308905542006,0.9944036264595751,1.0,0.815625,24.8,False,
dense,B3/S245678,0.05,3,0.4,0.4963120860927152,0.491875,0.2442291666666667,0.011762700418263867,0.9984338035976954,1.0,0.798125,12.4,False,
dense,B3/S245678,0.05,4,0.5,0.515223509933775,0.49875,0.23117499999999996,0.036891229522481736,0.9983584224523996,1.0,0.815625,9.6,False,
dense,B3/S245678,0.05,5,0.1,0.45508278145695363,0.47875,0.23260416666666667,0.236987190658766,0.950621790559484,1.0,0.871875,27.6,False,
dense,B3/S245678,0.05,6,0.2,0.4874006622516556,0.524375,0.23906666666666665,0.10708968717323057,0.9863803599645555,1.0,0.80125,28.6,False,
dense,B3/S245678,0.05,7,0.3,0.5051034768211922,0.52875,0.23791666666666667,0.06252886458696406,0.9951916151368312,1.0,0.80125,20.2,False,
dense,B3/S245678,0.05,8,0.4,0.5093543046357616,0.52,0.2376791666666667,0.019115981178110312,0.9982714637947049,1.0,0.80125,9.6,False,
dense,B3/S245678,0.05,9,0.5,0.5171150662251656,0.51375,0.2303125,0.02097039473684186,0.9982342657168195,1.0,0.8325,4.4,False,
dense,B3/S245678,0.06,0,0.1,0.4691680463576158,0.51375,0.24525416666666666,0.20736297490414746,0.9680142759854532,1.0,0.853125,27.8,False,
dense,B3/S245678,0.06,1,0.2,0.4836920529801324,0.520625,0.25015,0.11625980306727064,0.9876049011556802,1.0,0.79375,28.6,False,
dense,B3/S245678,0.06,2,0.3,0.49437499999999995,0.495,0.2505458333333333,0.04251132798884588,0.9956421002570802,1.0,0.8049999999999999,21.6,False,
dense,B3/S245678,0.06,3,0.4,0.5007988410596026,0.51125,0.2519416666666667,0.018478781805506866,0.998918641729023,1.0,0.79,11.8,False,
dense,B3/S245678,0.06,4,0.5,0.499466059602649,0.483125,0.2501041666666667,-0.006278864586964091,0.9994619614070971,1.0,0.78625,8.0,False,
dense,B3/S245678,0.06,5,0.1,0.4616183774834437,0.495625,0.23919166666666664,0.25296226908330394,0.9578719961752881,1.0,0.856875,27.2,False,
dense,B3/S245678,0.06,6,0.2,0.4865314569536424,0.516875,0.2503333333333333,0.10321224729870969,0.9884117745692885,1.0,0.785,30.8,False,
dense,B3/S245678,0.06,7,0.3,0.4955546357615894,0.51125,0.2539083333333333,0.0567702161031717,0.9966455402202634,1.0,0.793125,20.2,False,
dense,B3/S245678,0.06,8,0.4,0.5016970198675497,0.49625,0.2516541666666667,0.025980415650051995,0.9985439415264888,1.0,0.798125,10.4,False,
dense,B3/S245678,0.06,9,0.5,0.5100372516556292,0.524375,0.2432916666666667,0.018965340711049026,0.998890060437962,1.0,0.8049999999999999,6.0,False,
dense,B3/S245678,0.07,0,0.1,0.4728932119205297,0.516875,0.2590166666666667,0.15344283722551372,0.9772387870979399,1.0,0.8325,29.0,False,
dense,B3/S245678,0.07,1,0.2,0.4891928807947019,0.493125,0.256825,0.08891316660857432,0.9901098831585575,1.0,0.776875,27.2,False,
dense,B3/S245678,0.07,2,0.3,0.49691225165562913,0.5025,0.25877083333333334,0.04967998431509194,0.9967613940537313,1.0,0.785625,22.6,False,
dense,B3/S245678,0.07,3,0.4,0.49717301324503316,0.501875,0.2619291666666666,0.026054592192401464,0.9989617068308497,1.0,0.775625,11.4,False,
dense,B3/S245678,0.07,4,0.5,0.5039238410596026,0.49875,0.2555666666666666,0.012564264552108557,0.9990774186293292,1.0,0.79625,9.6,False,
dense,B3/S245678,0.07,5,0.1,0.46890728476821186,0.50125,0.2576458333333333,0.17860535029627028,0.9721772542273741,1.0,0.845625,26.6,False,
dense,B3/S245678,0.07,6,0.2,0.479308774834437,0.503125,0.261,0.1108651751481352,0.988197003539886,1.0,0.78125,30.0,False,
dense,B3/S245678,0.07,7,0.3,0.48815397350993384,0.495,0.26370000000000005,0.02916869989543346,0.9965096437351941,1.0,0.79125,21.2,False,
dense,B3/S245678,0.07,8,0.4,0.4985099337748345,0.498125,0.2617,-0.002313197107006134,0.9985615823480689,1.0,0.78625,8.8,False,
dense,B3/S245678,0.07,9,0.5,0.497408940397351,0.5,0.25860416666666663,-0.0018037643778327536,0.9991019170759479,1.0,0.7975,7.2,False,
dense,B3/S245678,0.08,0,0.1,0.47344784768211917,0.489375,0.269025,0.10940909288950834,0.9823084912571595,1.0,0.81375,29.8,False,
dense,B3/S245678,0.08,1,0.2,0.4854552980132451,0.471875,0.2677083333333333,0.07112648135238717,0.9926981399096292,1.0,0.779375,29.6,False,
dense,B3/S245678,0.08,2,0.3,0.49172599337748346,0.5075,0.26979583333333335,0.0403343935169045,0.9966839831977597,1.0,0.771875,23.0,False,
dense,B3/S245678,0.08,3,0.4,0.5035471854304635,0.52,0.26471666666666666,0.029153014987800197,0.998763320525416,1.0,0.7731250000000001,10.0,False,
dense,B3/S245678,0.08,4,0.5,0.5000248344370861,0.49,0.2649083333333333,-0.009466822063436887,0.9991917627665657,1.0,0.786875,9.0,False,
dense,B3/S245678,0.08,5,0.1,0.46991307947019867,0.501875,0.26599166666666674,0.13978912513070732,0.9765810959769152,1.0,0.82375,26.0,False,
dense,B3/S245678,0.08,6,0.2,0.4854759933774835,0.519375,0.26824166666666666,0.06105513680725008,0.9913866336143011,1.0,0.78,30.8,False,
dense,B3/S245678,0.08,7,0.3,0.4901821192052981,0.51125,0.270475,0.052530716277448194,0.9968571106297031,1.0,0.780625,19.4,False,
dense,B3/S245678,0.08,8,0.4,0.4916556291390728,0.51125,0.2702458333333333,0.01873888985709263,0.9986708441692672,1.0,0.769375,11.2,False,
dense,B3/S245678,0.08,9,0.5,0.49768211920529803,0.501875,0.2704333333333333,-0.001302500871383826,0.9994559970079441,1.0,0.76875,7.2,False,
dense,B3/S245678,0.09,0,0.1,0.4779221854304635,0.5025,0.2762541666666667,0.10343248954339493,0.9855868796920342,1.0,0.805625,27.0,False,
dense,B3/S245678,0.09,1,0.2,0.48205711920529803,0.494375,0.2780166666666667,0.048122930463575665,0.9933498215210926,1.0,0.768125,29.4,False,
dense,B3/S245678,0.09,2,0.3,0.4822723509933775,0.490625,0.2828916666666667,0.03208641948414086,0.9965945568327145,1.0,0.759375,21.2,False,
dense,B3/S245678,0.09,3,0.4,0.4916763245033112,0.51,0.27998333333333336,0.009763855001742369,0.9988118291302258,1.0,0.761875,10.8,False,
dense,B3/S245678,0.09,4,0.5,0.49527731788079477,0.536875,0.2777791666666667,0.01711484837922609,0.9992627864145396,1.0,0.759375,8.2,False,
dense,B3/S245678,0.09,5,0.1,0.4752028145695363,0.48625,0.27406250000000004,0.09486003398396614,0.9829115470656924,1.0,0.8175,26.2,False,
dense,B3/S245678,0.09,6,0.2,0.4823261589403973,0.516875,0.28013333333333335,0.07109478476821192,0.9920632313974005,1.0,0.7581249999999999,31.2,False,
dense,B3/S245678,0.09,7,0.3,0.4877773178807946,0.511875,0.2797541666666666,0.05737964011850757,0.9971086222833405,1.0,0.7575000000000001,22.4,False,
dense,B3/S245678,0.09,8,0.4,0.49098923841059605,0.488125,0.2800083333333333,0.008680289299406754,0.9985579678460258,1.0,0.77,11.6,False,
dense,B3/S245678,0.09,9,0.5,0.4956291390728477,0.51625,0.27618750000000003,0.007266686998954307,0.9993431166749959,1.0,0.764375,8.2,False,
dense,B3/S245678,0.1,0,0.1,0.4819908940397351,0.509375,0.2802833333333334,0.07634694144301127,0.9872260827053817,1.0,0.79875,29.2,False,
dense,B3/S245678,0.1,1,0.2,0.48176324503311263,0.49625,0.28852916666666667,0.03694776054374326,0.9939846898481113,1.0,0.755,26.8,False,
dense,B3/S245678,0.1,2,0.3,0.4843708609271523,0.47375,0.29142083333333335,0.01880195625653522,0.9969297495430147,1.0,0.755625,22.8,False,
dense,B3/S245678,0.1,3,0.4,0.4886465231788079,0.495,0.2902,0.010233095155106064,0.9988065231814617,1.0,0.74875,11.6,False,
dense,B3/S245678,0.1,4,0.5,0.4908360927152318,0.5025,0.2861416666666667,-0.012422120076682265,0.9990486959500499,1.0,0.755625,8.6,False,
dense,B3/S245678,0.1,5,0.1,0.47857615894039746,0.483125,0.281875,0.09386404234925011,0.9851812370047448,1.0,0.811875,27.4,False,
dense,B3/S245678,0.1,6,0.2,0.48389486754966893,0.5025,0.2864041666666667,0.051747451202509405,0.9936068004061519,1.0,0.755,33.4,False,
dense,B3/S245678,0.1,7,0.3,0.48414321192052984,0.504375,0.2917625,0.019417915650051715,0.9971469582211956,1.0,0.745,21.8,False,
dense,B3/S245678,0.1,8,0.4,0.4898137417218543,0.480625,0.2882,0.0026177457302190487,0.9986762493502735,1.0,0.74875,13.0,False,
dense,B3/S245678,0.1,9,0.5,0.49004552980132454,0.4975,0.2879291666666667,0.009698827988845662,0.999084054332269,1.0,0.750625,6.8,False,
dense,B3/S245678,0.11,0,0.1,0.47641970198675504,0.4925,0.29489583333333336,0.0764188306029972,0.9884420510936758,1.0,0.790625,27.0,False,
dense,B3/S245678,0.11,1,0.2,0.48497516556291403,0.495625,0.28984166666666666,0.049120229173927867,0.9940892468637373,1.0,0.76125,27.8,False,
dense,B3/S245678,0.11,2,0.3,0.4850579470198676,0.5,0.29457916666666667,0.019585221331473945,0.9973104525782552,1.0,0.75625,24.6,False,
dense,B3/S245678,0.11,3,0.4,0.49050082781456944,0.48375,0.29419999999999996,0.012069536423841004,0.9988736665252691,1.0,0.745625,10.6,False,
dense,B3/S245678,0.11,4,0.5,0.49203642384105967,0.47125,0.29209166666666664,0.001959306378528836,0.9991820197679775,1.0,0.75,9.2,False,
dense,B3/S245678,0.11,5,0.1,0.4731374172185432,0.49625,0.2945541666666667,0.08604380881840312,0.9868971427137349,1.0,0.8025,29.0,False,
dense,B3/S245678,0.11,6,0.2,0.4853973509933774,0.491875,0.29309166666666664,0.04647438131753183,0.9941773543582201,1.0,0.7418750000000001,31.2,False,
dense,B3/S245678,0.11,7,0.3,0.48692880794701987,0.488125,0.2936625,0.01726646915301456,0.9975432815458224,1.0,0.745,22.0,False,
dense,B3/S245678,0.11,8,0.4,0.4851365894039736,0.475625,0.2969166666666666,0.021133452422446564,0.9985735662717508,1.0,0.735625,11.2,False,
dense,B3/S245678,0.11,9,0.5,0.49055463576158936,0.523125,0.29340000000000005,0.012101559776925173,0.9991149821748866,1.0,0.75125,6.2,False,
dense,B3/S245678,0.12,0,0.1,0.4744826158940399,0.486875,0.30333333333333334,0.06252984489369087,0.9895784481361938,1.0,0.783125,26.2,False,
dense,B3/S245678,0.12,1,0.2,0.4849793046357616,0.480625,0.29999166666666666,0.04103139159986038,0.9947354759389719,1.0,0.7462500000000001,27.8,False,
dense,B3/S245678,0.12,2,0.3,0.48992549668874164,0.476875,0.2983666666666666,0.02513800540257873,0.9975215160028182,1.0,0.744375,23.8,False,
dense,B3/S245678,0.12,3,0.4,0.489739238410596,0.50625,0.30005833333333326,-0.0022533983966538263,0.9986897183761815,1.0,0.736875,15.6,False,
dense,B3/S245678,0.12,4,0.5,0.49542632450331126,0.489375,0.2950291666666666,-0.00275662251655656,0.9994425228111966,1.0,0.74375,9.2,False,
dense,B3/S245678,0.12,5,0.1,0.48103062913907285,0.466875,0.2974833333333333,0.07006056117113905,0.9894679551394555,1.0,0.798125,25.6,False,
dense,B3/S245678,0.12,6,0.2,0.4828228476821192,0.48375,0.29917083333333333,0.03722747472987084,0.9937190951259399,1.0,0.75,33.8,False,
dense,B3/S245678,0.12,7,0.3,0.48305463576158936,0.47625,0.3042916666666666,0.02029202248170017,0.9973292016444592,1.0,0.74,21.4,False,
dense,B3/S245678,0.12,8,0.4,0.4886548013245034,0.500625,0.2997083333333333,0.012196976298361532,0.9988141138665466,1.0,0.7324999999999999,9.4,False,
dense,B3/S245678,0.12,9,0.5,0.4909064569536424,0.5025,0.29757083333333334,-0.01066377657720522,0.9989886941247231,1.0,0.739375,7.0,False,
dense,B3/S245678,0.13,0,0.1,0.4778683774834438,0.498125,0.306,0.06761796357615853,0.9906217503852948,1.0,0.7731250000000001,26.8,False,
dense,B3/S245678,0.13,1,0.2,0.48190811258278166,0.489375,0.30706666666666665,0.04084186563262414,0.9946665077284731,1.0,0.73125,29.6,False,
dense,B3/S245678,0.13,2,0.3,0.48328642384105963,0.505,0.3067708333333333,0.014375217845938768,0.9971200458660668,1.0,0.734375,20.8,False,
dense,B3/S245678,0.13,3,0.4,0.4846192052980131,0.485625,0.30822916666666667,0.008265292784942611,0.9983186624072249,1.0,0.7262500000000001,11.0,False,
dense,B3/S245678,0.13,4,0.5,0.48960264900662254,0.495,0.3050916666666667,-0.014603629313349782,0.9990949097317092,1.0,0.7324999999999999,9.6,False,
dense,B3/S245678,0.13,5,0.1,0.4766928807947019,0.4675,0.3055041666666667,0.05085373823631895,0.989506900683728,1.0,0.7925,26.8,False,
dense,B3/S245678,0.13,6,0.2,0.4840397350993378,0.46875,0.30581250000000004,0.043468107354478674,0.9943879694264403,1.0,0.7362500000000001,31.2,False,
dense,B3/S245678,0.13,7,0.3,0.48517798013245034,0.48375,0.30840833333333334,0.03477474729870999,0.9974713509772731,1.0,0.733125,21.8,False,
dense,B3/S245678,0.13,8,0.4,0.4864693708609271,0.478125,0.3052,0.027839730742418783,0.9985266254376519,1.0,0.735,11.8,False,
dense,B3/S245678,0.13,9,0.5,0.49041390728476825,0.47875,0.3035541666666667,-0.005954056291391033,0.9990379957816992,1.0,0.735625,6.2,False,
dense,B3/S245678,0.14,0,0.1,0.4816514900662252,0.5125,0.31131250000000005,0.062189024921575076,0.9912838084695133,1.0,0.76875,29.4,False,
dense,B3/S245678,0.14,1,0.2,0.4871605960264901,0.4525,0.3103708333333333,0.03753855873126463,0.9953069139427027,1.0,0.7324999999999999,29.4,False,
dense,B3/S245678,0.14,2,0.3,0.4828021523178807,0.4725,0.31329583333333333,0.026836876960613012,0.9973771553507791,1.0,0.7418750000000001,21.8,False,
dense,B3/S245678,0.14,3,0.4,0.48499172185430456,0.481875,0.31578749999999994,0.008377374520738168,0.9984175251398059,1.0,0.7324999999999999,11.4,False,
dense,B3/S245678,0.14,4,0.5,0.48802152317880804,0.48125,0.30966666666666665,-0.007667305681422662,0.9991792829350197,1.0,0.724375,10.6,False,
dense,B3/S245678,0.14,5,0.1,0.4772392384105961,0.473125,0.31166666666666665,0.04862484750784192,0.9906419680547652,1.0,0.78375,27.6,False,
dense,B3/S245678,0.14,6,0.2,0.4830877483443709,0.484375,0.3142416666666667,0.04051346287905169,0.9947656984689139,1.0,0.721875,30.6,False,
dense,B3/S245678,0.14,7,0.3,0.48720198675496684,0.45,0.31257500000000005,0.024286445625653203,0.9977001134189347,1.0,0.725,23.0,False,
dense,B3/S245678,0.14,8,0.4,0.48521523178807935,0.4825,0.31402083333333336,0.02043089926803737,0.9985517415270238,1.0,0.728125,11.6,False,
dense,B3/S245678,0.14,9,0.5,0.49149834437086093,0.480625,0.3091333333333333,0.007951921401184787,0.999170696817265,1.0,0.7268749999999999,7.4,False,
dense,B3/S245678,0.15,0,0.1,0.4745571192052981,0.476875,0.32145833333333335,0.04518887242941793,0.9913111890148819,1.0,0.759375,27.4,False,
dense,B3/S245678,0.15,1,0.2,0.4850372516556292,0.5,0.3173375,0.03711898745207361,0.995546215771523,1.0,0.721875,30.0,False,
dense,B3/S245678,0.15,2,0.3,0.48474337748344387,0.4925,0.31998750000000004,0.013580189090274954,0.9973544721489019,1.0,0.7268749999999999,26.4,False,
dense,B3/S245678,0.15,3,0.4,0.4866100993377484,0.485,0.31971666666666665,0.02020869640989869,0.99866565666965,1.0,0.72375,11.8,False,
dense,B3/S245678,0.15,4,0.5,0.48733443708609275,0.486875,0.3195791666666666,-0.002671335831300522,0.998988203403261,1.0,0.72125,9.6,False,
dense,B3/S245678,0.15,5,0.1,0.4826945364238411,0.51125,0.3156541666666666,0.05157034245381664,0.9917411242463602,1.0,0.776875,28.0,False,
dense,B3/S245678,0.15,6,0.2,0.48718543046357615,0.505625,0.315075,0.047574939003136744,0.995096943667513,1.0,0.7324999999999999,29.0,False,
dense,B3/S245678,0.15,7,0.3,0.4828807947019867,0.478125,0.3197458333333334,0.005784789996513683,0.9975129783773401,1.0,0.72,22.2,False,
dense,B3/S245678,0.15,8,0.4,0.48630794701986757,0.47125,0.3193708333333333,0.0016521436040427837,0.9986645690493677,1.0,0.72125,9.2,False,
dense,B3/S245678,0.15,9,0.5,0.4906953642384106,0.515,0.31685416666666666,-0.011598989194841583,0.9990909922043096,1.0,0.721875,6.0,False,
dense,B3/S245678,0.16,0,0.1,0.4814610927152317,0.470625,0.3232083333333334,0.03820484053677232,0.9923324346105328,1.0,0.7525,31.0,False,
dense,B3/S245678,0.16,1,0.2,0.47951572847682117,0.48125,0.32582083333333334,0.029250065353781322,0.9951194280612092,1.0,0.7075,29.0,False,
dense,B3/S245678,0.16,2,0.3,0.4839114238410597,0.498125,0.3265916666666666,0.021424603520390252,0.9974617474857276,1.0,0.704375,25.2,False,
dense,B3/S245678,0.16,3,0.4,0.48735513245033124,0.49625,0.325125,0.014200723248518269,0.9986741817940704,1.0,0.72125,12.0,False,
dense,B3/S245678,0.16,4,0.5,0.4882657284768212,0.50125,0.32334166666666675,-0.0020661598117815544,0.9990495695837179,1.0,0.714375,9.0,False,
dense,B3/S245678,0.16,5,0.1,0.48168460264900664,0.488125,0.32271666666666665,0.04769715057511287,0.9918321511289477,1.0,0.77,26.6,False,
dense,B3/S245678,0.16,6,0.2,0.4840728476821192,0.475,0.32482083333333334,0.032328228476820785,0.9951974952780878,1.0,0.7168749999999999,30.0,False,
dense,B3/S245678,0.16,7,0.3,0.4876655629139072,0.50375,0.3236833333333334,0.010085068839316667,0.9977624620003742,1.0,0.714375,22.8,False,
dense,B3/S245678,0.16,8,0.4,0.4860389072847681,0.4725,0.32543750000000005,0.004524442314395346,0.9986465908211355,1.0,0.711875,12.4,False,
dense,B3/S245678,0.16,9,0.5,0.4881788079470199,0.471875,0.32422499999999993,-0.004544375217846511,0.9990828193577653,1.0,0.723125,8.0,False,
dense,B3/S245678,0.17,0,0.1,0.4794784768211921,0.48875,0.33082083333333334,0.0432357746601603,0.992388021900444,1.0,0.746875,28.0,False,
dense,B3/S245678,0.17,1,0.2,0.48287251655629143,0.505625,0.32939999999999997,0.03132406761937929,0.995748192735888,1.0,0.7075,26.8,False,
dense,B3/S245678,0.17,2,0.3,0.4888493377483443,0.47875,0.3286291666666667,0.031052522655977164,0.9976770414215983,1.0,0.71375,23.0,False,
dense,B3/S245678,0.17,3,0.4,0.48487582781456956,0.49125,0.3320333333333333,0.017749760369466128,0.9985976235312537,1.0,0.7012499999999999,12.4,False,
dense,B3/S245678,0.17,4,0.5,0.4895322847682119,0.495,0.328725,0.011566965841755853,0.9991608547525178,1.0,0.70875,9.0,False,
dense,B3/S245678,0.17,5,0.1,0.48201572847682106,0.495,0.3296791666666667,0.04032491721854257,0.9922799581415342,1.0,0.76375,27.6,False,
dense,B3/S245678,0.17,6,0.2,0.480989238410596,0.4875,0.3303041666666667,0.02059297664691495,0.99503627053014,1.0,0.70375,34.0,False,
dense,B3/S245678,0.17,7,0.3,0.4855918874172186,0.48625,0.3309416666666667,0.014376524921575243,0.9977119438234822,1.0,0.7106250000000001,20.8,False,
dense,B3/S245678,0.17,8,0.4,0.4865480132450331,0.485,0.32993749999999994,0.00024671052631541386,0.9986604328199792,1.0,0.701875,9.6,False,
dense,B3/S245678,0.17,9,0.5,0.487475165562914,0.47375,0.3275541666666667,-0.002568730393865644,0.998929410462362,1.0,0.7075,7.0,False,
dense,B3/S245678,0.18,0,0.1,0.48423013245033114,0.506875,0.33298333333333335,0.04842845939351707,0.9931584488024316,1.0,0.739375,26.4,False,
dense,B3/S245678,0.18,1,0.2,0.4806622516556292,0.46125,0.3354958333333334,0.031083892471244375,0.99563399087589,1.0,0.7075,30.0,False,
dense,B3/S245678,0.18,2,0.3,0.48243791390728485,0.48125,0.33903750000000005,0.020428611885673836,0.9973963176988229,1.0,0.694375,22.8,False,
dense,B3/S245678,0.18,3,0.4,0.4888369205298013,0.489375,0.3341125,0.0062128572673401375,0.9988229570069209,1.0,0.7,11.6,False,
dense,B3/S245678,0.18,4,0.5,0.48590231788079463,0.504375,0.33674583333333336,-0.006130838271174881,0.9988778543025698,1.0,0.698125,8.6,False,
dense,B3/S245678,0.18,5,0.1,0.4798923841059603,0.485625,0.33531666666666665,0.03264715493203155,0.9927119856072528,1.0,0.75375,28.8,False,
dense,B3/S245678,0.18,6,0.2,0.48555463576158936,0.50875,0.3342958333333333,0.025245512373649092,0.995574084527818,1.0,0.713125,31.8,False,
dense,B3/S245678,0.18,7,0.3,0.48663907284768215,0.491875,0.33528749999999996,0.01778799233182263,0.9978570289579084,1.0,0.700625,21.4,False,
dense,B3/S245678,0.18,8,0.4,0.48843129139072855,0.490625,0.33539166666666664,0.012052871209480934,0.9987259386731107,1.0,0.711875,11.8,False,
dense,B3/S245678,0.18,9,0.5,0.4862044701986755,0.4775,0.3347458333333333,-0.0024050191704432337,0.9988459522809789,1.0,0.70375,8.2,False,
dense,B3/S245678,0.19,0,0.1,0.4805877483443709,0.505,0.3422791666666667,0.03831888288602274,0.9928324311555087,1.0,0.734375,26.8,False,
dense,B3/S245678,0.19,1,0.2,0.48732201986754964,0.49875,0.33783749999999996,0.029710809515510403,0.9963780209809735,1.0,0.69375,28.4,False,
dense,B3/S245678,0.19,2,0.3,0.48658112582781454,0.484375,0.3417333333333334,0.019866896131055956,0.9978141897720532,1.0,0.690625,24.8,False,
dense,B3/S245678,0.19,3,0.4,0.4849296357615895,0.465,0.3438083333333333,0.011614347333565367,0.9985624424811885,1.0,0.691875,13.4,False,
dense,B3/S245678,0.19,4,0.5,0.4887831125827815,0.505,0.34152499999999997,0.0021455646566744236,0.9990870240549571,1.0,0.701875,9.2,False,
dense,B3/S245678,0.19,5,0.1,0.4835637417218543,0.4825,0.34037083333333334,0.04427261240850417,0.9932976182582274,1.0,0.743125,26.0,False,
dense,B3/S245678,0.19,6,0.2,0.4840355960264901,0.506875,0.34047499999999997,0.045351276577204426,0.9955336292237584,1.0,0.6956249999999999,31.0,False,
dense,B3/S245678,0.19,7,0.3,0.4823344370860926,0.494375,0.34444583333333334,0.01296324939003121,0.9976345736489772,1.0,0.6950000000000001,21.8,False,
dense,B3/S245678,0.19,8,0.4,0.48634933774834427,0.47625,0.3411791666666667,0.021436693970024068,0.9985511160429301,1.0,0.69375,11.4,False,
dense,B3/S245678,0.19,9,0.5,0.4898799668874172,0.49125,0.33912083333333337,-0.005456714011851343,0.9991601298935536,1.0,0.7050000000000001,9.2,False,
dense,B3/S245678,0.2,0,0.1,0.4803849337748345,0.46625,0.3450125,0.029602975775531625,0.9932337636849471,1.0,0.73,26.4,False,
dense,B3/S245678,0.2,1,0.2,0.4828352649006623,0.491875,0.3473333333333333,0.018187630707563116,0.996259750624944,1.0,0.69875,27.6,False,
dense,B3/S245678,0.2,2,0.3,0.48689983443708607,0.495,0.3469541666666666,0.010035073196235516,0.9977342257363597,1.0,0.696875,22.2,False,
dense,B3/S245678,0.2,3,0.4,0.48820778145695376,0.48625,0.34694166666666665,0.0055913428023697635,0.9989388872870298,1.0,0.680625,12.4,False,
dense,B3/S245678,0.2,4,0.5,0.4895943708609272,0.466875,0.3450541666666667,-0.006059602649007214,0.9990195521456487,1.0,0.69,10.8,False,
dense,B3/S245678,0.2,5,0.1,0.48616307947019877,0.48,0.34520416666666665,0.03347714796096171,0.9936952652533037,1.0,0.735,25.0,False,
dense,B3/S245678,0.2,6,0.2,0.4856043046357615,0.5075,0.34624583333333336,0.01864576071801968,0.9958171700700784,1.0,0.6856249999999999,30.2,False,
dense,B3/S245678,0.2,7,0.3,0.48453228476821186,0.475625,0.3483458333333333,0.009396893516904446,0.9976119264551824,1.0,0.686875,21.4,False,
dense,B3/S245678,0.2,8,0.4,0.4887458609271523,0.484375,0.3457083333333333,0.007790170791216496,0.9989035956662863,1.0,0.6975,10.8,False,
dense,B3/S245678,0.2,9,0.5,0.48918874172185434,0.49,0.3443791666666667,-0.0005051847333569771,0.9991874914886434,1.0,0.6912499999999999,8.4,False,
dense,B3/S245678,0.21,0,0.1,0.48065811258278146,0.4975,0.3526291666666667,0.03285105873126508,0.9934022985835979,1.0,0.72375,28.6,False,
dense,B3/S245678,0.21,1,0.2,0.48710678807947017,0.47625,0.34907083333333333,0.023364630533286378,0.9964333318662238,1.0,0.690625,29.0,False,
dense,B3/S245678,0.21,2,0.3,0.4800951986754966,0.491875,0.3543083333333333,0.013330537643777987,0.9973158123931457,1.0,0.6856249999999999,23.0,False,
dense,B3/S245678,0.21,3,0.4,0.48501655629139073,0.476875,0.3541875,-0.0014541216451728586,0.9986193704937347,1.0,0.681875,12.0,False,
dense,B3/S245678,0.21,4,0.5,0.48679635761589407,0.47875,0.3526916666666667,-0.0034180027884283884,0.999021489492991,1.0,0.675,9.0,False,
dense,B3/S245678,0.21,5,0.1,0.4833360927152318,0.490625,0.3524,0.027318534332519503,0.9938040638867971,1.0,0.7306250000000001,27.4,False,
dense,B3/S245678,0.21,6,0.2,0.4834147350993378,0.501875,0.35086666666666666,0.026280716277448383,0.9958290942186879,1.0,0.684375,29.8,False,
dense,B3/S245678,0.21,7,0.3,0.48712748344370865,0.511875,0.3523875,0.020644279365632328,0.9979885847454171,1.0,0.6775,21.2,False,
dense,B3/S245678,0.21,8,0.4,0.48824503311258277,0.501875,0.35179166666666667,0.014061192924363175,0.9987620505684423,1.0,0.69625,9.4,False,
dense,B3/S245678,0.21,9,0.5,0.48645695364238417,0.495625,0.35060833333333336,-0.012749869292436688,0.998919705492099,1.0,0.685,7.2,False,
dense,B3/S245678,0.22,0,0.1,0.48462748344370865,0.48375,0.35552083333333334,0.03880152056465623,0.9940140417299607,1.0,0.721875,27.8,False,
dense,B3/S245678,0.22,1,0.2,0.4856415562913908,0.47625,0.35572916666666665,0.016927609794353007,0.9963819225857752,1.0,0.6856249999999999,27.0,False,
dense,B3/S245678,0.22,2,0.3,0.4850000000000001,0.475,0.35871249999999993,0.017287709132101262,0.9976656450698386,1.0,0.674375,21.8,False,
dense,B3/S245678,0.22,3,0.4,0.48563741721854303,0.501875,0.35790416666666663,0.009369118159637618,0.9987737420576744,1.0,0.6725,9.8,False,
dense,B3/S245678,0.22,4,0.5,0.487342715231788,0.4875,0.3578583333333333,-0.010390597769258453,0.9989867696106333,1.0,0.6775,8.6,False,
dense,B3/S245678,0.22,5,0.1,0.48260347682119215,0.46875,0.3561375,0.027355785988148446,0.9940836954912521,1.0,0.72,29.6,False,
dense,B3/S245678,0.22,6,0.2,0.4854014900662252,0.471875,0.3556,0.022746383757406348,0.9958517866445353,1.0,0.674375,31.2,False,
dense,B3/S245678,0.22,7,0.3,0.48663079470198667,0.494375,0.35901250000000007,0.016787099163471292,0.997997594424405,1.0,0.66875,20.2,False,
dense,B3/S245678,0.22,8,0.4,0.4882905629139073,0.51375,0.3566791666666667,0.007016708783547674,0.9989935875317033,1.0,0.67875,9.2,False,
dense,B3/S245678,0.22,9,0.5,0.4866307947019868,0.481875,0.35705000000000003,-0.008844327291739455,0.9989176368015568,1.0,0.6799999999999999,7.6,False,
dense,B3/S245678,0.23,0,0.1,0.48249172185430467,0.490625,0.3622916666666667,0.019006840362495746,0.9940224771843459,1.0,0.708125,28.0,False,
dense,B3/S245678,0.23,1,0.2,0.48641142384105956,0.518125,0.362575,0.013753376612059541,0.9966742701706118,1.0,0.675,28.8,False,
dense,B3/S245678,0.23,2,0.3,0.48686672185430463,0.5025,0.3628625,0.01391414691530115,0.9978383678054557,1.0,0.680625,20.8,False,
dense,B3/S245678,0.23,3,0.4,0.48703642384105955,0.485625,0.3620708333333333,0.010582737887765523,0.9987890546638173,1.0,0.6737500000000001,11.0,False,
dense,B3/S245678,0.23,4,0.5,0.49073261589403977,0.5175,0.36144166666666666,-0.001053502962705003,0.999237857069496,1.0,0.670625,8.2,False,
dense,B3/S245678,0.23,5,0.1,0.48420943708609265,0.4725,0.3610291666666666,0.035452792784942073,0.9942870392897096,1.0,0.711875,28.0,False,
dense,B3/S245678,0.23,6,0.2,0.4831084437086093,0.47125,0.36209583333333334,0.02789201376786303,0.9960471310091477,1.0,0.67625,31.0,False,
dense,B3/S245678,0.23,7,0.3,0.48809188741721854,0.4675,0.3638083333333334,0.01205973335656966,0.9980817537015848,1.0,0.681875,20.8,False,
dense,B3/S245678,0.23,8,0.4,0.4873096026490067,0.498125,0.36359166666666665,0.004582607180201888,0.9988954998749361,1.0,0.6737500000000001,10.0,False,
dense,B3/S245678,0.23,9,0.5,0.490467715231788,0.506875,0.36020833333333335,-0.009767449459742502,0.999120772944882,1.0,0.6775,5.8,False,
dense,B3/S245678,0.24,0,0.1,0.48304221854304635,0.5,0.36704583333333335,0.03040976821192009,0.9941697048525757,1.0,0.704375,27.0,False,
dense,B3/S245678,0.24,1,0.2,0.4854884105960265,0.463125,0.36783333333333335,0.013716451725339578,0.9966346297375689,1.0,0.670625,30.2,False,
dense,B3/S245678,0.24,2,0.3,0.48528559602649,0.48375,0.3670291666666667,0.019782916521435642,0.9977688365578434,1.0,0.6756249999999999,22.4,False,
dense,B3/S245678,0.24,3,0.4,0.4883153973509934,0.50375,0.36877499999999996,-0.005722703903800028,0.9988740485148596,1.0,0.681875,10.6,False,
dense,B3/S245678,0.24,4,0.5,0.4881622516556291,0.49,0.36600000000000005,-0.0024925932380622435,0.9991191334603513,1.0,0.671875,10.6,False,
dense,B3/S245678,0.24,5,0.1,0.48439983443708606,0.493125,0.3659,0.02929777361449944,0.9944748311047733,1.0,0.7012499999999999,28.2,False,
dense,B3/S245678,0.24,6,0.2,0.4866183774834437,0.50125,0.36494583333333336,0.023120207389333625,0.9963762691080054,1.0,0.669375,28.4,False,
dense,B3/S245678,0.24,7,0.3,0.48443294701986767,0.474375,0.36871250000000005,0.012148614499825397,0.9978766096207314,1.0,0.6681250000000001,24.4,False,
dense,B3/S245678,0.24,8,0.4,0.48601821192052974,0.4725,0.36814583333333334,0.005042371035203094,0.9988348006164989,1.0,0.6737500000000001,11.2,False,
dense,B3/S245678,0.24,9,0.5,0.48773178807947026,0.496875,0.3671916666666667,-0.003894431857790854,0.9991213933781092,1.0,0.666875,7.2,False,
dense,B3/S245678,0.25,0,0.1,0.48283526490066225,0.503125,0.3731583333333333,0.04174015336354078,0.9942117297587548,1.0,0.694375,27.2,False,
dense,B3/S245678,0.25,1,0.2,0.48691639072847687,0.490625,0.3704666666666667,0.005927588009759369,0.9966632102013172,1.0,0.65625,27.0,False,
dense,B3/S245678,0.25,2,0.3,0.48330711920529806,0.49875,0.3749291666666667,0.01689329905890493,0.997758823471496,1.0,0.655,22.4,False,
dense,B3/S245678,0.25,3,0.4,0.4881788079470199,0.49625,0.37326666666666664,0.007835918438480057,0.998952162244127,1.0,0.6625,9.8,False,
dense,B3/S245678,0.25,4,0.5,0.4892052980132451,0.495,0.37228333333333335,0.0054550801673057025,0.9992803666070437,1.0,0.66125,10.0,False,
dense,B3/S245678,0.25,5,0.1,0.48480546357615895,0.489375,0.37351666666666666,0.035337116591146446,0.9944733106266177,1.0,0.69625,28.2,False,
dense,B3/S245678,0.25,6,0.2,0.4841100993377484,0.490625,0.37121666666666664,0.02482528755663955,0.9963241082091759,1.0,0.661875,30.6,False,
dense,B3/S245678,0.25,7,0.3,0.487421357615894,0.45625,0.37401666666666666,0.018350688393167818,0.9980609027878129,1.0,0.6575,20.8,False,
dense,B3/S245678,0.25,8,0.4,0.48706953642384115,0.504375,0.37300833333333333,0.004961005576856106,0.9988693897433969,1.0,0.653125,9.0,False,
dense,B3/S245678,0.25,9,0.5,0.4889942052980132,0.49625,0.37372083333333334,-0.010989565179505337,0.9990803540284283,1.0,0.66875,5.6,False,
dense,B3/S245678,0.26,0,0.1,0.4851738410596026,0.474375,0.37615,0.01586724468455884,0.9944703295127992,1.0,0.690625,28.6,False,
dense,B3/S245678,0.26,1,0.2,0.4866846026490066,0.486875,0.37716666666666665,0.017202422446845164,0.9967293896001144,1.0,0.65375,28.4,False,
dense,B3/S245678,0.26,2,0.3,0.48909768211920523,0.485,0.37647916666666675,0.016913885500173864,0.9980179243756706,1.0,0.661875,21.4,False,
dense,B3/S245678,0.26,3,0.4,0.4877028145695364,0.4825,0.37921666666666665,0.0002898440223067125,0.9988289982235028,1.0,0.6481250000000001,11.2,False,
dense,B3/S245678,0.26,4,0.5,0.4904139072847682,0.50125,0.37597500000000006,0.0037169963401879253,0.9992674034925816,1.0,0.655625,7.8,False,
dense,B3/S245678,0.26,5,0.1,0.48752897350993374,0.49,0.37611249999999996,0.030132668177064836,0.9949157101163884,1.0,0.684375,27.6,False,
dense,B3/S245678,0.26,6,0.2,0.4839238410596027,0.45875,0.37780416666666666,0.020224708086440803,0.9964297834937887,1.0,0.65875,32.0,False,
dense,B3/S245678,0.26,7,0.3,0.4867632450331126,0.478125,0.3792375,0.017047860752875014,0.9981578885881041,1.0,0.65375,22.2,False,
dense,B3/S245678,0.26,8,0.4,0.4886506622516556,0.480625,0.3784833333333334,0.006094240153363269,0.9989570021127187,1.0,0.659375,9.4,False,
dense,B3/S245678,0.26,9,0.5,0.4931539735099338,0.498125,0.3747916666666667,-0.004109445799930828,0.999307321384783,1.0,0.656875,8.2,False,
dense,B3/S245678,0.27,0,0.1,0.48305877483443715,0.483125,0.38316666666666666,0.026730023527361542,0.9945501907893483,1.0,0.681875,28.8,False,
dense,B3/S245678,0.27,1,0.2,0.4863038079470199,0.49375,0.3827875,0.012560016556290967,0.9969383742707887,1.0,0.65125,27.4,False,
dense,B3/S245678,0.27,2,0.3,0.48822433774834434,0.4925,0.38116249999999996,0.023308753049842496,0.998040800119893,1.0,0.6581250000000001,22.6,False,
dense,B3/S245678,0.27,3,0.4,0.4912251655629139,0.473125,0.38243750000000004,0.004977997560125031,0.9990447449193931,1.0,0.663125,11.6,False,
dense,B3/S245678,0.27,4,0.5,0.489726821192053,0.4975,0.38231666666666664,0.008019562565353069,0.999276528613666,1.0,0.645,8.6,False,
dense,B3/S245678,0.27,5,0.1,0.48822019867549665,0.49625,0.3819708333333333,0.02974250609968603,0.9949886474078972,1.0,0.67625,26.6,False,
dense,B3/S245678,0.27,6,0.2,0.48760347682119215,0.485,0.38297083333333337,0.025621950156849316,0.9966943567045541,1.0,0.65875,28.8,False,
dense,B3/S245678,0.27,7,0.3,0.48847268211920536,0.490625,0.3834458333333333,0.020981178110839764,0.9981601818579114,1.0,0.65125,22.0,False,
dense,B3/S245678,0.27,8,0.4,0.48889072847682125,0.496875,0.383325,0.004136240850469908,0.9989977086407599,1.0,0.646875,11.2,False,
dense,B3/S245678,0.27,9,0.5,0.49547185430463575,0.506875,0.3794416666666667,-0.002591930986406715,0.9994404828070004,1.0,0.650625,5.4,False,
dense,B3/S245678,0.28,0,0.1,0.48423427152317877,0.471875,0.3881,0.028170420878354634,0.9947275337861413,1.0,0.674375,26.4,False,
dense,B3/S245678,0.28,1,0.2,0.48652317880794693,0.46125,0.38819583333333335,0.02355938480306721,0.9968711888117047,1.0,0.645625,28.0,False,
dense,B3/S245678,0.28,2,0.3,0.48578228476821195,0.48375,0.3888041666666666,0.010505947194143854,0.9979309049774036,1.0,0.651875,20.8,False,
dense,B3/S245678,0.28,3,0.4,0.49046357615894043,0.499375,0.38884583333333333,-0.0034588489020565276,0.9989266375950467,1.0,0.645625,9.6,False,
dense,B3/S245678,0.28,4,0.5,0.4882740066225166,0.490625,0.3874958333333333,-0.007583652840711265,0.9992106403691766,1.0,0.65875,8.8,False,
dense,B3/S245678,0.28,5,0.1,0.48756208609271523,0.4775,0.3872375,0.024390358138723867,0.9951336808183764,1.0,0.665,27.4,False,
dense,B3/S245678,0.28,6,0.2,0.4877110927152318,0.494375,0.38600000000000007,0.02199514203555204,0.9967139322944396,1.0,0.645,28.0,False,
dense,B3/S245678,0.28,7,0.3,0.49004552980132454,0.485,0.38818333333333327,0.014382733530846827,0.998320856972397,1.0,0.66125,19.4,False,
dense,B3/S245678,0.28,8,0.4,0.4875579470198676,0.484375,0.3892416666666667,0.002566116242593069,0.9989446678211796,1.0,0.6575,11.0,False,
dense,B3/S245678,0.28,9,0.5,0.48954884105960267,0.479375,0.3870166666666666,-0.0026549973858484913,0.9989809777065706,1.0,0.645625,5.2,False,
dense,B3/S245678,0.29,0,0.1,0.4884975165562914,0.48125,0.3917625,0.024829862321365807,0.9950491155630208,1.0,0.6699999999999999,27.8,False,
dense,B3/S245678,0.29,1,0.2,0.4880670529801325,0.48875,0.3923875,0.016535160334611228,0.9971261133269457,1.0,0.6443749999999999,28.0,False,
dense,B3/S245678,0.29,2,0.3,0.4912417218543047,0.496875,0.3909,0.019875392122690388,0.9982852452248936,1.0,0.643125,20.2,False,
dense,B3/S245678,0.29,3,0.4,0.4902938741721855,0.4925,0.39449999999999996,0.005599838794004133,0.9990040474278024,1.0,0.639375,9.6,False,
dense,B3/S245678,0.29,4,0.5,0.49016970198675497,0.489375,0.3918208333333334,0.005103476821191814,0.9993485981615295,1.0,0.650625,7.6,False,
dense,B3/S245678,0.29,5,0.1,0.48830298013245044,0.5,0.39237916666666667,0.02256600731962337,0.9950904726830356,1.0,0.655625,26.0,False,
dense,B3/S245678,0.29,6,0.2,0.48527317880794707,0.49625,0.39407916666666665,0.01669821802021581,0.9966702685573839,1.0,0.64,29.6,False,
dense,B3/S245678,0.29,7,0.3,0.49044288079470194,0.51625,0.3918416666666667,0.01598553502962654,0.9984464903223451,1.0,0.651875,19.8,False,
dense,B3/S245678,0.29,8,0.4,0.49047185430463575,0.49375,0.39348749999999993,0.017917719588706568,0.9989871747128984,1.0,0.6375,9.8,False,
dense,B3/S245678,0.29,9,0.5,0.4917342715231789,0.475,0.3902208333333333,-0.00753300365981172,0.9992482020505926,1.0,0.641875,7.6,False,
dense,B3/S245678,0.3,0,0.1,0.48623344370860927,0.4775,0.3985208333333334,0.018662099163471398,0.9950924657379988,1.0,0.6543749999999999,28.2,False,
dense,B3/S245678,0.3,1,0.2,0.48841887417218544,0.4775,0.39909583333333337,0.014986602474729757,0.9971236244046467,1.0,0.65,27.8,False,
dense,B3/S245678,0.3,2,0.3,0.48778973509933776,0.480625,0.39924166666666666,0.005968760892296548,0.9981730354652525,1.0,0.6331249999999999,23.2,False,
dense,B3/S245678,0.3,3,0.4,0.4883443708609272,0.48125,0.4004666666666667,0.011100666608574271,0.9989287995025977,1.0,0.6325000000000001,11.4,False,
dense,B3/S245678,0.3,4,0.5,0.4905587748344371,0.483125,0.39697083333333333,0.005487757058208389,0.9992638445029061,1.0,0.63375,7.0,False,
dense,B3/S245678,0.3,5,0.1,0.485546357615894,0.506875,0.398325,0.014915693621470506,0.9950741054777834,1.0,0.645625,25.2,False,
dense,B3/S245678,0.3,6,0.2,0.48805463576158936,0.475625,0.39865000000000006,0.021006992854652472,0.9968816105907105,1.0,0.6375,29.4,False,
dense,B3/S245678,0.3,7,0.3,0.4870985099337748,0.49875,0.3978916666666667,0.008446976298361194,0.9982268729334167,1.0,0.6487499999999999,20.0,False,
dense,B3/S245678,0.3,8,0.4,0.49013658940397353,0.51,0.3993125,0.0015635892296963394,0.9990797495078316,1.0,0.6331249999999999,9.6,False,
dense,B3/S245678,0.3,9,0.5,0.49316225165562916,0.509375,0.3969,-0.0023216930986411895,0.9992902661821577,1.0,0.6481250000000001,4.0,False,
dense,B3/S245678,0.31,0,0.1,0.4903021523178809,0.49,0.40092083333333334,0.02553895085395569,0.995331196155006,1.0,0.6487499999999999,25.6,False,
dense,B3/S245678,0.31,1,0.2,0.4909188741721854,0.50375,0.4030958333333334,0.013025989020564446,0.9973772842568324,1.0,0.629375,29.8,False,
dense,B3/S245678,0.31,2,0.3,0.49000000000000005,0.49625,0.4018375,0.016331910073195902,0.9983008794867744,1.0,0.63375,21.4,False,
dense,B3/S245678,0.31,3,0.4,0.4915852649006623,0.514375,0.4031625,0.011269932903450434,0.9989918741934838,1.0,0.638125,10.6,False,
dense,B3/S245678,0.31,4,0.5,0.4919246688741722,0.488125,0.40265416666666665,0.009332193272916841,0.9993348638670053,1.0,0.624375,7.4,False,
dense,B3/S245678,0.31,5,0.1,0.4880256622516556,0.488125,0.4031416666666667,0.025044876263506342,0.9953159608265515,1.0,0.638125,27.4,False,
dense,B3/S245678,0.31,6,0.2,0.49026076158940407,0.483125,0.4023,0.02198729958173544,0.9970581962002741,1.0,0.628125,30.2,False,
dense,B3/S245678,0.31,7,0.3,0.4873096026490067,0.4825,0.40513333333333335,0.01152383234576499,0.9980482272529124,1.0,0.6368750000000001,20.4,False,
dense,B3/S245678,0.31,8,0.4,0.490923013245033,0.464375,0.40221666666666667,0.004217933077726937,0.9992022189824292,1.0,0.635,8.8,False,
dense,B3/S245678,0.31,9,0.5,0.4927359271523179,0.471875,0.4014583333333333,-0.012059406587661433,0.999339387332856,1.0,0.6325000000000001,5.6,False,
dense,B3/S245678,0.32,0,0.1,0.4903394039735099,0.505625,0.4056166666666667,0.017068447194143823,0.9953718032523208,1.0,0.6331249999999999,28.2,False,
dense,B3/S245678,0.32,1,0.2,0.4887417218543046,0.48625,0.40752083333333333,0.005512264726385498,0.9971680167306786,1.0,0.62375,26.4,False,
dense,B3/S245678,0.32,2,0.3,0.4942177152317881,0.495,0.4063791666666666,0.013928524747298249,0.9984464082545962,1.0,0.62625,20.8,False,
dense,B3/S245678,0.32,3,0.4,0.49039321192052976,0.48875,0.40795000000000003,0.00045028755663909165,0.9990383096955974,1.0,0.6268750000000001,10.8,False,
dense,B3/S245678,0.32,4,0.5,0.493319536423841,0.509375,0.4072291666666667,0.006417741373300665,0.9994526003154866,1.0,0.6212500000000001,6.0,False,
dense,B3/S245678,0.32,5,0.1,0.4895281456953642,0.478125,0.4089583333333333,0.024485121122341896,0.9953665872810677,1.0,0.629375,25.6,False,
dense,B3/S245678,0.32,6,0.2,0.48956539735099336,0.490625,0.40574166666666667,0.012249586092714633,0.9969735401807351,1.0,0.631875,29.0,False,
dense,B3/S245678,0.32,7,0.3,0.4922930463576157,0.495,0.4088583333333333,0.005191050888810949,0.9984246068029747,1.0,0.62375,20.8,False,
dense,B3/S245678,0.32,8,0.4,0.4922475165562914,0.465625,0.40890000000000004,0.0037300670965492375,0.9991382941397889,1.0,0.619375,8.8,False,
dense,B3/S245678,0.32,9,0.5,0.49108029801324493,0.4875,0.4078708333333333,0.0004878659811777622,0.9992770869512148,1.0,0.6368750000000001,6.0,False,
dense,B3/S245678,0.33,0,0.1,0.48903145695364236,0.485,0.4119791666666666,0.02778221941442982,0.9952904807171175,1.0,0.6268750000000001,26.6,False,
dense,B3/S245678,0.33,1,0.2,0.48968543046357615,0.496875,0.4123416666666667,0.013664495468804431,0.9971947133531914,1.0,0.6275,26.4,False,
dense,B3/S245678,0.33,2,0.3,0.4919246688741723,0.4925,0.4129875,0.008156151969327358,0.9983233921110712,1.0,0.62375,24.0,False,
dense,B3/S245678,0.33,3,0.4,0.49248344370860936,0.49625,0.4127,0.0064765597769256625,0.9991518582308933,1.0,0.6225,10.4,False,
dense,B3/S245678,0.33,4,0.5,0.49227235099337735,0.483125,0.4122791666666667,0.00981646479609572,0.9994006046702003,1.0,0.6268750000000001,7.8,False,
dense,B3/S245678,0.33,5,0.1,0.4922640728476821,0.49,0.41227916666666664,0.021734380446147755,0.9955327567051863,1.0,0.6275,26.6,False,
dense,B3/S245678,0.33,6,0.2,0.49073261589403977,0.485,0.4100708333333334,0.01936857354478952,0.997173361178127,1.0,0.619375,30.2,False,
dense,B3/S245678,0.33,7,0.3,0.4915438741721855,0.514375,0.41293749999999996,0.013111275705820859,0.9983316292783754,1.0,0.618125,20.2,False,
dense,B3/S245678,0.33,8,0.4,0.4915645695364238,0.4775,0.4125291666666666,0.003386306204251824,0.9992056554334026,1.0,0.6131249999999999,10.0,False,
dense,B3/S245678,0.33,9,0.5,0.4921316225165562,0.48125,0.4130708333333334,-0.006055027884280895,0.9993351247549099,1.0,0.625625,5.8,False,
dense,B3/S245678,0.34,0,0.1,0.48963990066225155,0.5,0.41841249999999997,0.025238650226559925,0.995407224118564,1.0,0.620625,26.8,False,
dense,B3/S245678,0.34,1,0.2,0.4901241721854304,0.4875,0.41882916666666664,0.022499019693272792,0.9973237980334066,1.0,0.6125,27.8,False,
dense,B3/S245678,0.34,2,0.3,0.49263245033112574,0.503125,0.418075,0.0092792567096547,0.9984866522855198,1.0,0.618125,22.0,False,
dense,B3/S245678,0.34,3,0.4,0.4904221854304636,0.474375,0.4193541666666666,0.01096178982223751,0.999085468934816,1.0,0.6231249999999999,12.4,False,
dense,B3/S245678,0.34,4,0.5,0.49228890728476815,0.4875,0.41588333333333327,-0.007659136458697209,0.9992380075511971,1.0,0.61875,6.4,False,
dense,B3/S245678,0.34,5,0.1,0.48900662251655624,0.4975,0.41809583333333333,0.02917686911815879,0.9955180930501207,1.0,0.61375,26.8,False,
dense,B3/S245678,0.34,6,0.2,0.49081539735099344,0.509375,0.417725,0.026637547926106488,0.9972141222002279,1.0,0.6174999999999999,29.4,False,
dense,B3/S245678,0.34,7,0.3,0.4921978476821192,0.490625,0.41762083333333333,0.01433371819449186,0.9984977220644328,1.0,0.6125,19.2,False,
dense,B3/S245678,0.34,8,0.4,0.489544701986755,0.503125,0.41995000000000005,0.005803415824328122,0.9990787386845669,1.0,0.61,8.6,False,
dense,B3/S245678,0.34,9,0.5,0.49412251655629136,0.496875,0.41959166666666664,-0.012714251481352948,0.9995185076537655,1.0,0.6056250000000001,6.6,False,
dense,B3/S245678,0.35,0,0.1,0.48936258278145695,0.519375,0.4222916666666667,0.017465798187521524,0.995431485365107,1.0,0.615,25.4,False,
dense,B3/S245678,0.35,1,0.2,0.49266970198675497,0.508125,0.42144166666666666,0.026652579295922043,0.9973426111080661,1.0,0.6112500000000001,27.6,False,
dense,B3/S245678,0.35,2,0.3,0.49301738410596024,0.504375,0.42333333333333334,0.015605502788427743,0.9983788977222552,1.0,0.61,21.0,False,
dense,B3/S245678,0.35,3,0.4,0.4922475165562914,0.498125,0.42437083333333336,-0.005098248518647852,0.9991190871221507,1.0,0.603125,10.0,False,
dense,B3/S245678,0.35,4,0.5,0.49377069536423845,0.48,0.4230333333333333,0.004613650226559684,0.9994340433198575,1.0,0.614375,8.6,False,
dense,B3/S245678,0.35,5,0.1,0.48972268211920533,0.47875,0.42318750000000005,0.0194401359358661,0.9955990720117809,1.0,0.6074999999999999,26.0,False,
dense,B3/S245678,0.35,6,0.2,0.49120447019867547,0.506875,0.42156666666666665,0.015877701289647824,0.9973708656982374,1.0,0.614375,28.2,False,
dense,B3/S245678,0.35,7,0.3,0.4940852649006623,0.480625,0.4232708333333333,0.012997886894387953,0.9985958239548188,1.0,0.60625,19.4,False,
dense,B3/S245678,0.35,8,0.4,0.4935471854304636,0.500625,0.4229166666666666,0.014393190135935315,0.999288705763637,1.0,0.60625,10.8,False,
dense,B3/S245678,0.35,9,0.5,0.49384105960264896,0.52625,0.4231125,-0.008616569362147834,0.9994162442884894,1.0,0.61375,5.8,False,
dense,B3/S245678,0.36,0,0.1,0.4891597682119206,0.501875,0.4267333333333333,0.021108291216451688,0.9955150508687688,1.0,0.610625,26.2,False,
dense,B3/S245678,0.36,1,0.2,0.49121274834437084,0.46625,0.4255375,0.006989586964098741,0.997375379590841,1.0,0.60375,27.6,False,
dense,B3/S245678,0.36,2,0.3,0.4927980132450331,0.505625,0.43060000000000004,0.008810016556291066,0.998381670024742,1.0,0.6,19.0,False,
dense,B3/S245678,0.36,3,0.4,0.49466887417218536,0.5025,0.42854166666666665,0.004723771348902183,0.9992270418227847,1.0,0.60625,12.4,False,
dense,B3/S245678,0.36,4,0.5,0.4926448675496689,0.486875,0.42720416666666666,0.01552707825026112,0.9993656736410474,1.0,0.60375,7.8,False,
dense,B3/S245678,0.36,5,0.1,0.49210678807947034,0.48875,0.4257541666666667,0.012840057511327586,0.995757240831566,1.0,0.6125,24.6,False,
dense,B3/S245678,0.36,6,0.2,0.49216473509933784,0.498125,0.428575,0.022325178633670183,0.9973346973298468,1.0,0.6074999999999999,29.8,False,
dense,B3/S245678,0.36,7,0.3,0.49128725165562914,0.473125,0.42842083333333336,0.012526359358660972,0.9983730843441999,1.0,0.609375,20.0,False,
dense,B3/S245678,0.36,8,0.4,0.49421357615894046,0.49,0.4274541666666667,0.002414168699894871,0.999262216148011,1.0,0.604375,9.4,False,
dense,B3/S245678,0.36,9,0.5,0.49427566225165565,0.508125,0.4251999999999999,0.0014413776577200871,0.9994921040460971,1.0,0.603125,4.0,False,
dense,B3/S245678,0.37,0,0.1,0.4891142384105959,0.480625,0.432,0.02080733705123753,0.9956275905924237,1.0,0.603125,27.8,False,
dense,B3/S245678,0.37,1,0.2,0.4922640728476822,0.48125,0.4325875,0.01244368682467707,0.9975057631841296,1.0,0.596875,27.2,False,
dense,B3/S245678,0.37,2,0.3,0.4943584437086093,0.498125,0.43218333333333325,0.01384029714186072,0.9984797527174744,1.0,0.605,21.6,False,
dense,B3/S245678,0.37,3,0.4,0.4958774834437086,0.483125,0.4331041666666667,0.013468434123387251,0.999201013218335,1.0,0.596875,11.2,False,
dense,B3/S245678,0.37,4,0.5,0.494283940397351,0.501875,0.4327124999999999,0.006297817183687447,0.9994755284017603,1.0,0.61,8.2,False,
dense,B3/S245678,0.37,5,0.1,0.4928725165562915,0.488125,0.43406666666666666,0.01768930812129599,0.9958301573017316,1.0,0.59875,25.8,False,
dense,B3/S245678,0.37,6,0.2,0.4916928807947019,0.51125,0.4312041666666666,0.01883495991634701,0.9973602429472778,1.0,0.59875,28.0,False,
dense,B3/S245678,0.37,7,0.3,0.49241721854304626,0.5075,0.43340833333333334,0.01307859881491786,0.998439849719144,1.0,0.59875,22.4,False,
dense,B3/S245678,0.37,8,0.4,0.4945778145695365,0.49125,0.4326125,0.011846353258975078,0.9992431608582092,1.0,0.59875,9.6,False,
dense,B3/S245678,0.37,9,0.5,0.49528145695364234,0.4975,0.43142083333333325,0.003114434471941595,0.9994463576594595,1.0,0.595,5.6,False,
dense,B3/S245678,0.38,0,0.1,0.49182119205298,0.50875,0.4387958333333333,0.022601625130707233,0.9958259610920815,1.0,0.599375,26.6,False,
dense,B3/S245678,0.38,1,0.2,0.4924503311258278,0.504375,0.43734999999999996,0.016701158940396862,0.9973837162584789,1.0,0.6025,26.6,False,
dense,B3/S245678,0.38,2,0.3,0.4938327814569536,0.50125,0.43838750000000004,0.014247451202509639,0.9984518635247693,1.0,0.596875,19.8,False,
dense,B3/S245678,0.38,3,0.4,0.494283940397351,0.47375,0.4383833333333333,0.005495272743115948,0.9992485955832362,1.0,0.59125,11.4,False,
dense,B3/S245678,0.38,4,0.5,0.4930008278145695,0.495625,0.4375208333333334,0.009187107877309121,0.9993684346268031,1.0,0.6025,9.6,False,
dense,B3/S245678,0.38,5,0.1,0.4913162251655629,0.495625,0.43929166666666675,0.01472322673405346,0.9957991560741106,1.0,0.596875,26.8,False,
dense,B3/S245678,0.38,6,0.2,0.4922640728476821,0.515,0.4366291666666667,0.015814961659114276,0.997470913509615,1.0,0.59375,28.4,False,
dense,B3/S245678,0.38,7,0.3,0.49286009933774827,0.495625,0.43933749999999994,0.007865327640292399,0.9985395702859302,1.0,0.594375,21.4,False,
dense,B3/S245678,0.38,8,0.4,0.4948551324503312,0.484375,0.43839999999999996,0.006677195887067976,0.9992888426561211,1.0,0.606875,9.2,False,
dense,B3/S245678,0.38,9,0.5,0.4958609271523179,0.479375,0.4368916666666667,0.002070081038689604,0.9996087720017274,1.0,0.59875,5.8,False,
dense,B3/S245678,0.39,0,0.1,0.4916432119205298,0.471875,0.4413166666666667,0.024115218717323108,0.9958200215909726,1.0,0.596875,27.2,False,
dense,B3/S245678,0.39,1,0.2,0.49344370860927145,0.505625,0.443325,0.013728215406064228,0.9975779746003032,1.0,0.579375,26.0,False,
dense,B3/S245678,0.39,2,0.3,0.4927524834437086,0.499375,0.444375,0.008402862495642647,0.9985270003853178,1.0,0.5825,21.8,False,
dense,B3/S245678,0.39,3,0.4,0.49581125827814576,0.476875,0.44486249999999994,0.005735121122341447,0.9993168688109847,1.0,0.583125,11.8,False,
dense,B3/S245678,0.39,4,0.5,0.49675496688741716,0.47125,0.44380000000000003,0.004815593412338408,0.9996125896791921,1.0,0.59875,7.2,False,
dense,B3/S245678,0.39,5,0.1,0.49209850993377485,0.4875,0.4429208333333333,0.02182685604740306,0.9957998730542152,1.0,0.590625,24.6,False,
dense,B3/S245678,0.39,6,0.2,0.49340645695364244,0.49625,0.4445625,0.019111079644475577,0.9974550799786138,1.0,0.593125,28.6,False,
dense,B3/S245678,0.39,7,0.3,0.49656870860927155,0.49625,0.44100000000000006,0.009483160508887605,0.9986727487327964,1.0,0.595,18.8,False,
dense,B3/S245678,0.39,8,0.4,0.4958153973509935,0.505,0.4427708333333334,0.005496906587660839,0.9993390558770356,1.0,0.6012500000000001,8.0,False,
dense,B3/S245678,0.39,9,0.5,0.49420529801324503,0.490625,0.4440083333333333,-0.007010500174276965,0.9994440885750987,1.0,0.5925,6.0,False,
dense,B3/S245678,0.4,0,0.1,0.4936134105960265,0.510625,0.445625,0.02173601429069327,0.9957857749918881,1.0,0.5918749999999999,25.8,False,
dense,B3/S245678,0.4,1,0.2,0.49412251655629136,0.51125,0.44805416666666664,0.012223444579992384,0.9975496197233197,1.0,0.59125,25.8,False,
dense,B3/S245678,0.4,2,0.3,0.49491721854304627,0.4825,0.44868749999999996,0.004974403102125772,0.9985006035149706,1.0,0.59875,21.8,False,
dense,B3/S245678,0.4,3,0.4,0.4961009933774834,0.49875,0.44916666666666666,0.004150945451376299,0.9992261782417462,1.0,0.58125,10.2,False,
dense,B3/S245678,0.4,4,0.5,0.4955877483443708,0.526875,0.4490541666666667,0.004787164517253,0.9994750265041976,1.0,0.5775,6.0,False,
dense,B3/S245678,0.4,5,0.1,0.4934188741721854,0.469375,0.449275,0.01697531805507075,0.995857856259794,1.0,0.586875,28.6,False,
dense,B3/S245678,0.4,6,0.2,0.4924710264900662,0.48375,0.44792916666666655,0.014063480306726522,0.9974121678495208,1.0,0.5974999999999999,29.0,False,
dense,B3/S245678,0.4,7,0.3,0.4934975165562915,0.50125,0.44874166666666665,0.010878790519344256,0.998568602542761,1.0,0.5875,18.8,False,
dense,B3/S245678,0.4,8,0.4,0.4961382450331126,0.520625,0.44675833333333337,0.010647438131753001,0.9992866815490142,1.0,0.586875,10.0,False,
dense,B3/S245678,0.4,9,0.5,0.4958609271523179,0.513125,0.44872500000000004,-0.001625675322412431,0.9994041330237127,1.0,0.594375,6.2,False,
dense,B3/S245678,0.41,0,0.1,0.49423841059602647,0.471875,0.45321666666666666,0.01788634977344017,0.9957301103551588,1.0,0.575,27.0,False,
dense,B3/S245678,0.41,1,0.2,0.49346026490066225,0.51,0.45365416666666664,0.012025422621121834,0.997501960055626,1.0,0.58125,27.2,False,
dense,B3/S245678,0.41,2,0.3,0.4971440397350993,0.486875,0.4539666666666667,0.00941094457999263,0.9985738243845454,1.0,0.576875,19.6,False,
dense,B3/S245678,0.41,3,0.4,0.4961423841059602,0.47875,0.4532333333333333,0.005250196061345175,0.9992288455022899,1.0,0.579375,10.8,False,
dense,B3/S245678,0.41,4,0.5,0.49677152317880796,0.5125,0.453625,0.003926455210873835,0.9995774749232177,1.0,0.571875,7.6,False,
dense,B3/S245678,0.41,5,0.1,0.49658526490066224,0.498125,0.4531666666666666,0.015300954165214016,0.9958057150102428,1.0,0.575625,25.0,False,
dense,B3/S245678,0.41,6,0.2,0.49189983443708624,0.484375,0.45265833333333316,0.011557816312303465,0.9974983913200587,1.0,0.57375,30.8,False,
dense,B3/S245678,0.41,7,0.3,0.4953683774834436,0.49375,0.4531916666666667,0.005531217323108353,0.9986333330134829,1.0,0.576875,20.4,False,
dense,B3/S245678,0.41,8,0.4,0.49557947019867554,0.504375,0.45311666666666667,0.002170072324851657,0.9993247125191702,1.0,0.585,7.8,False,
dense,B3/S245678,0.41,9,0.5,0.496146523178808,0.5175,0.4529791666666667,0.009385783373997566,0.9995711692838651,1.0,0.58125,6.4,False,
dense,B3/S245678,0.42,0,0.1,0.49298427152317886,0.50875,0.45770416666666675,0.02047566660857406,0.995890807352709,1.0,0.580625,27.8,False,
dense,B3/S245678,0.42,1,0.2,0.4957864238410597,0.491875,0.4575333333333333,0.012574067619378963,0.9975458050724899,1.0,0.5743750000000001,28.2,False,
dense,B3/S245678,0.42,2,0.3,0.49488410596026483,0.483125,0.4593166666666667,0.008946279191355563,0.9985815740527354,1.0,0.5725,22.4,False,
dense,B3/S245678,0.42,3,0.4,0.49652731788079474,0.505625,0.45924583333333335,0.008167588881143155,0.9993140465799902,1.0,0.575625,9.8,False,
dense,B3/S245678,0.42,4,0.5,0.49603476821192055,0.489375,0.4589041666666666,0.002767079121644672,0.999490174082936,1.0,0.5706249999999999,7.0,False,
dense,B3/S245678,0.42,5,0.1,0.49392384105960263,0.49625,0.4601458333333333,0.013816769780410921,0.995962909877039,1.0,0.583125,26.0,False,
dense,B3/S245678,0.42,6,0.2,0.49332781456953645,0.466875,0.458675,0.012536815963750208,0.997431752211959,1.0,0.573125,33.2,False,
dense,B3/S245678,0.42,7,0.3,0.4957036423841059,0.4825,0.45924999999999994,0.007903886371557816,0.9985802418662391,1.0,0.576875,19.8,False,
dense,B3/S245678,0.42,8,0.4,0.4957615894039736,0.5025,0.4587541666666667,0.004524769083304074,0.9992899484210662,1.0,0.5818749999999999,7.8,False,
dense,B3/S245678,0.42,9,0.5,0.4967218543046357,0.5025,0.4576458333333333,-0.0034516599860578844,0.9995223100418029,1.0,0.575625,4.6,False,
dense,B3/S245678,0.43,0,0.1,0.4940769867549669,0.513125,0.4632333333333332,0.01639334262809354,0.9959274531005985,1.0,0.5743750000000001,25.0,False,
dense,B3/S245678,0.43,1,0.2,0.4963369205298014,0.503125,0.463325,0.013488367026838354,0.9976482438365796,1.0,0.571875,25.6,False,
dense,B3/S245678,0.43,2,0.3,0.49730546357615896,0.4975,0.4635041666666666,0.004835199546879783,0.9985737655225987,1.0,0.575,20.6,False,
dense,B3/S245678,0.43,3,0.4,0.4968418874172186,0.505,0.46455833333333335,0.006573936911815828,0.9993516379531175,1.0,0.566875,8.0,False,
dense,B3/S245678,0.43,4,0.5,0.49699917218543044,0.496875,0.4628708333333333,-0.006031827291739637,0.9995756604265079,1.0,0.563125,6.8,False,
dense,B3/S245678,0.43,5,0.1,0.4935430463576159,0.4975,0.4656041666666666,0.01604762112234182,0.9958668326993801,1.0,0.5662499999999999,26.0,False,
dense,B3/S245678,0.43,6,0.2,0.4928849337748344,0.504375,0.4634833333333334,0.01060267079121625,0.9974877648819631,1.0,0.5662499999999999,29.6,False,
dense,B3/S245678,0.43,7,0.3,0.4975496688741722,0.50875,0.46254166666666663,0.008813284245381097,0.9986405329312017,1.0,0.56875,19.4,False,
dense,B3/S245678,0.43,8,0.4,0.4959726821192053,0.525,0.4654125,0.006757581038689342,0.9993288832862981,1.0,0.5743750000000001,9.0,False,
dense,B3/S245678,0.43,9,0.5,0.49895281456953644,0.50125,0.46265416666666664,0.002187391077029935,0.9994630924714198,1.0,0.579375,4.0,False,
dense,B3/S245678,0.44,0,0.1,0.49384105960264896,0.495625,0.46802499999999997,0.0245462269083298,0.9959154829341055,1.0,0.5625,27.2,False,
dense,B3/S245678,0.44,1,0.2,0.4954635761589404,0.493125,0.4685583333333333,0.005978237190658476,0.9975294469724106,1.0,0.569375,27.2,False,
dense,B3/S245678,0.44,2,0.3,0.4957326158940398,0.510625,0.4693416666666666,0.004437195015684502,0.9986097585614703,1.0,0.56375,19.8,False,
dense,B3/S245678,0.44,3,0.4,0.4953849337748344,0.5025,0.4696083333333334,0.003832018996165534,0.9991988750581199,1.0,0.5675,12.0,False,
dense,B3/S245678,0.44,4,0.5,0.49764900662251654,0.513125,0.4688625,-0.0048443490763330445,0.999489027024394,1.0,0.56875,6.0,False,
dense,B3/S245678,0.44,5,0.1,0.49569536423841054,0.493125,0.46929166666666666,0.013933753049842837,0.9959045764492379,1.0,0.56375,26.8,False,
dense,B3/S245678,0.44,6,0.2,0.49592301324503313,0.49125,0.46848750000000006,0.013948784419658517,0.997678934802708,1.0,0.56875,27.8,False,
dense,B3/S245678,0.44,7,0.3,0.4969288079470198,0.518125,0.46942916666666673,0.005292022481700686,0.9986995607941476,1.0,0.566875,18.4,False,
dense,B3/S245678,0.44,8,0.4,0.49684602649006626,0.51375,0.46778749999999986,0.0011626437783195682,0.9993316917608451,1.0,0.558125,8.8,False,
dense,B3/S245678,0.44,9,0.5,0.4966307947019868,0.4975,0.4686958333333333,-0.001489739456256848,0.9995350222808719,1.0,0.5643750000000001,6.4,False,
dense,B3/S245678,0.45,0,0.1,0.495182119205298,0.509375,0.47233333333333327,0.017504683687695356,0.9959376740823324,1.0,0.56125,27.6,False,
dense,B3/S245678,0.45,1,0.2,0.49474751655629157,0.499375,0.4738166666666667,0.01055986406413343,0.9976365158246601,1.0,0.5675,27.0,False,
dense,B3/S245678,0.45,2,0.3,0.49667632450331134,0.49375,0.4748541666666667,0.011329404844893452,0.9985559401102824,1.0,0.5525,22.2,False,
dense,B3/S245678,0.45,3,0.4,0.49898592715231793,0.4775,0.47468333333333323,0.0045535247472981485,0.9993415824567158,1.0,0.5625,9.8,False,
dense,B3/S245678,0.45,4,0.5,0.49718956953642385,0.49875,0.47357499999999997,-0.0010087356221683765,0.9995450835147849,1.0,0.5606249999999999,9.6,False,
dense,B3/S245678,0.45,5,0.1,0.49454056291390724,0.525625,0.47495833333333326,0.019462356221679612,0.9960122449962534,1.0,0.561875,25.6,False,
dense,B3/S245678,0.45,6,0.2,0.49671771523178815,0.5125,0.47335416666666663,0.012769148658068772,0.9976749645365065,1.0,0.5575,30.0,False,
dense,B3/S245678,0.45,7,0.3,0.49821192052980146,0.484375,0.4743374999999999,0.00648668961310486,0.9986312905226296,1.0,0.566875,20.4,False,
dense,B3/S245678,0.45,8,0.4,0.49605546357615904,0.509375,0.4741916666666666,0.0032572324851861557,0.9993714989132341,1.0,0.5575,8.4,False,
dense,B3/S245678,0.45,9,0.5,0.49800910596026493,0.511875,0.4753833333333334,-0.00063033722551422,0.9994456949553283,1.0,0.5625,5.6,False,
dense,B3/S245678,0.46,0,0.1,0.49604718543046367,0.506875,0.4790750000000001,0.01921989369118123,0.9960052260665074,1.0,0.5487500000000001,26.8,False,
dense,B3/S245678,0.46,1,0.2,0.49725165562913914,0.491875,0.47894166666666665,0.014926150226559307,0.9975387606223407,1.0,0.5549999999999999,26.6,False,
dense,B3/S245678,0.46,2,0.3,0.4978435430463576,0.4875,0.4789625,0.008517558382711215,0.9985916028789217,1.0,0.55375,22.2,False,
dense,B3/S245678,0.46,3,0.4,0.49798841059602644,0.504375,0.4806541666666667,0.008563632798884316,0.9992515991782094,1.0,0.56375,10.4,False,
dense,B3/S245678,0.46,4,0.5,0.49956953642384105,0.48625,0.48146666666666665,-0.0014090275357270664,0.9996411943312656,1.0,0.5487500000000001,6.4,False,
dense,B3/S245678,0.46,5,0.1,0.4948385761589405,0.49625,0.4795874999999999,0.023717214186127263,0.9960270309888264,1.0,0.55125,26.4,False,
dense,B3/S245678,0.46,6,0.2,0.4968129139072848,0.511875,0.47831666666666667,0.01052424625304919,0.9976943281837539,1.0,0.5662499999999999,29.6,False,
dense,B3/S245678,0.46,7,0.3,0.4967384105960265,0.505,0.47905833333333325,0.010896109271522347,0.9987101154669016,1.0,0.55375,20.4,False,
dense,B3/S245678,0.46,8,0.4,0.4970860927152317,0.4875,0.4781041666666666,-0.0004205515859187706,0.9993691195566542,1.0,0.55,10.0,False,
dense,B3/S245678,0.46,9,0.5,0.5010430463576159,0.491875,0.47867499999999996,-0.00015390815615250428,0.9995458151044643,1.0,0.5549999999999999,5.4,False,
dense,B3/S245678,0.47,0,0.1,0.49571605960264903,0.511875,0.4820666666666666,0.02131219501568428,0.9959661112356547,1.0,0.54625,26.6,False,
dense,B3/S245678,0.47,1,0.2,0.4961796357615894,0.49875,0.48365416666666666,0.009246253049842598,0.997544400423457,1.0,0.5475,26.4,False,
dense,B3/S245678,0.47,2,0.3,0.4987375827814571,0.51625,0.48575416666666665,0.01088140467061652,0.9985901879724138,1.0,0.5449999999999999,21.2,False,
dense,B3/S245678,0.47,3,0.4,0.49842301324503313,0.5025,0.48635,0.001772067793656064,0.9992736143829041,1.0,0.54375,9.6,False,
dense,B3/S245678,0.47,4,0.5,0.49792632450331126,0.508125,0.48529583333333337,0.00033820582084309836,0.999595313975747,1.0,0.559375,6.4,False,
dense,B3/S245678,0.47,5,0.1,0.4974875827814569,0.506875,0.48515833333333336,0.02290127222028591,0.9959665661550373,1.0,0.553125,27.0,False,
dense,B3/S245678,0.47,6,0.2,0.49751241721854306,0.50125,0.48417916666666677,0.011044135587312369,0.9977186585508978,1.0,0.54625,30.0,False,
dense,B3/S245678,0.47,7,0.3,0.4974834437086093,0.513125,0.4829208333333334,0.012154823109096793,0.9986390527902435,1.0,0.5506249999999999,20.2,False,
dense,B3/S245678,0.47,8,0.4,0.49862168874172186,0.509375,0.4839833333333333,-0.0021364151272224114,0.9994242551638026,1.0,0.55125,10.8,False,
dense,B3/S245678,0.47,9,0.5,0.498033940397351,0.488125,0.48201666666666654,0.00588739543394881,0.9995181086952325,1.0,0.549375,7.8,False,
dense,B3/S245678,0.48,0,0.1,0.49697847682119195,0.498125,0.4876083333333334,0.01950941094457971,0.9960189183776309,1.0,0.548125,26.4,False,
dense,B3/S245678,0.48,1,0.2,0.4967673841059603,0.48375,0.4892958333333333,0.009044963401882017,0.9976241185610734,1.0,0.535625,26.6,False,
dense,B3/S245678,0.48,2,0.3,0.49611341059602654,0.505,0.4899625,0.008585199546880373,0.9985878267584697,1.0,0.540625,20.0,False,
dense,B3/S245678,0.48,3,0.4,0.4990480132450331,0.515,0.49055000000000004,0.0021547141861269358,0.9992444473292258,1.0,0.5425,9.8,False,
dense,B3/S245678,0.48,4,0.5,0.4979925496688742,0.51125,0.49030833333333323,-0.0037669919832693894,0.9995431972224263,1.0,0.546875,6.4,False,
dense,B3/S245678,0.48,5,0.1,0.4967259933774835,0.505625,0.49280833333333324,0.0140350514116413,0.9960137732892888,1.0,0.540625,26.6,False,
dense,B3/S245678,0.48,6,0.2,0.49651076158940405,0.500625,0.49028333333333324,0.010801673056813734,0.9977828405524901,1.0,0.5506249999999999,29.0,False,
dense,B3/S245678,0.48,7,0.3,0.4965190397350993,0.49125,0.4900999999999999,0.011581343673753639,0.9987203922607515,1.0,0.5431250000000001,20.4,False,
dense,B3/S245678,0.48,8,0.4,0.49771937086092705,0.485,0.4901625000000001,0.006235077553154024,0.9993348446509182,1.0,0.5449999999999999,9.6,False,
dense,B3/S245678,0.48,9,0.5,0.49928807947019865,0.506875,0.48794166666666666,-0.0003901620773796184,0.9996219359683399,1.0,0.544375,5.6,False,
dense,B3/S245678,0.49,0,0.1,0.4986341059602648,0.504375,0.49415000000000003,0.01351222115719682,0.9960381039560287,1.0,0.540625,28.2,False,
dense,B3/S245678,0.49,1,0.2,0.49684602649006626,0.525,0.4938458333333333,0.006464469327291285,0.997568588716856,1.0,0.54375,26.6,False,
dense,B3/S245678,0.49,2,0.3,0.4973758278145694,0.510625,0.4948750000000001,0.011486907459044777,0.9985699074191823,1.0,0.5375,20.4,False,
dense,B3/S245678,0.49,3,0.4,0.49752483443708606,0.490625,0.49727916666666677,0.0023589447542697573,0.9992611025722107,1.0,0.54125,10.8,False,
dense,B3/S245678,0.49,4,0.5,0.4988617549668874,0.519375,0.49673750000000005,0.002602714360403743,0.9995325004574332,1.0,0.54125,8.0,False,
dense,B3/S245678,0.49,5,0.1,0.4969701986754967,0.505625,0.4951666666666667,0.01026087051237333,0.9960900223039725,1.0,0.54625,26.4,False,
dense,B3/S245678,0.49,6,0.2,0.498451986754967,0.5075,0.4952958333333333,0.01358999215754561,0.9977477545944201,1.0,0.5475,28.0,False,
dense,B3/S245678,0.49,7,0.3,0.49845612582781457,0.51,0.49528333333333324,0.013854674973858132,0.998723668593103,1.0,0.5331250000000001,20.0,False,
dense,B3/S245678,0.49,8,0.4,0.5003476821192053,0.5,0.49437916666666676,0.003932010282327837,0.9993407050813838,1.0,0.553125,8.6,False,
dense,B3/S245678,0.49,9,0.5,0.4998509933774834,0.50125,0.49316250000000006,-0.00509563436737584,0.9995069794802183,1.0,0.54125,6.2,False,
dense,B3/S245678,0.5,0,0.1,0.4970281456953642,0.50375,0.4986708333333333,0.011970852213314365,0.9960210906214492,1.0,0.5487500000000001,26.2,False,
dense,B3/S245678,0.5,1,0.2,0.49906043046357595,0.495625,0.4985916666666668,0.008377047751829502,0.9976648363947639,1.0,0.55,27.8,False,
dense,B3/S245678,0.5,2,0.3,0.49964403973509935,0.52125,0.4992625,0.010180158591843548,0.9986812752655997,1.0,0.5393749999999999,20.0,False,
dense,B3/S245678,0.5,3,0.4,0.49858857615894026,0.48625,0.501975,0.004014682816311612,0.99938988122,1.0,0.540625,9.6,False,
dense,B3/S245678,0.5,4,0.5,0.5002649006622516,0.51375,0.5006083333333333,-0.0024700461833396287,0.9995432758466449,1.0,0.540625,6.8,False,
dense,B3/S245678,0.5,5,0.1,0.4969536423841059,0.509375,0.49971666666666675,0.010461506622516142,0.9961415929633634,1.0,0.540625,26.0,False,
dense,B3/S245678,0.5,6,0.2,0.49779387417218546,0.494375,0.5001500000000001,0.016603455036597905,0.9976691378279586,1.0,0.5449999999999999,30.0,False,
dense,B3/S245678,0.5,7,0.3,0.49795115894039743,0.505,0.5001249999999999,0.010277208957824798,0.9987812610162378,1.0,0.5393749999999999,19.8,False,
dense,B3/S245678,0.5,8,0.4,0.49956953642384105,0.515625,0.5003416666666667,0.0053809036249560455,0.999361583518541,1.0,0.546875,9.4,False,
dense,B3/S245678,0.5,9,0.5,0.5008816225165564,0.49625,0.4992291666666667,0.00037611101428999713,0.9995702336838163,1.0,0.540625,7.0,False,
dense,B3/S245678,0.51,0,0.1,0.49732615894039744,0.484375,0.5045833333333334,0.015195734576507126,0.9959765406517407,1.0,0.54125,27.2,False,
dense,B3/S245678,0.51,1,0.2,0.4986009933774834,0.503125,0.5031666666666667,0.008597289996513938,0.9975320313436085,1.0,0.5393749999999999,27.6,False,
dense,B3/S245678,0.51,2,0.3,0.4998468543046358,0.5125,0.5059541666666667,0.01179962530498402,0.9985744475567114,1.0,0.540625,18.8,False,
dense,B3/S245678,0.51,3,0.4,0.49889072847682125,0.50625,0.505875,0.0033170311955384637,0.9993164470837044,1.0,0.544375,9.8,False,
dense,B3/S245678,0.51,4,0.5,0.4989735099337748,0.51,0.5068,-0.001695930637852976,0.9994966136862707,1.0,0.5393749999999999,7.4,False,
dense,B3/S245678,0.51,5,0.1,0.4969577814569537,0.495,0.5070458333333334,0.016118856744509986,0.9960342374609484,1.0,0.55125,26.0,False,
dense,B3/S245678,0.51,6,0.2,0.4975041390728477,0.499375,0.5059499999999999,0.014573566573718421,0.9977413465058159,1.0,0.5449999999999999,28.2,False,
dense,B3/S245678,0.51,7,0.3,0.5003104304635762,0.495625,0.5046458333333331,0.01016708783548211,0.9986664300421567,1.0,0.54125,19.0,False,
dense,B3/S245678,0.51,8,0.4,0.5003311258278146,0.516875,0.5054666666666667,0.008207127919134695,0.9993782514435365,1.0,0.5393749999999999,8.0,False,
dense,B3/S245678,0.51,9,0.5,0.5012955298013245,0.505625,0.5032166666666665,0.0018521261763675145,0.9994775622401605,1.0,0.546875,5.0,False,
dense,B3/S245678,0.52,0,0.1,0.4975455298013244,0.494375,0.5098916666666666,0.016034223597071778,0.9959922310948325,1.0,0.54,26.6,False,
dense,B3/S245678,0.52,1,0.2,0.4989652317880794,0.50125,0.5115208333333334,0.013255380794701895,0.997489848482729,1.0,0.55,28.2,False,
dense,B3/S245678,0.52,2,0.3,0.4999627483443709,0.525,0.5104625,0.010925191704426398,0.9984935628208439,1.0,0.5425,21.8,False,
dense,B3/S245678,0.52,3,0.4,0.5012168874172186,0.4975,0.5133166666666668,0.011555528929940306,0.999298191518659,1.0,0.549375,9.6,False,
dense,B3/S245678,0.52,4,0.5,0.5019288079470198,0.495,0.5110166666666667,-0.0011731003834090554,0.9994855460494343,1.0,0.55,8.6,False,
dense,B3/S245678,0.52,5,0.1,0.4985637417218544,0.50625,0.5109041666666667,0.0166331910073191,0.995942602136657,1.0,0.54375,25.8,False,
dense,B3/S245678,0.52,6,0.2,0.49919701986754966,0.474375,0.5108666666666667,0.004592083478564003,0.9976618265702757,1.0,0.538125,29.6,False,
dense,B3/S245678,0.52,7,0.3,0.4996523178807946,0.5075,0.51015,0.009650792959218816,0.9987285125905739,1.0,0.5387500000000001,19.0,False,
dense,B3/S245678,0.52,8,0.4,0.4991100993377483,0.486875,0.5117083333333333,0.0054570407807594465,0.999360851095057,1.0,0.5393749999999999,8.8,False,
dense,B3/S245678,0.52,9,0.5,0.5003683774834436,0.4875,0.5098791666666668,-0.006346178982224332,0.9995879787166895,1.0,0.54125,6.0,False,
dense,B3/S245678,0.53,0,0.1,0.49849337748344374,0.506875,0.5158583333333333,0.014173928197978,0.9959148201454247,1.0,0.548125,26.6,False,
dense,B3/S245678,0.53,1,0.2,0.498125,0.50625,0.5151708333333335,0.006879139072847138,0.9976935243962671,1.0,0.5425,28.2,False,
dense,B3/S245678,0.53,2,0.3,0.4985596026490066,0.491875,0.5171833333333333,0.012894954688044096,0.9986572171890974,1.0,0.54,21.4,False,
dense,B3/S245678,0.53,3,0.4,0.5014817880794702,0.49875,0.5186499999999999,0.0038679635761584394,0.9993101403152068,1.0,0.54,10.0,False,
dense,B3/S245678,0.53,4,0.5,0.5015811258278147,0.504375,0.5169375,8.822760543727838e-05,0.9996004393402158,1.0,0.54,6.4,False,
dense,B3/S245678,0.53,5,0.1,0.49825331125827815,0.488125,0.5170333333333333,0.011049363889856707,0.9960067247803303,1.0,0.538125,27.0,False,
dense,B3/S245678,0.53,6,0.2,0.4992549668874172,0.504375,0.5163083333333334,0.011185626524921269,0.997740534162404,1.0,0.5375,29.0,False,
dense,B3/S245678,0.53,7,0.3,0.4986009933774834,0.516875,0.5150708333333334,0.004896305332868252,0.9987449190531899,1.0,0.5449999999999999,19.2,False,
dense,B3/S245678,0.53,8,0.4,0.49922599337748347,0.50875,0.5166541666666666,0.00046433861972758805,0.9993419082031006,1.0,0.54,11.6,False,
dense,B3/S245678,0.53,9,0.5,0.4997226821192053,0.4825,0.5149625,-0.008247320494946316,0.9994594383778752,1.0,0.5387500000000001,5.4,False,
dense,B3/S245678,0.54,0,0.1,0.49779387417218546,0.5225,0.5200374999999999,0.014812761415126838,0.9959198474163992,1.0,0.5425,26.4,False,
dense,B3/S245678,0.54,1,0.2,0.4991887417218543,0.486875,0.5220083333333332,0.006290628267688491,0.9974532183881519,1.0,0.53125,26.4,False,
dense,B3/S245678,0.54,2,0.3,0.4988865894039735,0.498125,0.5219749999999999,0.004535552457301477,0.9985847410601932,1.0,0.54375,19.6,False,
dense,B3/S245678,0.54,3,0.4,0.49929221854304634,0.48375,0.5229583333333333,0.007595743290344705,0.9993846383099155,1.0,0.538125,11.0,False,
dense,B3/S245678,0.54,4,0.5,0.5033485099337748,0.486875,0.5221458333333334,-0.002491612931334934,0.9994787496241014,1.0,0.5387500000000001,8.4,False,
dense,B3/S245678,0.54,5,0.1,0.4991100993377483,0.498125,0.5217666666666666,0.020135173405367364,0.9959955620583693,1.0,0.5325,24.2,False,
dense,B3/S245678,0.54,6,0.2,0.49990894039735106,0.508125,0.5206333333333333,0.011856809864063877,0.9976035540388951,1.0,0.5375,26.8,False,
dense,B3/S245678,0.54,7,0.3,0.5018129139072848,0.531875,0.5212125,0.005256404670616634,0.9986653248747536,1.0,0.5375,21.2,False,
dense,B3/S245678,0.54,8,0.4,0.5013286423841059,0.503125,0.5202583333333333,0.0023641730568140945,0.9992565289640338,1.0,0.538125,8.2,False,
dense,B3/S245678,0.54,9,0.5,0.501850165562914,0.513125,0.5212916666666667,0.0016161990240495033,0.9995356405739331,1.0,0.5425,5.6,False,
dense,B3/S245678,0.55,0,0.1,0.49868377483443704,0.486875,0.5255416666666668,0.016579274137329836,0.9959489639103345,1.0,0.54,26.2,False,
dense,B3/S245678,0.55,1,0.2,0.4997764900662251,0.496875,0.5261083333333334,0.009580210874869105,0.9975128789579125,1.0,0.5393749999999999,28.0,False,
dense,B3/S245678,0.55,2,0.3,0.49997102649006636,0.489375,0.526325,0.006386044789124663,0.9985552775245632,1.0,0.5393749999999999,23.8,False,
dense,B3/S245678,0.55,3,0.4,0.5031663907284769,0.511875,0.5270791666666665,0.0053354827466012755,0.9992078172272397,1.0,0.54,9.6,False,
dense,B3/S245678,0.55,4,0.5,0.5021399006622517,0.4975,0.5272416666666665,-0.007460787730917056,0.9994955469212957,1.0,0.54375,7.0,False,
dense,B3/S245678,0.55,5,0.1,0.4983692052980132,0.503125,0.5287416666666667,0.013853041129312679,0.9959476128271139,1.0,0.544375,25.0,False,
dense,B3/S245678,0.55,6,0.2,0.5000372516556291,0.51125,0.5265791666666668,0.009760587312651963,0.9976845943384268,1.0,0.5425,28.8,False,
dense,B3/S245678,0.55,7,0.3,0.5005960264900662,0.50625,0.5282333333333333,0.00859794353433202,0.9987514676885166,1.0,0.5349999999999999,18.8,False,
dense,B3/S245678,0.55,8,0.4,0.5007988410596027,0.515,0.5273958333333333,0.00636088358312966,0.9994264232244207,1.0,0.5449999999999999,9.0,False,
dense,B3/S245678,0.55,9,0.5,0.4996150662251656,0.5125,0.5246708333333333,-0.0014841843848031576,0.9995485145032915,1.0,0.5393749999999999,7.4,False,
dense,B3/S245678,0.56,0,0.1,0.5004842715231786,0.524375,0.529575,0.01453141338445412,0.9958714838754521,1.0,0.541875,26.8,False,
dense,B3/S245678,0.56,1,0.2,0.4991059602649006,0.508125,0.5311666666666668,0.011550954165214174,0.9974876892196202,1.0,0.555625,26.0,False,
dense,B3/S245678,0.56,2,0.3,0.5004594370860928,0.52125,0.5326208333333333,0.0086838837574062,0.9985698070089992,1.0,0.54125,19.8,False,
dense,B3/S245678,0.56,3,0.4,0.5008236754966888,0.481875,0.5322374999999999,0.002747146218194007,0.9993240527159025,1.0,0.541875,10.8,False,
dense,B3/S245678,0.56,4,0.5,0.5015024834437086,0.509375,0.5327125000000001,-0.004140488846288124,0.9994893707557844,1.0,0.54,7.0,False,
dense,B3/S245678,0.56,5,0.1,0.49995447019867545,0.495625,0.5305333333333333,0.012344349076332911,0.9959424837508455,1.0,0.540625,28.0,False,
dense,B3/S245678,0.56,6,0.2,0.499532284768212,0.51875,0.5313041666666666,0.01359652753572636,0.9975809755120478,1.0,0.54625,29.0,False,
dense,B3/S245678,0.56,7,0.3,0.5003932119205298,0.50875,0.5321916666666667,0.00715395172533942,0.9987401581172232,1.0,0.5425,20.0,False,
dense,B3/S245678,0.56,8,0.4,0.5005711920529802,0.495625,0.5327416666666667,0.004937478215405745,0.9994253899227596,1.0,0.5349999999999999,7.8,False,
dense,B3/S245678,0.56,9,0.5,0.5019329470198676,0.510625,0.5307750000000001,0.005671727953990568,0.9995246047886849,1.0,0.541875,3.4,False,
dense,B3/S245678,0.57,0,0.1,0.4990355960264901,0.498125,0.53815,0.011600949808295326,0.9958685918808051,1.0,0.541875,26.8,False,
dense,B3/S245678,0.57,1,0.2,0.4998923841059604,0.5075,0.5386791666666666,0.013745534158243004,0.9973936868267363,1.0,0.538125,27.4,False,
dense,B3/S245678,0.57,2,0.3,0.5019329470198676,0.4725,0.5368791666666667,0.009377940920180716,0.9985718052828964,1.0,0.54125,20.2,False,
dense,B3/S245678,0.57,3,0.4,0.5011465231788079,0.49625,0.5387666666666666,0.0056462399790865245,0.9992662952245746,1.0,0.5431250000000001,11.0,False,
dense,B3/S245678,0.57,4,0.5,0.5021605960264901,0.5025,0.5364333333333333,-0.0004466930986406448,0.9995721791931765,1.0,0.5387500000000001,7.2,False,
dense,B3/S245678,0.57,5,0.1,0.49752483443708606,0.49,0.5376625,0.012911619902404605,0.9959312105443321,1.0,0.54375,25.6,False,
dense,B3/S245678,0.57,6,0.2,0.5010347682119205,0.500625,0.5389333333333334,0.012726015162076412,0.9976641826990518,1.0,0.548125,28.4,False,
dense,B3/S245678,0.57,7,0.3,0.5014942052980133,0.498125,0.5371791666666667,0.010205646566747653,0.9986533418189351,1.0,0.549375,18.8,False,
dense,B3/S245678,0.57,8,0.4,0.5022806291390729,0.513125,0.5384,-0.0022746383757411537,0.9994801651816972,1.0,0.548125,8.0,False,
dense,B3/S245678,0.57,9,0.5,0.5020157284768212,0.473125,0.5360500000000001,0.000558774834436888,0.9996118902922625,1.0,0.53625,5.8,False,
dense,B3/S245678,0.58,0,0.1,0.5002442052980132,0.5175,0.5431874999999998,0.017556966713140165,0.9956500134554722,1.0,0.54625,26.6,False,
dense,B3/S245678,0.58,1,0.2,0.4994577814569537,0.500625,0.5430416666666668,0.013816443011502318,0.9974466067807252,1.0,0.541875,27.0,False,
dense,B3/S245678,0.58,2,0.3,0.5031208609271524,0.514375,0.542575,0.004399616591146456,0.998515879377655,1.0,0.5393749999999999,21.0,False,
dense,B3/S245678,0.58,3,0.4,0.5008278145695365,0.498125,0.5430291666666667,0.004664952945276498,0.9992441926418565,1.0,0.5393749999999999,10.2,False,
dense,B3/S245678,0.58,4,0.5,0.502706953642384,0.5125,0.5421666666666666,-0.0006045224817015114,0.9995758390309128,1.0,0.551875,7.2,False,
dense,B3/S245678,0.58,5,0.1,0.49901076158940394,0.490625,0.5447500000000001,0.016268190135935234,0.9958743808508922,1.0,0.54375,27.4,False,
dense,B3/S245678,0.58,6,0.2,0.501444536423841,0.49375,0.5414541666666667,0.009768429766468812,0.9976582328845645,1.0,0.54625,28.4,False,
dense,B3/S245678,0.58,7,0.3,0.5008774834437085,0.5025,0.5443000000000001,0.007979043220633784,0.9986642666031328,1.0,0.538125,18.8,False,
dense,B3/S245678,0.58,8,0.4,0.5006332781456955,0.50875,0.5433458333333332,-1.0456605089112126e-05,0.999289490746184,1.0,0.54625,8.2,False,
dense,B3/S245678,0.58,9,0.5,0.5012210264900662,0.4775,0.5414625000000001,0.004390140292784528,0.9995065130694744,1.0,0.54125,5.0,False,
dense,B3/S245678,0.59,0,0.1,0.5001324503311259,0.514375,0.5481,0.014197782328336777,0.995783571270913,1.0,0.5425,26.0,False,
dense,B3/S245678,0.59,1,0.2,0.5011589403973511,0.520625,0.5482333333333332,0.008867527884279526,0.9974405746615164,1.0,0.5425,27.0,False,
dense,B3/S245678,0.59,2,0.3,0.5017880794701987,0.486875,0.5480916666666666,0.008060081910073106,0.9984361455294054,1.0,0.54125,21.4,False,
dense,B3/S245678,0.59,3,0.4,0.5025124172185429,0.485,0.5489083333333333,-0.0006182467758804048,0.9992173645084684,1.0,0.534375,11.0,False,
dense,B3/S245678,0.59,4,0.5,0.5027566225165564,0.50625,0.5493416666666667,0.002102757929591728,0.9996150427906804,1.0,0.540625,7.4,False,
dense,B3/S245678,0.59,5,0.1,0.5025165562913907,0.51375,0.5493625,0.010533395782502328,0.9957134246256071,1.0,0.5431250000000001,26.0,False,
dense,B3/S245678,0.59,6,0.2,0.49991307947019864,0.495,0.5478624999999999,0.011315680550713745,0.9976083854294954,1.0,0.5449999999999999,28.2,False,
dense,B3/S245678,0.59,7,0.3,0.5036423841059602,0.474375,0.5486208333333333,0.006669353433251689,0.9985513212253633,1.0,0.541875,21.2,False,
dense,B3/S245678,0.59,8,0.4,0.5020033112582782,0.496875,0.5480166666666666,0.0012567532241194526,0.9993712171748699,1.0,0.540625,9.6,False,
dense,B3/S245678,0.59,9,0.5,0.5027442052980132,0.490625,0.5477916666666667,0.002409267166259512,0.9996108983961497,1.0,0.540625,7.6,False,
dense,B3/S245678,0.6,0,0.1,0.502081953642384,0.52,0.5529291666666668,0.014561802892993646,0.9956822584621163,1.0,0.544375,26.4,False,
dense,B3/S245678,0.6,1,0.2,0.5030173841059602,0.50625,0.5548875,0.013217802370163663,0.9973516014296525,1.0,0.546875,27.2,False,
dense,B3/S245678,0.6,2,0.3,0.5024710264900661,0.50875,0.5527208333333334,0.01246133234576445,0.9985772974070498,1.0,0.5431250000000001,21.2,False,
dense,B3/S245678,0.6,3,0.4,0.5010057947019867,0.495625,0.5535875000000001,0.006381470024398281,0.9991771590800935,1.0,0.5375,11.4,False,
dense,B3/S245678,0.6,4,0.5,0.5022682119205298,0.525,0.5537833333333333,0.002116155454861706,0.9995721687789623,1.0,0.5449999999999999,5.0,False,
dense,B3/S245678,0.6,5,0.1,0.499726821192053,0.51375,0.5527958333333334,0.01388833217148744,0.9958692768085284,1.0,0.54125,25.0,False,
dense,B3/S245678,0.6,6,0.2,0.5021854304635761,0.52125,0.5543458333333334,0.013569732485186217,0.9975972951137161,1.0,0.5393749999999999,28.0,False,
dense,B3/S245678,0.6,7,0.3,0.5020115894039735,0.495625,0.5540458333333333,0.007189242767514618,0.9986529836867241,1.0,0.5425,20.0,False,
dense,B3/S245678,0.6,8,0.4,0.5027897350993379,0.504375,0.5536416666666666,-0.0014152361449985254,0.9993263639139457,1.0,0.54,8.8,False,
dense,B3/S245678,0.6,9,0.5,0.5022226821192054,0.49375,0.5539291666666666,-0.0025965057511334088,0.99958487296964,1.0,0.541875,4.6,False,
dense,B3/S245678,0.61,0,0.1,0.501183774834437,0.51875,0.5599625,0.01566007319623565,0.9956803171154112,1.0,0.5449999999999999,25.8,False,
dense,B3/S245678,0.61,1,0.2,0.5024089403973511,0.494375,0.5594,0.0074562129661898,0.9973796165860872,1.0,0.541875,25.6,False,
dense,B3/S245678,0.61,2,0.3,0.5024420529801324,0.504375,0.55795,0.008625392122690305,0.9986158780250396,1.0,0.541875,22.8,False,
dense,B3/S245678,0.61,3,0.4,0.5017549668874173,0.505625,0.5596375,0.0022707171488321664,0.9993136036076191,1.0,0.5393749999999999,8.6,False,
dense,B3/S245678,0.61,4,0.5,0.502826986754967,0.49875,0.5590499999999999,-0.0026863672011153902,0.9994904266991315,1.0,0.5393749999999999,7.2,False,
dense,B3/S245678,0.61,5,0.1,0.4999254966887417,0.494375,0.557275,0.01328969153014966,0.9957493221408443,1.0,0.541875,27.6,False,
dense,B3/S245678,0.61,6,0.2,0.5011092715231789,0.513125,0.5592333333333332,0.01054287208086413,0.997596581266563,1.0,0.5425,27.6,False,
dense,B3/S245678,0.61,7,0.3,0.5035223509933775,0.496875,0.5599375,0.002937652492157185,0.9986720675558705,1.0,0.54125,20.0,False,
dense,B3/S245678,0.61,8,0.4,0.5040107615894039,0.505625,0.5575500000000001,0.0024341016033454736,0.999357791528183,1.0,0.5506249999999999,7.8,False,
dense,B3/S245678,0.61,9,0.5,0.5018087748344371,0.489375,0.5568583333333333,-0.002367767514814041,0.9995809382523505,1.0,0.54,6.0,False,
dense,B3/S245678,0.62,0,0.1,0.5020943708609271,0.4975,0.5634625,0.013497189787381764,0.995714303354665,1.0,0.541875,25.6,False,
dense,B3/S245678,0.62,1,0.2,0.501171357615894,0.52375,0.5645041666666667,0.0174984750784244,0.9973046445244709,1.0,0.54,25.4,False,
dense,B3/S245678,0.62,2,0.3,0.5017094370860927,0.50125,0.5645958333333334,0.010581104043220069,0.9985205843184628,1.0,0.5431250000000001,22.6,False,
dense,B3/S245678,0.62,3,0.4,0.5031084437086092,0.514375,0.5645541666666668,0.005332541826419972,0.9991422621842853,1.0,0.544375,10.2,False,
dense,B3/S245678,0.62,4,0.5,0.5029221854304635,0.493125,0.5649458333333333,-0.00043002788428094836,0.9996085074301699,1.0,0.53625,10.2,False,
dense,B3/S245678,0.62,5,0.1,0.5016887417218543,0.525625,0.5638833333333334,0.01456703119553836,0.9957292203813676,1.0,0.5431250000000001,25.0,False,
dense,B3/S245678,0.62,6,0.2,0.5026531456953641,0.504375,0.5641416666666667,0.011622843325200048,0.9975884125710807,1.0,0.5387500000000001,29.2,False,
dense,B3/S245678,0.62,7,0.3,0.5037872516556292,0.510625,0.5634458333333333,0.00319841408156122,0.9984773475390587,1.0,0.54125,18.2,False,
dense,B3/S245678,0.62,8,0.4,0.5027649006622515,0.51375,0.5645708333333334,0.00035062303938632915,0.9993160677542471,1.0,0.5387500000000001,7.6,False,
dense,B3/S245678,0.62,9,0.5,0.5055960264900662,0.523125,0.5644250000000001,0.003913384454513397,0.9994597300606843,1.0,0.546875,6.2,False,
dense,B3/S245678,0.63,0,0.1,0.5018004966887417,0.485,0.5703041666666667,0.012378006273962907,0.9955439283479147,1.0,0.5475,26.6,False,
dense,B3/S245678,0.63,1,0.2,0.5011672185430465,0.513125,0.5703333333333334,0.009622690833042884,0.9973337472114665,1.0,0.546875,27.8,False,
dense,B3/S245678,0.63,2,0.3,0.5021067880794703,0.498125,0.5691916666666667,0.007393473335656377,0.9985784067079088,1.0,0.54625,19.2,False,
dense,B3/S245678,0.63,3,0.4,0.5031870860927152,0.51625,0.5683916666666667,0.004979304635760881,0.9993006493657944,1.0,0.5431250000000001,10.2,False,
dense,B3/S245678,0.63,4,0.5,0.5034354304635762,0.50375,0.5707749999999999,-0.0039725296270484356,0.9995116152648725,1.0,0.53625,6.4,False,
dense,B3/S245678,0.63,5,0.1,0.5012044701986754,0.47875,0.5688208333333333,0.0113228694667132,0.9957119597557396,1.0,0.5431250000000001,24.8,False,
dense,B3/S245678,0.63,6,0.2,0.5026365894039735,0.508125,0.5688166666666666,0.011320582084349917,0.9975908333074477,1.0,0.5575,28.0,False,
dense,B3/S245678,0.63,7,0.3,0.5030173841059602,0.521875,0.5687041666666666,0.005196279191355599,0.9986160797387897,1.0,0.5431250000000001,19.2,False,
dense,B3/S245678,0.63,8,0.4,0.5029759933774834,0.508125,0.5713,0.002089687173231166,0.9993430747975118,1.0,0.55,9.0,False,
dense,B3/S245678,0.63,9,0.5,0.5039155629139073,0.50875,0.5707125000000001,-0.0016622734402239176,0.9994593634551457,1.0,0.55,5.0,False,
dense,B3/S245678,0.64,0,0.1,0.5026324503311258,0.5175,0.5752875000000001,0.013484119031020888,0.9955142890968516,1.0,0.545625,26.0,False,
dense,B3/S245678,0.64,1,0.2,0.5032905629139073,0.513125,0.5763166666666667,0.0139759062391072,0.9971749857761081,1.0,0.54125,25.6,False,
dense,B3/S245678,0.64,2,0.3,0.5046316225165564,0.516875,0.5763,0.013592606308817997,0.9984677710457853,1.0,0.5487500000000001,21.2,False,
dense,B3/S245678,0.64,3,0.4,0.5021026490066226,0.51625,0.5746166666666668,0.0015224163471590346,0.9992778405032893,1.0,0.5387500000000001,9.6,False,
dense,B3/S245678,0.64,4,0.5,0.502864238410596,0.49125,0.5745583333333334,-0.002248823631928008,0.9994712345430181,1.0,0.55125,10.2,False,
dense,B3/S245678,0.64,5,0.1,0.5002566225165562,0.52,0.5758708333333334,0.011332345765074817,0.9956199059745086,1.0,0.541875,25.6,False,
dense,B3/S245678,0.64,6,0.2,0.5020985099337748,0.499375,0.5745083333333332,0.005881513593585954,0.9974875415073253,1.0,0.546875,27.0,False,
dense,B3/S245678,0.64,7,0.3,0.5022889072847682,0.495625,0.5752625,0.01082846810735369,0.9985467675708976,1.0,0.54125,19.6,False,
dense,B3/S245678,0.64,8,0.4,0.5034354304635762,0.513125,0.5751416666666666,0.005104457127918748,0.999260505835719,1.0,0.5575,9.2,False,
dense,B3/S245678,0.64,9,0.5,0.5043377483443708,0.495625,0.5748083333333334,0.000936192924363735,0.9994916838958364,1.0,0.5425,4.8,False,
dense,B3/S245678,0.65,0,0.1,0.5017177152317881,0.484375,0.5804333333333334,0.0047793220634364,0.9955060164245947,1.0,0.5506249999999999,29.2,False,
dense,B3/S245678,0.65,1,0.2,0.5037913907284768,0.506875,0.58155,0.005850470547228596,0.997162337670576,1.0,0.546875,26.4,False,
dense,B3/S245678,0.65,2,0.3,0.5025496688741723,0.50125,0.5811291666666667,0.005501154583478242,0.9985279401919475,1.0,0.54625,19.6,False,
dense,B3/S245678,0.65,3,0.4,0.5030091059602649,0.499375,0.5802708333333334,0.003269649703728637,0.9992345688724993,1.0,0.553125,8.8,False,
dense,B3/S245678,0.65,4,0.5,0.5048716887417218,0.495,0.5808166666666666,0.0005594283722549067,0.9994848743534741,1.0,0.535625,7.4,False,
dense,B3/S245678,0.65,5,0.1,0.5038369205298013,0.523125,0.5819416666666667,0.011996666957127448,0.9954616112042521,1.0,0.5506249999999999,25.4,False,
dense,B3/S245678,0.65,6,0.2,0.5019288079470198,0.49875,0.5800875,0.007410792087834968,0.9974529949304375,1.0,0.548125,28.2,False,
dense,B3/S245678,0.65,7,0.3,0.5030380794701987,0.495625,0.5805208333333334,0.00518647612408488,0.9986753781631946,1.0,0.54375,20.0,False,
dense,B3/S245678,0.65,8,0.4,0.504271523178808,0.494375,0.580175,0.004188197107005367,0.9992773525074455,1.0,0.548125,10.4,False,
dense,B3/S245678,0.65,9,0.5,0.5037748344370861,0.51125,0.5787041666666666,0.0008407764029276882,0.9994638985037021,1.0,0.54375,4.8,False,
dense,B3/S245678,0.66,0,0.1,0.5018543046357615,0.516875,0.5860833333333333,0.014917654234924875,0.9953196934867062,1.0,0.545625,27.4,False,
dense,B3/S245678,0.66,1,0.2,0.502330298013245,0.5175,0.5862791666666667,0.01469022307424142,0.9971167418248085,1.0,0.5487500000000001,27.2,False,
dense,B3/S245678,0.66,2,0.3,0.5025165562913907,0.5,0.5858958333333333,0.012027710003485119,0.9983973958221205,1.0,0.544375,20.8,False,
dense,B3/S245678,0.66,3,0.4,0.5032450331125827,0.52,0.5866666666666667,0.00561290955036607,0.9993170589012766,1.0,0.5800000000000001,10.0,False,
dense,B3/S245678,0.66,4,0.5,0.5031291390728476,0.506875,0.5864458333333332,8.071192052928181e-05,0.9995682782466643,1.0,0.551875,7.6,False,
dense,B3/S245678,0.66,5,0.1,0.5021399006622517,0.488125,0.5869666666666667,0.010598096026489744,0.9953786443563891,1.0,0.5549999999999999,24.8,False,
dense,B3/S245678,0.66,6,0.2,0.5036341059602649,0.49625,0.5848875,0.010033112582781084,0.9973748202948713,1.0,0.5449999999999999,29.8,False,
dense,B3/S245678,0.66,7,0.3,0.5033443708609271,0.514375,0.5860208333333332,0.006666412513070698,0.9985286319392874,1.0,0.541875,20.4,False,
dense,B3/S245678,0.66,8,0.4,0.502317880794702,0.506875,0.5848083333333333,0.0027824372603694556,0.9992938786852069,1.0,0.54125,8.4,False,
dense,B3/S245678,0.66,9,0.5,0.5043253311258279,0.54,0.5837541666666667,0.001908983966538144,0.9995160805736755,1.0,0.546875,5.4,False,
dense,B3/S245678,0.67,0,0.1,0.5021854304635762,0.493125,0.5905583333333334,0.014952945277099575,0.9953439944193938,1.0,0.5575,26.0,False,
dense,B3/S245678,0.67,1,0.2,0.502226821192053,0.5,0.5923958333333332,0.0101710090623911,0.997105406778062,1.0,0.548125,25.6,False,
dense,B3/S245678,0.67,2,0.3,0.5043294701986755,0.4875,0.5922291666666667,0.006856265249215295,0.9984274667078404,1.0,0.55375,20.0,False,
dense,B3/S245678,0.67,3,0.4,0.5028435430463576,0.5175,0.5926916666666667,0.007779714186127446,0.9992751874024951,1.0,0.5475,9.8,False,
dense,B3/S245678,0.67,4,0.5,0.5049337748344371,0.515625,0.5911541666666666,-0.0021243246775884085,0.999499176739852,1.0,0.5506249999999999,7.6,False,
dense,B3/S245678,0.67,5,0.1,0.5030960264900662,0.505625,0.5928333333333334,0.012287164517252742,0.9952326852211599,1.0,0.566875,25.4,False,
dense,B3/S245678,0.67,6,0.2,0.5038410596026491,0.4975,0.5905541666666666,0.010225252701289779,0.9973568893231919,1.0,0.55125,28.8,False,
dense,B3/S245678,0.67,7,0.3,0.5039362582781456,0.49625,0.5927500000000001,0.007142841582432476,0.9984539107730995,1.0,0.5575,19.6,False,
dense,B3/S245678,0.67,8,0.4,0.5045240066225165,0.499375,0.592025,-0.0024376960613456703,0.9991327094907528,1.0,0.545625,8.8,False,
dense,B3/S245678,0.67,9,0.5,0.5044370860927152,0.51125,0.5920208333333333,0.0003029147786678996,0.9994881647308103,1.0,0.548125,5.6,False,
dense,B3/S245678,0.68,0,0.1,0.5023261589403973,0.504375,0.598375,0.012909005751132343,0.9952331095580786,1.0,0.5475,27.0,False,
dense,B3/S245678,0.68,1,0.2,0.50341059602649,0.509375,0.5976666666666667,0.008595656151968984,0.9971174673346251,1.0,0.5487500000000001,25.4,False,
dense,B3/S245678,0.68,2,0.3,0.5032615894039736,0.49,0.5974041666666666,0.0051975862669920115,0.9984799192449457,1.0,0.5475,21.4,False,
dense,B3/S245678,0.68,3,0.4,0.5031788079470199,0.480625,0.5969958333333333,0.003553285116764828,0.9992673421755166,1.0,0.56,11.0,False,
dense,B3/S245678,0.68,4,0.5,0.5038658940397351,0.50125,0.5980166666666668,0.0007933949111180492,0.9994904125670298,1.0,0.544375,6.6,False,
dense,B3/S245678,0.68,5,0.1,0.5026490066225165,0.5,0.5985458333333334,0.015383953468106957,0.9951554466666348,1.0,0.5675,26.0,False,
dense,B3/S245678,0.68,6,0.2,0.5038327814569535,0.501875,0.59645,0.012675692750086657,0.9972673051985391,1.0,0.5587500000000001,27.6,False,
dense,B3/S245678,0.68,7,0.3,0.5031788079470197,0.50375,0.5964,0.003800975949808301,0.9985595913106706,1.0,0.541875,17.6,False,
dense,B3/S245678,0.68,8,0.4,0.5020198675496689,0.489375,0.5964416666666665,-0.0038218891599864626,0.9992324268039385,1.0,0.54625,8.2,False,
dense,B3/S245678,0.68,9,0.5,0.5043004966887418,0.51125,0.5968374999999999,-0.0008407764029281257,0.9995707423213646,1.0,0.55,4.8,False,
dense,B3/S245678,0.69,0,0.1,0.5018998344370862,0.50375,0.6027458333333334,0.010287338794004557,0.9951945260289243,1.0,0.5543750000000001,26.0,False,
dense,B3/S245678,0.69,1,0.2,0.5029470198675496,0.50375,0.6028458333333333,0.008399921575461345,0.9970796609516317,1.0,0.551875,27.8,False,
dense,B3/S245678,0.69,2,0.3,0.5043791390728477,0.4975,0.6020708333333333,0.008149616591146235,0.9983897280733567,1.0,0.540625,20.8,False,
dense,B3/S245678,0.69,3,0.4,0.5025413907284768,0.49625,0.6024833333333334,0.0060024180899262945,0.9992382879458392,1.0,0.551875,11.6,False,
dense,B3/S245678,0.69,4,0.5,0.5031456953642385,0.498125,0.6023208333333332,-0.0007862059951211554,0.9995805624627787,1.0,0.558125,7.4,False,
dense,B3/S245678,0.69,5,0.1,0.500558774834437,0.514375,0.6032166666666666,0.009626285291041956,0.9951422954522968,1.0,0.5800000000000001,27.0,False,
dense,B3/S245678,0.69,6,0.2,0.5018625827814569,0.511875,0.6019,0.011200984663645552,0.997387146055012,1.0,0.546875,28.2,False,
dense,B3/S245678,0.69,7,0.3,0.5032077814569537,0.513125,0.6021875,0.0042676019518990485,0.9986305186091097,1.0,0.55125,18.4,False,
dense,B3/S245678,0.69,8,0.4,0.5045653973509935,0.5,0.6024291666666667,0.004917872080863995,0.9992118028642161,1.0,0.5575,9.2,False,
dense,B3/S245678,0.69,9,0.5,0.5032160596026489,0.556875,0.6022333333333333,-0.002799102474730402,0.999475961774163,1.0,0.5506249999999999,5.6,False,
dense,B3/S245678,0.7,0,0.1,0.5030339403973509,0.524375,0.6090583333333334,0.015667915650052,0.9951738627244419,1.0,0.5506249999999999,25.6,False,
dense,B3/S245678,0.7,1,0.2,0.5035596026490066,0.496875,0.6081916666666667,0.011495403450679396,0.9968989213899568,1.0,0.5606249999999999,28.0,False,
dense,B3/S245678,0.7,2,0.3,0.5035802980132451,0.49625,0.6079208333333334,0.00880576856047385,0.998477494465369,1.0,0.5543750000000001,20.2,False,
dense,B3/S245678,0.7,3,0.4,0.503373344370861,0.51375,0.6084333333333334,0.0030245730219583635,0.9991305240856088,1.0,0.5675,8.6,False,
dense,B3/S245678,0.7,4,0.5,0.5045198675496689,0.509375,0.6087958333333334,0.0008038515162074112,0.9994049111662894,1.0,0.549375,6.8,False,
dense,B3/S245678,0.7,5,0.1,0.5025703642384105,0.50875,0.6093458333333333,0.009205406936214708,0.9949679530214364,1.0,0.5762499999999999,25.0,False,
dense,B3/S245678,0.7,6,0.2,0.50244619205298,0.49375,0.6068125,0.010200745033112232,0.9972766318750121,1.0,0.5575,28.4,False,
dense,B3/S245678,0.7,7,0.3,0.5038741721854305,0.495,0.6073999999999999,0.00588837574067587,0.998445172418048,1.0,0.565,19.8,False,
dense,B3/S245678,0.7,8,0.4,0.5044453642384106,0.514375,0.6097,0.00035291042174967593,0.9992595043872606,1.0,0.555625,8.8,False,
dense,B3/S245678,0.7,9,0.5,0.5043004966887418,0.49125,0.6097874999999999,0.00019932903450633728,0.9994389578635202,1.0,0.5506249999999999,6.2,False,
dense,B3/S245678,0.71,0,0.1,0.503282284768212,0.514375,0.6139916666666667,0.008231308818403074,0.9949492564307801,1.0,0.5575,26.8,False,
dense,B3/S245678,0.71,1,0.2,0.5024793046357615,0.509375,0.6147833333333333,0.007937216800278209,0.9968923495138194,1.0,0.566875,27.2,False,
dense,B3/S245678,0.71,2,0.3,0.5012044701986755,0.505625,0.61295,0.0029647743116063686,0.9983476948951288,1.0,0.5625,20.8,False,
dense,B3/S245678,0.71,3,0.4,0.5033899006622516,0.500625,0.6151791666666667,0.004409092889508259,0.9992777481491809,1.0,0.5662499999999999,11.0,False,
dense,B3/S245678,0.71,4,0.5,0.5037582781456953,0.515625,0.6141791666666666,0.001199241896130867,0.9994631010506111,1.0,0.561875,7.8,False,
dense,B3/S245678,0.71,5,0.1,0.5017177152317881,0.49625,0.6143791666666667,0.011205886197280912,0.9948928193499147,1.0,0.586875,26.6,False,
dense,B3/S245678,0.71,6,0.2,0.5017384105960264,0.49875,0.6116958333333333,0.004264334262808954,0.9971912668255473,1.0,0.558125,30.0,False,
dense,B3/S245678,0.71,7,0.3,0.5034478476821191,0.515,0.61265,0.008414952945276713,0.998518116348607,1.0,0.561875,19.0,False,
dense,B3/S245678,0.71,8,0.4,0.5046316225165564,0.518125,0.61485,0.0023442401533632423,0.9991472625056251,1.0,0.558125,10.2,False,
dense,B3/S245678,0.71,9,0.5,0.5042177152317882,0.5025,0.6133541666666666,-0.0034653842802375274,0.999535426191474,1.0,0.55375,5.4,False,
dense,B3/S245678,0.72,0,0.1,0.5026076158940397,0.516875,0.6183666666666666,0.009600143778319832,0.994900456921885,1.0,0.5662499999999999,25.8,False,
dense,B3/S245678,0.72,1,0.2,0.5027152317880794,0.514375,0.6201500000000001,0.00705298013245012,0.9967337991544192,1.0,0.568125,26.2,False,
dense,B3/S245678,0.72,2,0.3,0.5026945364238411,0.501875,0.6185999999999999,0.005949481526663777,0.9982490066799969,1.0,0.5543750000000001,21.2,False,
dense,B3/S245678,0.72,3,0.4,0.5037334437086093,0.495,0.6189250000000001,0.007438240676193879,0.9990688882492175,1.0,0.56,11.6,False,
dense,B3/S245678,0.72,4,0.5,0.5048965231788081,0.48125,0.620825,0.0037202640292780817,0.9994996924634425,1.0,0.553125,7.6,False,
dense,B3/S245678,0.72,5,0.1,0.5014900662251656,0.503125,0.6203333333333334,0.0059903276402922916,0.9948392793218742,1.0,0.594375,27.2,False,
dense,B3/S245678,0.72,6,0.2,0.5032864238410596,0.521875,0.6180666666666668,0.009270107180202063,0.997086060591675,1.0,0.56,28.4,False,
dense,B3/S245678,0.72,7,0.3,0.502669701986755,0.508125,0.6174875,0.009944884977343619,0.9983055859654365,1.0,0.559375,19.0,False,
dense,B3/S245678,0.72,8,0.4,0.5038990066225166,0.496875,0.6198416666666666,0.005686432554896895,0.999230269861248,1.0,0.55625,7.4,False,
dense,B3/S245678,0.72,9,0.5,0.5044288079470199,0.509375,0.6193166666666667,-0.0036849729871039454,0.9994159315653086,1.0,0.558125,6.2,False,
dense,B3/S245678,0.73,0,0.1,0.5036465231788079,0.486875,0.6235666666666666,0.0074614412687347,0.9948796329627081,1.0,0.575,28.6,False,
dense,B3/S245678,0.73,1,0.2,0.5030504966887417,0.51,0.6262624999999999,0.009691312303938352,0.9968047385173935,1.0,0.5762499999999999,24.4,False,
dense,B3/S245678,0.73,2,0.3,0.5025455298013245,0.495,0.6226708333333335,0.005258692052980044,0.9983116023506181,1.0,0.5543750000000001,20.2,False,
dense,B3/S245678,0.73,3,0.4,0.5042384105960266,0.4925,0.6254250000000001,0.00948021958870674,0.9991568383939147,1.0,0.56375,10.6,False,
dense,B3/S245678,0.73,4,0.5,0.5039155629139073,0.510625,0.6253375,0.004766904844893044,0.999445828095546,1.0,0.555625,9.2,False,
dense,B3/S245678,0.73,5,0.1,0.5025951986754967,0.48875,0.6263625,0.013611232136632625,0.9946097344167657,1.0,0.600625,27.2,False,
dense,B3/S245678,0.73,6,0.2,0.5022475165562913,0.51,0.6244458333333334,0.007258191007319251,0.9970584564633812,1.0,0.566875,28.6,False,
dense,B3/S245678,0.73,7,0.3,0.5039817880794702,0.49,0.6259416666666666,0.005995882711745794,0.9983419467184701,1.0,0.5625,20.6,False,
dense,B3/S245678,0.73,8,0.4,0.5039900662251655,0.47875,0.6256125,0.0021132145346809653,0.9992635188981521,1.0,0.5606249999999999,10.0,False,
dense,B3/S245678,0.73,9,0.5,0.5053807947019867,0.519375,0.6246916666666666,-0.00570211746253097,0.9994766324170206,1.0,0.5575,5.6,False,
dense,B3/S245678,0.74,0,0.1,0.5018087748344371,0.506875,0.6291083333333334,0.008936802892993636,0.9947331935338308,1.0,0.580625,28.0,False,
dense,B3/S245678,0.74,1,0.2,0.5031581125827815,0.51625,0.6292208333333332,0.010917349250609611,0.9966169982349938,1.0,0.5762499999999999,26.2,False,
dense,B3/S245678,0.74,2,0.3,0.5028849337748345,0.4825,0.6289125,0.006945146392470404,0.9982685554379064,1.0,0.56,22.0,False,
dense,B3/S245678,0.74,3,0.4,0.5047599337748344,0.51375,0.6308833333333332,0.0040329818752172,0.9992830574433472,1.0,0.5587500000000001,10.0,False,
dense,B3/S245678,0.74,4,0.5,0.5038783112582781,0.50875,0.6301333333333334,-0.0013655672708264147,0.9994656427981586,1.0,0.5700000000000001,8.0,False,
dense,B3/S245678,0.74,5,0.1,0.5037706953642385,0.52,0.6326958333333333,0.012269845765074651,0.9945396138348732,1.0,0.6025,25.2,False,
dense,B3/S245678,0.74,6,0.2,0.5041018211920529,0.50125,0.6296791666666667,0.01278973509933727,0.9967906441251893,1.0,0.565625,30.2,False,
dense,B3/S245678,0.74,7,0.3,0.5031456953642384,0.515,0.6309583333333333,0.0051717715231784905,0.998546116279109,1.0,0.55375,19.4,False,
dense,B3/S245678,0.74,8,0.4,0.504490894039735,0.49125,0.6297708333333333,0.0023723422795395473,0.9993485363709873,1.0,0.5662499999999999,9.2,False,
dense,B3/S245678,0.74,9,0.5,0.5038865894039735,0.506875,0.6299666666666667,-0.0007754226211227526,0.9994951098803163,1.0,0.578125,3.8,False,
dense,B3/S245678,0.75,0,0.1,0.5020033112582782,0.515,0.6341458333333333,0.010436018647611912,0.9945005552739133,1.0,0.590625,26.6,False,
dense,B3/S245678,0.75,1,0.2,0.5031291390728476,0.509375,0.6359416666666666,0.009457018996165793,0.9966375919765704,1.0,0.579375,27.0,False,
dense,B3/S245678,0.75,2,0.3,0.5038327814569538,0.506875,0.6358083333333333,0.006941878703380686,0.9982069796818139,1.0,0.56125,21.6,False,
dense,B3/S245678,0.75,3,0.4,0.5035844370860927,0.505,0.6338583333333333,0.00194819623562158,0.9991798254778449,1.0,0.5643750000000001,9.2,False,
dense,B3/S245678,0.75,4,0.5,0.5047309602649007,0.496875,0.6352708333333333,-0.0030807772743116617,0.9993789119514992,1.0,0.5643750000000001,7.0,False,
dense,B3/S245678,0.75,5,0.1,0.5022557947019867,0.50875,0.6369458333333333,0.00818980916695648,0.9943312469765276,1.0,0.610625,25.8,False,
dense,B3/S245678,0.75,6,0.2,0.5028021523178808,0.513125,0.6371750000000002,0.005539713314743909,0.9969443623885795,1.0,0.56875,28.6,False,
dense,B3/S245678,0.75,7,0.3,0.5041183774834438,0.520625,0.6350791666666666,0.005958631056116914,0.9982997141482315,1.0,0.5643750000000001,19.0,False,
dense,B3/S245678,0.75,8,0.4,0.5037293046357615,0.496875,0.636,0.0006371993726038229,0.9992126597383271,1.0,0.571875,8.8,False,
dense,B3/S245678,0.75,9,0.5,0.5035264900662252,0.51125,0.6341958333333332,0.00014116416869954543,0.9994239529030844,1.0,0.5606249999999999,5.8,False,
dense,B3/S245678,0.76,0,0.1,0.5030339403973509,0.48625,0.6417041666666667,0.008239151272219736,0.9943833700954167,1.0,0.593125,26.6,False,
dense,B3/S245678,0.76,1,0.2,0.5034561258278145,0.498125,0.6404416666666667,0.0072800845242240965,0.9965364091854234,1.0,0.579375,27.6,False,
dense,B3/S245678,0.76,2,0.3,0.5037748344370863,0.515,0.6411958333333333,-0.0009293307772749445,0.9981693656402859,1.0,0.57125,21.0,False,
dense,B3/S245678,0.76,3,0.4,0.5038451986754967,0.50125,0.6412916666666666,0.0034304200069708067,0.9991572638771747,1.0,0.5675,8.8,False,
dense,B3/S245678,0.76,4,0.5,0.5049337748344371,0.488125,0.6405458333333333,-0.0021321671314050708,0.999469948867455,1.0,0.56125,7.4,False,
dense,B3/S245678,0.76,5,0.1,0.5037831125827814,0.51,0.6442958333333333,0.007463401882188194,0.9940367578909872,1.0,0.6174999999999999,25.2,False,
dense,B3/S245678,0.76,6,0.2,0.5036672185430462,0.518125,0.6403916666666667,0.0077251437783201005,0.9968166436028607,1.0,0.5662499999999999,28.8,False,
dense,B3/S245678,0.76,7,0.3,0.5033692052980132,0.48375,0.6405333333333334,0.007030106308817777,0.9983604307146277,1.0,0.561875,21.2,False,
dense,B3/S245678,0.76,8,0.4,0.5036713576158941,0.504375,0.6402083333333334,0.004078075984663492,0.9992618408143658,1.0,0.568125,8.2,False,
dense,B3/S245678,0.76,9,0.5,0.5055836092715232,0.4975,0.6410874999999999,-0.00038362669919861863,0.9993841838892396,1.0,0.568125,4.8,False,
dense,B3/S245678,0.77,0,0.1,0.5022764900662252,0.52,0.6458375,0.010729130359010217,0.994372849076863,1.0,0.603125,26.2,False,
dense,B3/S245678,0.77,1,0.2,0.5038079470198675,0.50125,0.6480958333333333,0.008578337399790708,0.9961515145313549,1.0,0.5875,26.0,False,
dense,B3/S245678,0.77,2,0.3,0.5026572847682119,0.491875,0.6462,0.01048045921923956,0.9982487237822903,1.0,0.566875,20.4,False,
dense,B3/S245678,0.77,3,0.4,0.5035802980132451,0.51875,0.6464333333333333,-0.0003623867201115413,0.9991587563385232,1.0,0.5662499999999999,10.8,False,
dense,B3/S245678,0.77,4,0.5,0.503137417218543,0.50875,0.6451583333333334,0.002128572673404624,0.9994600798534804,1.0,0.573125,7.0,False,
dense,B3/S245678,0.77,5,0.1,0.5030422185430463,0.515,0.6480125,0.013263223248518682,0.9940294294473883,1.0,0.625625,25.2,False,
dense,B3/S245678,0.77,6,0.2,0.5012582781456953,0.484375,0.6447166666666666,0.006630467933077668,0.9966531509227433,1.0,0.568125,29.0,False,
dense,B3/S245678,0.77,7,0.3,0.5034271523178808,0.525,0.6484333333333334,0.00377516120599453,0.9983760651242901,1.0,0.56125,20.4,False,
dense,B3/S245678,0.77,8,0.4,0.5035885761589405,0.508125,0.6462083333333334,0.006513811432554231,0.9991711556594968,1.0,0.563125,10.0,False,
dense,B3/S245678,0.77,9,0.5,0.5049917218543045,0.500625,0.6453749999999999,-0.0008966538863723207,0.9994321792115851,1.0,0.5625,5.0,False,
dense,B3/S245678,0.78,0,0.1,0.5021647350993378,0.49125,0.6510708333333333,0.006368726036946385,0.9942115076554154,1.0,0.605,25.6,False,
dense,B3/S245678,0.78,1,0.2,0.5029221854304634,0.53375,0.6513458333333333,0.007539212269082741,0.9963146758340431,1.0,0.59375,26.4,False,
dense,B3/S245678,0.78,2,0.3,0.5037044701986755,0.48875,0.6520458333333333,0.011882297838967857,0.998193806755787,1.0,0.5706249999999999,22.0,False,
dense,B3/S245678,0.78,3,0.4,0.504375,0.5225,0.6513166666666667,0.005985099337748079,0.9991218090702427,1.0,0.575625,11.6,False,
dense,B3/S245678,0.78,4,0.5,0.5040852649006622,0.50625,0.6517916666666667,0.0017475601254787055,0.9995108373476528,1.0,0.569375,8.2,False,
dense,B3/S245678,0.78,5,0.1,0.5011465231788079,0.4875,0.6508208333333334,0.007130424363889433,0.9938306952642612,1.0,0.63,25.6,False,
dense,B3/S245678,0.78,6,0.2,0.503555463576159,0.5,0.6503458333333333,0.0070957868595326904,0.9966299335560285,1.0,0.58125,29.8,False,
dense,B3/S245678,0.78,7,0.3,0.5027690397350993,0.4975,0.6526666666666667,0.00788526054374294,0.998283246448468,1.0,0.565625,20.8,False,
dense,B3/S245678,0.78,8,0.4,0.5036092715231787,0.505625,0.650325,0.0033408853258969284,0.9994227105096395,1.0,0.5643750000000001,8.4,False,
dense,B3/S245678,0.78,9,0.5,0.5037872516556292,0.504375,0.6518583333333333,-0.0004146697455561021,0.9993813858374624,1.0,0.576875,5.4,False,
dense,B3/S245678,0.79,0,0.1,0.5026862582781456,0.51375,0.6565041666666667,0.008902165388636706,0.9940036963300706,1.0,0.61875,26.4,False,
dense,B3/S245678,0.79,1,0.2,0.502826986754967,0.5,0.6582208333333333,0.008400575113279551,0.9961797277275033,1.0,0.603125,28.0,False,
dense,B3/S245678,0.79,2,0.3,0.5035347682119206,0.501875,0.6561333333333333,0.004164342976646464,0.9981938297408035,1.0,0.563125,22.2,False,
dense,B3/S245678,0.79,3,0.4,0.5020488410596027,0.5225,0.6570083333333333,0.002380184733356147,0.9992215284770742,1.0,0.575625,11.0,False,
dense,B3/S245678,0.79,4,0.5,0.5031208609271524,0.495,0.6545666666666666,0.0003313436737533705,0.999533958957232,1.0,0.565,7.4,False,
dense,B3/S245678,0.79,5,0.1,0.5026324503311258,0.498125,0.6595583333333334,0.007742135761589088,0.9935728237999473,1.0,0.6375,27.2,False,
dense,B3/S245678,0.79,6,0.2,0.5014652317880794,0.500625,0.6546666666666667,0.008425082781456409,0.9964734442109892,1.0,0.5956250000000001,28.2,False,
dense,B3/S245678,0.79,7,0.3,0.5034478476821194,0.4875,0.6569083333333333,0.006682424189612626,0.9982664266966418,1.0,0.58125,20.6,False,
dense,B3/S245678,0.79,8,0.4,0.5033029801324503,0.519375,0.6562583333333333,0.0016534506796786336,0.9991931218785629,1.0,0.5700000000000001,9.0,False,
dense,B3/S245678,0.79,9,0.5,0.5044826158940398,0.498125,0.6571666666666666,0.0009773658069011026,0.9994744890669388,1.0,0.575,4.2,False,
dense,B3/S245678,0.8,0,0.1,0.5026655629139073,0.513125,0.6637416666666667,0.008859685430463051,0.9937813091659254,1.0,0.6275,26.6,False,
dense,B3/S245678,0.8,1,0.2,0.5024544701986754,0.498125,0.6622916666666666,0.0068853476821184095,0.9961678324805829,1.0,0.6074999999999999,25.4,False,
dense,B3/S245678,0.8,2,0.3,0.5035223509933776,0.518125,0.662,0.0071000348553502185,0.9979324569712793,1.0,0.571875,23.8,False,
dense,B3/S245678,0.8,3,0.4,0.5021150662251657,0.52625,0.6612583333333333,0.0090982267340532,0.9990423552541197,1.0,0.578125,9.0,False,
dense,B3/S245678,0.8,4,0.5,0.5027855960264901,0.501875,0.6613541666666667,0.0003682685604733974,0.9994013196361775,1.0,0.5825,7.0,False,
dense,B3/S245678,0.8,5,0.1,0.5028187086092715,0.515625,0.6643249999999999,0.008106483095154935,0.9934699510131267,1.0,0.6475,24.8,False,
dense,B3/S245678,0.8,6,0.2,0.5032450331125827,0.515,0.6613625,0.010528821017776009,0.996402405877079,1.0,0.6012500000000001,27.8,False,
dense,B3/S245678,0.8,7,0.3,0.502826986754967,0.5325,0.664325,0.007580058382711131,0.9981759418441838,1.0,0.576875,18.4,False,
dense,B3/S245678,0.8,8,0.4,0.5025703642384106,0.500625,0.6608583333333333,-0.0007982964447543458,0.9993467376411229,1.0,0.5856250000000001,8.6,False,
dense,B3/S245678,0.8,9,0.5,0.5047350993377484,0.513125,0.6628833333333334,-0.0009714839665391838,0.9994372434079797,1.0,0.5775,6.4,False,
dense,B3/S245678,0.81,0,0.1,0.5022226821192053,0.496875,0.6688916666666668,0.011286924886719797,0.9936306495327653,1.0,0.6368750000000001,27.4,False,
dense,B3/S245678,0.81,1,0.2,0.5018543046357616,0.515625,0.66765,0.006389639247124172,0.9960564655744144,1.0,0.611875,26.8,False,
dense,B3/S245678,0.81,2,0.3,0.5025041390728477,0.49375,0.6669375000000001,0.004372168002787794,0.997895898922759,1.0,0.57375,19.8,False,
dense,B3/S245678,0.81,3,0.4,0.503269867549669,0.5225,0.667325,0.0045911031718364435,0.9990733242907922,1.0,0.57875,11.4,False,
dense,B3/S245678,0.81,4,0.5,0.50278559602649,0.51125,0.6669083333333334,-2.5487974904230405e-05,0.999234987344907,1.0,0.5900000000000001,7.4,False,
dense,B3/S245678,0.81,5,0.1,0.5016183774834436,0.506875,0.66855,0.011028777448587586,0.993131121727936,1.0,0.655,27.0,False,
dense,B3/S245678,0.81,6,0.2,0.5015562913907284,0.515,0.6679875000000001,0.01017166260020843,0.9961447726392548,1.0,0.606875,28.6,False,
dense,B3/S245678,0.81,7,0.3,0.5027814569536423,0.496875,0.6687374999999999,0.006286707040780378,0.9982070013077541,1.0,0.57375,21.0,False,
dense,B3/S245678,0.81,8,0.4,0.5037913907284767,0.50375,0.6674458333333333,0.0017694536423838016,0.9991585218400926,1.0,0.58125,8.0,False,
dense,B3/S245678,0.81,9,0.5,0.502578642384106,0.480625,0.6669250000000001,-0.0009718107354482869,0.9994489346873888,1.0,0.576875,4.4,False,
dense,B3/S245678,0.82,0,0.1,0.5033733443708609,0.544375,0.6744249999999999,0.007013767863366746,0.9931879590463683,1.0,0.64125,28.0,False,
dense,B3/S245678,0.82,1,0.2,0.5025827814569537,0.5075,0.6738708333333333,0.006189329905890338,0.9959224889668562,1.0,0.618125,27.2,False,
dense,B3/S245678,0.82,2,0.3,0.5031870860927152,0.495625,0.6727166666666666,0.009172403276402482,0.9980376193255039,1.0,0.579375,20.4,False,
dense,B3/S245678,0.82,3,0.4,0.5031581125827814,0.514375,0.6724041666666667,0.004538166608574052,0.9989799261269874,1.0,0.575625,9.0,False,
dense,B3/S245678,0.82,4,0.5,0.5028807947019867,0.51,0.6726916666666666,0.0023648265946322384,0.9992790318957261,1.0,0.579375,6.6,False,
dense,B3/S245678,0.82,5,0.1,0.501626655629139,0.523125,0.6746166666666666,0.010335047054721738,0.9928669771245733,1.0,0.65875,26.4,False,
dense,B3/S245678,0.82,6,0.2,0.5037127483443707,0.50125,0.6739708333333334,0.005547228999651594,0.9961292589536719,1.0,0.603125,28.6,False,
dense,B3/S245678,0.82,7,0.3,0.5020198675496689,0.514375,0.6737041666666667,0.008205167305681138,0.9982506375920355,1.0,0.576875,20.6,False,
dense,B3/S245678,0.82,8,0.4,0.5017839403973511,0.48875,0.6722125,-0.0014178502962707254,0.9991934203554067,1.0,0.5775,11.4,False,
dense,B3/S245678,0.82,9,0.5,0.5038658940397349,0.495,0.6725458333333334,0.0022239891948408587,0.9993250330072658,1.0,0.57875,6.4,False,
dense,B3/S245678,0.83,0,0.1,0.5017798013245034,0.505625,0.6782500000000001,0.008357768386196856,0.9931553677633473,1.0,0.65,27.2,False,
dense,B3/S245678,0.83,1,0.2,0.5017632450331125,0.51875,0.6794958333333333,0.005996209480655147,0.9958456489087696,1.0,0.6225,26.8,False,
dense,B3/S245678,0.83,2,0.3,0.5030422185430463,0.486875,0.6800166666666666,0.0034813959567787053,0.99794670347477,1.0,0.58125,19.0,False,
dense,B3/S245678,0.83,3,0.4,0.5026738410596026,0.510625,0.6795208333333332,0.005771719240152933,0.9991025042290056,1.0,0.57375,10.0,False,
dense,B3/S245678,0.83,4,0.5,0.5030504966887416,0.526875,0.6787624999999999,-0.0009051498780066891,0.9994196791579457,1.0,0.5818749999999999,7.8,False,
dense,B3/S245678,0.83,5,0.1,0.5015355960264901,0.5075,0.6793625,0.010737299581736045,0.9926694807693109,1.0,0.674375,25.2,False,
dense,B3/S245678,0.83,6,0.2,0.5017756622516556,0.500625,0.6776166666666665,0.009281217323109256,0.995920046857805,1.0,0.6131249999999999,30.2,False,
dense,B3/S245678,0.83,7,0.3,0.5014569536423841,0.5025,0.6783416666666666,0.007958456779365037,0.9981766589066067,1.0,0.589375,18.8,False,
dense,B3/S245678,0.83,8,0.4,0.5030670529801324,0.525,0.6790291666666667,0.002616765423492427,0.9990120020319965,1.0,0.583125,8.6,False,
dense,B3/S245678,0.83,9,0.5,0.5031995033112583,0.489375,0.6773916666666667,-0.001771741024747711,0.9992702587619574,1.0,0.578125,6.6,False,
dense,B3/S245678,0.84,0,0.1,0.5014155629139073,0.503125,0.6849833333333334,0.011314046706169605,0.9926415824817062,1.0,0.6599999999999999,26.2,False,
dense,B3/S245678,0.84,1,0.2,0.5010223509933774,0.525,0.6842041666666666,0.011969545137678264,0.9958365121571825,1.0,0.6212500000000001,27.2,False,
dense,B3/S245678,0.84,2,0.3,0.5021978476821192,0.485,0.6840041666666667,0.003125544614847788,0.9978558271543263,1.0,0.589375,22.6,False,
dense,B3/S245678,0.84,3,0.4,0.5019039735099339,0.499375,0.6835625000000001,0.005945887068664705,0.9989697984438273,1.0,0.5900000000000001,10.6,False,
dense,B3/S245678,0.84,4,0.5,0.502876655629139,0.5175,0.6819166666666666,0.0014737277797140455,0.9994020859051884,1.0,0.586875,9.0,False,
dense,B3/S245678,0.84,5,0.1,0.5011548013245033,0.494375,0.6859916666666667,0.010055659637504074,0.9920743631360676,1.0,0.688125,26.2,False,
dense,B3/S245678,0.84,6,0.2,0.5015521523178808,0.495625,0.6820833333333334,0.0048874825723250305,0.9957410953205622,1.0,0.61375,29.6,False,
dense,B3/S245678,0.84,7,0.3,0.5024296357615894,0.516875,0.6837791666666665,0.0031908983966532235,0.9981027498591456,1.0,0.5875,20.4,False,
dense,B3/S245678,0.84,8,0.4,0.5024420529801324,0.49375,0.6821125,0.0005280585569880703,0.9991952327517548,1.0,0.580625,7.4,False,
dense,B3/S245678,0.84,9,0.5,0.5037044701986754,0.51125,0.6841708333333333,0.00032382798884556137,0.9993867281945498,1.0,0.5862499999999999,5.2,False,
dense,B3/S245678,0.85,0,0.1,0.5010057947019869,0.49625,0.6899791666666667,0.008844980829557224,0.9924841542447035,1.0,0.671875,28.2,False,
dense,B3/S245678,0.85,1,0.2,0.501055463576159,0.496875,0.6882999999999999,0.0089345155106306,0.9959707934232519,1.0,0.6275,28.6,False,
dense,B3/S245678,0.85,2,0.3,0.502148178807947,0.50375,0.6894291666666668,0.00588478128267636,0.997792539679914,1.0,0.588125,20.0,False,
dense,B3/S245678,0.85,3,0.4,0.5025165562913909,0.485625,0.6899791666666667,0.000993050714534427,0.9992300435124228,1.0,0.580625,11.2,False,
dense,B3/S245678,0.85,4,0.5,0.5031084437086093,0.52625,0.6894166666666667,0.0016884149529454169,0.9993046282176771,1.0,0.584375,8.4,False,
dense,B3/S245678,0.85,5,0.1,0.501469370860927,0.5,0.6913958333333333,0.008780607354478534,0.9919694330884385,1.0,0.696875,28.6,False,
dense,B3/S245678,0.85,6,0.2,0.5005711920529802,0.488125,0.6888833333333334,0.008963597943534091,0.9955793354140221,1.0,0.61625,31.2,False,
dense,B3/S245678,0.85,7,0.3,0.5015024834437085,0.5075,0.6895583333333334,0.0030840449634012552,0.9979423951168829,1.0,0.593125,20.6,False,
dense,B3/S245678,0.85,8,0.4,0.5024296357615895,0.506875,0.6906666666666667,0.001558034158242774,0.9992404455169065,1.0,0.589375,11.0,False,
dense,B3/S245678,0.85,9,0.5,0.5029387417218543,0.52,0.6894625,-0.002776555420007412,0.9994895248431522,1.0,0.590625,5.4,False,
dense,B3/S245678,0.86,0,0.1,0.5013120860927152,0.4775,0.6951708333333333,0.008262351864760932,0.9921265380991626,1.0,0.685,27.2,False,
dense,B3/S245678,0.86,1,0.2,0.5005711920529802,0.495,0.6951541666666669,0.007828729522481351,0.9955707415813623,1.0,0.639375,27.8,False,
dense,B3/S245678,0.86,2,0.3,0.5013576158940396,0.491875,0.69525,0.00380849163471561,0.9976933340899058,1.0,0.594375,21.8,False,
dense,B3/S245678,0.86,3,0.4,0.5021150662251657,0.4975,0.695425,0.002869031021261156,0.9992570854298045,1.0,0.584375,10.6,False,
dense,B3/S245678,0.86,4,0.5,0.5025538079470199,0.4875,0.6928416666666667,-0.003115088009759801,0.999288453782629,1.0,0.5918749999999999,9.6,False,
dense,B3/S245678,0.86,5,0.1,0.5009768211920529,0.486875,0.6973666666666668,0.005551150226559268,0.9915987688297936,1.0,0.70625,25.2,False,
dense,B3/S245678,0.86,6,0.2,0.5017673841059602,0.48625,0.6954041666666666,0.007082389334262463,0.9953710861776531,1.0,0.628125,28.2,False,
dense,B3/S245678,0.86,7,0.3,0.5011672185430465,0.505625,0.6965708333333333,0.006591255663994293,0.9980153543072298,1.0,0.609375,20.8,False,
dense,B3/S245678,0.86,8,0.4,0.5022102649006623,0.504375,0.6961333333333333,0.002667087835482494,0.9991726903340397,1.0,0.5900000000000001,9.8,False,
dense,B3/S245678,0.86,9,0.5,0.5030546357615895,0.5,0.6931958333333333,0.0008678982223768717,0.9994427229870739,1.0,0.5818749999999999,5.8,False,
dense,B3/S245678,0.87,0,0.1,0.4999461920529801,0.491875,0.7009083333333332,0.007199045834785337,0.9914230882673557,1.0,0.698125,25.8,False,
dense,B3/S245678,0.87,1,0.2,0.5010471854304634,0.524375,0.7022333333333334,0.006184755141163644,0.9952891353312832,1.0,0.640625,27.0,False,
dense,B3/S245678,0.87,2,0.3,0.5008940397350993,0.50125,0.7001875000000001,0.004735861798535498,0.9974958377753235,1.0,0.59875,22.2,False,
dense,B3/S245678,0.87,3,0.4,0.5020488410596027,0.51875,0.6997583333333334,0.005587748344370629,0.9991342548341424,1.0,0.594375,9.2,False,
dense,B3/S245678,0.87,4,0.5,0.5015397350993378,0.485,0.697475,-0.0008652840711050468,0.9994928222664495,1.0,0.594375,9.2,False,
dense,B3/S245678,0.87,5,0.1,0.5000662251655629,0.5025,0.7018541666666667,0.005541673928197653,0.9907939446671671,1.0,0.719375,28.8,False,
dense,B3/S245678,0.87,6,0.2,0.5015935430463576,0.518125,0.7013166666666666,0.00835286685256162,0.9949969938440654,1.0,0.64125,30.6,False,
dense,B3/S245678,0.87,7,0.3,0.500637417218543,0.50125,0.7007500000000001,0.005206409027535358,0.9979076755717361,1.0,0.600625,21.8,False,
dense,B3/S245678,0.87,8,0.4,0.501626655629139,0.475625,0.7007833333333333,0.0008309733356569698,0.9990605356509918,1.0,0.5974999999999999,12.4,False,
dense,B3/S245678,0.87,9,0.5,0.5019163907284768,0.49,0.7011291666666667,-0.002568730393865894,0.9994839520893092,1.0,0.5900000000000001,5.6,False,
dense,B3/S245678,0.88,0,0.1,0.500401490066225,0.50875,0.7084708333333334,0.01176335395608251,0.9905335241766904,1.0,0.7075,28.8,False,
dense,B3/S245678,0.88,1,0.2,0.5000827814569536,0.511875,0.7067583333333333,0.007577771000348221,0.9952204087968136,1.0,0.653125,28.2,False,
dense,B3/S245678,0.88,2,0.3,0.5003642384105961,0.475625,0.7059500000000001,0.005144649703729182,0.9975324599082057,1.0,0.604375,23.0,False,
dense,B3/S245678,0.88,3,0.4,0.5002317880794702,0.49625,0.7057583333333334,0.0005894911118852682,0.9991932889567064,1.0,0.604375,12.0,False,
dense,B3/S245678,0.88,4,0.5,0.5012375827814569,0.470625,0.7049708333333332,-0.000901882188916033,0.999362695078047,1.0,0.5956250000000001,9.6,False,
dense,B3/S245678,0.88,5,0.1,0.49944122516556283,0.506875,0.7056416666666666,0.01061410770303186,0.9906346221351482,1.0,0.7268749999999999,25.6,False,
dense,B3/S245678,0.88,6,0.2,0.5002855960264901,0.5025,0.7066624999999999,0.006339970372951874,0.9946606961087079,1.0,0.6443749999999999,30.0,False,
dense,B3/S245678,0.88,7,0.3,0.50033940397351,0.515625,0.7051791666666666,0.0073853041129308,0.9976905264720767,1.0,0.605,19.2,False,
dense,B3/S245678,0.88,8,0.4,0.5017756622516557,0.515,0.7052125000000001,0.003705232659462901,0.99920869512725,1.0,0.5956250000000001,7.8,False,
dense,B3/S245678,0.88,9,0.5,0.5019826158940398,0.528125,0.70605,0.0006760848727773435,0.9994432738000969,1.0,0.599375,6.2,False,
dense,B3/S245678,0.89,0,0.1,0.500157284768212,0.513125,0.713675,0.005640031369815003,0.9898161059164173,1.0,0.7175,26.8,False,
dense,B3/S245678,0.89,1,0.2,0.5002152317880795,0.504375,0.7143416666666667,0.00698141774137335,0.9948890480912345,1.0,0.6599999999999999,29.0,False,
dense,B3/S245678,0.89,2,0.3,0.49991307947019864,0.52,0.7110791666666665,0.0077218760892293825,0.9973171657401857,1.0,0.609375,21.0,False,
dense,B3/S245678,0.89,3,0.4,0.5011009933774834,0.4875,0.7110000000000001,-0.0004842715231792529,0.9989669620737109,1.0,0.605,11.2,False,
dense,B3/S245678,0.89,4,0.5,0.5005753311258279,0.5125,0.70975,0.001294985186475892,0.9993404096979854,1.0,0.604375,8.2,False,
dense,B3/S245678,0.89,5,0.1,0.5005173841059601,0.48,0.7147708333333332,0.008244052805855346,0.989707056096867,1.0,0.73875,26.4,False,
dense,B3/S245678,0.89,6,0.2,0.4997723509933774,0.480625,0.7127416666666666,0.005234511153711601,0.9943166259966498,1.0,0.6599999999999999,30.4,False,
dense,B3/S245678,0.89,7,0.3,0.5000786423841059,0.488125,0.7110458333333334,0.002630816486580861,0.9978127601312213,1.0,0.60625,20.0,False,
dense,B3/S245678,0.89,8,0.4,0.5006622516556292,0.506875,0.71055,-0.0023210395608232333,0.9991478497160559,1.0,0.606875,11.0,False,
dense,B3/S245678,0.89,9,0.5,0.500703642384106,0.50125,0.7104041666666666,2.5814743812958563e-05,0.999331261903542,1.0,0.599375,9.0,False,
dense,B3/S245678,0.9,0,0.1,0.4991680463576158,0.5,0.7203291666666667,0.008266599860578585,0.9888066692954405,1.0,0.73,27.0,False,
dense,B3/S245678,0.9,1,0.2,0.5000951986754966,0.52125,0.7182875,0.007623845416521135,0.9943832992256464,1.0,0.674375,27.6,False,
dense,B3/S245678,0.9,2,0.3,0.5010057947019869,0.516875,0.71625,0.005923340013941716,0.9973920460123885,1.0,0.605,21.2,False,
dense,B3/S245678,0.9,3,0.4,0.5000206953642384,0.49875,0.71745,0.003949329034506427,0.999005551131652,1.0,0.60625,10.6,False,
dense,B3/S245678,0.9,4,0.5,0.500430463576159,0.5075,0.7159416666666666,-0.004515946322760728,0.9994080572047269,1.0,0.611875,6.8,False,
dense,B3/S245678,0.9,5,0.1,0.49989652317880795,0.5025,0.7210958333333334,0.006143255489717736,0.9877202835818321,1.0,0.755625,28.6,False,
dense,B3/S245678,0.9,6,0.2,0.4990190397350993,0.491875,0.7166416666666667,0.005977256883931167,0.9934904516104842,1.0,0.666875,30.8,False,
dense,B3/S245678,0.9,7,0.3,0.4995364238410597,0.504375,0.7166624999999999,0.007667959219239994,0.9974792816304194,1.0,0.61625,20.8,False,
dense,B3/S245678,0.9,8,0.4,0.5007988410596027,0.47625,0.7175458333333334,-0.0005424363889859822,0.9989255776333397,1.0,0.600625,9.6,False,
dense,B3/S245678,0.9,9,0.5,0.5022557947019869,0.520625,0.7175166666666667,0.0025416085744155857,0.9992152259756194,1.0,0.604375,7.4,False,
dense,B3/S245678,0.91,0,0.1,0.4995943708609271,0.515,0.7251291666666666,0.009779866678284734,0.9874257604152228,1.0,0.75875,27.4,False,
dense,B3/S245678,0.91,1,0.2,0.4988493377483444,0.515,0.7240125000000001,0.006770325026141363,0.9937600371552571,1.0,0.684375,27.0,False,
dense,B3/S245678,0.91,2,0.3,0.5000496688741721,0.49875,0.7249458333333333,0.007214077204600455,0.997007779879033,1.0,0.62375,20.2,False,
dense,B3/S245678,0.91,3,0.4,0.4992673841059603,0.50875,0.720975,0.0027608705123732752,0.9989356690062922,1.0,0.604375,10.4,False,
dense,B3/S245678,0.91,4,0.5,0.5002359271523179,0.46625,0.7234333333333334,-0.003696409898920054,0.999219586574464,1.0,0.60625,8.8,False,
dense,B3/S245678,0.91,5,0.1,0.4995778145695364,0.490625,0.7269416666666666,0.004937151446497204,0.9861649957384857,1.0,0.770625,25.2,False,
dense,B3/S245678,0.91,6,0.2,0.49902731788079474,0.471875,0.7237916666666666,0.006670660508887288,0.9929577716249492,1.0,0.6799999999999999,30.6,False,
dense,B3/S245678,0.91,7,0.3,0.4987872516556291,0.508125,0.7226541666666666,0.006416434297664065,0.9973843137296052,1.0,0.625625,20.6,False,
dense,B3/S245678,0.91,8,0.4,0.5003352649006623,0.501875,0.7244916666666668,0.0012822411990237456,0.9990893550151841,1.0,0.608125,11.4,False,
dense,B3/S245678,0.91,9,0.5,0.4999213576158941,0.486875,0.72125,-0.001611297490415394,0.9993549736068555,1.0,0.60875,7.6,False,
dense,B3/S245678,0.92,0,0.1,0.49851407284768223,0.52125,0.7308041666666666,0.009463227605436879,0.9853448279951914,1.0,0.78375,28.4,False,
dense,B3/S245678,0.92,1,0.2,0.4978394039735099,0.475,0.7303791666666667,0.005652448588357984,0.9927232453620253,1.0,0.6993750000000001,29.6,False,
dense,B3/S245678,0.92,2,0.3,0.49883692052980133,0.491875,0.7292249999999999,0.0038744989543393143,0.9969178625765288,1.0,0.6275,24.4,False,
dense,B3/S245678,0.92,3,0.4,0.4989859271523179,0.488125,0.7287541666666667,0.0028660901010800406,0.9989983163550827,1.0,0.618125,11.4,False,
dense,B3/S245678,0.92,4,0.5,0.5001779801324503,0.473125,0.7284124999999999,-0.0008414299407459569,0.9992115023702933,1.0,0.6,10.0,False,
dense,B3/S245678,0.92,5,0.1,0.4990355960264901,0.511875,0.7332583333333333,0.007691486580689917,0.9843015703376493,1.0,0.780625,26.6,False,
dense,B3/S245678,0.92,6,0.2,0.4993915562913908,0.49375,0.7309708333333333,0.004021871732310381,0.9923479764131601,1.0,0.693125,28.2,False,
dense,B3/S245678,0.92,7,0.3,0.4988493377483444,0.48625,0.7284166666666666,0.005432206343673547,0.997040743080676,1.0,0.629375,21.8,False,
dense,B3/S245678,0.92,8,0.4,0.4999172185430463,0.49375,0.7283291666666667,-0.0013515162077382932,0.998972001728391,1.0,0.610625,9.2,False,
dense,B3/S245678,0.92,9,0.5,0.5010140728476822,0.505625,0.7307083333333333,-0.0019220547229002684,0.9992974755938951,1.0,0.6125,4.8,False,
dense,B3/S245678,0.93,0,0.1,0.4981705298013245,0.51625,0.7397541666666666,0.006083456779365367,0.9799155306705446,1.0,0.813125,28.0,False,
dense,B3/S245678,0.93,1,0.2,0.49798427152317887,0.490625,0.7358916666666666,0.006299451028232525,0.9924637035857148,1.0,0.7106250000000001,30.8,False,
dense,B3/S245678,0.93,2,0.3,0.4979801324503312,0.490625,0.7353666666666667,0.0037382363192748156,0.9965618707332662,1.0,0.628125,21.6,False,
dense,B3/S245678,0.93,3,0.4,0.49812913907284767,0.4875,0.7325666666666666,0.0009397873823628069,0.9989629915659853,1.0,0.615,11.0,False,
dense,B3/S245678,0.93,4,0.5,0.5001945364238409,0.5175,0.73585,0.0005617157546182535,0.9992017652674249,1.0,0.615,8.0,False,
dense,B3/S245678,0.93,5,0.1,0.4990604304635762,0.479375,0.7414666666666666,0.0050760282328334025,0.9824132834657364,1.0,0.791875,27.4,False,
dense,B3/S245678,0.93,6,0.2,0.4968832781456953,0.485625,0.7344666666666667,0.005672054722899608,0.9911451110356444,1.0,0.700625,31.2,False,
dense,B3/S245678,0.93,7,0.3,0.49916804635761597,0.50875,0.7358916666666667,0.005294309864064346,0.9972483002059318,1.0,0.638125,19.8,False,
dense,B3/S245678,0.93,8,0.4,0.49902317880794694,0.49125,0.7348208333333333,0.001268843673753518,0.9989517218612989,1.0,0.614375,11.2,False,
dense,B3/S245678,0.93,9,0.5,0.4991680463576158,0.508125,0.7338916666666667,-0.003919593063786044,0.999245217152902,1.0,0.615,7.4,False,
dense,B3/S245678,0.94,0,0.1,0.4976945364238411,0.506875,0.7480333333333334,0.002859881491808644,0.9753592228862633,1.0,0.836875,26.6,False,
dense,B3/S245678,0.94,1,0.2,0.49812086092715235,0.493125,0.744175,0.0054080254444052915,0.9904031039936921,1.0,0.713125,30.0,False,
dense,B3/S245678,0.94,2,0.3,0.49766142384105955,0.4875,0.7417041666666666,0.0036741896131050424,0.9963239462692595,1.0,0.629375,23.0,False,
dense,B3/S245678,0.94,3,0.4,0.49798841059602644,0.4975,0.741125,0.0020155106308816966,0.9987655704456686,1.0,0.61625,11.0,False,
dense,B3/S245678,0.94,4,0.5,0.4990149006622517,0.491875,0.7401708333333332,0.0021759541652142007,0.9992133346149539,1.0,0.61875,9.0,False,
dense,B3/S245678,0.94,5,0.1,0.4972019867549668,0.518125,0.7472833333333333,0.006920311955385006,0.9790571057359934,1.0,0.8200000000000001,27.4,False,
dense,B3/S245678,0.94,6,0.2,0.4979511589403973,0.494375,0.7440500000000001,0.0030268604043221475,0.989962479098344,1.0,0.721875,30.2,False,
dense,B3/S245678,0.94,7,0.3,0.4976200331125828,0.489375,0.7400375,0.004772133147437506,0.9973177890172911,1.0,0.640625,20.6,False,
dense,B3/S245678,0.94,8,0.4,0.49828642384105964,0.498125,0.7399416666666667,0.002364173056814157,0.9985144914028911,1.0,0.615,10.2,False,
dense,B3/S245678,0.94,9,0.5,0.49881622516556295,0.523125,0.7403333333333332,-0.0009339055420010133,0.9991588480142138,1.0,0.6125,6.0,False,
dense,B3/S245678,0.95,0,0.1,0.49842301324503313,0.486875,0.7577333333333333,0.0019066965841752972,0.9705597101662206,1.0,0.853125,27.6,False,
dense,B3/S245678,0.95,1,0.2,0.49648592715231776,0.484375,0.7499250000000001,0.0061265902753566024,0.9906111513471244,1.0,0.7375,28.8,False,
dense,B3/S245678,0.95,2,0.3,0.49800496688741724,0.505625,0.7488499999999999,0.004349620948064992,0.9957899943762122,1.0,0.638125,22.0,False,
dense,B3/S245678,0.95,3,0.4,0.4969163907284769,0.48625,0.7466416666666666,0.0030216321017771854,0.9989446812094832,1.0,0.625625,12.0,False,
dense,B3/S245678,0.95,4,0.5,0.49838576158940395,0.489375,0.7468875,-7.777100034866619e-05,0.9991272428238906,1.0,0.619375,10.0,False,
dense,B3/S245678,0.95,5,0.1,0.49664735099337753,0.5025,0.7578958333333333,0.005987713489020341,0.9682629387544759,1.0,0.860625,28.4,False,
dense,B3/S245678,0.95,6,0.2,0.4976903973509933,0.49,0.7527958333333333,0.004417262112233649,0.9883643128516042,1.0,0.7462500000000001,30.4,False,
dense,B3/S245678,0.95,7,0.3,0.4970902317880794,0.483125,0.7475041666666665,0.004873431509236222,0.9972993073330788,1.0,0.639375,22.0,False,
dense,B3/S245678,0.95,8,0.4,0.4983195364238411,0.475,0.7477041666666667,0.00011306204252330258,0.9987145653868265,1.0,0.62625,10.0,False,
dense,B3/S245678,0.95,9,0.5,0.49760347682119205,0.464375,0.7469499999999999,-0.003989194841408632,0.9991951481353475,1.0,0.625,10.2,False,
dense,B3/S245678,0.96,0,0.1,0.49698675496688743,0.4925,0.7714541666666667,-0.0010619989543401214,0.9536799730844792,1.0,0.874375,29.4,False,
dense,B3/S245678,0.96,1,0.2,0.4962582781456954,0.529375,0.7594583333333335,0.005330581212965853,0.9878611433222332,1.0,0.74875,29.2,False,
dense,B3/S245678,0.96,2,0.3,0.49731788079470196,0.5225,0.7545041666666668,0.004476407284768063,0.9955209184406812,1.0,0.655625,22.0,False,
dense,B3/S245678,0.96,3,0.4,0.4959312913907284,0.480625,0.7534291666666667,0.003793460264900117,0.9987919556389732,1.0,0.63,12.8,False,
dense,B3/S245678,0.96,4,0.5,0.4969288079470198,0.4825,0.7522083333333334,-0.00033199721157238906,0.9995054005002273,1.0,0.6287499999999999,9.0,False,
dense,B3/S245678,0.96,5,0.1,0.4970322847682119,0.479375,0.7731833333333333,0.001160029627047556,0.9480323454380977,1.0,0.884375,28.2,False,
dense,B3/S245678,0.96,6,0.2,0.4971647350993378,0.508125,0.7617916666666666,0.005967453816660823,0.9850405031643318,1.0,0.755,30.4,False,
dense,B3/S245678,0.96,7,0.3,0.4965976821192054,0.47625,0.7558999999999999,0.004294723771348356,0.9963261743490951,1.0,0.640625,22.8,False,
dense,B3/S245678,0.96,8,0.4,0.4972723509933774,0.518125,0.7540333333333334,6.306639944221358e-05,0.9987490971640176,1.0,0.630625,11.8,False,
dense,B3/S245678,0.96,9,0.5,0.4976903973509934,0.515,0.7537708333333332,-0.0012861624259334202,0.9990536109175894,1.0,0.63125,6.0,False,
dense,B3/S245678,0.97,0,0.1,0.4970115894039734,0.49875,0.7885625,-0.002419723771349624,0.9234312392844757,1.0,0.90125,28.4,False,
dense,B3/S245678,0.97,1,0.2,0.4962706953642385,0.49875,0.7725125,0.0032814133844547237,0.9798317449277945,1.0,0.7737499999999999,28.6,False,
dense,B3/S245678,0.97,2,0.3,0.49616307947019866,0.4925,0.7651791666666666,0.0004636850819098193,0.9949009523432978,1.0,0.67625,23.0,False,
dense,B3/S245678,0.97,3,0.4,0.4959147350993378,0.514375,0.7597458333333333,0.0033140902753566607,0.9987102595305181,1.0,0.643125,12.2,False,
dense,B3/S245678,0.97,4,0.5,0.49696605960264906,0.49,0.7614333333333334,0.0012926978041124203,0.9989093240495858,1.0,0.63625,12.0,False,
dense,B3/S245678,0.97,5,0.1,0.497955298013245,0.4725,0.7981791666666667,-0.006558905542001147,0.8961952604049183,1.0,0.916875,28.4,False,
dense,B3/S245678,0.97,6,0.2,0.49665976821192054,0.499375,0.7748166666666666,0.003736929243638528,0.9764176709448095,1.0,0.769375,31.8,False,
dense,B3/S245678,0.97,7,0.3,0.4957243377483444,0.48125,0.7642666666666668,0.0034862974904143144,0.9961761444773529,1.0,0.649375,24.8,False,
dense,B3/S245678,0.97,8,0.4,0.4966887417218543,0.435625,0.7637999999999999,-0.00015652230742476666,0.9984505410263266,1.0,0.63625,13.2,False,
dense,B3/S245678,0.97,9,0.5,0.49749999999999994,0.510625,0.7631,-0.001564242767514858,0.9987245526745694,1.0,0.63625,8.0,False,
dense,B3/S245678,0.98,0,0.1,0.4995074503311258,0.461875,0.8457916666666665,-0.005835112408505749,0.8138764729866527,1.0,0.924375,31.2,False,
dense,B3/S245678,0.98,1,0.2,0.49582781456953645,0.46625,0.7959875,0.0010420660508883317,0.9573390935759849,1.0,0.794375,31.4,False,
dense,B3/S245678,0.98,2,0.3,0.49486754966887414,0.50625,0.7770708333333333,0.003156260892296481,0.9929161427246295,1.0,0.6856249999999999,20.4,False,
dense,B3/S245678,0.98,3,0.4,0.4957864238410596,0.510625,0.7721374999999999,0.0032118116068312603,0.9980282211279743,1.0,0.6737500000000001,10.6,False,
dense,B3/S245678,0.98,4,0.5,0.49601821192052975,0.445,0.7718749999999999,-0.003979391774137663,0.998673376498027,1.0,0.661875,10.8,False,
dense,B3/S245678,0.98,5,0.1,0.49941225165562914,0.476875,0.8495583333333333,-0.008229021436040852,0.7732052083996855,1.0,0.94875,28.6,False,
dense,B3/S245678,0.98,6,0.2,0.49637003311258276,0.5375,0.7946458333333334,0.0020883800975940035,0.960329733998636,1.0,0.791875,31.4,False,
dense,B3/S245678,0.98,7,0.3,0.4946978476821192,0.49125,0.7753416666666667,0.004134933774834058,0.9960055641716703,1.0,0.6643749999999999,21.8,False,
dense,B3/S245678,0.98,8,0.4,0.49618791390728473,0.508125,0.7709166666666666,0.0006417741373297665,0.9984801556292585,1.0,0.6481250000000001,10.2,False,
dense,B3/S245678,0.98,9,0.5,0.4964279801324504,0.489375,0.7727250000000002,-0.0031121470895788105,0.9988350017270226,1.0,0.646875,7.8,False,
dense,B3/S245678,0.99,0,0.1,0.5020322847682118,0.011875,0.97395,-0.002104718543046722,0.16921695780906923,1.0,0.986875,33.4,False,
dense,B3/S245678,0.99,1,0.2,0.49759105960264893,0.2225,0.8857124999999998,-0.0005793612757058217,0.7713817160499324,1.0,0.834375,33.0,False,
dense,B3/S245678,0.99,2,0.3,0.4947640728476822,0.469375,0.80135,0.0020246601603345214,0.9837454582385744,1.0,0.7012499999999999,22.4,False,
dense,B3/S245678,0.99,3,0.4,0.49459850993377497,0.488125,0.7967375,0.004654823109097301,0.9944955991520473,1.0,0.688125,11.2,False,
dense,B3/S245678,0.99,4,0.5,0.4952607615894041,0.4875,0.7925999999999999,-0.0003806857790172531,0.9918458735451298,1.0,0.693125,10.2,False,
dense,B3/S245678,0.99,5,0.1,0.5018956953642385,0.02125,0.9721375000000001,-0.0032516774137329027,0.19693534181619063,1.0,0.9825,31.8,False,
dense,B3/S245678,0.99,6,0.2,0.4987293046357616,0.271875,0.8957583333333332,-0.0010309559079823257,0.730313671513735,1.0,0.859375,36.0,False,
dense,B3/S245678,0.99,7,0.3,0.4955918874172185,0.460625,0.8111958333333333,0.0040153363541295065,0.9808743841379082,1.0,0.713125,25.6,False,
dense,B3/S245678,0.99,8,0.4,0.4950413907284768,0.4825,0.7902541666666666,-3.0389508540027068e-05,0.9972779894188634,1.0,0.674375,11.8,False,
dense,B3/S245678,0.99,9,0.5,0.49582367549668876,0.521875,0.79125,-0.00030356831648729307,0.9984008872670036,1.0,0.685,8.0,False,
