rule_index,rule,B0,B1,B2,B3,B4,B5,B6,B7,B8,S0,S1,S2,S3,S4,S5,S6,S7,S8,mean_density_mean,mean_density_std,final_density_mean,final_density_std,activity_mean,activity_std,growth_mean,growth_std,entropy_mean,entropy_std,normalized_lifespan_mean,normalized_lifespan_std,recurrence_mean,recurrence_std,component_count_mean,component_count_std,cluster,pca_x,pca_y
0,B3/S23,0,0,0,1,0,0,0,0,0,0,0,1,1,0,0,0,0,0,0.10709685430463575,0.03142684062661827,0.063,0.034650599742284405,0.08594333333333333,0.029029016494037666,-0.12430328511676554,0.07233832964210588,0.4684963576220625,0.10054633431492191,1.0,0.0,0.9808749999999999,0.02333770420371293,30.119999999999997,12.33093670407889,0,-3.698349918200003,0.6720066496194292
1,B36/S23,0,0,0,1,0,0,1,0,0,0,0,1,1,0,0,0,0,0,0.1326415562913907,0.062892168181795,0.0735,0.035716986505023064,0.11892833333333333,0.06371284500048287,-0.16237310474032782,0.0885919410789004,0.5198419642079153,0.2061732566670834,1.0,0.0,0.9626250000000001,0.02588435821108958,29.76,9.222147255384721,0,-3.745490500657097,0.30691535514815876
2,B012356/S12378,1,1,1,1,0,1,1,0,0,0,1,1,1,0,0,0,1,1,0.550569536423841,0.004277723878377991,0.5358750000000001,0.016498105951896408,0.63165,0.005595678981489932,-0.015082737887766168,0.023487168822344855,0.9855998567774718,0.008420057960991933,1.0,0.0,0.7217499999999999,0.18263554469899884,19.28,9.445210426454246,1,0.5826924657785856,-0.938275846738153
3,B068/S357,1,0,0,0,0,0,1,0,1,0,0,0,1,0,1,0,1,0,0.2876134105960265,0.0016595220168847643,0.27962499999999996,0.012934631324471535,0.348465,0.001494955638509419,0.0012526359358659722,0.003559039253355117,0.8612180539075585,0.0019855137080366622,1.0,0.0,0.7731250000000001,0.02935504641454337,76.03999999999999,8.216325212648293,1,-1.6538538190921264,-0.44331638246079996
4,B0146/S357,1,1,0,0,1,0,1,0,0,0,0,0,1,0,1,0,1,0,0.41027483443708607,0.0009361289003072286,0.41587499999999994,0.019767199789044485,0.4729583333333334,0.0025084111975732445,0.0021193577901705038,0.003211496303740511,0.9746590902786745,0.0021928350041102262,1.0,0.0,0.5746249999999999,0.022104156848882502,31.52,7.946823264676269,1,-0.041368128427898776,-1.3248846006210016
5,B0238/S68,1,0,1,1,0,0,0,0,1,0,0,0,0,0,0,1,0,1,0.36670364238410597,0.000553333823319893,0.367875,0.016849517797254614,0.6784725,0.0008231597742169491,0.00025416085744135226,0.002997088721094532,0.9459179906985875,0.0014551990375045003,1.0,0.0,0.71,0.010212584148980089,35.559999999999995,10.114741716919909,1,-0.4188934505744001,-1.2879546917895228
6,B568/S01238,0,0,0,0,0,1,1,0,1,1,1,1,1,0,0,0,0,1,0.20189735099337747,0.05853028130781381,0.200625,0.05751867903125035,0.007676666666666668,0.007127490183749427,-0.0074386327988847645,0.007332234717683202,0.7119196934285673,0.13007347725588214,1.0,0.0,1.0,0.0,118.47999999999999,13.126004723448798,0,-3.2399985788116243,1.090090902943567
7,B058/S03578,1,0,0,0,0,1,0,0,1,1,0,0,1,0,1,0,1,1,0.24857036423841058,0.002760397922769657,0.24300000000000002,0.016065053299008997,0.19746416666666666,0.007898033224761998,-0.025480851341931166,0.011972618831574742,0.8068136835055707,0.004283170734082591,1.0,0.0,0.873625,0.02444061680891047,150.8,12.539537471533796,0,-3.1267051703676563,0.07190202559483537
8,B36/S012568,0,0,0,1,0,0,1,0,0,1,1,1,0,0,1,1,0,1,0.3648079470198676,0.015389169867332884,0.37374999999999997,0.012952738610039226,0.35746500000000003,0.017960657622209206,0.038267841582432724,0.07765678053999177,0.9411093060625184,0.021747248108933963,1.0,0.0,0.782875,0.1344618905117729,38.2,9.140021881811881,1,-0.4920415916688404,-0.22867747928501386
9,B2345678/S345,0,0,1,1,1,1,1,1,1,0,0,0,1,1,1,0,0,0,0.5722384105960265,0.0031965909806770977,0.56975,0.02196677178148853,0.6556683333333333,0.0030287992670364142,0.018810844370860398,0.0161551740798631,0.9784262172649523,0.0017034203049120199,1.0,0.0,0.647625,0.05180039816449284,17.28,10.452368152720226,1,1.06185190481258,-1.0245827793748727
10,B0135678/S0234568,1,1,0,1,0,1,1,1,1,1,0,1,1,1,1,1,0,1,0.7545471854304636,0.0006109207025090604,0.757,0.014020074892809983,0.41146666666666665,0.0009003664377475878,0.01854609620076641,0.006997538137851082,0.7979308262784607,0.003529347547109636,1.0,0.0,0.6833750000000001,0.009297597135819608,16.0,10.014988766843427,1,1.6963886259465775,0.315359898792377
11,B135/S026,0,1,0,1,0,1,0,0,0,1,0,1,0,0,0,1,0,0,0.399158940397351,0.000951768078829215,0.39574999999999994,0.018516251307972686,0.5885191666666667,0.001346663830442567,0.005529583478563725,0.008105206826954784,0.9689161429781205,0.001493035610789012,1.0,0.0,0.5988749999999999,0.021521246769181348,35.6,8.617424209124211,1,-0.1167577991159344,-1.4691111944433914
12,B02358/S1568,1,0,1,1,0,1,0,0,1,0,1,0,0,0,1,1,0,1,0.4788940397350993,0.0005770214936286453,0.4715,0.013247936160021316,0.6000975,0.0007066990951678663,0.0055954600906237256,0.003435695220455723,0.9969182316075761,0.0015353685061263512,1.0,0.0,0.567,0.004601290579826521,22.52,9.458964002468768,1,0.5102411324851621,-1.495408751697754
13,B027/S02567,1,0,1,0,0,0,0,1,0,1,0,1,0,0,1,1,1,0,0.3535066225165563,0.001191960997187,0.334125,0.0100836346373716,0.4049625,0.0008530836630197386,0.00026546706169358267,0.004546231635378176,0.9353904460589157,0.0016757659179598592,1.0,0.0,0.6599999999999999,0.030593095626300998,57.32000000000001,11.38472661068327,1,-0.8889301605138207,-0.9740556877818595
14,B0124568/S01478,1,1,1,0,1,1,1,0,1,1,1,0,0,1,0,0,1,1,0.5415521523178808,0.004893241960401261,0.5363749999999999,0.008596874432024684,0.7033816666666667,0.0069662022622324895,-0.010680376437783645,0.026793599189120523,0.9897803891352182,0.008487272055125667,1.0,0.0,0.6845,0.12133808012120512,17.04,10.51513195352298,1,0.7059962832941501,-1.2054750531042087
15,B123/S02457,0,1,1,1,0,0,0,0,0,1,0,1,0,1,1,0,1,0,0.49668294701986754,0.0007126937795914025,0.49887499999999996,0.010855945951412961,0.3889333333333333,0.002523947800569551,0.0042171488323452895,0.006119882510147931,0.9976172938038751,0.0014973094663272377,1.0,0.0,0.6665,0.005721396245672903,22.919999999999998,9.49694687781289,1,0.3622277707764742,-0.6982949134061386
16,B0125/S246,1,1,1,0,0,1,0,0,0,0,0,1,0,1,0,1,0,0,0.44505794701986756,0.001070264518282656,0.438875,0.019805696781481846,0.4657,0.005997817890236791,-0.0008225426978044467,0.0031437007868022793,0.9871833279359052,0.005334714185799247,1.0,0.0,0.6327499999999999,0.09032774525305055,26.8,9.067524469225326,1,0.07641158432207411,-1.0817917036841633
17,B018/S25678,1,1,0,0,0,0,0,0,1,0,0,1,0,0,1,1,1,1,0.3811995033112583,0.015092279194869355,0.37249999999999994,0.024145554715102328,0.35341666666666666,0.011099213247893851,-0.033984424015336696,0.07453858444575649,0.9518311533441596,0.000535161998316797,1.0,0.0,0.764375,0.08538058180874622,63.36,9.16013100343002,1,-1.147741227155701,-0.6295118392139278
18,B245/S45,0,0,1,0,1,1,0,0,0,0,0,0,0,1,1,0,0,0,0.5201200331125828,0.004223706336408672,0.516375,0.00999413890737968,0.5365266666666667,0.00330745370337975,0.029556247821540215,0.03421622106254639,0.9945449286899223,0.004429169578660925,1.0,0.0,0.64425,0.11808812255049193,17.68,10.198627358620374,1,0.7965996541952977,-0.8979609389017359
19,B048/S2368,1,0,0,0,1,0,0,0,1,0,0,1,1,0,0,1,0,1,0.3303956953642384,0.0011689660665432787,0.32687499999999997,0.012038350177661392,0.3053533333333333,0.0011941240687912942,-0.0017967061693972327,0.005830291420046854,0.9139794644231785,0.0014853814254345765,1.0,0.0,0.728875,0.0042019340784929145,55.44,10.18371248612214,1,-1.1270440713586716,-0.534103060677709
20,B0123568/S012345,1,1,1,1,0,1,1,0,1,1,1,1,1,1,1,0,0,0,0.49917549668874167,0.0017026497632789998,0.0,0.0,0.9943500000000001,0.0049252062139569525,-0.014452531369815867,0.00970164466560802,0.021779476909380584,0.019609346765695194,0.07466666666666667,0.04066120181860508,1.0,0.0,13.84,9.337451472430793,0,-3.735557875726175,2.345356152232361
21,B15678/S01234567,0,1,0,0,0,1,1,1,1,1,1,1,1,1,1,1,1,0,0.6840372516556291,0.0026105897317738494,0.70175,0.017768036610723188,0.31764749999999997,0.0014325173307076547,0.021779474555593748,0.010065601206399427,0.8943125038503087,0.0011775223076780585,1.0,0.0,0.8215,0.027234513948297335,14.040000000000001,10.62016949017293,1,1.2561770831076482,0.6755958948302218
22,B0456/S1238,1,0,0,0,1,1,1,0,0,0,1,1,1,0,0,0,0,1,0.4048435430463576,0.0014494244752597347,0.398375,0.005165238377848585,0.4211216666666666,0.002118510106052001,0.0009516817706514728,0.005591941216161214,0.9721192019757554,0.001533741350559376,1.0,0.0,0.69025,0.038034215681409814,35.0,9.449867723941962,1,-0.33011207374475776,-0.840366344001278
23,B02346/S1578,1,0,1,1,1,0,1,0,0,0,1,0,0,0,1,0,1,1,0.5081796357615894,0.0012954418595715145,0.5115000000000001,0.01805265735286638,0.6976033333333334,0.001453720084243597,0.004383343499476771,0.004788124270700634,0.9979098334891898,0.0014968077035255104,1.0,0.0,0.5948749999999999,0.0034629737942987776,17.64,9.895857719268198,1,0.7593559232787769,-1.520507985052485
24,B024568/S012368,1,0,1,0,1,1,1,0,1,1,1,1,1,0,0,1,0,1,0.5680885761589404,0.001490047254294242,0.5653750000000001,0.010180020260294177,0.6539958333333333,0.0015510720978657176,0.008104326420355142,0.006598446985489479,0.9841518637428284,0.0012211155682640962,1.0,0.0,0.617875,0.00858778201865885,15.8,10.310189135025604,1,1.033447627427699,-1.1936032145934183
25,B0234/S024567,1,0,1,1,1,0,0,0,0,1,0,1,0,1,1,1,1,0,0.7279346026490068,0.004034208667962461,0.732,0.0038880827537489484,0.014696666666666667,0.001501779615619047,0.02622496950156783,0.009528191807649432,0.8399026694951948,0.004853201347165002,1.0,0.0,0.99975,0.0005590169943749417,13.8,9.956907150315303,2,1.0252915391679862,2.0985674326019637
26,B0145/S01345,1,1,0,0,1,1,0,0,0,1,1,0,1,1,1,0,0,0,0.555635761589404,0.0017603414048872792,0.556875,0.0033946189035000793,0.4412258333333333,0.004791167908825113,0.011739173056813719,0.009025590613645863,0.9862547437127045,0.004657879571265539,1.0,0.0,0.660875,0.09490188189651455,16.04,8.965935534008707,1,0.819761058456062,-0.6399383267328613
27,B3468/S3456,0,0,0,1,1,0,1,0,1,0,0,0,1,1,1,1,0,0,0.6173236754966889,0.06016775831087264,0.6643749999999999,0.0097528040839545,0.34570249999999997,0.03275596897471089,0.15749281108400107,0.2641515104854918,0.9117174106450783,0.04536435122193333,1.0,0.0,0.769625,0.1360416985706956,14.16,9.14702137310283,2,1.911736485826927,0.8998184308064325
28,B02348/S0125,1,0,1,1,1,0,0,0,1,1,1,1,0,0,1,0,0,0,0.48472599337748346,0.0011221178402629865,0.485375,0.028877434962267672,0.6295625,0.0012987006059476743,0.00781676978041079,0.005725698041636503,0.9916682508227851,0.00450059159322258,1.0,0.0,0.6521250000000001,0.03574704970343706,27.919999999999998,10.220176123727025,1,0.4151862147393306,-1.2149139067815724
29,B012456/S012345,1,1,1,0,1,1,1,0,0,1,1,1,1,1,1,0,0,0,0.500557119205298,0.002916921252263005,0.008125,0.01021258414898012,0.9797866666666666,0.01725640063417697,-0.014570756361101672,0.008789327911371879,0.09147871338188564,0.08128256878906585,0.64,0.4940535283639708,1.0,0.0,13.959999999999999,9.418492448369854,0,-2.4940136691373875,1.2727082602595945
30,B03458/S014,1,0,0,1,1,1,0,0,1,1,1,0,0,1,0,0,0,0,0.4779817880794702,0.0014148807707331586,0.48562500000000003,0.016973094517500346,0.6635908333333334,0.0015680689646114768,0.007959894562565014,0.008534137273816368,0.9966267563560886,0.0015496211128841653,1.0,0.0,0.583125,0.015264593427274806,19.2,10.167595585978034,1,0.6112961263481177,-1.5356997095270397
31,B128/S0156,0,1,1,0,0,0,0,0,1,1,1,0,0,0,1,1,0,0,0.3702649006622517,0.0008343081407255663,0.370625,0.019126429685124194,0.49896250000000003,0.0010232412078510097,0.0005921706169394388,0.0054562678069916505,0.9485017380602099,0.0014960725841717075,1.0,0.0,0.632,0.05496696451051304,37.839999999999996,8.839004468830185,1,-0.4265711340694224,-1.2154401608839196
32,B05678/S01,1,0,0,0,0,1,1,1,1,1,1,0,0,0,0,0,0,0,0.21384437086092714,0.003939096502189711,0.21187499999999998,0.0051727954241396566,0.041910833333333335,0.0070859147257076125,-0.008199612234228167,0.00403543967049148,0.7474347102399003,0.00794687228797682,1.0,0.0,1.0,0.0,226.2,11.025425161870174,0,-4.352046373294331,0.9031637936854108
33,B0245678/S013456,1,0,1,0,1,1,1,1,1,1,1,0,1,1,1,1,0,0,0.6406986754966887,0.0013070868315280852,0.63175,0.03292807028205568,0.5282483333333333,0.0019710945034844335,0.013370338096897532,0.007640989607911939,0.9338722620785577,0.0023649179952813237,1.0,0.0,0.69625,0.010888282118865243,14.76,9.995398941513042,1,1.2224791220171538,-0.40564668824508404
34,B3458/S016,0,0,0,1,1,1,0,0,1,1,1,0,0,0,0,1,0,0,0.41437334437086093,0.024284110876887786,0.43624999999999997,0.011293319374745401,0.7305666666666667,0.05138478194925243,0.06527496514464935,0.10947100360131186,0.9697947084311263,0.026953459806130956,1.0,0.0,0.8213750000000001,0.06806247130394254,26.119999999999997,10.14652649925086,1,0.29336210908132404,-0.6322201537568916
35,B1246/S28,0,1,1,0,1,0,1,0,0,0,0,1,0,0,0,0,0,1,0.4039867549668874,0.0012458451133184807,0.42712500000000003,0.023375334222209523,0.707445,0.0010695290370583543,0.003331147612408006,0.004671493977223896,0.9690696202183045,0.002399382303071741,1.0,0.0,0.688,0.013774126560330434,32.160000000000004,8.540960133380791,1,-0.04580707147221541,-1.3572957636691907
36,B17/S123478,0,1,0,0,0,0,0,1,0,0,1,1,1,1,0,0,1,1,0.4019602649006623,0.0011137205986614849,0.40275,0.0007126096406869632,0.00351,0.0013085476204555949,0.004656195538514759,0.005469984699927464,0.9714028253313393,0.0014569937324207037,1.0,0.0,1.0,0.0,38.760000000000005,5.181505572707608,1,-0.9947001777610218,1.0786672222780107
37,B12568/S078,0,1,1,0,0,1,1,0,1,1,0,0,0,0,0,0,1,1,0.37552400662251656,0.001310624852232458,0.370125,0.01809480243053236,0.6794875,0.0009938264296254944,0.003543547403276167,0.004408639380783107,0.9526250657659963,0.0013768302225650984,1.0,0.0,0.6945,0.00488940180390202,50.519999999999996,7.865875666446811,1,-0.5119408672768042,-1.3415598640986486
38,B457/S12367,0,0,0,0,1,1,0,1,0,0,1,1,1,0,0,1,1,0,0.1397003311258278,0.06773588318176806,0.071875,0.01590376331249934,0.07177166666666668,0.07069559582532156,-0.23092477779714224,0.20967022097957824,0.5218028157163859,0.15147940143276414,1.0,0.0,1.0,0.0,41.64,15.995874468124587,0,-4.359879472082697,0.21929220049826642
39,B0148/S023458,1,1,0,0,1,0,0,0,1,1,0,1,1,1,1,0,0,1,0.5675190397350993,0.003077587290644133,0.56875,0.003029799910885212,0.014628333333333332,0.004246993830607976,0.00955557249912823,0.005890085877336153,0.9844823718169373,0.0014521118353543697,1.0,0.0,1.0,0.0,13.2,9.73242004847715,1,0.2079575298295233,1.403463897007105
40,B2347/S01347,0,0,1,1,1,0,0,1,0,1,1,0,1,1,0,0,1,0,0.5404652317880795,0.0025597289465126597,0.55575,0.052252766075108446,0.5673983333333333,0.002367316885444603,0.011193926455210525,0.012261796124957635,0.9912462463444586,0.0009346094329644428,1.0,0.0,0.643,0.07030263819729672,20.44,10.502761541613712,1,0.8240675196573185,-0.980009968144896
41,B127/S012346,0,1,1,0,0,0,0,1,0,1,1,1,1,1,0,1,0,0,0.4444975165562914,0.0019384776656639743,0.44399999999999995,0.0022793228161013123,0.008738333333333332,0.004223887715192669,-0.0031479609620080366,0.0024757842101538943,0.9894774039020975,0.002033813886039874,1.0,0.0,1.0,0.0,26.96,9.907976584550452,1,-0.6716815063240341,1.0890842431621617
42,B01/S013468,1,1,0,0,0,0,0,0,0,1,1,0,1,1,0,1,0,1,0.33562003311258276,0.007499491964139145,0.33399999999999996,0.009360405306395652,0.047145000000000006,0.005523128768088689,-0.009907567967933417,0.010814150324679698,0.918466290304433,0.007344705434363704,1.0,0.0,0.9977500000000001,0.000712609640686993,204.44,16.451382920593634,0,-3.32732917786859,0.7882569383616758
43,B0467/S024568,1,0,0,0,1,0,1,1,0,1,0,1,0,1,1,1,0,1,0.6665033112582781,0.009544228745813817,0.675875,0.017011025836204008,0.35041833333333333,0.0030941134747200926,0.07512992331822904,0.053274643109015835,0.9072005230501331,0.003041185705814029,1.0,0.0,0.722125,0.02717348776841132,14.680000000000001,10.363976070987428,1,1.6231499999759877,0.4287237017407861
44,B7/S0367,0,0,0,0,0,0,0,1,0,1,0,0,1,0,0,1,1,0,0.04296688741721855,0.004677909926626673,0.040625,0.004881406047441658,0.0018383333333333335,0.0012206818734261237,-0.013811868246775948,0.010245083401008753,0.2504839455874187,0.021592733456299026,1.0,0.0,1.0,0.0,64.44,12.414024327348486,0,-3.898431216590045,1.7277941397490777
45,B12467/S0135678,0,1,1,0,1,0,1,1,0,1,1,0,1,0,1,1,1,1,0.9664842715231788,0.004758676230369732,0.9782500000000001,0.004493919503061888,0.0105225,0.001591646487655681,0.06819837051237272,0.005002122139041797,0.1759438484244487,0.02655317420815493,1.0,0.0,1.0,0.0,15.0,9.494208761134338,2,1.9645206281186016,4.139602805465338
46,B6/S13456,0,0,0,0,0,0,1,0,0,0,1,0,1,1,1,1,0,0,0.16266225165562914,0.1395892191198865,0.16025,0.13814946050383262,0.002334166666666667,0.0022010540404290148,-0.013248191878703505,0.009083489292213384,0.5565947976235177,0.3108495247813814,1.0,0.0,1.0,0.0,35.760000000000005,19.727341432641147,0,-2.6837246303853814,1.3639440574334236
47,B014568/S0,1,1,0,0,1,1,1,0,1,1,0,0,0,0,0,0,0,0,0.33309354304635763,0.00213364608509011,0.33775,0.02303869028395494,0.64079,0.004785633520699636,-0.005607289125131034,0.009050214579755146,0.9145502532654,0.003643175437937041,1.0,0.0,0.718,0.05550091496993543,60.44,11.306104545775266,1,-0.9621382444725288,-1.2292886168806176
48,B08/S023478,1,0,0,0,0,0,0,0,1,1,0,1,1,1,0,0,1,1,0.2943137417218543,0.022617672506078833,0.293875,0.02144852121942212,0.019113333333333336,0.004649923834501666,-0.0004127091321020269,0.003959125770557537,0.8722581968929607,0.029152300322193004,1.0,0.0,1.0,0.0,153.0,41.74014853830781,0,-2.958837830492863,0.9373696736552382
49,B01568/S134,1,1,0,0,0,1,1,0,1,0,1,0,1,1,0,0,0,0,0.3912144039735099,0.001721510010789731,0.40112500000000006,0.01000390548735841,0.3577775,0.005391976259787435,-0.001874542523527588,0.006796049390993644,0.9632897951996087,0.0021738557594482392,1.0,0.0,0.715375,0.05326378929441654,42.64,9.008218469819656,1,-0.5407667785228564,-0.6406998905284733
50,B1234568/S034678,0,1,1,1,1,1,1,0,1,1,0,0,1,1,0,1,1,1,0.9619809602649007,0.008028493676381664,0.9720000000000001,0.006471089552772368,0.01935083333333333,0.002749323464761628,0.057610012199371605,0.01101962743464581,0.20621105655945363,0.031711547620135803,1.0,0.0,1.0,0.0,13.919999999999998,8.900112358841321,2,1.9148681522737945,4.003455417572406
51,B023567/S034568,1,0,1,1,0,1,1,1,0,1,0,0,1,1,1,1,0,1,0.739419701986755,0.0016288116788286324,0.735125,0.02148491476594679,0.4057166666666666,0.0008194467984900353,0.01928165301498734,0.012506093523950384,0.8217009383398626,0.0009993644066066839,1.0,0.0,0.6837500000000001,0.018812396179115495,13.88,9.910196768984962,1,1.6452378843666249,0.24698206260324623
52,B12678/S18,0,1,1,0,0,0,1,1,1,0,1,0,0,0,0,0,0,1,0.38941225165562915,0.0011713758978752315,0.34700000000000003,0.1515218373288154,0.7056708333333334,0.0028595857921695856,0.0019254531195536534,0.0024622838332215785,0.8878738346317062,0.038124174169656494,1.0,0.0,0.8003750000000001,0.02264967577030631,77.44,9.961325213042688,1,-1.0258357670889167,-0.9163997128741873
53,B126/S12347,0,1,1,0,0,0,1,0,0,0,1,1,1,1,0,0,1,0,0.42685264900662256,0.005175992598999232,0.41899999999999993,0.005583177858531797,0.03834666666666667,0.0034697469788476233,-0.03380313262460829,0.004694596706988817,0.9825386997359337,0.0029781272729307016,1.0,0.0,0.9977499999999999,0.0033830921506811267,35.160000000000004,9.682355085411814,1,-1.0489363678261348,0.8536989474299004
54,B023578/S0278,1,0,1,1,0,1,0,1,1,1,0,1,0,0,0,0,1,1,0.43746357615894044,0.0013463870196849242,0.45112500000000005,0.011374313166077317,0.7068358333333333,0.0018322406781800546,0.0021477213314738787,0.0033309729299697624,0.9857271810353317,0.0023148240595150015,1.0,0.0,0.654875,0.009994138907379648,32.64,10.018383103076063,1,0.14947499979719475,-1.4540503444713284
55,B3/S245678,0,0,0,1,0,0,0,0,0,0,0,1,0,1,1,1,1,1,0.5536961920529802,0.23303511168343205,0.6533749999999999,0.1592993693097998,0.04069166666666667,0.011244108797005162,0.302184058034158,0.16709013625379912,0.810963809222011,0.1623647075407098,1.0,0.0,0.998625,0.0012808688457449124,14.2,10.269371937952194,2,2.03683702982993,3.070463235138802
56,B13458/S02468,0,1,0,1,1,1,0,0,1,1,0,1,0,1,0,1,0,1,0.575226821192053,0.0016617318197540822,0.58525,0.01646255220189143,0.5763858333333334,0.00111969660449214,0.011084328163122615,0.010304025692417734,0.9808931935612766,0.0014419008681733716,1.0,0.0,0.567375,0.004968651728587959,14.959999999999999,8.965935534008707,1,1.1487142765985465,-1.175287355447187
57,B1236/S0168,0,1,1,1,0,0,1,0,0,1,1,0,0,0,0,1,0,1,0.4560182119205297,0.0010149931626007146,0.45962499999999995,0.030409317034422186,0.6781858333333333,0.0014151174126787252,0.0036203380968974743,0.0061390409212233425,0.9914883461867012,0.001558794610348428,1.0,0.0,0.618625,0.014519652630142385,30.880000000000003,10.747650906128278,1,0.2854093124387745,-1.5028157317853532
58,B13467/S125678,0,1,0,1,1,0,1,1,0,0,1,1,0,0,1,1,1,1,0.9643311258278147,0.0029770748663546674,0.9785,0.004689582870576008,0.014715833333333334,0.0017688675363381834,0.0817620904496333,0.0191604816498478,0.17928846692395833,0.022356193170853425,1.0,0.0,1.0,0.0,13.680000000000001,9.446269104784173,2,2.0627578038705088,4.183849109323536
59,B34568/S0567,0,0,0,1,1,1,1,0,1,1,0,0,0,0,1,1,1,0,0.5279213576158941,0.2732080479503583,0.59225,0.2958761486036007,0.423795,0.23400680327538914,0.1755438523875912,0.18881338258850752,0.7837538086319819,0.24395277253562483,1.0,0.0,0.889875,0.1151217086934519,26.640000000000004,29.701649785828394,2,1.2372359009462812,1.3434401584007256
60,B12345/S024568,0,1,1,1,1,1,0,0,0,1,0,1,0,1,1,1,0,1,0.7002028145695364,0.0036308434438194165,0.711875,0.0033657280044590474,0.054564999999999995,0.006081097334500305,0.04973873736493501,0.007020356504039086,0.8761927820299087,0.004743283766112422,1.0,0.0,1.0,0.0,14.440000000000001,10.736293587640011,2,1.090547196456075,2.003697442432983
61,B1568/S267,0,1,0,0,0,1,1,0,1,0,0,1,0,0,0,1,1,0,0.2837930463576159,0.0011432221108157907,0.28275,0.005889609494694847,0.3981558333333333,0.0014517009898353385,-0.003385391251307291,0.006459454826964002,0.8594318809463152,0.0019381253386557794,1.0,0.0,0.6676249999999999,0.02965755068275192,82.32000000000001,10.000599982001075,1,-1.5905590893833619,-0.9346009430003236
62,B378/S3467,0,0,0,1,0,0,0,1,1,0,0,0,1,1,0,1,1,0,0.03157615894039735,0.023895459294251464,0.0033750000000000004,0.0009478594305064438,0.027011666666666663,0.01940449444107959,-0.14071401185081917,0.11608257805319004,0.12859891315056626,0.07424188150141246,1.0,0.0,0.999625,0.0003423265984407207,15.16,8.842397864832819,0,-4.333198747369689,1.3452477304325343
63,B0124678/S01456,1,1,1,0,1,0,1,1,1,1,1,0,0,1,1,1,0,0,0.6359933774834436,0.0016563222886770324,0.63175,0.022445245877468097,0.4614391666666666,0.005857025251069619,0.018993573544788787,0.00941700980681989,0.9387455362376345,0.006862047798592016,1.0,0.0,0.658875,0.11170675197811453,12.88,9.200652150798877,1,1.279610339515427,-0.3974275443115418
64,B02368/S0478,1,0,1,1,0,0,1,0,1,1,0,0,0,1,0,0,1,1,0.42678725165562914,0.0013079221328003313,0.43274999999999997,0.009297597135819553,0.6088958333333334,0.0005901241630181061,0.001882123562216393,0.004921064491022075,0.9828225092245002,0.0018171733326730406,1.0,0.0,0.57125,0.013139872526017867,26.880000000000003,9.625590890953136,1,0.18736215221058866,-1.5807182708259566
65,B013458/S1256,1,1,0,1,1,1,0,0,1,0,1,1,0,0,1,1,0,0,0.5839329470198675,0.0011023478572709936,0.58675,0.008687275176947043,0.5521699999999999,0.002873153694597161,0.011435474032763697,0.009179931821873594,0.9762739879468982,0.002627644151856671,1.0,0.0,0.58825,0.055055724611524214,16.32,9.779161518248893,1,1.1174076665787802,-1.0336724194820361
66,B34567/S134,0,0,0,1,1,1,1,1,0,0,1,0,1,1,0,0,0,0,0.49298509933774837,0.017101325543969946,0.49024999999999996,0.016295609071157808,0.6329191666666667,0.02320187720644129,0.054749411815963524,0.09020729541221452,0.9894179196209322,0.016918327299039408,1.0,0.0,0.677875,0.15589183950739693,14.719999999999999,9.502210269195269,1,0.8532328394603982,-0.894695685162208
67,B3478/S478,0,0,0,1,1,0,0,1,1,0,0,0,0,1,0,0,1,1,0.026480960264900662,0.020646383552461137,0.0032500000000000003,0.002436698586202241,0.04345916666666666,0.03295265825034284,-0.12105677065179513,0.09858011952292428,0.10774396234007391,0.06856063870499823,0.8426666666666666,0.3518080284599669,1.0,0.0,15.16,8.623688306055596,0,-4.560549099304478,1.708436377528855
68,B126/S35678,0,1,1,0,0,0,1,0,0,0,0,0,1,0,1,1,1,1,0.8093667218543047,0.03159759672428068,0.962375,0.005310661446561972,0.10727416666666667,0.023508869927705532,0.5533171401185079,0.0716839720445314,0.5575459222666409,0.055513084889345025,1.0,0.0,1.0,0.0,15.440000000000001,9.605623353015671,2,4.853647551315452,5.149394514409438
69,B01456/S1257,1,1,0,0,1,1,1,0,0,0,1,1,0,0,1,0,1,0,0.5294950331125827,0.0025706808146644107,0.538375,0.01621149283687348,0.6602983333333334,0.0027933601828463465,0.00953792697804085,0.007105076513650438,0.995135356638904,0.0024754757372561047,1.0,0.0,0.630625,0.0040262808521015605,15.8,9.038805230781334,1,0.8664364895907346,-1.2439117080114939
70,B3567/S02458,0,0,0,1,0,1,1,1,0,1,0,1,0,1,1,0,0,1,0.5360248344370862,0.0665846348256638,0.5815,0.006812213296719369,0.48713666666666666,0.06355519769864527,0.15964582607180172,0.23486475701052406,0.9617815410595746,0.04443532925254149,1.0,0.0,0.6995,0.15804864757409343,16.68,9.089114368297937,1,1.6844637902218067,0.11840793136243569
71,B0157/S17,1,1,0,0,0,1,0,1,0,0,1,0,0,0,0,0,1,0,0.3385165562913907,0.0009205953094991276,0.314125,0.017758140738827352,0.5548083333333333,0.002407343726899989,-0.00355642209829243,0.006820707137030136,0.9192397944274816,0.0018608417194912027,1.0,0.0,0.744875,0.011148850837642433,58.160000000000004,5.568482737694353,1,-1.050185797746122,-0.9832392968398321
72,B02567/S01235,1,0,1,0,0,1,1,1,0,1,1,1,1,0,1,0,0,0,0.5205430463576158,0.0005979735604127323,0.524,0.005738439465569013,0.47472833333333336,0.001708303861534367,0.006163515162077155,0.004749544726536304,0.9967674017384226,0.0015618089235461799,1.0,0.0,0.617375,0.04977566862936149,17.4,8.365404951345752,1,0.6777820235111842,-0.9745336178745071
73,B03468/S0178,1,0,0,1,1,0,1,0,1,1,1,0,0,0,0,0,1,1,0.3855149006622517,0.0009600400798706899,0.3875,0.018119611267905286,0.6625383333333333,0.0020607934859337208,0.0005987713489017715,0.005073214775130826,0.960603149654194,0.001243822218047365,1.0,0.0,0.64725,0.003817107871150613,41.92,12.01465771464173,1,-0.30321565953479224,-1.4727182305826556
74,B0368/S1358,1,0,0,1,0,0,1,0,1,0,1,0,1,0,1,0,0,1,0.39809602649006626,0.0007829305474271978,0.39325,0.013216939887886305,0.4049875,0.0008949559657075129,0.0006438001045657307,0.008074847730825138,0.9686205924170963,0.000861187052054836,1.0,0.0,0.633875,0.008720933866278313,32.72,10.270929850797344,1,-0.27614577828929354,-1.0133794505868885
75,B134/S0124,0,1,0,1,1,0,0,0,0,1,1,1,0,1,0,0,0,0,0.45148758278145695,0.001393133465306027,0.45325,0.026686841326766252,0.5539666666666667,0.0014749234914244167,0.004889247124433163,0.00617734537175839,0.9904152030703882,0.001690489153099239,1.0,0.0,0.59975,0.013024916026600717,23.68,7.999499984374022,1,0.2976693980357699,-1.3278556101213448
76,B45678/S02458,0,0,0,0,1,1,1,1,1,1,0,1,0,1,1,0,0,1,0.10504387417218544,0.08419050836908963,0.035375000000000004,0.018379676275712804,0.06638333333333332,0.09465042558930262,-0.24225392122690845,0.30198883972008517,0.3784722036416374,0.14053203795050825,1.0,0.0,1.0,0.0,46.68,29.906721652498128,0,-4.797649339214284,0.397093999411884
77,B0124568/S12345,1,1,1,0,1,1,1,0,1,0,1,1,1,1,1,0,0,0,0.5019660596026491,0.0024700660662522684,0.03425,0.006349212549600146,0.9758749999999999,0.012428619456609936,-0.024559820494946268,0.012480428540141352,0.28834327227354567,0.03004562500044361,1.0,0.0,1.0,0.0,35.96,13.618663664251349,0,-1.8242304922712296,0.22984384316748915
78,B13568/S02356,0,1,0,1,0,1,1,0,1,1,0,1,1,0,1,1,0,0,0.6286341059602649,0.0015739256501205673,0.6335,0.011697689408596924,0.4649791666666666,0.0010298580673514506,0.017424625304984093,0.010167575685012482,0.9482355872848126,0.0014055926022912997,1.0,0.0,0.57925,0.005579678530166434,14.040000000000001,9.231901212643038,1,1.3556140404797283,-0.7192492821008241
79,B23678/S2457,0,0,1,1,0,0,1,1,1,0,0,1,0,1,1,0,1,0,0.5647905629139073,0.0036563333509852147,0.567125,0.014514270994438559,0.41108416666666664,0.001547885542531376,0.018143516904844496,0.01497758777650156,0.9845741559770449,0.001875240014953038,1.0,0.0,0.6435000000000001,0.04459584131396112,17.16,10.030353931940786,1,0.9006474120834228,-0.5922994276186291
80,B234578/S13478,0,0,1,1,1,1,0,1,1,0,1,0,1,1,0,0,1,1,0.606817880794702,0.003184685601530767,0.6060000000000001,0.015300377854811286,0.6224783333333334,0.0033020279963818103,0.01603023701638163,0.019339186633127493,0.962435962558223,0.0017205037566640255,1.0,0.0,0.634625,0.08027126859904482,16.84,10.397499699446978,1,1.218609826008226,-0.9143800022695094
81,B012457/S1368,1,1,1,0,1,1,0,1,0,0,1,0,1,0,0,1,0,1,0.5117251655629139,0.0006479691773196915,0.5115000000000001,0.00520291384706686,0.650355,0.00102194837062464,0.0017337704775177792,0.002635348975620143,0.9965296085021234,0.0032303258111312234,1.0,0.0,0.5894999999999999,0.02136640909231119,19.16,9.348154898160386,1,0.7137790143982158,-1.45426650211576
82,B0168/S012346,1,1,0,0,0,0,1,0,1,1,1,1,1,1,0,1,0,0,0.38438079470198677,0.010292865400580454,0.382375,0.009776806099130713,0.010785,0.009479189377262168,-0.011281435169048826,0.006775898122966989,0.9584915055004037,0.005867461586750842,1.0,0.0,1.0,0.0,62.2,19.253571097331527,0,-1.463228178165259,0.9669491391046383
83,B0236/S01456,1,0,1,1,0,0,1,0,0,1,1,0,0,1,1,1,0,0,0.5962690397350994,0.0017229971452491658,0.6016250000000001,0.019367942262925097,0.3211408333333333,0.002557378689965357,0.013919179156500035,0.009146159864098913,0.9701416783658157,0.0016606664032151137,1.0,0.0,0.73,0.004528555233184234,15.52,8.998444309990477,1,0.8877565787155549,-0.03445959105119667
84,B1237/S068,0,1,1,1,0,0,0,1,0,1,0,0,0,0,0,1,0,1,0.421841059602649,0.0015424237056626414,0.422875,0.019047637648800457,0.70014,0.0014620387449266307,0.0032591930986402375,0.0035505397638183373,0.9794104998266846,0.002011647214752675,1.0,0.0,0.629375,0.0033657280044590973,36.68,8.07167888360284,1,0.020992668582906875,-1.5593370488599174
85,B4568/S1347,0,0,0,0,1,1,1,0,1,0,1,0,1,1,0,0,1,0,0.05865314569536424,0.02776771213384426,0.031999999999999994,0.009796762858209847,0.026143333333333334,0.02872337801242125,-0.13427738323457672,0.13925873199572245,0.2717815559281248,0.06805311537276378,1.0,0.0,1.0,0.0,30.919999999999998,13.461500659287582,0,-4.205271178592118,1.1305866246069325
86,B127/S02,0,1,1,0,0,0,0,1,0,1,0,1,0,0,0,0,0,0,0.334635761589404,0.0005883091834963823,0.31262500000000004,0.029068883707497273,0.5519700000000001,0.0023875389031152747,0.0012207432903447646,0.0021043001144771386,0.9143680631916858,0.0023048578303657458,1.0,0.0,0.738875,0.05137066587557536,34.239999999999995,8.946954789200623,1,-0.7625845957022408,-0.9581730047115306
87,B1234567/S34567,0,1,1,1,1,1,1,1,0,0,0,0,1,1,1,1,1,0,0.7443683774834436,0.01837155811418481,0.754875,0.022532095164453734,0.42698333333333344,0.05914445276949295,0.04290299320320603,0.012398064413220056,0.8078679706620321,0.02443104071154579,1.0,0.0,1.0,0.0,13.84,8.67801820694103,2,1.4416389334264341,1.4813470477758917
88,B012348/S02457,1,1,1,1,1,0,0,0,1,1,0,1,0,1,1,0,1,0,0.5727557947019868,0.0009208223188097774,0.574125,0.033156235273323766,0.443225,0.009136184640848023,0.0063670268386193125,0.0066497600739976745,0.9766080505434942,0.009447601345478604,1.0,0.0,0.7025,0.12685729556277003,16.44,9.114164799914471,1,0.8106388699914755,-0.4664129239296638
89,B0235678/S17,1,0,1,1,0,1,1,1,1,0,1,0,0,0,0,0,1,0,0.4401423841059603,0.0005903049284535885,0.442,0.012955754030545653,0.7773433333333333,0.0011411403896493275,0.004184406587660958,0.004310766451441629,0.9877784242560457,0.0015363511500865782,1.0,0.0,0.713375,0.008392239718930843,31.32,10.360115829468315,1,0.1274291743121915,-1.3834449738038421
90,B01258/S058,1,1,1,0,0,1,0,0,1,1,0,0,0,0,1,0,0,1,0.4150711920529801,0.0026042324706976286,0.39575,0.014553242765789348,0.6240625,0.0011642944632789978,-0.005768843673754038,0.010940526520545476,0.9750190888446344,0.0027010023968428937,1.0,0.0,0.6128750000000001,0.06492573882906531,39.0,10.4747315001388,1,-0.17404976562741667,-1.5360375862808653
91,B0234/S01235678,1,0,1,1,1,0,0,0,0,1,1,1,1,0,1,1,1,1,0.817805463576159,0.01385257539652615,0.8303749999999999,0.012299961890184844,0.018546666666666666,0.005267641820323608,0.062378550888810835,0.010809726527891665,0.6755780980962377,0.029975082913355173,1.0,0.0,1.0,0.0,13.4,9.673675619949224,2,1.6039677379661497,2.7786865556382914
92,B012348/S245,1,1,1,1,1,0,0,0,1,0,0,1,0,1,1,0,0,0,0.49925662251655634,0.002229801561144714,0.041375,0.010747456094350884,0.9888208333333333,0.012293826081502097,-0.012517732659463477,0.011793294960514915,0.28719560598637345,0.024954160064964447,1.0,0.0,1.0,0.0,40.2,17.059308309541745,0,-1.7810262448759298,0.2618646234392353
93,B0137/S014568,1,1,0,1,0,0,0,1,0,1,1,0,0,1,1,1,0,1,0.5042168874172186,0.0027346954852535315,0.50675,0.013830728921499337,0.315885,0.003340513880544587,0.0024385456605086507,0.008635221947478743,0.9973948406568814,0.002708784065431852,1.0,0.0,0.741,0.012148173731059286,20.44,9.553428703873807,1,0.27961583990544286,-0.2840363056785936
94,B168/S23467,0,1,0,0,0,0,1,0,1,0,0,1,1,1,0,1,1,0,0.40564735099337745,0.004239042727591819,0.40750000000000003,0.004441459501109952,0.03522416666666667,0.002943491820478226,0.01153736057859846,0.008503406796434501,0.9732943128781063,0.00276828553363328,1.0,0.0,0.99825,0.0005229125165838248,21.0,10.922453936730518,1,-0.7073246969738272,1.0576732742084678
95,B023678/S2357,1,0,1,1,0,0,1,1,1,0,0,1,1,0,1,0,1,0,0.5220289735099338,0.0010192016201754353,0.52475,0.007572565615430419,0.451905,0.0006732964614492074,0.008263070756360546,0.006763593074638264,0.9965737744905262,0.0015357209090364212,1.0,0.0,0.5832499999999999,0.0036816691187557793,17.16,9.601458222582652,1,0.7303542969175473,-1.0388337241797256
96,B16/S146,0,1,0,0,0,0,1,0,0,0,1,0,0,1,0,1,0,0,0.28188162251655624,0.00048564572668986116,0.27825,0.010187691715987485,0.35971166666666665,0.0006343563557742033,-0.0024899790867900936,0.005328306636017046,0.8565118845734178,0.0007360456686042397,1.0,0.0,0.6925000000000001,0.026149360651840068,78.44,12.532677287794494,1,-1.6150794277218166,-0.7661987308743399
97,B013468/S26,1,1,0,1,1,0,1,0,1,0,0,1,0,0,0,1,0,0,0.45767632450331125,0.0008164398569790247,0.460875,0.023068342755820148,0.7038966666666667,0.0014188384088949257,0.0025884018821884644,0.00454843530826952,0.9923144917621795,0.0031606980638319853,1.0,0.0,0.6596249999999999,0.06311509823330705,23.240000000000002,10.353163767660588,1,0.33527695497304294,-1.4060473916480025
98,B01345678/S678,1,1,0,1,1,1,1,1,1,0,0,0,0,0,0,1,1,1,0.5732599337748345,0.1642289686279673,0.5792499999999999,0.16549074747550083,0.8495608333333333,0.3299947632239159,0.007061410770302692,0.012758941689179739,0.9092963284997522,0.2004946854003569,1.0,0.0,1.0,0.0,14.16,10.685878531969191,1,0.645796215949972,-0.05281786836325615
99,B0123456/S01468,1,1,1,1,1,1,1,0,0,1,1,0,0,1,0,1,0,1,0.6225794701986754,0.002497201475733859,0.615,0.0162860177759942,0.65143,0.005101006164364914,-0.002375348553503359,0.013823714425513204,0.9507090591573443,0.0070978065342141555,1.0,0.0,0.6900000000000001,0.11817459276426556,13.919999999999998,8.568080298409907,1,1.1385351306685516,-0.8052766035199163
100,B01234567/S0125,1,1,1,1,1,1,1,1,0,1,1,1,0,0,1,0,0,0,0.506033940397351,0.012327624276889545,0.0365,0.05642092087603675,0.9828383333333333,0.024317036387696715,-0.027804505054026242,0.02738597195538482,0.2982391102975127,0.3148285302750088,1.0,0.0,0.9967499999999999,0.006923127003024009,14.120000000000001,8.309753305604204,0,-1.5637225808519626,0.19057624416946314
101,B124578/S1456,0,1,1,0,1,1,0,1,1,0,1,0,0,1,1,1,0,0,0.6540347682119206,0.0008226265409664369,0.65325,0.019072231122760627,0.45291999999999993,0.00174798842721193,0.015990044440570925,0.005779515646473287,0.9264303441278645,0.002030019176878694,1.0,0.0,0.599125,0.0014388580541526861,15.040000000000001,10.18273047860936,1,1.4022708387365772,-0.5421008092100997
102,B03578/S13,1,0,0,1,0,1,0,1,1,0,1,0,1,0,0,0,0,0,0.3877872516556291,0.0013569519657454763,0.39325,0.009431082254969466,0.5020916666666666,0.0014307116284874002,0.0039725949808292315,0.010357497072635505,0.9619571000222683,0.001913341249166117,1.0,0.0,0.611125,0.052353590492916526,34.0,8.928605714219884,1,-0.21739373172404675,-1.2651001315359247
103,B0156/S02346,1,1,0,0,0,1,1,0,0,1,0,1,1,1,0,1,0,0,0.504682119205298,0.001500987273411463,0.495875,0.010566012729502068,0.33182750000000005,0.0036469862462800754,0.009680398222376981,0.010032809575711324,0.9973319864686525,0.0029687649399020976,1.0,0.0,0.72875,0.02466573407583891,20.0,11.128342194594843,1,0.32791454225801964,-0.3351464787145776
104,B7/S034,0,0,0,0,0,0,0,1,0,1,0,0,1,1,0,0,0,0,0.042084437086092705,0.004851179314351251,0.039125,0.006336895927818288,0.0018391666666666667,0.0011789038281857902,-0.017382537469501646,0.012489848499180667,0.24538573335158098,0.02607126894163586,1.0,0.0,1.0,0.0,57.760000000000005,18.7597441347157,0,-3.8553046302444494,1.724167376409812
105,B4567/S348,0,0,0,0,1,1,1,1,0,0,0,0,1,1,0,0,0,1,0.024317880794701985,0.017517521689836626,0.014624999999999999,0.009020376239381593,0.0102325,0.00975755867975637,-0.05466706605088891,0.05059070237490216,0.13440043591805842,0.07659220847198307,1.0,0.0,1.0,0.0,16.44,6.345707210390344,0,-3.8163986116732125,1.7525025376498058
106,B/S01467,0,0,0,0,0,0,0,0,0,1,1,0,0,1,0,1,1,0,0.09557367549668874,0.009046634521992687,0.093875,0.009462095433887777,0.0013675,0.0010646481552346037,-0.010028537818055244,0.009047468530195873,0.4519346655464508,0.03033277147781642,1.0,0.0,1.0,0.0,116.4,13.462540622037135,0,-4.014622477240706,1.407967085364889
107,B035678/S67,1,0,0,1,0,1,1,1,1,0,0,0,0,0,0,1,1,0,0.2712491721854305,0.001416471523970813,0.276375,0.011679308626798078,0.5285258333333334,0.0026698603922094923,-0.003889138201464084,0.008185167879329765,0.8419797054759741,0.0014927242505349031,1.0,0.0,0.7025,0.006846531968814561,94.36,12.694408217794171,1,-1.7642292202277585,-1.057156472099262
108,B04678/S,1,0,0,0,1,0,1,1,1,0,0,0,0,0,0,0,0,0,0.255898178807947,0.0014141068331276919,0.25775000000000003,0.027159108739058434,0.5115058333333333,0.0020993149510944416,0.004832912164516942,0.006834689892987844,0.8166526666159767,0.0021104992910060834,1.0,0.0,0.8792500000000001,0.00516145570551565,43.08,7.840408152641035,1,-1.4815196831188342,-0.310326576344266
109,B024678/S12368,1,0,1,0,1,0,1,1,1,0,1,1,1,0,0,1,0,1,0.5044569536423842,0.0010712181217848449,0.5001249999999999,0.01847929584697426,0.5296491666666666,0.0007109840109938795,0.005040541129312917,0.005209725448888583,0.9980264474002924,0.0014942925098179439,1.0,0.0,0.5469999999999999,0.01162063089939614,17.759999999999998,9.53876302253075,1,0.6879851457184842,-1.3771147296931248
110,B457/S023478,0,0,0,0,1,1,0,1,0,1,0,1,1,1,0,0,1,1,0.2601812913907285,0.1887977111526174,0.20249999999999999,0.15023094201095857,0.17108916666666665,0.18521671800012035,-0.09894248867201136,0.1113385104884437,0.7064306999050195,0.29706869052826124,1.0,0.0,0.895125,0.13726072931650918,42.440000000000005,37.4124043600515,0,-2.552174153220992,0.11999496486331873
111,B03456/S478,1,0,0,1,1,1,1,0,0,0,0,0,0,1,0,0,1,1,0.5352657284768212,0.0020072207488026346,0.541875,0.010183856710500233,0.7299308333333333,0.0018872921151157154,0.014134585221330898,0.014698629229214357,0.9937749629179251,0.0016596670051098918,1.0,0.0,0.657875,0.010102985326130097,16.16,9.594164893308852,1,0.918754924544836,-1.249618926207553
112,B1248/S01567,0,1,1,0,1,0,0,0,1,1,1,0,0,0,1,1,1,0,0.47260678807947015,0.0017412228907833813,0.460875,0.02185087955895596,0.5147858333333334,0.001669301563029718,0.0032799756012543827,0.004544841671973365,0.995823004029778,0.001657579622360466,1.0,0.0,0.585375,0.02961537290833931,23.720000000000002,9.489573225387955,1,0.3640430260834294,-1.2911129624144924
113,B23457/S013458,0,0,1,1,1,1,0,1,0,1,1,0,1,1,1,0,0,1,0.6138385761589403,0.0029036659539273275,0.603875,0.026072315298032105,0.5791525,0.0014609458741589793,0.01637151446496975,0.014606448698749561,0.9561949800406847,0.0010571822493988924,1.0,0.0,0.697,0.06617832207377274,16.44,10.080079364766927,1,1.1267471721453626,-0.5899338833643368
114,B14/S03568,0,1,0,0,1,0,0,0,0,1,0,0,1,0,1,1,0,1,0.3734403973509934,0.0030242766756138424,0.367625,0.010033148184891903,0.4097175,0.0004359635720001019,0.0005662905193444722,0.008641788039171391,0.952190568625683,0.002686339104974059,1.0,0.0,0.6285000000000001,0.014714735386679586,42.160000000000004,12.690468864466752,1,-0.5188955277721407,-1.0650197256745464
115,B1257/S578,0,1,1,0,0,1,0,1,0,0,0,0,0,0,1,0,1,1,0.3787475165562914,0.001376428745445938,0.382125,0.016965037577323552,0.6180191666666668,0.0007795932433005827,0.0028979173928194843,0.005467687457098104,0.9554610741598871,0.0014576653990854155,1.0,0.0,0.607,0.013098186897429765,42.6,9.629122493768579,1,-0.30640937795485446,-1.5209990487420804
116,B0234568/S123467,1,0,1,1,1,1,1,0,1,0,1,1,1,1,0,1,1,0,0.7109867549668875,0.0019134285103169502,0.708875,0.019562599840000795,0.4604875,0.001081982330673129,0.0188989412687341,0.007535459070514324,0.8618932903225776,0.001151035572018215,1.0,0.0,0.701875,0.04168333000133266,13.48,9.777116139230422,1,1.547009741412937,0.06618646113948044
117,B15/S678,0,1,0,0,0,1,0,0,0,0,0,0,0,0,0,1,1,1,0.24782533112582783,0.0009370069277748774,0.2535,0.0148994022531107,0.4810416666666667,0.0010979660804819548,-0.0015856134541654954,0.005282149929339094,0.8057384701045084,0.0013529067355235983,1.0,0.0,0.741125,0.03541164180040229,67.88,11.436433010340238,1,-1.680613951856759,-0.7745253970317546
118,B245678/S034568,0,0,1,0,1,1,1,1,1,1,0,0,1,1,1,1,0,1,0.7586713576158941,0.005551599251698422,0.766,0.015919720474932987,0.437425,0.0029758693874414326,0.041670290170790596,0.03247656604240109,0.7865226848410534,0.0018152961949790196,1.0,0.0,0.72775,0.04977213703469044,15.36,8.825417837133832,1,1.8267544277664516,0.5617288930050083
119,B2368/S01245,0,0,1,1,0,0,1,0,1,1,1,1,0,1,1,0,0,0,0.5233261589403974,0.002430521587335741,0.524375,0.01978892524873445,0.4119891666666667,0.0016606521685771393,0.013119314220982595,0.012902625324704566,0.9959814471220783,0.0017689737936198134,1.0,0.0,0.663375,0.0807794064102974,17.44,10.089003915154361,1,0.6311667193905562,-0.6546530174309989
120,B02478/S03,1,0,1,0,1,0,0,1,1,1,0,0,1,0,0,0,0,0,0.3929346026490066,0.0009200480241478354,0.40412499999999996,0.010848747047470502,0.5669666666666666,0.00189964589170952,0.0030218935169045056,0.004861132002737549,0.964871451441058,0.0020919640298718463,1.0,0.0,0.625,0.07543752589063345,33.04,11.006725216884444,1,-0.148811231328443,-1.3352979169732744
121,B0457/S236,1,0,0,0,1,1,0,1,0,0,0,1,1,0,0,1,0,0,0.4174221854304635,0.0033147673872978276,0.42400000000000004,0.013077294253782016,0.43620166666666665,0.0032141567820261592,0.0025578163123036756,0.013627952390738838,0.9783143960844966,0.0023706457195475207,1.0,0.0,0.664,0.04517457456910909,29.24,11.179803218303977,1,-0.1080242538613134,-0.9265549795967167
122,B1247/S123468,0,1,1,0,1,0,0,1,0,0,1,1,1,1,0,1,0,1,0.5591026490066225,0.0011252204852917902,0.55925,0.012849793286275047,0.33356416666666666,0.001477359811924281,0.008084589578249889,0.008074275633263767,0.9872351059326515,0.0013822518222319224,1.0,0.0,0.70275,0.0075596585571043005,16.16,10.421516204468523,1,0.6948240350884681,-0.2961281237720723
123,B135/S13458,0,1,0,1,0,1,0,0,0,0,1,0,1,1,1,0,0,1,0.5610223509933775,0.0019043738781470317,0.549125,0.0053873404848775,0.3574833333333333,0.0023884960109751903,0.010024159114673508,0.008249208889501727,0.9865903436890431,0.0012461337915206667,1.0,0.0,0.679125,0.004112670969090524,16.44,10.447392019063896,1,0.7272761952882786,-0.42349475083981664
124,B02348/S4,1,0,1,1,1,0,0,0,1,0,0,0,0,1,0,0,0,0,0.4577980132450331,0.0011378461070951263,0.44750000000000006,0.0113794634100207,0.6697075,0.0006819561834246095,0.003987887765771532,0.0077210561020070526,0.9925966815738162,0.0017582074938800834,1.0,0.0,0.592875,0.012957261477642536,22.36,9.32995176836408,1,0.3877124727135113,-1.5820915303083785
125,B023/S124568,1,0,1,1,0,0,0,0,0,0,1,1,0,1,1,1,0,1,0.5953112582781457,0.010689519404579125,0.63175,0.011795788443338569,0.12797083333333334,0.01883579722083578,0.07079487626350592,0.01614649031381541,0.9697063916420342,0.004937872790050633,1.0,0.0,0.943375,0.01771409220084394,15.040000000000001,9.940221325503773,2,0.9242942727090493,1.375192404267696
126,B3458/S01345678,0,0,0,1,1,1,0,0,1,1,1,0,1,1,1,1,1,1,0.938355132450331,0.013255804097805534,0.95475,0.026274542098769234,0.005654166666666667,0.001513828044139169,0.09361216887417168,0.09234393005793866,0.27842430543560087,0.1028787754090808,1.0,0.0,1.0,0.0,14.919999999999998,10.72716178679151,2,2.070783711218654,4.0004481557306555
127,B58/S137,0,0,0,0,0,1,0,0,1,0,1,0,1,0,0,0,1,0,0.04494288079470198,0.005699593787005459,0.041999999999999996,0.0038119876704942263,0.0025399999999999997,0.0018635218114276702,-0.017293983095155157,0.011485631358501218,0.25865158487506684,0.0208248800965071,1.0,0.0,1.0,0.0,39.0,8.920762299265686,0,-3.6158722467911706,1.7137876457397925
128,B128/S1234678,0,1,1,0,0,0,0,0,1,0,1,1,1,1,0,1,1,1,0.4521043046357615,0.003898264638487349,0.45162499999999994,0.004432655806624293,0.006069166666666667,0.002143452562780171,-0.0011971505751135446,0.003404978793881833,0.9919875843960488,0.0018366148986793953,1.0,0.0,1.0,0.0,23.52,11.98048413045149,1,-0.5804445262568957,1.1153805445265401
129,B578/S167,0,0,0,0,0,1,0,1,1,0,1,0,0,0,0,1,1,0,0.03767798013245033,0.01060029606977645,0.03525,0.010694624818103718,0.0024733333333333335,0.001766036640805243,-0.014309537295224873,0.008948171858957308,0.22442381094802594,0.05208492048372601,1.0,0.0,1.0,0.0,37.16,12.392255646168698,0,-3.6426908545044423,1.784114123084653
130,B028/S13458,1,0,1,0,0,0,0,0,1,0,1,0,1,1,1,0,0,1,0.5294097682119205,0.002895031592918279,0.5439999999999999,0.004626688880830412,0.035535,0.005119119763472798,0.06740896218194474,0.014848724574288083,0.9941739773786109,0.002213052529284127,1.0,0.0,0.99925,0.0008149003006503204,15.4,9.943842315724842,2,0.39402973116910966,1.5325322020899315
131,B0578/S157,1,0,0,0,0,1,0,1,1,0,1,0,0,0,1,0,1,0,0.2533013245033112,0.0013553002026135453,0.24925000000000003,0.02282491100749356,0.3162725,0.0034422588271850346,-0.0029967976646917676,0.0040097604784332976,0.8141238662775399,0.0020841609817328663,1.0,0.0,0.7795,0.010701927396502027,98.6,12.671227249165726,0,-2.171616990838451,-0.3612200754153923
132,B12/S0458,0,1,1,0,0,0,0,0,0,1,0,0,0,1,1,0,0,1,0.3826399006622516,0.0006920203024700473,0.38075000000000003,0.020749623490560035,0.459995,0.0003989504459620188,0.0040946758452418425,0.004165034696721727,0.9578732447638434,0.0014935281802287187,1.0,0.0,0.62775,0.044369717995497784,36.32,11.130678326139876,1,-0.33810210287624304,-1.1347962818448638
133,B0235/S0357,1,0,1,1,0,1,0,0,0,1,0,0,1,0,1,0,1,0,0.5077566225165564,0.0014756912151292422,0.508625,0.0077232400907908975,0.5353225,0.0020351055289318234,0.00685606918786987,0.006023656573789545,0.9979550509901003,0.0015426707365555372,1.0,0.0,0.546625,0.012394870410778767,18.119999999999997,9.639087093703429,1,0.7291882467218206,-1.3698689064753644
134,B1346/S3568,0,1,0,1,1,0,1,0,0,0,0,0,1,0,1,1,0,1,0.6028087748344371,0.0014371245979749626,0.6108750000000001,0.009213186880770398,0.4474525,0.0013514864501725592,0.021438915998605493,0.01001824524731337,0.9659519178997001,0.0019596901090465344,1.0,0.0,0.5981249999999999,0.0051538820320220806,14.76,10.396537885277002,1,1.2255935050059836,-0.6865888606568391
135,B1357/S0258,0,1,0,1,0,1,0,1,0,1,0,1,0,0,1,0,0,1,0.432135761589404,0.0011787713226321546,0.43962500000000004,0.0065639879265580675,0.5681025,0.0011202817725912092,0.005906413384454136,0.0070392235185343,0.9853567220156402,0.0013706459620559934,1.0,0.0,0.57125,0.012877123611272858,26.8,11.933985084622824,1,0.22315755275959168,-1.4768051882679676
136,B245/S012478,0,0,1,0,1,1,0,0,0,1,1,1,0,1,0,0,1,1,0.5000380794701986,0.0028568350349527237,0.503125,0.012877123611272825,0.5629850000000001,0.002868853030103334,0.011341103171836392,0.016039126815680402,0.9972731469473282,0.002650872784258237,1.0,0.0,0.650375,0.13633784438848953,20.36,10.02636524369624,1,0.5767599201160933,-1.0501117261369888
137,B034568/S123468,1,0,0,1,1,1,1,0,1,0,1,1,1,1,0,1,0,1,0.6659975165562915,0.0016189887016727581,0.686625,0.013430957709709253,0.5540025,0.0012995411850597715,0.015536946671313733,0.01084329795615076,0.9145569768276101,0.0015390223354814455,1.0,0.0,0.651,0.022332711434127288,13.52,9.042787180952564,1,1.514421865867804,-0.48673150537828946
138,B347/S1456,0,0,0,1,1,0,0,1,0,0,1,0,0,1,1,1,0,0,0.5306117549668874,0.1470986892150688,0.6122500000000001,0.013597161928137803,0.30387916666666664,0.0805760194672984,0.17289650139421378,0.27485902256422196,0.9116446894294985,0.12309122521623993,1.0,0.0,0.768375,0.12046832441559067,15.16,11.283970932256075,1,1.6067930528784997,0.9015397813108441
139,B0457/S145,1,0,0,0,1,1,0,1,0,0,1,0,0,1,1,0,0,0,0.38376572847682117,0.003152070972386262,0.378,0.024864476417169934,0.4090583333333333,0.0037372479941053414,0.0056165693621466495,0.02046113793352911,0.9584576566530331,0.0017423858331909424,1.0,0.0,0.6615,0.026884446014377884,44.08,6.995141170841374,1,-0.4936895028729061,-0.9176765903462529
140,B0278/S3568,1,0,1,0,0,0,0,1,1,0,0,0,1,0,1,1,0,1,0.337317880794702,0.0015847406755176178,0.3285,0.007242992302909069,0.4212175,0.0008290483583938889,-0.0048016730568145784,0.003591133092491283,0.9209131895127639,0.0011948304563383484,1.0,0.0,0.6595000000000001,0.03925676693259392,54.879999999999995,9.908178440056467,1,-0.952451145115759,-1.02154683648327
141,B01257/S2567,1,1,1,0,0,1,0,1,0,0,0,1,0,0,1,1,1,0,0.5042450331125827,0.002922527792637999,0.49887500000000007,0.02394002923974825,0.4413908333333333,0.0012894651938346671,-0.006032154060648728,0.009816563187406525,0.9969034546347194,0.0028215174190628907,1.0,0.0,0.61575,0.016591366354221718,21.6,9.573922915921143,1,0.43083334075176694,-1.0143113296038546
142,B346/S012468,0,0,0,1,1,0,1,0,0,1,1,1,0,1,0,1,0,1,0.5435811258278146,0.00894992143935122,0.544625,0.021931177863945175,0.5248549999999998,0.00776403992598066,0.03616841669571246,0.04351758642213538,0.988988859668013,0.004931055665489141,1.0,0.0,0.699125,0.18466111275116917,16.72,9.50115782418122,1,0.8995058721027951,-0.5880711561324392
143,B046/S12356,1,0,0,0,1,0,1,0,0,0,1,1,1,0,1,1,0,0,0.5436291390728476,0.00414644666020498,0.535875,0.01962838346629698,0.35818833333333333,0.0037025544860571956,0.02353030237016343,0.01097615400318534,0.9916723566480542,0.0022662226150707704,1.0,0.0,0.7301249999999999,0.05151114867191373,16.080000000000002,8.894492678056462,1,0.6719908345681614,-0.22578351123310023
144,B0123457/S0135,1,1,1,1,1,1,0,1,0,1,1,0,1,0,1,0,0,0,0.49958940397351004,0.002739777662823054,0.001,0.00223606797749979,0.9940108333333335,0.006544718369927471,-0.015301803764378208,0.012729475789738482,0.05310016318346357,0.07245855581127279,0.26666666666666666,0.41236445584512305,1.0,0.0,13.88,10.006597823436296,0,-3.3142416718396115,1.951215129504628
145,B1256/S013578,0,1,1,0,0,1,1,0,0,1,1,0,1,0,1,0,1,1,0.4920521523178808,0.0016217492737402419,0.49749999999999994,0.010260284474613746,0.4816425,0.0008028237924143802,0.005907066922272243,0.009111245683396899,0.9979334708547605,0.0015821696068226898,1.0,0.0,0.55825,0.010711048618132605,17.44,9.699896906668647,1,0.6141819268080587,-1.2561959558538462
146,B123678/S237,0,1,1,1,0,0,1,1,1,0,0,1,1,0,0,0,1,0,0.49314486754966885,0.0011345152618591075,0.508625,0.019721696491427923,0.6337191666666666,0.0011429342111911726,0.00693455907981839,0.006098421783898171,0.996790870731138,0.0016836058216095557,1.0,0.0,0.643375,0.01570977004924002,25.919999999999998,9.355853782525678,1,0.5321655525439586,-1.2361342504229995
147,B0278/S012368,1,0,1,0,0,0,0,1,1,1,1,1,1,0,0,1,0,1,0.4229511589403973,0.0013366481946392968,0.424125,0.0016886570107632775,0.016959999999999996,0.003858513989651109,0.007588554374346074,0.0038145387945050114,0.98129351732917,0.0015645688193221881,1.0,0.0,1.0,0.0,62.0,9.956907150315311,1,-1.1126630744138697,1.0735727648901383
148,B378/S01456,0,0,0,1,0,0,0,1,1,1,1,0,0,1,1,1,0,0,0.1015256622516556,0.026274537860540705,0.05425,0.00678060192755776,0.05308500000000001,0.026332422947079687,-0.20184874956430834,0.1090901158230093,0.43210281759916913,0.06244436327045302,1.0,0.0,1.0,0.0,66.03999999999999,9.863467949965676,0,-4.692422892661284,0.4948791589860783
149,B125/S123467,0,1,1,0,0,1,0,0,0,0,1,1,1,1,0,1,1,0,0.5590331125827814,0.0014112253700934187,0.57275,0.005240318454063693,0.29377416666666667,0.001079244688299296,0.010437391077029895,0.007429260096634579,0.9876450397296411,0.0013120513595838736,1.0,0.0,0.737625,0.002476451594519848,15.84,9.53981131888886,1,0.6785434383851039,-0.0735032661713691
150,B0457/S356,1,0,0,0,1,1,0,1,0,0,0,0,1,0,1,1,0,0,0.519146523178808,0.005562369857452815,0.526375,0.012696886921604068,0.44572,0.001771508204735268,0.0382002004182639,0.026751308018127553,0.9950050817225943,0.0017768767155746303,1.0,0.0,0.621875,0.03434657916008519,20.0,9.341306118525399,1,0.8227999059689906,-0.7570953673937819
151,B03478/S2367,1,0,0,1,1,0,0,1,1,0,0,1,1,0,0,1,1,0,0.4989362582781457,0.001748296551372932,0.49325,0.027129607903543303,0.5091875,0.002262191123790324,0.008980982049494352,0.006143695518700398,0.9979761776615289,0.0014576824368673766,1.0,0.0,0.551375,0.016065053299009,18.4,8.672946442818612,1,0.6549715384094904,-1.317250673458061
152,B045/S02578,1,0,0,0,1,1,0,0,0,1,0,1,0,0,1,0,1,1,0.29631125827814564,0.004100786711059072,0.294125,0.013568403093216238,0.34188583333333333,0.0064657058725676375,-0.014932947019867776,0.014678094138877933,0.8749960099150946,0.005416072479971622,1.0,0.0,0.7157500000000001,0.011192561704096183,86.96000000000001,13.91646506840009,1,-1.7336355761028774,-0.7176492199650099
153,B03567/S012678,1,0,0,1,0,1,1,1,0,1,1,1,0,0,0,1,1,1,0.4453658940397351,0.001659955543424124,0.442125,0.021549361939509976,0.575245,0.002278740819448854,0.003458391425583583,0.005482617451729775,0.9898607774504544,0.0013053747389844828,1.0,0.0,0.5945,0.05322490605909981,26.439999999999998,10.587162037108904,1,0.2317986716461262,-1.4115982532880869
154,B478/S012568,0,0,0,0,1,0,0,1,1,1,1,1,0,0,1,1,0,1,0.14321440397350996,0.031646545552898336,0.13899999999999998,0.029350388626047184,0.011929166666666668,0.007530472239692394,-0.024597006796793466,0.020266725043297233,0.5847435603783884,0.08866398389808236,1.0,0.0,1.0,0.0,124.88,20.922045789071394,0,-3.837755898313845,1.139825813598823
155,B06/S01456,1,0,0,0,0,0,1,0,0,1,1,0,0,1,1,1,0,0,0.22762996688741724,0.006505671013158791,0.22225,0.010370104266592512,0.03204916666666667,0.00738330829096581,-0.015136720111537372,0.010353454415338546,0.7722217788150229,0.01042320096106784,1.0,0.0,0.998,0.003259601202601302,231.08,12.204589300750767,0,-4.368360008361365,0.8551746101515183
156,B3478/S0135678,0,0,0,1,1,0,0,1,1,1,1,0,1,0,1,1,1,1,0.9237185430463576,0.023160788140926886,0.96075,0.009984362773857912,0.020568333333333334,0.005683236802699281,0.20090079295921887,0.14831440748194377,0.2974142138388073,0.028322080076407682,1.0,0.0,1.0,0.0,14.959999999999999,10.379209989204382,2,2.7289191608534993,4.40069925160289
157,B23457/S123468,0,0,1,1,1,1,0,1,0,0,1,1,1,1,0,1,0,1,0.6535273178807947,0.003892050773964478,0.66375,0.02852151052276159,0.5206166666666666,0.0014521117285602393,0.019194471070058606,0.022890605987121285,0.925290309522645,0.0010716271638693067,1.0,0.0,0.663375,0.07515686720120784,14.680000000000001,9.49168056773931,1,1.4058090788566489,-0.41972558743806815
158,B2345/S01367,0,0,1,1,1,1,0,0,0,1,1,0,1,0,0,1,1,0,0.5646672185430464,0.0024959357450923115,0.56125,0.014231621920919636,0.6233424999999999,0.0028600523256673838,0.016619532066921787,0.019920649387310106,0.9846556005671026,0.0020687745320423306,1.0,0.0,0.623375,0.1159426380263102,15.52,10.111973101230047,1,1.044573708834537,-1.0853657876723504
159,B123456/S1258,0,1,1,1,1,1,1,0,0,0,1,1,0,0,1,0,0,1,0.5769221854304636,0.0015022257272634305,0.578375,0.021289485374240472,0.7708725000000001,0.0011162335913936635,0.0072615240501912644,0.00722933954300869,0.9785921703449872,0.0015470399729371714,1.0,0.0,0.71875,0.008454843286542973,16.16,9.595207136899129,1,1.0125414428295074,-1.0338115225371438
160,B01236/S045678,1,1,1,1,0,0,1,0,0,1,0,0,0,1,1,1,1,1,0.9010794701986754,0.030124530385421244,0.90825,0.029246394008492792,0.0076124999999999995,0.0007923133323797268,0.041925169919831765,0.006868992290396739,0.4445178484835477,0.11106279983042998,1.0,0.0,1.0,0.0,13.8,8.974408058473829,2,1.6915195950230903,3.3437113369581057
161,B0134678/S0678,1,1,0,1,1,0,1,1,1,1,0,0,0,0,0,1,1,1,0.4203385761589404,0.01930247522925177,0.4095,0.010801837227990434,0.756125,0.023562014620700646,-0.046696910944580415,0.094840820024615,0.9735924559616368,0.006216682498323036,1.0,0.0,0.763,0.05672438849383925,35.08,11.744445495637502,1,-0.4519375284310019,-1.4190500810538302
162,B0357/S046,1,0,0,1,0,1,0,1,0,1,0,0,0,1,0,1,0,0,0.331101821192053,0.003025851080345347,0.33249999999999996,0.016099058590489074,0.5113708333333333,0.0016419495314682992,-0.0032976864761243086,0.013721109881253966,0.9148426094799065,0.002878963496219209,1.0,0.0,0.633375,0.0016886570107632888,65.92,14.498689595960048,1,-0.9932653039771989,-1.2791083951751019
163,B0246/S48,1,0,1,0,1,0,1,0,0,0,0,0,0,1,0,0,0,1,0.38968046357615893,0.0009383945449327711,0.389625,0.00907434570644078,0.6097091666666666,0.0004335876657480687,0.0021983705123732994,0.003498765474201189,0.9634710345114051,0.0016017771304181903,1.0,0.0,0.61175,0.02200585859492872,36.72,10.268982422810938,1,-0.19998254724654246,-1.4850117363869846
164,B0347/S024578,1,0,0,1,1,0,0,1,0,1,0,1,0,1,1,0,1,1,0.571487582781457,0.00203848518336335,0.575875,0.015790374837222832,0.3899666666666667,0.0005644564740625288,0.014425670965492526,0.0093980766391564,0.9825840990865929,0.001365279370042778,1.0,0.0,0.6585,0.010991829351841323,15.520000000000001,10.371692243795128,1,0.9030047744366912,-0.4944529849086207
165,B012367/S35678,1,1,1,1,0,0,1,1,0,0,0,0,1,0,1,1,1,1,0.9539735099337747,0.00570855654251663,0.9651249999999999,0.009337424698491614,0.010915833333333333,0.0032449137550600287,0.06429426629487585,0.023630685306505746,0.23974077344547204,0.030762206509891383,1.0,0.0,1.0,0.0,14.440000000000001,8.866115271075602,2,1.9347538891471532,3.9656000767893977
166,B13567/S0234568,0,1,0,1,0,1,1,1,0,1,0,1,1,1,1,1,0,1,0.7409644039735099,0.0016416916458075273,0.7458750000000001,0.01588901940020215,0.38928666666666667,0.000566355613158011,0.022494118159636884,0.012695348010052112,0.8191358153445201,0.0014072863216996758,1.0,0.0,0.67875,0.007818747501998048,14.24,9.42486074167677,1,1.687021528485166,0.29212950153223166
167,B145678/S23458,0,1,0,0,1,1,1,1,1,0,0,1,1,1,1,0,0,1,0.64378559602649,0.002349591285690745,0.661875,0.007460835241445793,0.5446666666666667,0.0008388773913854958,0.021981483095154516,0.010920573972730769,0.934819033547684,0.0013216851634454071,1.0,0.0,0.644625,0.02911990298747579,16.880000000000003,9.752538131173852,1,1.4136833890150184,-0.5532823057361747
168,B134578/S5678,0,1,0,1,1,1,0,1,1,0,0,0,0,0,1,1,1,1,0.9519478476821192,0.012624077393520856,0.9887499999999999,0.004780330793993286,0.0504875,0.012506162716947905,0.20102712181944882,0.04936563366100983,0.17198760316537887,0.0349309931719889,1.0,0.0,1.0,0.0,13.679999999999998,9.428255405959257,2,2.8012887100101325,4.6573138942168635
169,B12578/S1567,0,1,1,0,0,1,0,1,1,0,1,0,0,0,1,1,1,0,0.44654884105960263,0.001962052381910878,0.445875,0.025173615900382664,0.5085375,0.0015819484074675299,0.0019436868246772196,0.004555592058072196,0.9896941587491985,0.001494134744880353,1.0,0.0,0.56925,0.00654611048638807,31.839999999999996,12.235522056700317,1,0.16809230982165685,-1.3769411050651126
170,B0234567/S167,1,0,1,1,1,1,1,1,0,0,1,0,0,0,0,1,1,0,0.503725165562914,0.0007315628305458117,0.5050000000000001,0.00392806409061765,0.9885808333333334,0.002905722921141195,-0.0009966451725345236,0.003854229931862072,0.9983646823351464,0.0014638350248849731,1.0,0.0,1.0,0.0,13.479999999999999,9.005109660631568,1,0.3859888517128449,-0.6839729960317825
171,B01248/S1235,1,1,1,0,1,0,0,0,1,0,1,1,1,0,1,0,0,0,0.4978038079470199,0.0005387603944223458,0.026625,0.010902622964222878,0.9691200000000002,0.031542720892774045,-0.005632254269781123,0.0036354910669361288,0.2698355282712942,0.07530395778308732,1.0,0.0,1.0,0.0,30.28,16.026602883955164,0,-1.694196961254983,0.35702817858653085
172,B234567/S01367,0,0,1,1,1,1,1,1,0,1,1,0,1,0,0,1,1,0,0.6408087748344371,0.003842420394015126,0.645625,0.012982861298650675,0.6852341666666667,0.002276360627917584,0.019288645869640585,0.020897811592832553,0.9379497164736641,0.001168483063413557,1.0,0.0,0.744,0.035596479811914036,14.0,9.906563480844403,1,1.3353829482800428,-0.508716745470992
173,B0146/S012347,1,1,0,0,1,0,1,0,0,1,1,1,1,1,0,0,1,0,0.5202334437086094,0.0010173812432938867,0.50975,0.01540216096851351,0.4052725,0.002580407617455443,0.004791020390379467,0.0042549061563773635,0.9960872266419507,0.0026824822539770264,1.0,0.0,0.6805,0.03519588044075615,19.36,8.666487177628545,1,0.4868406346174357,-0.6367092543748518
174,B1357/S45,0,1,0,1,0,1,0,1,0,0,0,0,0,1,1,0,0,0,0.4737367549668874,0.0038068529327330166,0.472375,0.01732839973857946,0.5235425,0.001469606428795037,0.01325975949808254,0.011418635883995902,0.9961307779810836,0.0018056742782890046,1.0,0.0,0.573625,0.011992836403453557,23.32,9.666022967073893,1,0.4826328985314924,-1.293498698398429
175,B12456/S34568,0,1,1,0,1,1,1,0,0,0,0,0,1,1,1,1,0,1,0.7131895695364239,0.0018852615819859161,0.715875,0.008576402946457227,0.36776833333333336,0.0026145569387778364,0.01833369640989866,0.009954635356421269,0.8590913660066539,0.0013620735449461198,1.0,0.0,0.709875,0.009221662675461517,14.280000000000001,9.30118272049313,1,1.4913280964871207,0.2853634559703594
176,B578/S23,0,0,0,0,0,1,0,1,1,0,0,1,1,0,0,0,0,0,0.044326986754966886,0.02332087357638917,0.040875,0.021499454934951256,0.0035316666666666665,0.0016493385669210951,-0.0201341277448589,0.013085983323649597,0.2461971991234162,0.11607805400236189,1.0,0.0,1.0,0.0,25.919999999999998,8.515397818070507,0,-3.4999247972492156,1.7312271024002142
177,B12357/S03457,0,1,1,1,0,1,0,1,0,1,0,0,1,1,1,0,1,0,0.6321514900662252,0.0012400803167219702,0.6305,0.013090729066786141,0.3912016666666667,0.0017868651747621747,0.012316312303938327,0.007071695486316211,0.9455303301771252,0.001473539305905282,1.0,0.0,0.646375,0.003786282807715246,15.320000000000002,9.48324838860609,1,1.1787851268897227,-0.3563357907698512
178,B018/S02378,1,1,0,0,0,0,0,0,1,1,0,1,1,0,0,0,1,1,0.36569453642384103,0.0036517501213582564,0.395,0.006702378309227257,0.19375,0.019212119339466125,0.04642876437783168,0.0066814646728802305,0.9441392433369229,0.0025211581634264455,1.0,0.0,0.9181250000000001,0.021646124075686165,94.47999999999999,8.97173338881623,1,-1.2915849756699262,0.5813460573527788
179,B2467/S1346,0,0,1,0,1,0,1,1,0,0,1,0,1,1,0,1,0,0,0.5703344370860928,0.004236125608001854,0.574875,0.010619483862222247,0.470815,0.003788011745772578,0.0262379095503655,0.025824627802450317,0.9816122816146109,0.0029730548613458667,1.0,0.0,0.636125,0.10815335610835204,14.959999999999999,8.572514216961089,1,1.0515846420529475,-0.6770648840127284
180,B02345/S0168,1,0,1,1,1,1,0,0,0,1,1,0,0,0,0,1,0,1,0.48600496688741723,0.000938257610200426,0.482125,0.008812278366007268,0.8352833333333333,0.002085301153977016,0.0021543220634363245,0.005224448873113275,0.997198328448604,0.0015634916684711855,1.0,0.0,0.821375,0.011787506627781785,19.119999999999997,9.198478134996028,1,0.37879763004296363,-1.0468847457498967
181,B1568/S123578,0,1,0,0,0,1,1,0,1,0,1,1,1,0,1,0,1,1,0.4319254966887417,0.002072196965335712,0.42374999999999996,0.010977605043906453,0.2593216666666667,0.0027687435728543357,0.0016882188915994672,0.01416667124252083,0.9850982367970744,0.0018555415133051536,1.0,0.0,0.793625,0.009534067206601788,32.04,8.245483612257079,1,-0.373047609025185,-0.13030387977062566
182,B245678/S168,0,0,1,0,1,1,1,1,1,0,1,0,0,0,0,1,0,1,0.49532119205298003,0.0032195197534191375,0.5,0.0015934435979977357,0.9720000000000001,0.00950618950415424,0.029566116242592876,0.01908215454554207,0.9975744937686454,0.0030262721832197167,1.0,0.0,0.9967500000000001,0.002629460495995338,14.64,9.416368726850072,1,0.5189054603594531,-0.5401079564032536
183,B357/S023467,0,0,0,1,0,1,0,1,0,1,0,1,1,1,0,1,1,0,0.6014362582781457,0.02161272662913774,0.6154999999999999,0.014357326091581295,0.3698283333333333,0.01371657218223838,0.07960221331474342,0.11362009786098637,0.9551958380441707,0.010952235154628119,1.0,0.0,0.766125,0.12621394906071198,13.8,10.118300252512771,1,1.3274261958901055,0.34208843619343604
184,B012345678/S01678,1,1,1,1,1,1,1,1,1,1,1,0,0,0,0,1,1,1,0.7657822847682121,0.23889901892112336,0.7662500000000001,0.245300756088317,0.4652991666666665,0.48036727323056894,0.003352779714185593,0.04294709110021157,0.5580582393015094,0.46301203396510526,1.0,0.0,1.0,0.0,15.080000000000002,8.958348062003397,2,1.080384191606412,1.7744664084590038
185,B18/S127,0,1,0,0,0,0,0,0,1,0,1,1,0,0,0,0,1,0,0.37004304635761587,0.005305120569035724,0.37875000000000003,0.0045714808869774335,0.031222500000000004,0.004292248746933889,0.043839970372951946,0.007510282118502127,0.9477375216902912,0.004952575796680179,1.0,0.0,1.0,0.0,126.35999999999999,10.46460701603266,0,-1.8959286936876432,1.1354592498836784
186,B23678/S012467,0,0,1,1,0,0,1,1,1,1,1,1,0,1,0,1,1,0,0.5299056291390729,0.003197420245797437,0.537,0.007723240090790923,0.4526633333333333,0.001507482494831138,0.013991787208086085,0.013880136813456666,0.994751195534894,0.002116236074161384,1.0,0.0,0.642625,0.11491284061191769,17.64,9.588951976102498,1,0.7336563341407192,-0.7814260221535237
187,B0378/S12378,1,0,0,1,0,0,0,1,1,0,1,1,1,0,0,0,1,1,0.41228145695364243,0.0021524599577406466,0.409,0.006212386819894576,0.305865,0.008201059382787116,0.013803764377831516,0.006159057999574903,0.9760207351355099,0.0019163863901819225,1.0,0.0,0.74875,0.009046321766331305,35.08,10.231910867477296,1,-0.345429494627072,-0.34344232219653886
188,B014/S0348,1,1,0,0,1,0,0,0,0,1,0,0,1,1,0,0,0,1,0.41493377483443705,0.001222432264059307,0.41375,0.010420832500333155,0.40909416666666665,0.0017805434758647214,0.0032757929592189504,0.007180398364112022,0.9771615441651089,0.00239675051880696,1.0,0.0,0.628,0.0068664719834861535,30.76,11.093601759572945,1,-0.12325464831231772,-1.0091155505337146
189,B01478/S124567,1,1,0,0,1,0,0,1,1,0,1,1,0,1,1,1,1,0,0.6849329470198675,0.002710475575580407,0.6956249999999999,0.011667596689121516,0.1678808333333333,0.009677242598258846,0.030979065005228158,0.006944730283140856,0.8940308393755885,0.003168049131445082,1.0,0.0,0.874875,0.012432630956479012,13.679999999999998,10.368799351901838,2,1.146426178028089,1.1909015477488414
190,B0456/S045678,1,0,0,0,1,1,1,0,0,1,0,0,0,1,1,1,1,1,0.9431059602649008,0.008736121729326288,0.9636250000000001,0.009347877432872161,0.01285,0.004563101178048885,0.11689811345416459,0.05418334064610232,0.25893906249328846,0.03855993616299127,1.0,0.0,1.0,0.0,13.16,8.81748263394944,2,2.256272330102921,4.144704232566091
191,B0135/S123578,1,1,0,1,0,1,0,0,0,0,1,1,1,0,1,0,1,1,0.5296788079470198,0.0012131812452052155,0.531625,0.008911456811318828,0.4274675,0.0008711044235146221,-0.0009754051934474962,0.007015202910148201,0.9942815876910469,0.0035437328312934615,1.0,0.0,0.651,0.0933706909982999,17.240000000000002,10.422475713572089,1,0.606175504422609,-0.7738731798248448
192,B0248/S3678,1,0,1,0,1,0,0,0,1,0,0,0,1,0,0,1,1,1,0.40510513245033114,0.0008769688372946111,0.40625,0.018103435447450293,0.5413858333333333,0.0002496803512048573,0.002579905890553908,0.005959396102311717,0.9725633371139967,0.0014168761550313908,1.0,0.0,0.572875,0.014125553086516635,30.48,11.607411425464335,1,-0.024733219115685063,-1.4709851642952994
193,B013578/S0356,1,1,0,1,0,1,0,1,1,1,0,0,1,0,1,1,0,0,0.5491200331125828,0.0015386821686444445,0.5501250000000001,0.018658108157045262,0.46265,0.0027398122527931275,0.01079873213663257,0.004856367919690229,0.9902576550397253,0.0027415069634370726,1.0,0.0,0.6012500000000001,0.04561215572629734,14.76,8.536275534447093,1,0.8875680191332694,-0.9171018885376127
194,B247/S2468,0,0,1,0,1,0,0,1,0,0,0,1,0,1,0,1,0,1,0.4578526490066225,0.00333152093977832,0.4615,0.006274950199005577,0.4657216666666667,0.0027492445300684757,0.016923165737190302,0.020231125213019074,0.9925859515324552,0.0035265237625810865,1.0,0.0,0.61575,0.08842855520136014,20.72,9.044998618020902,1,0.37253972534073854,-1.0349785398069062
195,B01478/S37,1,1,0,0,1,0,0,1,1,0,0,0,1,0,0,0,1,0,0.3454677152317881,0.0010203423238564172,0.34700000000000003,0.012000976522766806,0.5186200000000001,0.0013384258218353175,-0.0023024790867902266,0.004166026867873282,0.9278753675722772,0.001221545343548252,1.0,0.0,0.62725,0.04004538440944225,56.8,9.76012295004525,1,-0.7852870927404824,-1.3020317170866902
196,B2478/S024,0,0,1,0,1,0,0,1,1,1,0,1,0,1,0,0,0,0,0.4285579470198676,0.0017183000879376711,0.42387499999999995,0.024880181621121655,0.49114916666666664,0.0019426017061890688,0.008405868769605796,0.016648458725238777,0.9833235406917739,0.002505145117787438,1.0,0.0,0.620625,0.11513494121030331,26.119999999999997,8.233589739597187,1,0.08564998329391908,-1.1563533439330194
197,B01/S04567,1,1,0,0,0,0,0,0,0,1,0,0,0,1,1,1,1,0,0.40271937086092713,0.0029918239550373194,0.392,0.015009111815827078,0.30284083333333334,0.004419305815271078,0.0030593412338790725,0.005280077034537504,0.969540372202459,0.0009084289502352468,1.0,0.0,0.7855000000000001,0.022816352414441698,40.92,9.735091165469383,1,-0.6014171743357835,-0.2722977887453702
198,B014567/S01456,1,1,0,0,1,1,1,1,0,1,1,0,0,1,1,1,0,0,0.635819536423841,0.0009666485405273219,0.6365000000000001,0.020110048794073056,0.5152266666666667,0.001201516691981943,0.020377897350992692,0.005659715160493221,0.9411947984091101,0.0021542207364053066,1.0,0.0,0.616125,0.006866471983486143,15.559999999999999,9.971358984611879,1,1.3585697819600913,-0.6488362797569726
199,B0567/S01234567,1,0,0,0,0,1,1,1,0,1,1,1,1,1,1,1,1,0,0.7477955298013246,0.031183972832461826,0.78025,0.026385809396340304,0.13586,0.01411870883742954,0.1453797490414774,0.05465216966999825,0.7947150200294583,0.04179592819101409,1.0,0.0,0.9872500000000001,0.00762397534098848,15.079999999999998,9.972562358792247,2,1.9653417670832842,2.5093909355849497
200,B0136/S01,1,1,0,1,0,0,1,0,0,1,1,0,0,0,0,0,0,0,0.48644122516556293,0.012473551989189252,0.47887500000000005,0.5011366767160432,0.9693691666666666,0.028226277619691407,0.04020832607180158,0.029852241950961506,0.2936322526920391,0.3832582769517959,0.5946666666666667,0.4092649237080766,0.994125,0.013136899367811284,12.8,8.363013810822029,0,-0.9096568998067115,1.6063395876366136
201,B35/S04568,0,0,0,1,0,1,0,0,0,1,0,0,0,1,1,1,0,1,0.3030720198675497,0.29101864556917945,0.29850000000000004,0.3364444140567651,0.09124416666666667,0.08149457136189094,0.025288319100731753,0.16818417990086448,0.6204632873526326,0.36563037898762407,1.0,0.0,0.9561249999999999,0.04657277571178246,33.68,31.35876273069459,0,-1.5323602864603791,1.3612471130247867
202,B02568/S23456,1,0,1,0,0,1,1,0,1,0,0,1,1,1,1,1,0,0,0.640873344370861,0.0021348028098464307,0.650625,0.023053097676885004,0.37030833333333335,0.0029148357348418616,0.01506195538515125,0.009855166033612363,0.9375420687110317,0.0011340334628185806,1.0,0.0,0.724875,0.021443967683243685,13.16,9.807548113570487,1,1.1730393806375239,0.019802571944163485
203,B13567/S4567,0,1,0,1,0,1,1,1,0,0,0,0,0,1,1,1,1,0,0.7195289735099337,0.004272396826887309,0.73175,0.025576936632443,0.3566533333333333,0.002041650510140144,0.04123045921923981,0.01906717524627624,0.8474690751202948,0.0013245255538859772,1.0,0.0,0.7238749999999999,0.015438891637679187,13.440000000000001,9.94323890892701,1,1.6638151137693014,0.5044044957113563
204,B038/S1234678,1,0,0,1,0,0,0,0,1,0,1,1,1,1,0,1,1,1,0.4998178807947021,0.0033547766325540316,0.500875,0.003817107871150606,0.0104675,0.0015272450460078627,0.00954491983269392,0.007111470303215162,0.9986698727659515,0.0014450238369563828,1.0,0.0,1.0,0.0,15.8,8.684468895678076,1,-0.16587939699449727,1.2438529804343128
205,B023/S567,1,0,1,1,0,0,0,0,0,0,0,0,0,0,1,1,1,0,0.3972524834437086,0.0014658028454663018,0.39475,0.010731088015667372,0.5978433333333333,0.0016666109365682305,-0.00036310561171169276,0.006529754164794071,0.967525489297647,0.0015855177315823475,1.0,0.0,0.5966250000000001,0.008263246940519184,31.4,9.435041070392856,1,-0.10587086458592063,-1.5188582559458987
206,B0123678/S01247,1,1,1,1,0,0,1,1,1,1,1,1,0,1,0,0,1,0,0.5139122516556291,0.000953368742070541,0.52,0.015398356243443637,0.6042541666666666,0.045548242034468896,0.0035089752527007454,0.0053628458421583055,0.9585025616007927,0.07337793506723814,1.0,0.0,0.733375,0.16838594990378503,21.8,7.782030583337488,1,0.47508642605042456,-0.7622283075463262
207,B124/S0237,0,1,1,0,1,0,0,0,0,1,0,1,1,0,0,0,1,0,0.4416870860927153,0.0011100959425305178,0.438125,0.018365856568643882,0.5633166666666667,0.0015458080635850063,0.00304653189264523,0.005282170997223816,0.9840913932912592,0.0033063004912671865,1.0,0.0,0.644625,0.00875669386812168,32.6,9.312357381458254,1,0.062271472494312315,-1.2130120367855297
208,B23456/S047,0,0,1,1,1,1,1,0,0,1,0,0,0,1,0,0,1,0,0.5512657284768212,0.0035533505273750536,0.54425,0.014858709567119197,0.76052,0.003876873874872179,0.016738933426280418,0.021995165178212307,0.9888173172280922,0.0026217929771218673,1.0,0.0,0.71075,0.04856414894240404,18.119999999999997,9.420827989088856,1,0.9061687131573576,-1.0817368808102552
209,B1345/S134568,0,1,0,1,1,1,0,0,0,0,1,0,1,1,1,1,0,1,0.6758071192052981,0.0021159995381207814,0.6799999999999999,0.0025769410160110793,0.0241375,0.0039893227721701785,0.01826350644823966,0.013391673002152753,0.9047307002115664,0.004516720849819085,1.0,0.0,0.999625,0.000559016994374944,12.84,9.298817129076149,2,0.7764315625298902,1.8073294832211153
210,B3457/S248,0,0,0,1,1,1,0,1,0,0,0,1,0,1,0,0,0,1,0.4530182119205298,0.0708710002796367,0.4845,0.014377717134510607,0.5936133333333333,0.09324038430650641,0.12961510979435317,0.23728411205028344,0.9575797153201856,0.08591691718016031,1.0,0.0,0.701625,0.17228394531267266,18.56,10.797592324217469,1,1.065681140188296,-0.3872166254974904
211,B468/S,0,0,0,0,1,0,1,0,1,0,0,0,0,0,0,0,0,0,0.002783940397350993,0.0017071721240756595,0.0,0.0,0.0035591666666666666,0.002317274350754927,-0.01641667392819804,0.010054499833537242,0.008764901290322005,0.003967456798055419,0.02,0.0047140452079103175,1.0,0.0,12.8,9.468896451012652,0,-5.772058592752391,3.833929834280408
212,B1347/S345678,0,1,0,1,1,0,0,1,0,0,0,0,1,1,1,1,1,1,0.9060355960264902,0.018545976137029983,0.9151250000000001,0.020384008744601737,0.006638333333333334,0.002298424505685,0.05299897612408479,0.02075875884972765,0.4289584406378447,0.06478780015181809,1.0,0.0,1.0,0.0,13.280000000000001,9.473753216122955,2,1.782186882990026,3.4388790286848296
213,B0356/S235678,1,0,0,1,0,1,1,0,0,0,0,1,1,0,1,1,1,1,0.9067185430463576,0.01164993299442606,0.9181250000000001,0.010986497394529355,0.010555833333333334,0.0012657157889247224,0.06624710264900568,0.014649607912127884,0.42428266104432344,0.03893770511534503,1.0,0.0,1.0,0.0,13.559999999999999,8.518685344582229,2,1.8679750439126597,3.503274584887768
214,B1467/S1247,0,1,0,0,1,0,1,1,0,0,1,1,0,1,0,0,1,0,0.43966721854304636,0.0017721966172161347,0.4425,0.0067023783092272585,0.44155999999999995,0.0014364930047786268,0.003388462879051679,0.006073858805479804,0.9881205930273633,0.0016721520485885463,1.0,0.0,0.62075,0.02597098741865622,25.08,9.576638241053068,1,0.11877620045067735,-1.0620650149381963
215,B578/S2378,0,0,0,0,0,1,0,1,1,0,0,1,1,0,0,0,1,1,0.05078311258278147,0.024600606090199355,0.047125,0.023169720272372733,0.0032508333333333334,0.002135753835170253,-0.021342649878006357,0.014868044145645281,0.2756333126758519,0.11008060594433715,1.0,0.0,1.0,0.0,29.0,9.032164746061712,0,-3.483980204780406,1.677145757391919
216,B3578/S1235678,0,0,0,1,0,1,0,1,1,0,1,1,1,0,1,1,1,1,0.9444089403973509,0.03734190598885885,0.98225,0.011435963011482716,0.012509166666666665,0.0029147335855957746,0.20136153712094756,0.21574596042130945,0.18521706722734854,0.04623521343619613,1.0,0.0,1.0,0.0,14.24,9.521974585137263,2,2.749448657130795,4.690583100383247
217,B3/S1245,0,0,0,1,0,0,0,0,0,0,1,1,0,1,1,0,0,0,0.4024114238410596,0.040556222375144606,0.4205,0.00840154375695326,0.27845499999999995,0.02878205932931331,0.08436467410247453,0.15837758900406523,0.9567402374894609,0.0527134145091379,1.0,0.0,0.799875,0.0992633020053232,25.0,8.738420909981391,1,0.10463996329257438,0.2506082581308869
218,B148/S0134,0,1,0,0,1,0,0,0,1,1,1,0,1,1,0,0,0,0,0.43249503311258275,0.0013661962840391569,0.42625,0.018264548995253066,0.36047416666666665,0.0008373051182878886,0.00565022655977667,0.00939532439458807,0.9853613380713805,0.0017003925847516828,1.0,0.0,0.68225,0.014754501431766516,26.4,9.68916921103146,1,-0.07259688092434122,-0.6959706921414391
219,B0248/S12,1,0,1,0,1,0,0,0,1,0,1,1,0,0,0,0,0,0,0.41369784768211926,0.016748803310256702,0.23125,0.23307807838790848,0.7466133333333334,0.060830158764200025,0.05150028319972082,0.02369783702166865,0.7943802671399629,0.1677806284765782,1.0,0.0,0.8835000000000001,0.08175038226210318,22.44,8.567846870713787,1,-0.49230665206341667,-0.336706954612507
220,B01268/S348,1,1,1,0,0,0,1,0,1,0,0,0,1,1,0,0,0,1,0.41918708609271527,0.0011655830505579183,0.425125,0.018658108157045272,0.5149725,0.004310626203220239,0.001474773440222788,0.003415137231250338,0.9774400753556778,0.0026308839410190167,1.0,0.0,0.624375,0.024218245962496943,41.88,10.546658238513274,1,-0.15318025429606824,-1.2270219218304836
221,B012468/S12478,1,1,1,0,1,0,1,0,1,0,1,1,0,1,0,0,1,1,0.502908940397351,0.0030758023758090816,0.508375,0.015907447155342,0.5447658333333334,0.001800683222958587,-0.009908548274660516,0.017417651169465292,0.9954081350085296,0.0052246600841389795,1.0,0.0,0.638,0.12298008604038299,20.72,10.198627358620374,1,0.46736854263559113,-1.1417406934777503
222,B4578/S267,0,0,0,0,1,1,0,1,1,0,0,1,0,0,0,1,1,0,0.01655546357615894,0.0082190014667417,0.01075,0.0050272693880475516,0.0070775000000000005,0.005888372487840384,-0.0336313175322413,0.027177335745803218,0.10169190463180781,0.04081965111942148,1.0,0.0,1.0,0.0,17.36,8.423063575683136,0,-3.7583046528472313,1.906549920930765
223,B0345/S03678,1,0,0,1,1,1,0,0,0,1,0,0,1,0,0,1,1,1,0.5193874172185431,0.0017021103589770687,0.524,0.011211740498245583,0.630625,0.0026073264164017634,0.011400248344370407,0.01032566553845441,0.996698516574442,0.0016418883517926005,1.0,0.0,0.574875,0.003229502670690964,17.8,8.70402205879558,1,0.8484552620744382,-1.4042184651794083
224,B12478/S01368,0,1,1,0,1,0,0,1,1,1,1,0,1,0,0,1,0,1,0.46008609271523176,0.0005290117253448599,0.461375,0.02272199512586869,0.5528558333333333,0.0010715772383630357,0.00262467323109046,0.006323985358927198,0.9931216004693146,0.0016740191543154481,1.0,0.0,0.569625,0.0031436940849897815,24.56,10.070153921365847,1,0.3585322094555844,-1.4314593005066123
225,B01578/S013468,1,1,0,0,0,1,0,1,1,1,1,0,1,1,0,1,0,1,0.4133278145695364,0.0012472181063480194,0.413375,0.00738981562692873,0.2830566666666667,0.00240143656369358,-0.012829731613803016,0.010154890514282977,0.9759370857435524,0.002083294544311054,1.0,0.0,0.7525000000000001,0.0050582543925745535,42.519999999999996,11.721433359448833,1,-0.5972285245364092,-0.40411276928282697
226,B12358/S13567,0,1,1,1,0,1,0,0,1,0,1,0,1,0,1,1,1,0,0.6526903973509934,0.002390716796237415,0.65475,0.018512031560582454,0.30069166666666663,0.004222068139549619,0.016594174799581012,0.005745323309260169,0.9279668601530059,0.001978777655074188,1.0,0.0,0.749625,0.008599146033182656,15.84,10.057236200865525,1,1.1133336346851337,0.28327788267592924
227,B0134678/S123568,1,1,0,1,1,0,1,1,1,0,1,1,1,0,1,1,0,1,0.6807094370860927,0.0010791460707664886,0.685125,0.016384062377810937,0.45665166666666657,0.0013926879984803655,0.01676644736842045,0.004167204768702436,0.8994870484390397,0.002984057548989702,1.0,0.0,0.618375,0.018648684605086775,13.440000000000001,9.651321153085728,1,1.5316567965330636,-0.36297061101217803
228,B01378/S013458,1,1,0,1,0,0,0,1,1,1,1,0,1,1,1,0,0,1,0.5267400662251656,0.000732502469986642,0.52725,0.007202430145443953,0.20059750000000004,0.003648992202954424,0.0037546401185077917,0.009649610112510202,0.9953568088668006,0.003089539993578319,1.0,0.0,0.8462500000000001,0.005229125165837955,15.040000000000001,8.322739933459415,1,0.2550224214107254,0.36803234988898775
229,B08/S467,1,0,0,0,0,0,0,0,1,0,0,0,0,1,0,1,1,0,0.28197350993377485,0.0007460579779541328,0.29125,0.033473987101927366,0.40442166666666673,0.002699145312254727,-0.007286227779714429,0.005021634583757571,0.8515319855441124,0.0011653611734648065,1.0,0.0,0.783875,0.030347595662589176,59.879999999999995,9.767906633460411,1,-1.498884325255093,-0.5167737583216924
230,B123467/S0245678,0,1,1,1,1,0,1,1,0,1,0,1,0,1,1,1,1,1,0.9508567880794704,0.007279456621095481,0.9572499999999999,0.005772374944509439,0.006216666666666666,0.000791529593396369,0.03764502004182541,0.011379036879501828,0.263519935222584,0.025003177236881693,1.0,0.0,1.0,0.0,13.2,9.34237657130133,2,1.7746245149993014,3.7973649358581096
231,B012467/S025678,1,1,1,0,1,0,1,1,0,1,0,1,0,0,1,1,1,1,0.9686225165562915,0.012105207133433318,0.982,0.007360685260218611,0.013975833333333335,0.006048924806892912,0.07671344545137629,0.03049287335016889,0.15742615429823723,0.05822924543608885,1.0,0.0,1.0,0.0,13.0,8.627861844049194,2,2.0407911527724516,4.215806696791699
232,B1578/S234567,0,1,0,0,0,1,0,1,1,0,0,1,1,1,1,1,1,0,0.6847922185430464,0.005408958546147828,0.69025,0.007336765295414565,0.09318,0.0030637262284312866,0.0306552370163815,0.015407882938017098,0.8932341545429509,0.003988315236164216,1.0,0.0,0.9911249999999999,0.004361586580591945,14.079999999999998,9.512728315262661,2,0.9300001784135653,1.7410675968102471
233,B012345678/S0345678,1,1,1,1,1,1,1,1,1,1,0,0,1,1,1,1,1,1,0.9947044701986755,0.0010473228452101894,1.0,0.0,0.0060149999999999995,0.0010986244556009318,0.03130145521087445,0.006200092184710086,0.00846082135342224,0.0020443826779475596,1.0,0.0,1.0,0.0,13.080000000000002,9.976572557747476,2,1.7452765904337377,4.378237228039552
234,B257/S0124678,0,0,1,0,0,1,0,1,0,1,1,1,0,1,0,1,1,1,0.44968460264900667,0.0022198986418897255,0.456125,0.01847401046064444,0.3777991666666667,0.0009188109390220957,0.010964926803764001,0.016448667898903813,0.9907770122125795,0.0025235835279396913,1.0,0.0,0.7206250000000001,0.09297912232055117,24.16,9.719465005852946,1,0.07187598420684393,-0.5331530818503842
235,B124578/S35678,0,1,1,0,1,1,0,1,1,0,0,0,1,0,1,1,1,1,0.9764097682119204,0.004284826707112315,0.9887499999999999,0.003507803800100583,0.012371666666666666,0.0006008703178630886,0.07162741808992604,0.00813052419188963,0.11546241961973587,0.0217438325573135,1.0,0.0,1.0,0.0,14.959999999999999,10.569200537410575,2,1.9886949475552822,4.295497761200534
236,B01238/S1267,1,1,1,1,0,0,0,0,1,0,1,1,0,0,0,1,1,0,0.49762003311258285,0.00034290663545303955,0.5038750000000001,0.024033667791246525,0.6048975000000001,0.002958524935109901,-0.0010487974904152555,0.0017020917366836281,0.9938655617220334,0.0030992525810016143,1.0,0.0,0.5936250000000001,0.03488933397186022,25.48,10.703831089848162,1,0.5338500330926462,-1.3852075940019848
237,B012378/S0456,1,1,1,1,0,0,0,1,1,1,0,0,0,1,1,1,0,0,0.5544263245033112,0.0011812779031331307,0.564875,0.023927788499984705,0.3656683333333334,0.0097952004261724,0.010955711920529293,0.005669192069255785,0.9855784763872265,0.007658290383193631,1.0,0.0,0.73275,0.07906879915617794,15.319999999999999,9.58081416164618,1,0.7017219285964149,-0.23523848256132354
238,B1/S12345678,0,1,0,0,0,0,0,0,0,0,1,1,1,1,1,1,1,1,0.4705951986754967,0.03348666966721185,0.471875,0.033433118871861164,0.001551666666666667,0.001041435807751331,0.007553459393516588,0.007293908610260973,0.9939476905095225,0.006046948181008815,1.0,0.0,1.0,0.0,16.84,8.292647345691242,1,-0.3511546847525807,1.2023574437605022
239,B12567/S013568,0,1,1,0,0,1,1,1,0,1,1,0,1,0,1,1,0,1,0.6341167218543047,0.0026084314266599435,0.6368750000000001,0.011345084287919601,0.4621133333333334,0.0009892889913131519,0.024089665388636758,0.007001424952862858,0.9436821391849858,0.002631552794720717,1.0,0.0,0.603625,0.01039643869312948,14.4,9.584362263604188,1,1.3783310827098474,-0.5796433872549996
240,B0235678/S01356,1,0,1,1,0,1,1,1,1,1,1,0,1,0,1,1,0,0,0.6526531456953643,0.001451977079792791,0.6683749999999999,0.013423684758664433,0.5469533333333334,0.0003475409648116496,0.015384933774834053,0.006958439391569375,0.9278833589601223,0.0011133562909734387,1.0,0.0,0.594125,0.004626688880830398,14.2,10.342146779078316,1,1.5051891713217467,-0.734067790389678
241,B0134567/S024578,1,1,0,1,1,1,1,1,0,1,0,1,0,1,1,0,1,1,0.7303915562913907,0.0012606911987411188,0.719125,0.0038679371116914466,0.48306083333333333,0.0019881366904717234,0.015334415301498186,0.003973288905813136,0.8356842701367617,0.003502021619740725,1.0,0.0,0.67775,0.019144801840186326,14.84,9.205867694030802,1,1.6101757030730044,0.004702900024449587
242,B03467/S2,1,0,0,1,1,0,1,1,0,0,0,1,0,0,0,0,0,0,0.40150082781456947,0.0015493092062594082,0.40549999999999997,0.02148945962559321,0.6529391666666667,0.0019025033764022898,0.005101189438828618,0.006621413576824853,0.9703434461375954,0.0018122833653262229,1.0,0.0,0.612375,0.039859126934743576,32.92,10.34272691315013,1,-0.03696218284292329,-1.5373967643752817
243,B3567/S0348,0,0,0,1,0,1,1,1,0,1,0,0,1,1,0,0,0,1,0.29291804635761587,0.211484591801951,0.28025,0.22407126028899826,0.30867249999999996,0.2457116624859252,-0.03277054287208114,0.07774894463210173,0.7211251286212137,0.3721931257965229,1.0,0.0,0.750125,0.22772670709646678,33.480000000000004,24.678573702708185,1,-1.4781237023550997,-0.2798022445457893
244,B1456/S0134,0,1,0,0,1,1,1,0,0,1,1,0,1,1,0,0,0,0,0.48394205298013243,0.0017288610501680589,0.484,0.007507808435222618,0.5478500000000001,0.001550067202844225,0.007380598640640776,0.005912383173928381,0.9969609330392123,0.001385771908469111,1.0,0.0,0.5903750000000001,0.03513812032536749,16.8,9.437160589923224,1,0.5702277392438765,-1.2830918837663632
245,B12457/S1567,0,1,1,0,1,1,0,1,0,0,1,0,0,0,1,1,1,0,0.6673261589403973,0.0030043910108070236,0.665875,0.017625664881076097,0.4064025,0.006076142010857829,0.03669739020564604,0.01943743290048982,0.9128586887806355,0.005157276209101782,1.0,0.0,0.6833750000000001,0.006637959023675891,14.76,10.351231810755664,1,1.4514873385568252,-0.007873337275729999
246,B01378/S1345,1,1,0,1,0,0,0,1,1,0,1,0,1,1,1,0,0,0,0.5233253311258278,0.001738476130111357,0.526625,0.010463851465880043,0.21340333333333333,0.010978089526542275,0.012404735970721168,0.00949010774693149,0.9946445288169201,0.005133573165883126,1.0,0.0,0.8401250000000001,0.008832203150969758,15.16,8.815214121052309,1,0.31077856779880636,0.3572608010560383
247,B02468/S01234568,1,0,1,0,1,0,1,0,1,1,1,1,1,1,1,1,0,1,0.7039221854304636,0.0010104747628244077,0.7075,0.007930360962780951,0.2894633333333333,0.0014622845282866925,0.018081692227256335,0.008377540782224949,0.87187571705673,0.002086145420350278,1.0,0.0,0.752125,0.013099677954056713,13.719999999999999,9.521134386195797,1,1.3601482297078469,0.5413448711054913
248,B13478/S046,0,1,0,1,1,0,0,1,1,1,0,0,0,1,0,1,0,0,0.46978145695364243,0.0006115919586747316,0.47475000000000006,0.008565008756562954,0.6002375,0.00047765159024826655,0.009209654932031863,0.009034575018173284,0.9958689469274399,0.0015044969040549285,1.0,0.0,0.558875,0.02473847585240451,17.84,7.761958515735575,1,0.5788456138434971,-1.5100409183862942
249,B45/S35,0,0,0,0,1,1,0,0,0,0,0,0,1,0,1,0,0,0,0.01210182119205298,0.011070687315367696,0.0045,0.005199158585771356,0.007828333333333333,0.00716970102913798,-0.043592671662600294,0.039444350154798524,0.06069403058265084,0.05472759919778046,0.6093333333333334,0.5349475571389114,1.0,0.0,14.719999999999999,8.67824867124698,0,-4.659237647961764,2.6036185180830826
250,B0358/S02568,1,0,0,1,0,1,0,0,1,1,0,1,0,0,1,1,0,1,0.4153973509933775,0.0021136097582440004,0.41662499999999997,0.013358050007392548,0.4910541666666667,0.0015611855582288103,0.0031288776577200277,0.009549195857042085,0.9778315304385844,0.0008400783185355003,1.0,0.0,0.5865,0.03947803978163052,30.2,10.175460677532,1,-0.006822756734788567,-1.3127693615762772
251,B067/S01358,1,0,0,0,0,0,1,1,0,1,1,0,1,0,1,0,0,1,0.2239693708609271,0.004756841963033177,0.2225,0.004419417382415912,0.008989166666666666,0.0033342350342903076,-0.007490262286511157,0.005411919352046277,0.7662901368898959,0.008606547511816505,1.0,0.0,1.0,0.0,226.76,11.417004861170906,0,-4.30293664741842,0.9520252288026122
252,B47/S4567,0,0,0,0,1,0,0,1,0,0,0,0,0,1,1,1,1,0,0.05327400662251656,0.09458472244796068,0.0475,0.08976967054634878,0.008561666666666667,0.010807581331459466,-0.03176683949111199,0.027717476248354293,0.20148878215803007,0.32275803404592535,0.41866666666666663,0.5308776799895727,0.99975,0.0005590169943749417,14.0,8.246211251235321,0,-4.631846751412384,2.77784178452525
253,B0145678/S012345678,1,1,0,0,1,1,1,1,1,1,1,1,1,1,1,1,1,1,0.9932971854304636,0.0012473712545623917,1.0,0.0,0.004694166666666667,0.0010444654068522863,0.039506361101428494,0.007343605731566607,0.012226132388540107,0.0027888195138751934,1.0,0.0,1.0,0.0,13.919999999999998,8.704711367989177,2,1.7847479542152596,4.407607304601532
254,B04568/S02567,1,0,0,0,1,1,1,0,1,1,0,1,0,0,1,1,1,0,0.6794221854304635,0.016626724304427964,0.704,0.011298506538476655,0.3805474999999999,0.0036512502615162258,0.1425232005925405,0.08121836011819998,0.885068310354893,0.00493569481283561,1.0,0.0,0.698625,0.021948092172213995,13.559999999999999,9.320300424342554,1,2.184354248350588,0.6740181652244742
255,B1346/S0124568,0,1,0,1,1,0,1,0,0,1,1,1,0,1,1,1,0,1,0.6748948675496689,0.001998642091019582,0.6825,0.01953062498999972,0.29727333333333333,0.0015787339996549774,0.01628073806204207,0.00850654069725477,0.9061114867538537,0.0006622061330507548,1.0,0.0,0.7455,0.0038119876704942467,13.8,9.388290579226869,1,1.2492340101928978,0.3699073021939138
256,B012367/S4678,1,1,1,1,0,0,1,1,0,0,0,0,0,1,0,1,1,1,0.7473807947019868,0.17194174974524185,0.8003750000000001,0.15927300657989726,0.2663033333333333,0.20257055868213342,0.13922002439874456,0.06486549419424045,0.6937752976600405,0.3464600362237644,1.0,0.0,0.82575,0.16521730482155925,15.12,6.918959459340689,2,2.1775057278947667,1.8833429531982453
257,B1246/S01246,0,1,1,0,1,0,1,0,0,1,1,1,0,1,0,1,0,0,0.517737582781457,0.0018165758398413759,0.50875,0.007818747501998003,0.5000341666666667,0.0010874097983025544,0.004581104043220425,0.004512758548191594,0.996609190870684,0.0017886846429914275,1.0,0.0,0.561875,0.01043019954267414,18.52,9.735091165469383,1,0.6962740436479402,-1.2444189127540606
258,B1237/S1235,0,1,1,1,0,0,0,1,0,0,1,1,1,0,1,0,0,0,0.4950927152317881,0.001650866494169387,0.487,0.041545814319856565,0.5108883333333333,0.0037098620444551166,0.006908678982223358,0.005237861159217063,0.991680509786635,0.0035290566846271753,1.0,0.0,0.69875,0.011899645477912375,25.959999999999997,10.559734845155912,1,0.3338328020765358,-0.8106916434287135
259,B167/S012457,0,1,0,0,0,0,1,1,0,1,1,1,0,1,1,0,1,0,0.3195538079470199,0.0037722073447414967,0.318125,0.0032173844190584357,0.011053333333333332,0.0019756842169233423,-0.00825457476472668,0.006515145179185804,0.9030613304267872,0.004154196971990285,1.0,0.0,1.0,0.0,180.4,12.869343417595147,0,-3.1658554909457925,0.8877802401941701
260,B3/S023468,0,0,0,1,0,0,0,0,0,1,0,1,1,1,0,1,0,1,0.49129387417218534,0.01830861704295037,0.5065,0.003893102875599348,0.022204166666666664,0.004144896250879572,0.07494379574764695,0.09781939071092298,0.9897384775453866,0.018637742925909268,1.0,0.0,0.999625,0.000559016994374932,13.680000000000001,8.916950151256875,2,0.25010921739997094,1.5269171861678628
261,B345/S4567,0,0,0,1,1,1,0,0,0,0,0,0,0,1,1,1,1,0,0.4833849337748344,0.37066192957764355,0.48925,0.3748339215572678,0.03120583333333333,0.03737321258732278,0.036619031021261614,0.043718037550663245,0.6162006656471548,0.3257372427145284,1.0,0.0,1.0,0.0,17.240000000000002,14.932782727944582,2,-0.40454743194340287,2.0762072050542155
262,B0137/S56,1,1,0,1,0,0,0,1,0,0,0,0,0,0,1,1,0,0,0.3736341059602649,0.0009923119630409372,0.369625,0.019241475385219284,0.5870808333333334,0.0014738684454334316,-0.001640183861973122,0.0031676048569836616,0.9511072086183674,0.0019016624975694118,1.0,0.0,0.6168750000000001,0.03822987624227942,41.36,9.78917769784572,1,-0.4002597469632649,-1.4540576931622484
263,B0235678/S013568,1,0,1,1,0,1,1,1,1,1,1,0,1,0,1,1,0,1,0.7025852649006622,0.0008896773168055042,0.709375,0.00582961190818052,0.50003,0.0012246116164364965,0.016318120425234575,0.006499246372747774,0.8736574052804336,0.0018088548009304146,1.0,0.0,0.6372500000000001,0.0042984372160123395,14.440000000000001,10.2424606418575,1,1.6164291698404556,-0.28353922141858484
264,B2367/S148,0,0,1,1,0,0,1,1,0,0,1,0,0,1,0,0,0,1,0.4282847682119205,0.002325596562430783,0.40975,0.019068134413203628,0.5932433333333333,0.0025305573469318362,0.01017401533635386,0.016116840695127557,0.9830903602052663,0.002953503512576061,1.0,0.0,0.612375,0.10144406556078088,30.52,11.59103101540152,1,0.08022668746124151,-1.39084034665106
265,B13468/S478,0,1,0,1,1,0,1,0,1,0,0,0,0,1,0,0,1,1,0.47698675496688747,0.0017205279970510248,0.48674999999999996,0.007439863069976482,0.6628258333333334,0.001596277679652106,0.009548841059602232,0.009640667702875824,0.9968953625072448,0.0016664962798557453,1.0,0.0,0.585,0.010597390598633226,17.0,9.617692030835673,1,0.6434310120786311,-1.5196925040556997
266,B03457/S012347,1,0,0,1,1,1,0,1,0,1,1,1,1,1,0,0,1,0,0.5852077814569536,0.0014877891449546377,0.579625,0.024421430138302773,0.5800491666666667,0.0014859042561126165,0.011062696061344928,0.0071522295833731445,0.9745202928832308,0.0015338581624356133,1.0,0.0,0.6359999999999999,0.039808133591013733,18.04,9.937202825745281,1,1.033454543618101,-0.9232038417609156
267,B03568/S1348,1,0,0,1,0,1,1,0,1,0,1,0,1,1,0,0,0,1,0.4916721854304636,0.0013886913247178458,0.49874999999999997,0.013162149805407945,0.5181658333333333,0.0006892616319092419,0.008901381143255133,0.010782203608080106,0.9978446740821914,0.0014247190422588382,1.0,0.0,0.58075,0.05029095035391557,20.04,9.620187108367485,1,0.5971038487995114,-1.2346262967256145
268,B35/S123468,0,0,0,1,0,1,0,0,0,0,1,1,1,1,0,1,0,1,0.5491630794701987,0.013548686251273685,0.5585,0.01196185343080241,0.3501241666666667,0.007419358944866988,0.05072054722899927,0.07103541591108865,0.9843209708011538,0.009196105763201876,1.0,0.0,0.787,0.11675327886188036,16.48,10.273850300641916,1,0.8211756785755041,0.15400138097667881
269,B147/S048,0,1,0,0,1,0,0,1,0,1,0,0,0,1,0,0,0,1,0.3022102649006623,0.0006639245736877578,0.2995,0.013444039106607795,0.48045583333333336,0.0005495626417636616,-0.00015697978389708558,0.00815816120531631,0.8827992714838528,0.0007715166378387311,1.0,0.0,0.647125,0.030684253901635008,67.52000000000001,10.769029668452024,1,-1.2167529451208978,-1.1545029113305982
270,B012456/S02378,1,1,1,0,1,1,1,0,0,1,0,1,1,0,0,0,1,1,0.5340347682119205,0.002363337019418135,0.534,0.011453029075314538,0.6896475,0.0027492637903425545,-0.0055871601603353195,0.012755556946745397,0.99239737101941,0.005134563855430657,1.0,0.0,0.648,0.10858950081614707,20.36,9.581649127368419,1,0.7153212408661184,-1.3030977209641628
271,B01245678/S2348,1,1,1,0,1,1,1,1,1,0,0,1,1,1,0,0,0,1,0.5630281456953642,0.0007780719371130156,0.5650000000000001,0.03254204011736204,0.6818166666666667,0.0010200251903207704,0.008024268037643266,0.0037726268893673908,0.9842425034210528,0.0023135744004135913,1.0,0.0,0.591125,0.025637954042785793,23.64,9.836056120214034,1,0.9809201261851759,-1.3533194042426293
272,B1238/S068,0,1,1,1,0,0,0,0,1,1,0,0,0,0,0,1,0,1,0.41042632450331124,0.0007485487783455149,0.407625,0.025013277724040887,0.6889025,0.0011092594814659984,0.00441549756012518,0.004393647113336983,0.973495821607328,0.0016548977546664363,1.0,0.0,0.6435000000000001,0.012752144427507137,31.919999999999998,7.685831119664287,1,-0.01745703046302011,-1.494071710201099
273,B0148/S0146,1,1,0,0,1,0,0,0,1,1,1,0,0,1,0,1,0,0,0.37011506622516555,0.0015125307159536364,0.3775,0.003186887195995488,0.4528483333333334,0.0032349552955008142,-0.0008730611711399757,0.008668757950628311,0.9479490428233097,0.0033158046461514716,1.0,0.0,0.632,0.09811146403453573,46.04,11.405612653426386,1,-0.5386062017846338,-1.1306187212824188
274,B1348/S145,0,1,0,1,1,0,0,0,1,0,1,0,0,1,1,0,0,0,0.5088451986754967,0.002025514833051163,0.51375,0.009206824914160111,0.47506750000000003,0.0013058143212825997,0.009364935517601623,0.007815035425265664,0.9977998242359851,0.0016659904100177105,1.0,0.0,0.579875,0.006909006802717698,16.6,8.907300376657341,1,0.6990542224190605,-1.1173858062583653
275,B278/S2367,0,0,1,0,0,0,0,1,1,0,0,1,1,0,0,1,1,0,0.3599412251655629,0.0035931889527310457,0.35812499999999997,0.008232462420199668,0.27623583333333335,0.0038026941290207603,0.009309515510630592,0.016472054238166705,0.9412579590411543,0.004658698318072378,1.0,0.0,0.77125,0.01020301732332159,52.4,11.029959202100432,1,-0.9148777840237615,-0.2709995549969117
276,B0235678/S023578,1,0,1,1,0,1,1,1,1,1,0,1,1,0,1,0,1,1,0.6427094370860927,0.0022243956668828225,0.6385,0.010658036873646115,0.5797516666666667,0.0015559546239098789,0.014157001568490332,0.008909794129644702,0.9372141172199434,0.0008009153350985676,1.0,0.0,0.61475,0.0038931028755993385,14.280000000000001,10.275796806087595,1,1.3944691252885004,-0.7878786660965577
277,B01478/S13458,1,1,0,0,1,0,0,1,1,0,1,0,1,1,1,0,0,1,0.5522980132450331,0.0018230217329131618,0.54875,0.007513009550107072,0.29820250000000004,0.0015741692032801033,0.011586833391425123,0.00606512459366737,0.9896731705080064,0.0021580615100472247,1.0,0.0,0.74225,0.002363458800148626,15.040000000000001,10.515131953522982,1,0.6139927460668375,-0.09398082225547749
278,B012378/S023456,1,1,1,1,0,0,0,1,1,1,0,1,1,1,1,1,0,0,0.5436100993377483,0.034283518067402444,0.35212499999999997,0.29073505980531483,0.4197008333333333,0.47475017434611505,-0.019529670616940057,0.009022766207731946,0.667008231789357,0.4451340191911911,1.0,0.0,0.998625,0.002091650066335223,14.040000000000001,10.029356908595885,1,-0.6266212340650854,0.9053897281076408
279,B23/S02467,0,0,1,1,0,0,0,0,0,1,0,1,0,1,0,1,1,0,0.4618253311258278,0.001979600026844342,0.468875,0.012642932808490274,0.43367500000000003,0.0016301547515155845,0.010574372603694383,0.01136691626545108,0.9937848093330375,0.002080980175586882,1.0,0.0,0.6465,0.07324189374941094,25.439999999999998,9.570161963101771,1,0.25182528111962627,-0.8868359851646548
280,B134567/S238,0,1,0,1,1,1,1,1,0,0,0,1,1,0,0,0,0,1,0.51935678807947,0.0013500124009180122,0.5032500000000001,0.01582620453551638,0.779195,0.00047984010647070615,0.006012351864760805,0.006310566863197211,0.99619267336854,0.0014018175004506938,1.0,0.0,0.6592499999999999,0.006130099917619652,26.4,7.51265598839718,1,0.6414481295023933,-1.4410237543362012
281,B0157/S1568,1,1,0,0,0,1,0,1,0,0,1,0,0,0,1,1,0,1,0.3630620860927153,0.0017875797414573238,0.35425,0.021912467912127136,0.4589575,0.001561320110070713,-0.004790170791216736,0.008869391553032957,0.9420916514776868,0.00179027409833628,1.0,0.0,0.611625,0.019307341544086275,52.760000000000005,12.011994005992507,1,-0.6913547562438418,-1.2536129904360864
282,B01345678/S013578,1,1,0,1,1,1,1,1,1,1,1,0,1,0,1,0,1,1,0.6824139072847681,0.0017211014456694758,0.683125,0.007302075903467479,0.6264116666666666,0.002806972036534937,0.010663253746949642,0.005459715397049104,0.8978749768416211,0.002801360216469401,1.0,0.0,0.702125,0.015351353767664925,15.0,10.950799057603058,1,1.464266184171278,-0.42000267376142897
283,B0134/S04678,1,1,0,1,1,0,0,0,0,1,0,0,0,1,0,1,1,1,0.4759238410596026,0.00492958919245577,0.47874999999999995,0.011956954043568118,0.5747691666666667,0.006922672217070532,-0.01115647873823686,0.023954492017032716,0.9949830068693594,0.0042041305905794,1.0,0.0,0.608875,0.12163550185903786,19.84,10.23660099837832,1,0.37715377090934626,-1.363852370433164
284,B0347/S134,1,0,0,1,1,0,0,1,0,0,1,0,1,1,0,0,0,0,0.47700579470198673,0.001476998437675396,0.48612500000000003,0.026495872320042607,0.5075516666666667,0.00176130919189229,0.007861863889856905,0.008063149989700723,0.9962091539196386,0.0016292039822062888,1.0,0.0,0.58475,0.04441591423690384,18.8,9.148770409186142,1,0.5205194154965443,-1.2281987226699864
285,B3456/S012348,0,0,0,1,1,1,1,0,0,1,1,1,1,1,0,0,0,1,0.5635471854304636,0.008998401963571535,0.56475,0.03026445935416656,0.6267025,0.010560478356826384,0.02913419309864012,0.05004878245245121,0.9807891772366141,0.0056126602529123016,1.0,0.0,0.735125,0.15499143121476106,19.119999999999997,9.67326211781734,1,0.9392333834498306,-0.6333278147197954
286,B67/S3568,0,0,0,0,0,0,1,1,0,0,0,0,1,0,1,1,0,1,0.005086920529801324,0.004040715677660225,0.0015,0.0013693063937629153,0.0024125,0.0017542928497767353,-0.02103352649006627,0.018168980660034185,0.026313304183534475,0.019160874340663832,0.6093333333333334,0.5349890964620992,1.0,0.0,12.76,8.692985678120031,0,-4.5577482981101,2.775698447976088
287,B1234/S123467,0,1,1,1,1,0,0,0,0,0,1,1,1,1,0,1,1,0,0.5424644039735099,0.0033480156643697005,0.5237499999999999,0.003535533905932762,0.10552666666666669,0.01020036917224077,-0.06513099076333267,0.014531015865410985,0.9898507862596497,0.001719167972571857,1.0,0.0,0.9890000000000001,0.006212386819894628,15.040000000000001,9.695772274553484,1,-0.38032117473851584,0.7745402448217434
288,B456/S1234,0,0,0,0,1,1,1,0,0,0,1,1,1,1,0,0,0,0,0.2776473509933775,0.132225730985104,0.266125,0.13541342944848564,0.1863358333333333,0.11917677195644431,-0.01949026228651112,0.042083046313341935,0.7904824074497505,0.2612544728869288,1.0,0.0,0.884625,0.08234549926984472,32.12,17.40838878242326,0,-1.645710594635717,0.32079415666067335
289,B023568/S03458,1,0,1,1,0,1,1,0,1,1,0,0,1,1,1,0,0,1,0.6069254966887417,0.0007070149503481992,0.6214999999999999,0.026650955658287335,0.5234599999999999,0.0005135372295277928,0.01110053590101038,0.005056155752654558,0.9632102271368975,0.0016868823144895284,1.0,0.0,0.5966250000000001,0.013372663347291746,16.56,9.024854569465372,1,1.2237127313754097,-0.8660545037676276
290,B23567/S0348,0,0,1,1,0,1,1,1,0,1,0,0,1,1,0,0,0,1,0.5296912251655629,0.003362768840982495,0.536,0.011281206717368516,0.6456783333333334,0.003693074176753006,0.014345939351690026,0.016901756888710234,0.9944026242276127,0.0021475317034550068,1.0,0.0,0.610125,0.0982417696934456,18.4,9.971960689854328,1,0.8786408789905338,-1.2688512671653729
291,B023456/S13467,1,0,1,1,1,1,1,0,0,0,1,0,1,1,0,1,1,0,0.6972259933774835,0.0015544282431020824,0.70075,0.016222332215190247,0.4486891666666667,0.001755011672958909,0.016542414604391428,0.0075920825908203215,0.8801296009275037,0.00139961688663107,1.0,0.0,0.6523749999999999,0.03369613757539575,12.72,10.386144616747833,1,1.5568817906615722,-0.1558231609976128
292,B1235678/S123678,0,1,1,1,0,1,1,1,1,0,1,1,1,0,0,1,1,1,0.9701399006622518,0.015290124294967464,0.9949999999999999,0.0030618621784790035,0.0467075,0.024562154259653194,0.1332168220634362,0.07187949383010588,0.11939828944878372,0.04883453394194175,1.0,0.0,1.0,0.0,13.8,9.369098142297368,2,2.4017797463541015,4.495351576064843
293,B0145678/S035,1,1,0,0,1,1,1,1,1,1,0,0,1,0,1,0,0,0,0.5425190397350994,0.0024267670373083177,0.5438750000000001,0.009157903007785125,0.6401183333333333,0.0021600552172726336,0.014479979958173125,0.01090789670931373,0.9915056853770301,0.002806629814265868,1.0,0.0,0.622375,0.064322490720587,16.04,8.78908413886225,1,0.9389069323005214,-1.185489663996144
294,B0467/S13568,1,0,0,0,1,0,1,1,0,0,1,0,1,0,1,1,0,1,0.40467052980132445,0.005116793606213045,0.404,0.013054872174785938,0.34157916666666666,0.0019842762989451808,0.0012217889508535696,0.0507904867640927,0.9709002641156192,0.0032454321323017446,1.0,0.0,0.71575,0.025948416377497816,37.72,10.150467969507613,1,-0.4260778793153412,-0.58938806907419
295,B01367/S0134578,1,1,0,1,0,0,1,1,0,1,1,0,1,1,1,0,1,1,0.6268120860927153,0.0014063696138136893,0.637375,0.006318375978050023,0.32911833333333335,0.0021333671058524737,0.009363563088183653,0.012371016811582642,0.9495189023962066,0.003603721495175981,1.0,0.0,0.72575,0.03924183832340173,14.4,9.511046209539726,1,1.0377903886030153,0.02422090808954646
296,B1678/S05,0,1,0,0,0,0,1,1,1,1,0,0,0,0,1,0,0,0,0.24868294701986754,0.0021512896327573745,0.2575,0.01844544320421713,0.42277916666666665,0.0021015639844067196,0.00011005576856019765,0.005974815146165728,0.8072227428350427,0.0036134504791818707,1.0,0.0,0.705,0.03359047949196319,66.88,8.310956623638456,1,-1.6319708785756928,-0.7797697145700082
297,B1267/S01235,0,1,1,0,0,0,1,1,0,1,1,1,1,0,1,0,0,0,0.42951738410596024,0.0017917825969036663,0.42125,0.005376453291901637,0.17307583333333335,0.01127759709249075,-0.018778559602649326,0.01051086086401842,0.9836000246440884,0.001458327267175455,1.0,0.0,0.897875,0.021553893209812457,50.2,8.992218858546538,1,-0.9043179934876083,0.3003819831627782
298,B2457/S0145678,0,0,1,0,1,1,0,1,0,1,1,0,0,1,1,1,1,1,0.9372168874172185,0.0017311510753415455,0.9508749999999999,0.007611155464185428,0.010069166666666667,0.002482533777883663,0.0790976167654229,0.041725955218870354,0.3022641804173286,0.026658173847849048,1.0,0.0,1.0,0.0,14.080000000000002,9.613116040077744,2,2.0013497828180804,3.8741877207447666
299,B023458/S0257,1,0,1,1,1,1,0,0,1,1,0,1,0,0,1,0,1,0,0.5606283112582782,0.0014258472169422192,0.5605,0.016149932275399823,0.6701125,0.0009893749780655727,0.008679439700243673,0.005770882839475499,0.9867018306437604,0.001363615855428629,1.0,0.0,0.5926250000000001,0.007253770571227055,16.759999999999998,9.40574292653164,1,1.0382213791809891,-1.3299447755468778
300,B013468/S048,1,1,0,1,1,0,1,0,1,1,0,0,0,1,0,0,0,1,0.47446440397350986,0.0006878934855632666,0.46762499999999996,0.013929229608991294,0.6737041666666667,0.0013229740801190023,0.0018866329731612032,0.00486664163342327,0.9958235503834818,0.002483104657087972,1.0,0.0,0.59425,0.004060095442227944,19.64,10.808700199376428,1,0.5046978336911659,-1.5622775534231674
301,B3468/S12567,0,0,0,1,1,0,1,0,1,0,1,1,0,0,1,1,1,0,0.6367119205298014,0.027220280602128468,0.649625,0.015268431484602451,0.3810283333333333,0.013467226615318172,0.10104335134193047,0.1375788467017802,0.92575055043819,0.008377263042986841,1.0,0.0,0.7304999999999999,0.09990170950739524,14.64,9.638879602941412,1,1.6585969335879944,0.41988534522764226
302,B04578/S0134567,1,0,0,0,1,1,0,1,1,1,1,0,1,1,1,1,1,0,0.7198824503311259,0.0032707366394703736,0.7328749999999999,0.014507541142454151,0.24391,0.01591538132899184,0.03592294789125059,0.02360457548547466,0.8477973887019035,0.0008741708507654073,1.0,0.0,0.8618750000000001,0.01802233856912031,13.120000000000001,8.9962214290223,2,1.3931905647193534,1.1875750244833816
303,B0257/S247,1,0,1,0,0,1,0,1,0,0,0,1,0,1,0,0,1,0,0.3941448675496689,0.0015194953031427943,0.39025,0.025482070902891722,0.4357566666666667,0.001027227423969744,0.0026822499128612287,0.0034896234138958575,0.9660846905519914,0.002149087539050247,1.0,0.0,0.6025,0.013856124548372052,36.6,12.271104269787623,1,-0.26905377891988314,-1.179078596166662
304,B12468/S12357,0,1,1,0,1,0,1,0,1,0,1,1,1,0,1,0,1,0,0.5473956953642384,0.0019779190934358527,0.5433749999999999,0.006883517451129119,0.46749083333333336,0.0016588080350728013,0.007184668002788048,0.005699387637974878,0.9910526450157151,0.001055025535297692,1.0,0.0,0.5667500000000001,0.008165763130289785,16.479999999999997,9.213685473251191,1,0.8727464589919349,-1.075438766449262
305,B012456/S012478,1,1,1,0,1,1,1,0,0,1,1,1,0,1,0,0,1,1,0.5625173841059603,0.005091343440911193,0.5573750000000001,0.014220638610835997,0.6562741666666667,0.006108764195809135,-0.01374592628093454,0.02830887912533188,0.9828320517276572,0.009422183879381625,1.0,0.0,0.6908749999999999,0.15046451512732167,16.2,10.074720839804941,1,0.7646068265620174,-1.0483972482701738
306,B4678/S02458,0,0,0,0,1,0,1,1,1,1,0,1,0,1,1,0,0,1,0.06039652317880795,0.00920579184126711,0.049875,0.009050638789610377,0.009465833333333335,0.010216087786074364,-0.05873997908678995,0.06401285241628947,0.3102213110394272,0.027911081629909597,1.0,0.0,1.0,0.0,62.96,21.79605468886513,0,-4.031368285367953,1.4192665875794548
307,B1257/S037,0,1,1,0,0,1,0,1,0,1,0,0,1,0,0,0,1,0,0.3991879139072848,0.0012364104117238229,0.41550000000000004,0.016911996481787716,0.5797491666666666,0.0019121990503953724,0.001278516033460958,0.00434722434211711,0.968520508722311,0.0017625756362617268,1.0,0.0,0.6202500000000001,0.01327738914470766,41.36,12.384990916427835,1,-0.19119834917980988,-1.3798776624960003
308,B0258/S024568,1,0,1,0,0,1,0,0,1,1,0,1,0,1,1,1,0,1,0.6103145695364238,0.002699310249162825,0.61725,0.015364071319152352,0.23648166666666665,0.002236463136541954,0.025158395782502403,0.005577513983851679,0.9613002260397921,0.0016418180901560076,1.0,0.0,0.798,0.004060095442227889,14.4,9.289779329994872,1,0.9010908348979786,0.4683512635759129
309,B015/S137,1,1,0,0,0,1,0,0,0,0,1,0,1,0,0,0,1,0,0.33934685430463574,0.0007856195782902334,0.34525,0.017108340436757737,0.40847333333333335,0.002396781696358704,-0.001065658766120789,0.0033170760402522455,0.9218507971162688,0.001954397335073745,1.0,0.0,0.6535,0.00487339717240448,71.0,11.183022847155414,1,-1.062752640788471,-0.9957373123613642
310,B12358/S01578,0,1,1,1,0,1,0,0,1,1,1,0,0,0,1,0,1,1,0.4960736754966888,0.000990984286086103,0.50325,0.0119520526479764,0.640255,0.0012652623794647477,0.001869510282328113,0.0045857382152648,0.997267575487915,0.0018825326700993936,1.0,0.0,0.578125,0.0396345611493302,20.96,10.63522449222394,1,0.6408496206190575,-1.501706573151774
311,B4578/S01247,0,0,0,0,1,1,0,1,1,1,1,1,0,1,0,0,1,0,0.13380877483443707,0.02547618526700238,0.11712499999999999,0.019418298393525626,0.024248333333333334,0.01830820024416806,-0.08689380010456624,0.07418982614535027,0.551736515945468,0.06771712649599351,1.0,0.0,1.0,0.0,107.47999999999999,19.419886714396664,0,-4.124689890787117,0.8861471743731252
312,B1247/S3457,0,1,1,0,1,0,0,1,0,0,0,0,1,1,1,0,1,0,0.5900405629139073,0.0019810672413919333,0.577,0.01650875714583023,0.28088250000000003,0.0033406071678663573,0.011891512722202279,0.007792579559603687,0.9739379017493185,0.0011698254213769787,1.0,0.0,0.76125,0.004800716092417885,13.84,9.382323805966195,1,0.754193101919711,0.1083387097939879
313,B045678/S0247,1,0,0,0,1,1,1,1,1,1,0,1,0,1,0,0,1,0,0.4815198675496689,0.007665300529744847,0.4925,0.01857732993462728,0.5707058333333334,0.010560581104460554,0.051322128790519096,0.0446705077641776,0.9949454718842266,0.0032716689521195908,1.0,0.0,0.663875,0.03581473596859257,22.44,9.930156091421727,1,0.7065373356559264,-0.8657179932009081
314,B046/S14567,1,0,0,0,1,0,1,0,0,0,1,0,0,1,1,1,1,0,0.7498402317880796,0.0105414610671273,0.775,0.0018749999999999982,0.0245975,0.007080992015012205,0.1376482005925403,0.05830369195039913,0.7873636774024118,0.005069832128939059,1.0,0.0,1.0,0.0,13.319999999999999,9.162532401034117,2,1.8423261834613809,2.748562726771178
315,B2467/S0134,0,0,1,0,1,0,1,1,0,1,1,0,1,1,0,0,0,0,0.4929561258278145,0.0030831917246970995,0.496625,0.016993794823405378,0.5133700000000001,0.0033253046539628256,0.01517920006971033,0.015337920125293128,0.9974009869377527,0.0024930638756851383,1.0,0.0,0.632375,0.1305220886478607,18.52,8.892243811322317,1,0.5802997720143752,-1.0135813554791726
316,B0123457/S257,1,1,1,1,1,1,0,1,0,0,0,1,0,0,1,0,1,0,0.5804759933774835,0.0007978700391552643,0.573375,0.011115515620069074,0.6895041666666668,0.0013858536278329844,0.004932380620424849,0.003654929497134766,0.9771800962617838,0.0031423669311077375,1.0,0.0,0.63475,0.03709310498596736,15.4,9.619771307052991,1,1.064803331653078,-1.1813033279663678
317,B2348/S03478,0,0,1,1,1,0,0,0,1,1,0,0,1,1,0,0,1,1,0.5150604304635762,0.0029968039360794016,0.522,0.01457335968471235,0.54473,0.0027833900942316413,0.013441900487974426,0.016332984304385817,0.9958287038991337,0.00239142707752646,1.0,0.0,0.615625,0.11343448687458324,17.72,8.737963149384415,1,0.7412213187007269,-1.0897262048805696
318,B0345678/S458,1,0,0,1,1,1,1,1,1,0,0,0,0,1,1,0,0,1,0.6200687086092715,0.002938583733277662,0.62075,0.030892960363163635,0.67013,0.001761956673543484,0.02175816922272531,0.012743754797609107,0.9535588069643168,0.0016735418323012808,1.0,0.0,0.654,0.009202581159653,17.68,9.99759971193086,1,1.3121149403252654,-0.866695954343622
319,B012467/S2357,1,1,1,0,1,0,1,1,0,0,0,1,1,0,1,0,1,0,0.556612582781457,0.0005588407491168646,0.56125,0.01355688247717739,0.5022975,0.001726641228094393,0.005009628790518875,0.0006014160864861167,0.9876917613660229,0.003002463915808675,1.0,0.0,0.564875,0.04402902096912898,14.84,9.702989230129033,1,0.9678808362520683,-1.1244279744326997
320,B4567/S14,0,0,0,0,1,1,1,1,0,0,1,0,0,1,0,0,0,0,0.03214238410596027,0.005488382190551088,0.02475,0.008450221890577786,0.009095833333333334,0.008649390332561019,-0.042383365284071196,0.037937568621397,0.18630151630101283,0.03402042174136669,1.0,0.0,1.0,0.0,28.119999999999997,14.207462827683205,0,-3.782795359534474,1.7139719065180288
321,B3457/S1236,0,0,0,1,1,1,0,1,0,0,1,1,1,0,0,1,0,0,0.538341059602649,0.013599722184370621,0.549875,0.01602244519416437,0.6230316666666667,0.015517278563839026,0.048552174102474435,0.07281947260040249,0.9869081941090172,0.01073808366397684,1.0,0.0,0.7065,0.14331224105951312,15.8,9.692264957170746,1,1.0308138777718436,-0.6925588764238139
322,B13678/S457,0,1,0,1,0,0,1,1,1,0,0,0,0,1,1,0,1,0,0.4242591059602649,0.0007626683977669528,0.42300000000000004,0.01580768207233432,0.48688666666666663,0.0011871761254244866,0.00969196584175642,0.010776016855745536,0.98194569982169,0.0007904886611058809,1.0,0.0,0.582875,0.0069821200218845,30.880000000000003,8.134617384978842,1,0.07153628246296881,-1.2815298061304634
323,B136/S0145678,0,1,0,1,0,0,1,0,0,1,1,0,0,1,1,1,1,1,0.8862094370860927,0.005383840356842177,0.9035,0.00561805126356104,0.013000000000000001,0.0019798288365973013,0.09842730481003786,0.012354196567656702,0.4840523401841728,0.015818075305380423,1.0,0.0,1.0,0.0,15.280000000000001,10.243632168327792,2,2.0061131279128004,3.482831803679552
324,B245/S1368,0,0,1,0,1,1,0,0,0,0,1,0,1,0,0,1,0,1,0.47862003311258283,0.002852105926826932,0.48324999999999996,0.011687667111104773,0.6051841666666666,0.003677263805769497,0.014401097943534108,0.01724471877748714,0.9962584072474707,0.003106656671165267,1.0,0.0,0.623,0.11015383419336794,20.56,8.853699791612543,1,0.5447346403206091,-1.2547333974002826
325,B23467/S18,0,0,1,1,1,0,1,1,0,0,1,0,0,0,0,0,0,1,0.4420827814569536,0.0029856997643181718,0.42787500000000006,0.008368934370635246,0.8233733333333333,0.003369543686135748,0.010024159114673695,0.019116470225655255,0.9875515960962261,0.0034717889943929534,1.0,0.0,0.771,0.02872825264439168,32.68,7.9769668421023265,1,0.06867968907284934,-1.25418064975731
326,B0234678/S157,1,0,1,1,1,0,1,1,1,0,1,0,0,0,1,0,1,0,0.5168509933774834,0.0008488097112183407,0.5251250000000001,0.009696568336272342,0.71648,0.0007304239161077534,0.006445059254094861,0.0054669700110154045,0.9971064096730151,0.0016835377888610682,1.0,0.0,0.6127499999999999,0.0058061120812468075,18.44,9.392976099192417,1,0.8077666280874026,-1.4613291986017038
327,B234568/S1237,0,0,1,1,1,1,1,0,1,0,1,1,1,0,0,0,1,0,0.5797748344370861,0.0031083095027509633,0.5765,0.011805718953117586,0.7834158333333333,0.003278082995441053,0.016100100209131656,0.016223586058257806,0.9775361934015827,0.0017392876913524225,1.0,0.0,0.836,0.011367442544389655,15.280000000000001,10.181944804407458,1,0.9329670363249555,-0.6000824975107235
328,B38/S05,0,0,0,1,0,0,0,0,1,1,0,0,0,0,1,0,0,0,0.04229718543046358,0.0032708000179367787,0.03825,0.00543785918353905,0.006899166666666667,0.004123682870525651,-0.023569776054374436,0.013221381464095657,0.2454450399589217,0.019657296255103145,1.0,0.0,1.0,0.0,62.160000000000004,17.08824157132618,0,-3.9416528747316955,1.6833104767903646
329,B134/S1357,0,1,0,1,1,0,0,0,0,0,1,0,1,0,1,0,1,0,0.5041183774834437,0.001696179225643849,0.50275,0.005618051263561043,0.5060983333333333,0.0010612721663697485,0.008232158417566731,0.00975705593850082,0.9978666507904771,0.0016169402336080193,1.0,0.0,0.56075,0.014193143150831684,20.72,8.817709453140312,1,0.648019081275004,-1.2682086111525381
330,B124568/S056,0,1,1,0,1,1,1,0,1,1,0,0,0,0,1,1,0,0,0.49932864238410596,0.0013823555257574064,0.496875,0.0042389562394532865,0.9213899999999999,0.012943170590336645,-0.010838728651098164,0.006856409770750516,0.9982098996557738,0.001616098537279393,1.0,0.0,0.95375,0.013184389443580606,15.48,9.60999479708496,1,0.2917227937012412,-0.7747711225452478
331,B358/S2478,0,0,0,1,0,1,0,0,1,0,0,1,0,1,0,0,1,1,0.06870115894039734,0.0506626204510881,0.007625,0.004361586580591975,0.07540083333333333,0.05547162675638781,-0.23899989107703049,0.1884924098136422,0.2599985177616019,0.16261941375731445,1.0,0.0,1.0,0.0,18.48,8.275989366837054,0,-4.722800133075564,0.5886788973136657
332,B234/S23567,0,0,1,1,1,0,0,0,0,0,0,1,1,0,1,1,1,0,0.6393311258278146,0.005530649831300788,0.647125,0.009758810122140922,0.24516333333333334,0.004324817754670244,0.0249815484489365,0.02082083303004375,0.938066390693592,0.0023885026755760563,1.0,0.0,0.82675,0.00996478173368593,14.88,8.976190728811416,1,0.9959911969517613,0.6590246419041338
333,B038/S023678,1,0,0,1,0,0,0,0,1,1,0,1,1,0,0,1,1,1,0.39421357615894037,0.0005571474954194092,0.40787500000000004,0.013568403093216224,0.3495625,0.0021937213119365053,0.00495394736842073,0.00514000202622574,0.9661457990204847,0.0012127509388974273,1.0,0.0,0.687,0.0014921670482891346,38.480000000000004,12.980446833603224,1,-0.39198552495793054,-0.6883298144676142
334,B2356/S56,0,0,1,1,0,1,1,0,0,0,0,0,0,0,1,1,0,0,0.4707218543046358,0.0038892020043453687,0.47325,0.014289145793223615,0.6960766666666667,0.004082660021018408,0.015153189264551661,0.017633334291839105,0.9950614647835186,0.0038468135719869306,1.0,0.0,0.687125,0.06671212642765936,23.560000000000002,8.235775616176053,1,0.43703958378628693,-1.217782582523208
335,B3468/S0134578,0,0,0,1,1,0,1,0,1,1,1,0,1,1,1,0,1,1,0.6516175496688741,0.010872811572316713,0.6615,0.017669933856695692,0.370915,0.006357680449223945,0.05423180986406373,0.06055865245042987,0.9224038716540701,0.003781726741709277,1.0,0.0,0.7448750000000001,0.12582726254671517,14.959999999999999,9.279439638254026,1,1.4106172752435284,0.31554084239226277
336,B4578/S023468,0,0,0,0,1,1,0,1,1,1,0,1,1,1,0,1,0,1,0.3787864238410596,0.2587414021539002,0.39025,0.28849136143912524,0.26475916666666666,0.22792475759557146,0.028689787382362726,0.1379838431585763,0.7675765100042031,0.29030432393130107,1.0,0.0,0.8116249999999999,0.18774078289625837,37.72,39.38263576755625,1,-0.7057287097083126,0.39495443643731587
337,B023567/S0245678,1,0,1,1,0,1,1,1,0,1,0,1,0,1,1,1,1,1,0.9646705298013243,0.00494236808040698,0.9723749999999999,0.004829110943020465,0.006905,0.001168084703692331,0.045267296967583505,0.01118903705103251,0.19457517422571646,0.02511642969211741,1.0,0.0,1.0,0.0,14.919999999999998,9.685659502584219,2,1.8188729153417549,3.998915283481954
338,B0156/S037,1,1,0,0,0,1,1,0,0,1,0,0,1,0,0,0,1,0,0.33977400662251656,0.0008208919988295274,0.3345,0.020895012861924744,0.49495750000000005,0.0019219253042196975,-0.0028747168002791,0.003766771430475866,0.921903674793018,0.0016732261528059722,1.0,0.0,0.64925,0.04330217228962082,64.36,11.291058409201502,1,-0.9688807355628882,-1.1915171191302734
339,B023567/S124,1,0,1,1,0,1,1,1,0,0,1,1,0,1,0,0,0,0,0.5143634105960265,0.0011399009628378317,0.5068750000000001,0.01033614713033828,0.6853541666666667,0.0011817000171597991,0.006285465318926061,0.005864780730134511,0.9966381227576079,0.0016500593599531666,1.0,0.0,0.5965,0.0031436940849898184,17.0,9.876234100101112,1,0.7728319499991493,-1.4772098409364731
340,B12357/S26,0,1,1,1,0,1,0,1,0,0,0,1,0,0,0,1,0,0,0.4805223509933775,0.0010634131221274438,0.489375,0.00964203038783843,0.706205,0.0004302111077392459,0.005181966713140095,0.0062744054028471465,0.9965219490805326,0.001659113036929152,1.0,0.0,0.6285000000000001,0.0029843340965783134,22.080000000000002,9.835242752469307,1,0.5435224919027888,-1.4653965787673382
341,B35/S024568,0,0,0,1,0,1,0,0,0,1,0,1,0,1,1,1,0,1,0.5504056291390729,0.28637980822771986,0.5695,0.2978062368176664,0.06391250000000001,0.03687122073382949,0.08299348640641298,0.06744356782248079,0.7642473247776997,0.2963598874011667,1.0,0.0,0.9876249999999999,0.013451301052314577,23.04,25.15010934369869,2,0.3594910431961398,2.017579229584525
342,B01257/S014567,1,1,1,0,0,1,0,1,0,1,1,0,0,1,1,1,1,0,0.7748865894039735,0.005087513739868714,0.787625,0.007117869238753984,0.06886,0.010927504798036518,0.07777093499477125,0.013635933221518003,0.7583843528596462,0.006981488533569207,1.0,0.0,0.998875,0.0018957188610128834,13.080000000000002,9.6162362699759,2,1.5797367061601197,2.490492882122305
343,B0378/S25,1,0,0,1,0,0,0,1,1,0,0,1,0,0,1,0,0,0,0.3248700331125828,0.0016850719158625872,0.33799999999999997,0.013422229695546118,0.42697666666666667,0.0011830714205452986,0.0011391164168696505,0.005098199388929465,0.9084025791768685,0.0018765089479499454,1.0,0.0,0.623,0.033235076538199806,57.8,11.24544352171136,1,-0.9181562453631356,-1.1161688996475085
344,B0234/S0237,1,0,1,1,1,0,0,0,0,1,0,1,1,0,0,0,1,0,0.47562168874172184,0.00100826319326877,0.479875,0.04182226156606071,0.6374675000000001,0.0011495145412544574,0.006476559776925362,0.00741756118077656,0.9854121424436709,0.005829468448565553,1.0,0.0,0.6545,0.010216408370851271,30.119999999999997,9.259157629071877,1,0.33982122255637487,-1.2314146928395573
345,B0156/S1,1,1,0,0,0,1,1,0,0,0,1,0,0,0,0,0,0,0,0.3921961920529801,0.013047301282495824,0.37124999999999997,0.12593866314599345,0.7757200000000001,0.026197004937746883,0.013757755315440559,0.010042311689394954,0.9128209840491979,0.07031620013881189,1.0,0.0,1.0,0.0,24.84,10.50371362899808,1,-0.48792087812397883,-0.2852654197863894
346,B0135678/S01234568,1,1,0,1,0,1,1,1,1,1,1,1,1,1,1,1,0,1,0.7559014900662252,0.0013565125341947477,0.753125,0.016811222070390933,0.41080083333333334,0.000872712287131954,0.016479021436039874,0.005063629346507617,0.7958570740457606,0.0023736609752774986,1.0,0.0,0.69975,0.027629665895555107,14.2,8.869047299456689,1,1.674363474492498,0.3685513281842377
347,B3578/S12345,0,0,0,1,0,1,0,1,1,0,1,1,1,1,1,0,0,0,0.5554437086092715,0.01523736423450482,0.566875,0.010077822185373182,0.38654916666666667,0.011463896149676002,0.055703184907633,0.08477035078163647,0.9808532615073655,0.011008027974794846,1.0,0.0,0.7993750000000001,0.1091077091112264,15.920000000000002,9.483248388606091,1,0.8982670330826685,0.17162757586556016
348,B14/S012367,0,1,0,0,1,0,0,0,0,1,1,1,1,0,0,1,1,0,0.4410935430463576,0.001810515343807359,0.45099999999999996,0.006740154857271459,0.35417166666666666,0.002110015386331476,0.00539443185778974,0.006209938849019985,0.9884229083135285,0.0017207965754490664,1.0,0.0,0.6950000000000001,0.013940442514497206,27.76,8.903257830704444,1,-0.02140974846667471,-0.6144879607628968
349,B0124568/S024568,1,1,1,0,1,1,1,0,1,1,0,1,0,1,1,1,0,1,0.716375,0.0007479729525747882,0.710625,0.015006509004428696,0.4189308333333333,0.0007117722891955381,0.010079905890553489,0.005389794374757257,0.8550280048981842,0.004198223464536888,1.0,0.0,0.701375,0.06577275034161183,14.080000000000002,9.96252979920261,1,1.4756639851486026,0.12658803403028948
350,B13478/S0134678,0,1,0,1,1,0,0,1,1,1,1,0,1,1,0,1,1,1,0.6600645695364238,0.009642506379821551,0.6693749999999999,0.019157040154992637,0.3172041666666666,0.009761807753945992,0.04033485099337708,0.009993405600848278,0.9199385156957567,0.009481900333749856,1.0,0.0,0.7386250000000001,0.008974791083919445,12.68,8.236018455540274,1,1.3686414760682486,0.3583641477649382
351,B0148/S24568,1,1,0,0,1,0,0,0,1,0,0,1,0,1,1,1,0,1,0.5798791390728477,0.004148601820934237,0.584,0.01802558944944659,0.19287,0.00524070390601829,0.021541717497385583,0.019189897747482337,0.9784399562122685,0.003986558852024541,1.0,0.0,0.85625,0.006434768838116821,14.84,9.743100122650901,1,0.6210501795097306,0.6430533686805785
352,B01458/S03578,1,1,0,0,1,1,0,0,1,1,0,0,1,0,1,0,1,1,0.49963658940397354,0.0013090219511939494,0.5001249999999999,0.012377524994925272,0.5206716666666666,0.0011220385403857699,0.0010431117113971866,0.007897027572338315,0.9975623895213171,0.0024546092383740848,1.0,0.0,0.57325,0.06063369782967225,17.8,9.031057523900508,1,0.6101684701622712,-1.289081375747333
353,B23457/S045678,0,0,1,1,1,1,0,1,0,1,0,0,0,1,1,1,1,1,0.9332880794701983,0.009700198966358969,0.944,0.00707934936982206,0.009946666666666668,0.0028876283641501464,0.062305942837225146,0.03827844635440663,0.3259817509360903,0.029573903673068364,1.0,0.0,1.0,0.0,15.319999999999999,10.125808609686437,2,1.8765756405830112,3.7396470166557823
354,B0246/S12457,1,0,1,0,1,0,1,0,0,0,1,1,0,1,1,0,1,0,0.5822168874172186,0.0009686650882526064,0.581,0.013336099973380535,0.4054266666666667,0.0011450929426130416,0.013550583827117098,0.009454202010063069,0.977820328487778,0.0018132533735097426,1.0,0.0,0.63075,0.006161878771933127,14.719999999999999,9.419766451457274,1,0.9896848296173409,-0.5996690944660571
355,B1378/S01234578,0,1,0,1,0,0,0,1,1,1,1,1,1,1,1,0,1,1,0.5258104304635761,0.00452842320147996,0.5255,0.005347312409051833,0.0146925,0.0025182586714059194,-0.0013734097246430644,0.009887873879424618,0.9962843370862396,0.0019861053980859554,1.0,0.0,1.0,0.0,14.120000000000001,10.092175186747404,1,-0.08110021256585709,1.2442071873240326
356,B345678/S012478,0,0,0,1,1,1,1,1,1,1,1,1,0,1,0,0,1,1,0.614421357615894,0.010954408924086216,0.642875,0.007826237921249266,0.7234591666666667,0.014024244074993815,0.046547185430463295,0.05953445230841425,0.9536653117097325,0.004282637171930555,1.0,0.0,0.7775000000000001,0.11476538567878383,14.52,10.16326719121366,1,1.4106551651132142,-0.4063497297499528
357,B013568/S134678,1,1,0,1,0,1,1,0,1,0,1,0,1,1,0,1,1,1,0.9601233443708608,0.00703173989504778,0.978,0.004450245779729464,0.026119999999999997,0.006177057265262587,0.09991730568142139,0.025198473285557146,0.1987559843416641,0.031755960122431634,1.0,0.0,1.0,0.0,12.84,8.804998580351958,2,2.1942680609401335,4.198442558293482
358,B0145678/S02378,1,1,0,0,1,1,1,1,1,1,0,1,1,0,0,0,1,1,0.5300298013245033,0.0013987598483322563,0.5245,0.013194755113301633,0.6532433333333334,0.0008111987443147313,0.00019887155803394277,0.010560042249566871,0.9948029803789936,0.0029401632473081483,1.0,0.0,0.603125,0.03631728668967433,16.8,8.900561780022652,1,0.7956525553024526,-1.3814681676840053
359,B0258/S12378,1,0,1,0,0,1,0,0,1,0,1,1,1,0,0,0,1,1,0.42828725165562914,0.0007031089719505944,0.429375,0.019278996018983963,0.4112308333333333,0.0010486664812459927,0.002887591495294101,0.004065274162826873,0.9833081631220338,0.0012570008253108926,1.0,0.0,0.6387499999999999,0.005978477021784052,28.080000000000002,7.968186744799599,1,-0.027355371363501836,-0.9587212675710856
360,B05/S37,1,0,0,0,0,1,0,0,0,0,0,0,1,0,0,0,1,0,0.2646630794701986,0.00043005146153916884,0.26225,0.011478580596049325,0.42386833333333335,0.0019600537655607947,-0.0005530890554201875,0.005623151235613075,0.8295962466712072,0.0007416866660594507,1.0,0.0,0.7623749999999999,0.02486840364800282,68.84,10.045297407244838,1,-1.6583263015073344,-0.6071475614228898
361,B03578/S0123478,1,0,0,1,0,1,0,1,1,1,1,1,1,1,0,0,1,1,0.5403899006622517,0.0012908878393392627,0.546875,0.015404696929832812,0.44340083333333336,0.0012815409561235884,0.009336179853607112,0.009715171683525411,0.9930106417702504,0.0014629307640306919,1.0,0.0,0.6665,0.06468463157891526,17.64,8.622528631439852,1,0.7202846875210402,-0.6756876540375387
362,B12367/S0145,0,1,1,1,0,0,1,1,0,1,1,0,0,1,1,0,0,0,0.5187814569536424,0.001239168871115159,0.52675,0.010302078067069748,0.5222416666666667,0.0018097632595329624,0.009837574067619117,0.008509782113709015,0.9962166459153895,0.0018983893506499358,1.0,0.0,0.5752499999999999,0.028430974526034096,18.6,9.803060746521977,1,0.7711491466793737,-1.1979238277690671
363,B0458/S2368,1,0,0,0,1,1,0,0,1,0,0,1,1,0,0,1,0,1,0.41098013245033116,0.0038030437857044736,0.40675,0.011374313166077338,0.41950000000000004,0.00416895145690135,0.0032759236667825034,0.011079022414486368,0.975377512764231,0.002570791674338737,1.0,0.0,0.654625,0.03850375387543408,31.96,8.679170467273932,1,-0.19541339377853909,-0.9430567244510001
364,B0346/S1257,1,0,0,1,1,0,1,0,0,0,1,1,0,0,1,0,1,0,0.49890149006622514,0.001235846336565518,0.5011249999999999,0.0047475322537082025,0.6009891666666667,0.0012377756427021905,0.009150379051934145,0.007714951316714523,0.9982047716040287,0.0014570419479645904,1.0,0.0,0.573625,0.03431642737086715,19.080000000000002,9.924313578278351,1,0.6927872862011911,-1.4088898920049637
365,B157/S3468,0,1,0,0,0,1,0,1,0,0,0,0,1,1,0,1,0,1,0.3468965231788079,0.0023992192083333056,0.34925,0.008776744840770977,0.3250441666666667,0.0012788870487002901,0.0029287643778317177,0.010356885404806247,0.9299500066678373,0.002549584764884797,1.0,0.0,0.708625,0.005180341446275557,49.96,8.230917324332689,1,-0.8834749310917823,-0.6130199548779078
366,B05678/S23578,1,0,0,0,0,1,1,1,1,0,0,1,1,0,1,0,1,1,0.31668543046357617,0.0021142892975667634,0.31525,0.008239576748838512,0.19393333333333335,0.008559041779343968,-0.010966822063436979,0.012682296765044669,0.8987858888988771,0.002479969617751444,1.0,0.0,0.849625,0.012752144427507089,84.52000000000001,11.621187546890383,0,-1.8139702333305707,0.05419177834826632
367,B023458/S0,1,0,1,1,1,1,0,0,1,1,0,0,0,0,0,0,0,0,0.4701978476821192,0.0028228513235299137,0.46987500000000004,0.012573223035482993,0.9411225,0.005078389501658618,0.017489979086789488,0.005387683905784023,0.9953353564073069,0.001915382279631888,1.0,0.0,0.999375,0.0008838834764831713,13.959999999999999,9.549240807519727,1,0.2853314304515598,-0.5753950078477625
368,B2457/S2457,0,0,1,0,1,1,0,1,0,0,0,1,0,1,1,0,1,0,0.6218211920529801,0.006064569479925459,0.629875,0.008653485569410771,0.46697333333333335,0.0024386902364679905,0.03308450243987409,0.03378864523285954,0.9505987295015892,0.0029893107465161673,1.0,0.0,0.638375,0.10024540201425702,12.2,8.723531395025756,1,1.3709390849741905,-0.4587255189890364
369,B01258/S01456,1,1,1,0,0,1,0,0,1,1,1,0,0,1,1,1,0,0,0.5746581125827814,0.0013953820754021642,0.584625,0.013092220972776129,0.30759,0.01493510429417144,0.016578947368420822,0.01629119704419124,0.9759056336868674,0.012830370939152657,1.0,0.0,0.7887500000000001,0.07811624950994513,16.0,8.773824707617537,1,0.7177857422828683,0.15985827529099575
370,B012345678/S013457,1,1,1,1,1,1,1,1,1,1,1,0,1,1,1,0,1,0,0.6409370860927152,0.06297934688933808,0.5622499999999999,0.2817729859745252,0.71532,0.12409263510299695,0.027867113976994946,0.028146687234099237,0.73812398384895,0.28629718274456006,1.0,0.0,0.91075,0.059498883918103915,15.48,10.64199229467866,1,0.7894695297972536,0.39037563136514425
371,B1257/S7,0,1,1,0,0,1,0,1,0,0,0,0,0,0,0,0,1,0,0.36138245033112587,0.0004797755010212641,0.349375,0.013912393305970007,0.7023633333333332,0.000621618630851972,0.0028033504705468797,0.005390184013913296,0.9409103109921606,0.001191131134537346,1.0,0.0,0.742875,0.004772152292205264,51.8,10.616967551989598,1,-0.681397573859602,-1.229694833471116
372,B023568/S1457,1,0,1,1,0,1,1,0,1,0,1,0,0,1,1,0,1,0,0.6245894039735098,0.0013908806040653012,0.6195,0.016180138287418964,0.5026208333333333,0.0008051321923896622,0.014180724991285707,0.008760039332337708,0.9515334752400847,0.0013343319657431359,1.0,0.0,0.5756249999999999,0.005358258812338176,14.4,9.998999949995,1,1.3147721025645756,-0.8437460754662335
373,B012/S0248,1,1,1,0,0,0,0,0,0,1,0,1,0,1,0,0,0,1,0.435444536423841,0.0024253423515076906,0.42725,0.01978695119264209,0.5482666666666667,0.002782458382937169,-0.003156718368769825,0.011151254845938546,0.9803225087555605,0.0030581692608618247,1.0,0.0,0.6865,0.03914765717766513,49.08,11.109995499549042,1,-0.2731376725214807,-1.083210888362372
374,B1257/S01248,0,1,1,0,0,1,0,1,0,1,1,1,0,1,0,0,0,1,0.4495811258278146,0.0010432861334829168,0.4455,0.018266687576022105,0.48045499999999997,0.002126146341127335,0.003215536772394336,0.0049188360284965075,0.9902595922275917,0.0017126119965776786,1.0,0.0,0.6134999999999999,0.030855636640652946,27.6,9.61769203083567,1,0.15742192079328968,-1.1560632394823709
375,B01234/S18,1,1,1,1,1,0,0,0,0,0,1,0,0,0,0,0,0,1,0.5008998344370861,0.00048496617694092847,0.48425,0.018067797666013404,0.8703633333333334,0.0021433893849591057,0.000240697978389229,0.002652855417299683,0.9947086717798189,0.003094555203062254,1.0,0.0,0.818375,0.009202581159653011,32.0,10.16267681273,1,0.2890565378209769,-1.1187605007320272
376,B01237/S01346,1,1,1,1,0,0,0,1,0,1,1,0,1,1,0,1,0,0,0.507648178807947,0.005812176820295364,0.202875,0.24135991667010495,0.7488675,0.23064049355890914,-0.008624803938655182,0.008929608955942909,0.580263926580576,0.4221523894718134,1.0,0.0,0.877125,0.14831317161668411,18.759999999999998,5.992328428916425,1,-0.8118527805938959,-0.11632461901095359
377,B1368/S234567,0,1,0,1,0,0,1,0,1,0,0,1,1,1,1,1,1,0,0.7036092715231789,0.005152656962381955,0.707125,0.007283328565978589,0.049029166666666665,0.00361822283149246,0.01631321889159933,0.011106918523534601,0.8718908512979885,0.005899366103592159,1.0,0.0,0.9963750000000001,0.002554102092712875,14.559999999999999,9.451349110047728,2,0.8792005300467064,1.860575545096105
378,B012356/S0234578,1,1,1,1,0,1,1,0,0,1,0,1,1,1,1,0,1,1,0.6889072847682118,0.0014729430275266448,0.6865,0.009127996083478583,0.38444333333333336,0.0018248682410580233,0.0003130446148481832,0.008667266620716766,0.8887101364827604,0.005154673092149471,1.0,0.0,0.7755,0.10043888066879285,14.679999999999998,8.796135515099797,1,1.1859314289227958,0.2902191283952736
379,B2/S47,0,0,1,0,0,0,0,0,0,0,0,0,0,1,0,0,1,0,0.24171523178807944,0.002636861646044377,0.25125000000000003,0.018822775432969487,0.43935500000000005,0.003768283438045066,0.003534855350296055,0.01176808586744912,0.7965588769381448,0.004719583980568784,1.0,0.0,0.699875,0.05462657320389037,83.28,8.482452475552101,1,-1.8238000840057882,-0.8166891650959549
380,B134/S146,0,1,0,1,1,0,0,0,0,0,1,0,0,1,0,1,0,0,0.47520115894039733,0.0015698074267602325,0.483875,0.011886507582128567,0.5654999999999999,0.00140935305784845,0.007489870163819782,0.006553161746768489,0.9965417309116938,0.0015238226514563543,1.0,0.0,0.54375,0.003336586953759805,21.119999999999997,9.282887481812974,1,0.5689901346424758,-1.4930561434073881
381,B01578/S0467,1,1,0,0,0,1,0,1,1,1,0,0,0,1,0,1,1,0,0.3630057947019868,0.0006105756787023429,0.376,0.03786437557256164,0.4736275,0.0026152324891340127,-0.0025387983617988366,0.004025885780942423,0.9421849710101119,0.002363272725782982,1.0,0.0,0.6126250000000001,0.023412069536886286,47.160000000000004,8.903257830704446,1,-0.5519447889815521,-1.2447701081864688
382,B0567/S125678,1,0,0,0,0,1,1,1,0,0,1,1,0,0,1,1,1,1,0.2755355960264901,0.010466051696404678,0.26775000000000004,0.0059555646247858,0.04704,0.005596825737266914,-0.03400880097595019,0.033772456770515075,0.846659683832683,0.011376602661248968,1.0,0.0,0.999125,0.0013693063937629273,159.28,8.473015991959416,0,-3.35702697538902,0.7340465522923387
383,B024/S48,1,0,1,0,1,0,0,0,0,0,0,0,0,1,0,0,0,1,0.3716953642384106,0.0008843901851712416,0.38475000000000004,0.016698147352326217,0.5909958333333334,0.00044546324203010305,0.003965210003485188,0.0046986976099871024,0.9509300180909364,0.001508799640401415,1.0,0.0,0.612375,0.032156842195713096,38.32,9.14942621151731,1,-0.2904006844653884,-1.4382260199900028
384,B2/S14,0,0,1,0,0,0,0,0,0,0,1,0,0,1,0,0,0,0,0.296875,0.002125100531783247,0.29512499999999997,0.009200458548355089,0.3951041666666667,0.002815498401704385,0.0005487103520387119,0.009927273228594066,0.8762251131008767,0.0031296212488129338,1.0,0.0,0.672625,0.0737094697952712,67.88,7.50413219499764,1,-1.3305360864192621,-0.8928706421518883
385,B1368/S145,0,1,0,1,0,0,1,0,1,0,1,0,0,1,1,0,0,0,0.43451076158940394,0.0016856940140877082,0.43149999999999994,0.012410617933850043,0.44818583333333334,0.0005085689344731508,0.00808883757406739,0.004931239914052121,0.986251283566515,0.001543330845668506,1.0,0.0,0.591375,0.0032596012026013636,26.72,9.978577052866806,1,0.12791374818744944,-1.1708826070545486
386,B016/S01247,1,1,0,0,0,0,1,0,0,1,1,1,0,1,0,0,1,0,0.3143253311258278,0.002860582987350773,0.311625,0.004112670969090519,0.015029166666666666,0.005534593700585034,-0.012506557162774703,0.007306916639947811,0.8958752824369215,0.00510524051768357,1.0,0.0,1.0,0.0,193.52,11.237081471627745,0,-3.374669031886825,0.8557526299356181
387,B23/S01358,0,0,1,1,0,0,0,0,0,1,1,0,1,0,1,0,0,1,0.4476796357615894,0.0022118854434452066,0.438125,0.030455525976413555,0.4663358333333334,0.0014742482783137655,0.00737458609271493,0.010834705031567768,0.9896464288623228,0.0021748574638458264,1.0,0.0,0.6332500000000001,0.10335995960719024,33.28,9.573505105237059,1,0.06035843945476342,-1.0517128509669558
388,B0134/S123567,1,1,0,1,1,0,0,0,0,0,1,1,1,0,1,1,1,0,0.6159403973509934,0.0021678695824449636,0.615875,0.019905048040635354,0.26420666666666665,0.0044328551590494085,0.013336746253049259,0.004384421121480023,0.9574521063913819,0.0016085426148553107,1.0,0.0,0.796625,0.005806112081246784,14.120000000000001,9.72275681069932,1,0.8580724815890124,0.370060394014679
389,B038/S0128,1,0,0,1,0,0,0,0,1,1,1,1,0,0,0,0,0,1,0.3456730132450331,0.0006203612779777814,0.355125,0.018137926425035488,0.4283408333333334,0.002215688223905991,0.0014507886023002567,0.003102307963592889,0.9279865210254716,0.0010064189088933569,1.0,0.0,0.706375,0.03314386255402349,49.239999999999995,6.7340923664589,1,-0.8113905755523758,-0.8186377576770304
390,B037/S12345678,1,0,0,1,0,0,0,1,0,0,1,1,1,1,1,1,1,1,0.7654602649006623,0.01917145098116848,0.772125,0.021770285080815997,0.0034516666666666667,0.001447416280442116,0.0388858922969673,0.015300676908791302,0.777034443743599,0.03722016737668561,1.0,0.0,1.0,0.0,13.919999999999998,9.998599901986278,2,1.2435660261211527,2.3842517072947143
391,B25678/S123456,0,0,1,0,0,1,1,1,1,0,1,1,1,1,1,1,0,0,0.6189412251655629,0.0036125231703491036,0.618875,0.03649004573167866,0.3807191666666666,0.008299141626464224,0.009762547926106306,0.022908321845637587,0.9538261948120976,0.004449052571226741,1.0,0.0,0.766125,0.0318394409498659,13.919999999999998,9.804692753982657,1,0.958650945063836,0.034638722116937457
392,B01234567/S12567,1,1,1,1,1,1,1,1,0,0,1,1,0,0,1,1,1,0,0.7523211920529802,0.0020788890489814053,0.756125,0.024456594202791195,0.4264375,0.003956598303958728,0.02077243813175302,0.013344177117562594,0.7990115149727363,0.0027252001032032533,1.0,0.0,0.794625,0.04931681698467568,13.12,8.412609583238723,1,1.5988349627637863,0.6860355681569189
393,B02358/S013458,1,0,1,1,0,1,0,0,1,1,1,0,1,1,1,0,0,1,0.5751754966887417,0.001395099662335243,0.57625,0.02113479802363866,0.39888749999999995,0.0017900865124965968,0.009076333217148529,0.00808635704556103,0.9805902715098117,0.0013172567219816734,1.0,0.0,0.6483749999999999,0.006925947588597527,16.240000000000002,10.12659863922729,1,0.8896388361622536,-0.5633663425121254
394,B125/S015678,0,1,1,0,0,1,0,0,0,1,1,0,0,0,1,1,1,1,0.7037367549668874,0.09754114019885382,0.8708750000000001,0.06608706378709833,0.2259175,0.09765041493234083,0.35637110055768517,0.04137799534942226,0.8038947925401306,0.14776070746177336,1.0,0.0,0.9349999999999999,0.059871281199753865,17.96,7.880862896916808,2,3.4660529620323937,3.1072713196856427
395,B012348/S02458,1,1,1,1,1,0,0,0,1,1,0,1,0,1,1,0,0,1,0.5664329470198675,0.0008088176220828226,0.56175,0.023253023996891248,0.5809116666666666,0.003348188772389509,-0.0008304505054029423,0.005820683288073252,0.9765923272296992,0.005727114129008028,1.0,0.0,0.6797500000000001,0.044018373294568654,22.48,7.988241358396726,1,0.7596941442039693,-0.867352222967594
396,B23678/S12468,0,0,1,1,0,0,1,1,1,0,1,1,0,1,0,1,0,1,0.5032508278145695,0.003408711323432448,0.495625,0.012476540486048196,0.47683083333333337,0.00146363797132729,0.010502222028581053,0.015176982934121093,0.9975570700962532,0.0025442293630658064,1.0,0.0,0.608625,0.10629815085409529,18.56,9.443939855801709,1,0.5861841637831099,-1.0378514425102903
397,B013678/S3456,1,1,0,1,0,0,1,1,1,0,0,0,1,1,1,1,0,0,0.6322963576158941,0.0012199926872865736,0.647875,0.01818739261136679,0.34679666666666664,0.0027134493346415486,0.017430572499127918,0.010169734184812625,0.9445861043096329,0.0021199322648672047,1.0,0.0,0.70975,0.013754260703505642,15.040000000000001,9.757458685538976,1,1.1483330304238877,-0.005124115072538047
398,B024578/S0345,1,0,1,0,1,1,0,1,1,1,0,0,1,1,1,0,0,0,0.5769586092715232,0.0016057132883415353,0.5755,0.012479670969220301,0.5237308333333333,0.0015274360097526707,0.010628746950156366,0.00704298064103396,0.9795283158973591,0.001152502321525037,1.0,0.0,0.5685,0.005600641704304948,15.6,10.046890066085128,1,1.0853422948425515,-1.0763936223387691
399,B13467/S356,0,1,0,1,1,0,1,1,0,0,0,0,1,0,1,1,0,0,0.6210637417218543,0.0021623298560699126,0.624625,0.015578681346635235,0.49915666666666664,0.0007050943100827414,0.019727431160682825,0.013386414707254553,0.953677011858634,0.0013722392696765976,1.0,0.0,0.5778749999999999,0.004112670969090553,14.64,9.242726870355956,1,1.34644624735935,-0.8079394530531954
400,B123457/S05,0,1,1,1,1,1,0,1,0,1,0,0,0,0,1,0,0,0,0.5310504966887417,0.0011913032560038422,0.531625,0.014990882645795057,0.7835300000000001,0.0016457473606236832,0.006492963576158614,0.004054801101482656,0.9946634970696209,0.0015401648436342754,1.0,0.0,0.666125,0.0023133444404152127,16.119999999999997,10.106037799256443,1,0.8562473825078747,-1.3740877466717027
401,B0123568/S256,1,1,1,1,0,1,1,0,1,0,0,1,0,0,1,1,0,0,0.5829395695364239,0.0013162947990660592,0.585,0.015206906325745558,0.5726166666666666,0.004393965835539517,0.011728258975252401,0.0050986686262107775,0.9748619221104284,0.00584971436698587,1.0,0.0,0.64925,0.11361547677363328,13.919999999999998,10.21430369628787,1,1.0703177921188172,-0.8545468842616675
402,B012357/S025,1,1,1,1,0,1,0,1,0,1,0,1,0,0,1,0,0,0,0.4993766556291391,0.0023729915056323976,0.12625,0.2384602299126628,0.9651500000000001,0.03408873008924239,-0.005677871209481081,0.004779353327116034,0.4323680629898569,0.3454627124327036,1.0,0.0,0.992,0.017888543819998333,19.16,11.369608612436927,1,-1.16506465638051,0.1060658962222616
403,B123468/S123578,0,1,1,1,1,0,1,0,1,0,1,1,1,0,1,0,1,1,0.6177400662251655,0.0017386052201051642,0.617,0.008249052975948195,0.5004741666666666,0.0016027060449960258,0.004139508539560277,0.012611671945375382,0.9554560782236298,0.0017932763400051999,1.0,0.0,0.658375,0.08332283788073949,16.12,9.304407557711562,1,1.1030826292295068,-0.6106736829297178
404,B23578/S14568,0,0,1,1,0,1,0,1,1,0,1,0,0,1,1,1,0,1,0.6803956953642384,0.0047714854071054325,0.6845,0.017530108028760167,0.3566725,0.0016971805664100616,0.02993817532241156,0.028491934961202295,0.8979392213827782,0.0014432862406624535,1.0,0.0,0.697,0.04685082710048994,12.88,9.86164286516197,1,1.4541558229136398,0.1695946091067937
405,B013458/S0126,1,1,0,1,1,1,0,0,1,1,1,1,0,0,0,1,0,0,0.5013427152317881,0.000486746871694653,0.49375,0.011447911927508884,0.7406858333333333,0.002681454116809733,0.003073719065876297,0.0031881614543333207,0.9956941238858237,0.004724569642898481,1.0,0.0,0.7208749999999999,0.030073477725397823,19.4,9.615612304996494,1,0.5267873967237939,-1.1847865096771026
406,B0167/S023458,1,1,0,0,0,0,1,1,0,1,0,1,1,1,1,0,0,1,0.4311572847682119,0.004905509107285701,0.42787499999999995,0.0041833001326703825,0.03139,0.006300561179812124,-0.01064227518299096,0.0072493984395121,0.98445338343715,0.001659289276822467,1.0,0.0,0.99875,0.0009882117688026076,27.76,11.76044216855812,1,-0.7928878707011848,0.9876641352856351
407,B01235678/S2468,1,1,1,1,0,1,1,1,1,0,0,1,0,1,0,1,0,1,0.6081307947019867,0.0010962785881318592,0.604625,0.005441449714919709,0.6108741666666667,0.0016090412949607156,0.007641425583826733,0.004458802351570987,0.9625944407182976,0.0030504379146336835,1.0,0.0,0.612125,0.007863582993775814,15.040000000000001,10.447392019063896,1,1.2103263701715663,-1.0079240012054451
408,B024567/S012468,1,0,1,0,1,1,1,1,0,1,1,1,0,1,0,1,0,1,0.6368990066225166,0.00179650638746721,0.63825,0.01059186008215741,0.6326483333333333,0.0008481065512199054,0.013034158243290022,0.006544685753268617,0.9420924979930048,0.0012475114016728913,1.0,0.0,0.637375,0.005383713866839502,13.280000000000001,8.962812058723534,1,1.3880705620473959,-0.8310378132013431
409,B246/S37,0,0,1,0,1,0,1,0,0,0,0,0,1,0,0,0,1,0,0.3975157284768212,0.0035938266012300476,0.40149999999999997,0.017352053192633995,0.5702025,0.0029587581854555556,0.012844828337399467,0.017434424308007512,0.9676750199939056,0.0042385963735519575,1.0,0.0,0.63075,0.09597708873736485,34.519999999999996,6.316011399609726,1,-0.10287406998607831,-1.2815905678645674
410,B012378/S147,1,1,1,1,0,0,0,1,1,0,1,0,0,1,0,0,1,0,0.4866672185430464,0.00042586614593729833,0.48100000000000004,0.017182385602703725,0.6393808333333333,0.00213171447366251,0.00036624259323768307,0.002114482832980317,0.9942018054124772,0.0033941951160466055,1.0,0.0,0.61,0.033098456346180256,27.0,10.050870609056709,1,0.43691292161381057,-1.4226086522785548
411,B0456/S1,1,0,0,0,1,1,1,0,0,0,1,0,0,0,0,0,0,0,0.2553096026490066,0.0013537660190862835,0.24575,0.019592528869444088,0.37491833333333335,0.001573727991638532,-0.005385282328337634,0.008410381848416058,0.8181296503782922,0.00177056321848158,1.0,0.0,0.713875,0.02714760003204704,97.72,9.337665661181068,0,-2.056542214232487,-0.7259780314883697
412,B158/S01357,0,1,0,0,0,1,0,0,1,1,1,0,1,0,1,0,1,0,0.3341903973509933,0.0013994645396590874,0.33337500000000003,0.012099845040330058,0.2867208333333333,0.0018289364889343682,-0.0008336528407114028,0.0062459983475752654,0.9181096685077874,0.0017674072946690966,1.0,0.0,0.745625,0.0036443449342783377,78.28,8.735673986590838,1,-1.3819662349739188,-0.44728737363789395
413,B1234/S5678,0,1,1,1,1,0,0,0,0,0,0,0,0,0,1,1,1,1,0.7846109271523178,0.006848967502923496,0.852375,0.005544563779054185,0.105515,0.011234698158309965,0.26239915911467354,0.023562087061823903,0.7190909975357636,0.012065777235775522,1.0,0.0,1.0,0.0,13.88,9.968550546594024,2,2.879249043268544,3.3973725459969684
414,B2358/S0123467,0,0,1,1,0,1,0,0,1,1,1,1,1,1,0,1,1,0,0.6052061258278145,0.0026859958264223056,0.6127499999999999,0.013539583173052257,0.3526616666666667,0.0012799312318766875,0.016434711571975805,0.017686689473223483,0.9640796431880088,0.002139108053356034,1.0,0.0,0.7193750000000001,0.07959246784401144,13.559999999999999,8.950307257295696,1,1.0046163617671695,-0.08801884866902131
415,B045678/S5,1,0,0,0,1,1,1,1,1,0,0,0,0,0,1,0,0,0,0.2688592715231788,0.002550603689792359,0.27599999999999997,0.012355413793151554,0.4716666666666667,0.004546716420487806,-0.0048527797141863175,0.012837927541333997,0.8375081993578439,0.0028893772279792013,1.0,0.0,0.725875,0.03598393738878502,65.8,7.688953114696442,1,-1.5219476214651857,-0.8445892395951572
416,B135/S02458,0,1,0,1,0,1,0,0,0,1,0,1,0,1,1,0,0,1,0.528921357615894,0.0024535078326201527,0.542375,0.01193570012609233,0.42253583333333333,0.0010948688721587818,0.009698566573718603,0.008684111122881014,0.9955146798427258,0.0011658410044264205,1.0,0.0,0.616,0.0031436940849898145,17.28,10.333053759658855,1,0.7402364359515236,-0.8338187215998722
417,B234578/S378,0,0,1,1,1,1,0,1,1,0,0,0,1,0,0,0,1,1,0.5099569536423841,0.0032203005546626996,0.517,0.011122541863261313,0.8171525,0.0032759561793298474,0.014480176019518676,0.015961854197499143,0.9960139811684247,0.00245153849708559,1.0,0.0,0.751125,0.006410440702479035,30.52,10.700093457535782,1,0.5583516131580589,-1.151447447227505
418,B378/S24567,0,0,0,1,0,0,0,1,1,0,0,1,0,1,1,1,1,0,0.4565182119205298,0.26657023667104873,0.5237499999999999,0.2884738939661612,0.09161666666666667,0.04575537906674653,0.18163809254095467,0.19228768015201445,0.7649676725406991,0.3864794290310898,1.0,0.0,0.952125,0.03395654392013414,15.16,10.579603017126871,2,0.7480959220931839,2.1369785111819564
419,B458/S47,0,0,0,0,1,1,0,0,1,0,0,0,0,1,0,0,1,0,0.004608443708609271,0.0039604207617200985,0.0,0.0,0.0056141666666666675,0.004900866738819438,-0.02686086179853614,0.02292748754114827,0.01530069200720908,0.010885450622930656,0.037333333333333336,0.019206480387850576,1.0,0.0,13.24,8.887519338938171,0,-5.793566126971506,3.7421102768460024
420,B478/S01578,0,0,0,0,1,0,0,1,1,1,1,0,0,0,1,0,1,1,0.1074246688741722,0.010744625096846214,0.10525,0.009768811979969726,0.00401,0.0019949210684747512,-0.012411990240502019,0.009715975082527627,0.4892909116386798,0.032346269363877446,1.0,0.0,1.0,0.0,125.52000000000001,11.935325718219845,0,-4.038228427313415,1.3336370722968625
421,B256/S1578,0,0,1,0,0,1,1,0,0,0,1,0,0,0,1,0,1,1,0.31748344370860926,0.002054650520116044,0.31875,0.008172935519138776,0.4769991666666667,0.0018676276358286213,0.0013758278145692714,0.012251590343550613,0.9004076833728719,0.0029697164947159248,1.0,0.0,0.6519999999999999,0.09162316676201496,58.120000000000005,9.460021141625429,1,-1.0045194485947666,-1.1191867402918894
422,B01268/S0125,1,1,1,0,0,0,1,0,1,1,1,1,0,0,1,0,0,0,0.4911026490066225,0.004158337411667696,0.37275,0.5009897625575797,0.9128141666666668,0.0583178642137923,0.02322117898222354,0.022283249719540186,0.4151984363157565,0.3079356695943386,0.8266666666666665,0.3875851160999636,0.99025,0.014714735386679546,17.4,8.645229898620393,1,-0.7667508184255296,0.8840219774735947
423,B0134567/S1257,1,1,0,1,1,1,1,1,0,0,1,1,0,0,1,0,1,0,0.6125488410596026,0.001171812386855605,0.603875,0.012122422406433382,0.74112,0.0013820758591899106,0.00908149616591092,0.003765936939994515,0.9602591983343387,0.0018070200182941636,1.0,0.0,0.724,0.005459366950480615,14.16,8.785670150876369,1,1.16691076834075,-0.8483681611021052
424,B1567/S3578,0,1,0,0,0,1,1,1,0,0,0,0,1,0,1,0,1,1,0.29596771523178805,0.0012464912543772944,0.28975,0.013077294253782004,0.3935158333333334,0.0011967563220825117,-0.006725492331823178,0.012293776452941893,0.87502622186894,0.0013928702270413137,1.0,0.0,0.65,0.032664846356595674,67.8,10.428806259586958,1,-1.3627086703129347,-1.0057207236171788
425,B014578/S02378,1,1,0,0,1,1,0,1,1,1,0,1,1,0,0,0,1,1,0.46258278145695364,0.0016674120242270312,0.47037500000000004,0.01555358680497846,0.5413866666666667,0.0013601579003515766,-0.001332106134541956,0.008603920245126951,0.993479934380149,0.00240888039897821,1.0,0.0,0.568,0.03415669315814981,22.560000000000002,10.965764907200956,1,0.3821569837368498,-1.421004026772675
426,B058/S0235,1,0,0,0,0,1,0,0,1,1,0,1,1,0,1,0,0,0,0.24894122516556294,0.010995204694854111,0.24525000000000002,0.011580222903726862,0.03230416666666667,0.006923186560593161,-0.01687388898570947,0.008307243656635177,0.8083132097994618,0.017334017875086132,1.0,0.0,1.0,0.0,195.16,14.794188048013991,0,-3.82878912691605,0.8476870807995273
427,B0123567/S2358,1,1,1,1,0,1,1,1,0,0,0,1,1,0,1,0,0,1,0.5804602649006622,0.0010938959542544468,0.5875,0.01706490367684505,0.6318691666666667,0.001571801757184647,0.005821126699198062,0.0026647562297596036,0.9765739459367021,0.0030021711730134305,1.0,0.0,0.64125,0.047715383394666286,15.2,8.558037158133867,1,1.0656949732961076,-1.0283776982394086
428,B01268/S018,1,1,1,0,0,0,1,0,1,1,1,0,0,0,0,0,0,1,0.43142466887417213,0.0038596198483500906,0.433625,0.022160635144327433,0.6843808333333333,0.00523208965450493,-0.011994052805856123,0.018591375738611245,0.9786567584204715,0.004322199632554575,1.0,0.0,0.755375,0.06100493064089166,35.760000000000005,9.91503908212166,1,-0.18340238790599298,-1.1288116617786947
429,B258/S25,0,0,1,0,0,1,0,0,1,0,0,1,0,0,1,0,0,0,0.33849337748344366,0.0037858728445847663,0.34199999999999997,0.009263925328930464,0.44695166666666675,0.003988568299945926,0.007616787208086238,0.024697881479604344,0.9215198986435533,0.006128676125544958,1.0,0.0,0.64825,0.1089522185983379,54.6,7.393240155709811,1,-0.8055870884788674,-1.0428863094141076
430,B4678/S167,0,0,0,0,1,0,1,1,1,0,1,0,0,0,0,1,1,0,0.037435430463576155,0.003759859139556854,0.03425,0.0033773140215265737,0.0037866666666666665,0.003013794097331653,-0.01867784942488679,0.013507603569842602,0.22378411408251192,0.01604054697735031,1.0,0.0,1.0,0.0,34.32,9.900101009585713,0,-3.640323063837114,1.7640139800882986
431,B0378/S567,1,0,0,1,0,0,0,1,1,0,0,0,0,0,1,1,1,0,0.2692019867549669,0.0013191453091828456,0.26425,0.012242663619490652,0.4673516666666666,0.0009636293878988182,-0.0050817793656328806,0.006087710145030492,0.838660413494812,0.0013562486549679737,1.0,0.0,0.6735,0.015833607453767478,82.16,16.806784344424724,1,-1.670392237420376,-1.0457733761438388
432,B037/S04567,1,0,0,1,0,0,0,1,0,1,0,0,0,1,1,1,1,0,0.6308758278145696,0.024145430299214853,0.71875,0.008172935519138736,0.12434500000000001,0.023616288884887152,0.34386951028232804,0.07335133849493215,0.9080053280827531,0.009016404058663831,1.0,0.0,0.99725,0.0038171078711506544,16.0,8.229216244576394,2,2.7787289023992185,3.0351907442271213
433,B125/S023567,0,1,1,0,0,1,0,0,0,1,0,1,1,0,1,1,1,0,0.5951763245033114,0.004900973895753671,0.6045,0.008482518788661728,0.2563775,0.005039356047651335,0.028517906936214484,0.01980187722900896,0.9701934036945954,0.004177749618465761,1.0,0.0,0.789875,0.009585144756340367,14.680000000000001,9.711436556967254,1,0.8752918033428346,0.36942882554791234
434,B158/S0157,0,1,0,0,0,1,0,0,1,1,1,0,0,0,1,0,1,0,0.2972392384105961,0.0012521909661438735,0.29862500000000003,0.015546050543465995,0.38935250000000005,0.0019308726258410733,-0.0011783940397353386,0.004169943797033132,0.8763615976881353,0.0019737429622094962,1.0,0.0,0.679,0.019114171771227793,72.67999999999999,5.483794306864546,1,-1.397120072682464,-0.8665634905835383
435,B067/S0146,1,0,0,0,0,0,1,1,0,1,1,0,0,1,0,1,0,0,0.2159453642384106,0.0049257319841956625,0.213625,0.004909334221663869,0.020565833333333335,0.004864114806130943,-0.008896218194493072,0.005423751121219213,0.75147825709843,0.008750618019478398,1.0,0.0,1.0,0.0,234.92,8.333786654336658,0,-4.453829213504869,0.9314553305729507
436,B0135/S2578,1,1,0,1,0,1,0,0,0,0,0,1,0,0,1,0,1,1,0.4346961920529801,0.0015610742475443676,0.440625,0.0035630482034347964,0.5646616666666666,0.00031936079822740906,-0.002143015859184869,0.006428021022085074,0.9855854710826147,0.001705437997907694,1.0,0.0,0.57175,0.04592665688355735,25.639999999999997,9.868535858981309,1,0.19388133212439856,-1.5002787554144879
437,B123678/S134678,0,1,1,1,0,0,1,1,1,0,1,0,1,1,0,1,1,1,0.963876655629139,0.0072453489511967745,0.992375,0.005383713866839499,0.034763333333333334,0.005661365013796975,0.15385907546183286,0.03563676432897167,0.14885482717379228,0.029686744328494045,1.0,0.0,0.998875,0.0010269797953221362,13.040000000000001,9.231901212643038,2,2.5331299027366208,4.537515522682373
438,B015678/S01678,1,1,0,0,0,1,1,1,1,1,1,0,0,0,0,1,1,1,0.3836208609271523,0.013593121507729929,0.35425,0.0304311466675181,0.4795375,0.00858447605661913,-0.035459458870686994,0.0671042515727164,0.9532561657522655,0.0016826568555743935,1.0,0.0,0.6613749999999999,0.11669889807748833,49.0,7.896834808959852,1,-0.8249956123713358,-1.2523133853636375
439,B047/S14678,1,0,0,0,1,0,0,1,0,0,1,0,0,1,0,1,1,1,0.2736630794701987,0.002283768842165554,0.269,0.005806112081246777,0.32438416666666664,0.0014578671874046435,-0.0073250479261069285,0.007532078437898933,0.8450189391342698,0.002813463311187292,1.0,0.0,0.7172499999999999,0.003174606274800049,86.0,8.993330862366843,1,-1.8384679886157362,-0.6308311094148706
440,B12468/S2345,0,1,1,0,1,0,1,0,1,0,0,1,1,1,1,0,0,0,0.5790099337748345,0.001510379952704101,0.5885,0.025366839820915803,0.456635,0.001569928452899137,0.00935382537469468,0.008172708914557852,0.9781956724486995,0.001374670915420411,1.0,0.0,0.634625,0.011376030173131563,15.48,9.958513945363537,1,0.9908141963050534,-0.701395839924429
441,B345/S01235,0,0,0,1,1,1,0,0,0,1,1,1,1,0,1,0,0,0,0.5075653973509934,0.005699539682080106,0.516625,0.02999218648248241,0.5427491666666666,0.0071065027928261075,0.0267593673753918,0.03332065498117075,0.9950004707004478,0.004363937243815054,1.0,0.0,0.724125,0.16965129678254753,18.0,8.942035562443264,1,0.6424478854191528,-0.654597492431572
442,B0456/S01458,1,0,0,0,1,1,1,0,0,1,1,0,0,1,1,0,0,1,0.43917715231788074,0.026908583309860748,0.43,0.020170174453881168,0.42124000000000006,0.033708813423651625,-0.0019877352736146436,0.028434924201015423,0.984673831989044,0.010541466672501077,1.0,0.0,0.694625,0.04111863552575645,47.8,19.393297811357407,1,-0.3153425260354352,-0.805142984271828
443,B14/S014567,0,1,0,0,1,0,0,0,0,1,1,0,0,1,1,1,1,0,0.7315869205298015,0.006351547612488149,0.75325,0.007307423451532019,0.026337499999999996,0.003465583514680065,0.11867684733356546,0.020051099798476756,0.8226937348760568,0.011960807996504364,1.0,0.0,1.0,0.0,14.12,9.393189021839174,2,1.6439544224801153,2.547798376611398
444,B01347/S345678,1,1,0,1,1,0,0,1,0,0,0,0,1,1,1,1,1,1,0.9064917218543046,0.011021981688013388,0.91375,0.010915155747858077,0.006180833333333334,0.001403680059106538,0.04252204600906184,0.006565683034043881,0.4327492527408986,0.03897515486274142,1.0,0.0,1.0,0.0,13.2,8.78179936004006,2,1.71956793561465,3.3845828906564677
445,B4568/S01247,0,0,0,0,1,1,1,0,1,1,1,1,0,1,0,0,1,0,0.13969867549668874,0.02959707465187876,0.111125,0.013414952012586552,0.04316916666666667,0.03513701363847753,-0.13832526577204624,0.12036658004656817,0.5569412035112373,0.0642584194473675,1.0,0.0,1.0,0.0,94.47999999999999,14.25103505012882,0,-4.276909260956919,0.6187261603214708
446,B013567/S01268,1,1,0,1,0,1,1,1,0,1,1,1,0,0,0,1,0,1,0.45979884105960267,0.001364496701461974,0.453125,0.017940875118009156,0.6263933333333334,0.0022846646818150476,-0.0064893691181598795,0.008180612029739872,0.9923473600579434,0.003607369589297433,1.0,0.0,0.5730000000000001,0.047139669467445425,25.2,8.889319434017432,1,0.31149103902790887,-1.6091725923128446
447,B01347/S012458,1,1,0,1,1,0,0,1,0,1,1,1,0,1,1,0,0,1,0.553330298013245,0.0009973259002762302,0.554875,0.02691639254246378,0.45039750000000006,0.0012629420293285116,0.0034695015684904516,0.0061979242857653554,0.9880799251085406,0.0033732897928139033,1.0,0.0,0.6134999999999999,0.043076512596773614,15.64,8.786808294255657,1,0.8310494716812846,-0.8698672097124948
448,B578/S02,0,0,0,0,0,1,0,1,1,1,0,1,0,0,0,0,0,0,0.06282119205298013,0.007951930050414628,0.060625,0.007194290270763336,0.0022916666666666667,0.0017637726886484612,-0.012941029104217575,0.00870558929920937,0.334496873255302,0.030153877296458853,1.0,0.0,1.0,0.0,82.16,8.27453926209792,0,-3.9173771312205976,1.5881823731431186
449,B034678/S012567,1,0,0,1,1,0,1,1,1,1,1,1,0,0,1,1,1,0,0.6837756622516556,0.0027044769767630584,0.6975,0.009911719704471049,0.433945,0.0013752285163645694,0.030619815266643043,0.012289573103445313,0.8947358658903848,0.0010006796271866407,1.0,0.0,0.6381249999999999,0.010486226084726595,13.919999999999998,10.389032678743483,1,1.6077090706196764,-0.16319829505681477
450,B23467/S012468,0,0,1,1,1,0,1,1,0,1,1,1,0,1,0,1,0,1,0.5890852649006623,0.0031816495947694762,0.5925,0.005448623679425878,0.5770816666666667,0.0023475914814738586,0.01451978041129275,0.014059670078737282,0.973708606898601,0.0014464911176962356,1.0,0.0,0.622,0.1157797950313439,15.48,9.963533509754457,1,1.142506661496585,-0.9320241329548759
451,B1367/S01578,0,1,0,1,0,0,1,1,0,1,1,0,0,0,1,0,1,1,0.37478062913907284,0.0006693086849269617,0.362,0.019346753603641118,0.5470933333333333,0.001445057428693449,0.0025816050888808444,0.002518970146514523,0.9529497503203798,0.001073885199406526,1.0,0.0,0.593375,0.01449407206412332,40.96,10.75769492038141,1,-0.37712048379724217,-1.450409013170388
452,B012/S34,1,1,1,0,0,0,0,0,0,0,0,0,1,1,0,0,0,0,0.49013245033112585,0.007008547356265736,0.3525,0.48992984191616656,0.9659599999999999,0.033858997424572775,0.025385630881839892,0.02107029518393065,0.292522264671736,0.37625346880248106,0.4253333333333334,0.4437817281301949,0.99875,0.00279508497187472,13.280000000000001,9.134111888957788,0,-1.675114656916368,1.7406346237794783
453,B345678/S014567,0,0,0,1,1,1,1,1,1,1,1,0,0,1,1,1,1,0,0.6785662251655629,0.02490960007484398,0.707625,0.025914522955285155,0.43789750000000005,0.016141374545627203,0.07532670355524515,0.12086299168026084,0.8855612187689001,0.002490939857382344,1.0,0.0,0.7381249999999999,0.11723957176440038,13.719999999999999,9.295805505710627,1,1.7596659234037468,0.40464342557451705
454,B036/S0158,1,0,0,1,0,0,1,0,0,1,1,0,0,0,1,0,0,1,0.3149163907284768,0.0008609639653999107,0.31225,0.011805718953117599,0.44132,0.001509838682516177,-0.003136197281282981,0.004765974122318102,0.8976389769839883,0.0010152183605632173,1.0,0.0,0.63025,0.027338303028900713,66.72,5.586770086552693,1,-1.1475750180219777,-1.1558715493696388
455,B148/S0168,0,1,0,0,1,0,0,0,1,1,1,0,0,0,0,1,0,1,0.31368543046357616,0.000632707074894004,0.305625,0.016280020347038886,0.469895,0.0004945835088458156,0.00030997298710325785,0.004654821426506565,0.8957863151578185,0.001190861650614953,1.0,0.0,0.6561250000000001,0.058474086140785524,66.12,9.540020964337554,1,-1.1584725204832569,-1.1076444847023357
456,B35/S124678,0,0,0,1,0,1,0,0,0,0,1,1,0,1,0,1,1,1,0.4676043046357615,0.05102964240263216,0.49974999999999997,0.008132208340912099,0.40563000000000005,0.04548377986604426,0.11443401446497015,0.20098430757985825,0.972164575569014,0.055632092979421406,1.0,0.0,0.734,0.15331340450201994,19.16,9.672021505352436,1,0.9044206014109257,0.02293566306247022
457,B123/S013578,0,1,1,1,0,0,0,0,0,1,1,0,1,0,1,0,1,1,0.5020372516556291,0.0005619955622556988,0.5061249999999999,0.02358246832924831,0.4595325,0.0012446670962773855,0.0016437129661898357,0.005669519435390138,0.9970498446630822,0.0016723639564506798,1.0,0.0,0.644625,0.05272755742967806,25.2,10.339245620450267,1,0.42261127811289106,-0.9112880302033414
458,B25/S04678,0,0,1,0,0,1,0,0,0,1,0,0,0,1,0,1,1,1,0.3030331125827814,0.0019417135853172873,0.3065,0.015376778352437814,0.4684566666666667,0.0020993769743796265,0.0037971200766814587,0.01349815017414876,0.8837415809991527,0.002722159620986642,1.0,0.0,0.666,0.07496170897531622,69.47999999999999,12.161907745086706,1,-1.2255469269385522,-1.0426787370880168
459,B01567/S12367,1,1,0,0,0,1,1,1,0,0,1,1,1,0,0,1,1,0,0.417262417218543,0.0010252776700428693,0.40512499999999996,0.011737693022907003,0.27692416666666664,0.0048103200329546614,-0.00017874259323824097,0.008842450459214432,0.9782075494554684,0.0017944937302772092,1.0,0.0,0.7877500000000001,0.012067518386147174,39.68,9.351577407047436,1,-0.5454994984072761,-0.217528031362001
460,B013478/S01345,1,1,0,1,1,0,0,1,1,1,1,0,1,1,1,0,0,0,0.5736672185430465,0.0020984323757497875,0.56975,0.018585738820396693,0.42684999999999995,0.007988892571182115,0.01165408243290288,0.013262632373263236,0.9785376231419137,0.006305298326936899,1.0,0.0,0.677375,0.08464009281953797,16.12,10.540018975314986,1,0.8629520100308575,-0.5068574371934574
461,B4678/S02346,0,0,0,0,1,0,1,1,1,1,0,1,1,1,0,1,0,0,0.1982905629139073,0.12944614770718146,0.097375,0.03735754190923166,0.10059,0.10411626266362843,-0.23303145695364247,0.19983201837716041,0.6257912419772024,0.24667996099913558,1.0,0.0,0.9800000000000001,0.028777161083053327,43.64,32.023553831515954,0,-4.0414734930777065,-0.042783731509100136
462,B01358/S0237,1,1,0,1,0,1,0,0,1,1,0,1,1,0,0,0,1,0,0.453385761589404,0.0009054405154247002,0.4445,0.02023977365239048,0.5606424999999999,0.0025354695625816014,0.0012604783896824157,0.0035630915823832484,0.9903786433432646,0.0030636469421548803,1.0,0.0,0.62575,0.053676184779658125,26.080000000000002,9.970556654470204,1,0.20113140308776473,-1.2725826328449927
463,B023457/S0134578,1,0,1,1,1,1,0,1,0,1,1,0,1,1,1,0,1,1,0.7041995033112582,0.0020743231067643407,0.69875,0.011430838223857407,0.4017658333333333,0.0019222188603856452,0.01340053154409131,0.01263297532712723,0.8714581151925824,0.0012089372592630518,1.0,0.0,0.667625,0.04084651147895006,14.040000000000001,10.01938121841863,1,1.4817390326171658,-0.002611439068950719
464,B2458/S02345678,0,0,1,0,1,1,0,0,1,1,0,1,1,1,1,1,1,1,0.9163692052980134,0.004915365889254635,0.9253750000000001,0.006117342151621112,0.0050616666666666674,0.001384008996639031,0.05263848466364518,0.029368005602644336,0.3937528110512122,0.019378571516493172,1.0,0.0,1.0,0.0,15.919999999999998,10.494379448066473,2,1.7728819885043057,3.5313780697694694
465,B0257/S456,1,0,1,0,0,1,0,1,0,0,0,0,0,1,1,1,0,0,0.4770703642384106,0.0032932969503173186,0.4875,0.013125000000000005,0.3969525,0.002497324262530249,0.011988497734401896,0.02326144517915575,0.9959603192691858,0.0015924860063840657,1.0,0.0,0.644,0.007636773697052926,24.08,10.18587256939728,1,0.34780889301508683,-0.787989047496111
466,B5/S0357,0,0,0,0,0,1,0,0,0,1,0,0,1,0,1,0,1,0,0.03989900662251655,0.005668723276553243,0.0365,0.0076750407165043725,0.002788333333333333,0.002237006075216506,-0.019921466538863758,0.016717271969031,0.23389312964038395,0.030472766026033323,1.0,0.0,1.0,0.0,57.44,19.192394326920233,0,-3.889049346654981,1.7298716229188231
467,B268/S367,0,0,1,0,0,0,1,0,1,0,0,0,1,0,0,1,1,0,0.2895115894039735,0.0026821910632390308,0.28900000000000003,0.006696547617989427,0.42842083333333336,0.0024081188629993494,0.00476880010456583,0.015948385522263762,0.8666999156478103,0.004399649355254649,1.0,0.0,0.673125,0.07636134288696075,75.35999999999999,6.991995423339467,1,-1.4139733591428232,-0.9357096353232216
468,B0134678/S0123678,1,1,0,1,1,0,1,1,1,1,1,1,1,0,0,1,1,1,0.9113526490066228,0.047365680593218044,0.9942500000000001,0.0010269797953221381,0.12134333333333333,0.06664818139554397,0.31144756448239763,0.14748848711214418,0.3145576386776196,0.1463115510290594,1.0,0.0,1.0,0.0,13.8,9.559288676465417,2,3.5448041008039666,4.68218543131045
469,B05/S2358,1,0,0,0,0,1,0,0,0,0,0,1,1,0,1,0,0,1,0.30310264900662254,0.0005254715589871678,0.29500000000000004,0.006218671481916376,0.16956083333333333,0.014288520244024182,-0.008333064656675066,0.006810758420046089,0.8836416463837755,0.0007978161178224201,1.0,0.0,0.8765000000000001,0.013122023472010661,92.8,13.250660360902776,0,-2.041518637755349,0.2000746878443461
470,B01235/S036,1,1,1,1,0,1,0,0,0,1,0,0,1,0,0,1,0,0,0.49860678807947023,0.001035362412176125,0.51025,0.01970782680814914,0.6846375,0.016983899391531606,0.0014486972812822094,0.0024841355840938555,0.9782499943502957,0.035082325697130816,1.0,0.0,0.702375,0.1313224502417618,22.8,7.905694150420946,1,0.48941924899867656,-1.1031314763516726
471,B13468/S2358,0,1,0,1,1,0,1,0,1,0,0,1,1,0,1,0,0,1,0.5419412251655629,0.001716902185303141,0.5435,0.015395819237702175,0.5585158333333333,0.0011446789639700144,0.009671117985360241,0.011609675855728962,0.9922660392417548,0.0014581653957852748,1.0,0.0,0.5695,0.0069793221375718,16.56,9.549240807519727,1,0.923184869448502,-1.2389524844839312
472,B12467/S12345,0,1,1,0,1,0,1,1,0,0,1,1,1,1,1,0,0,0,0.5816697019867549,0.001203145251098767,0.5894999999999999,0.02555401754127912,0.5030758333333333,0.0018069849043211138,0.009920769431857409,0.005840329766026355,0.9768985706117986,0.0011710490331354887,1.0,0.0,0.602125,0.020947292486142386,15.319999999999999,10.057435060690176,1,1.0741444167396301,-0.8969816753665555
473,B01346/S0268,1,1,0,1,1,0,1,0,0,1,0,1,0,0,0,1,0,1,0.4612640728476821,0.0012693551888224494,0.44837499999999997,0.013554000793123775,0.6939758333333333,0.0010823088104192505,-0.0011088576158945831,0.005599459244307705,0.993205483186087,0.0025386207781089706,1.0,0.0,0.641625,0.02732758450723372,23.080000000000002,8.700114941769446,1,0.3108771173374414,-1.4764947180017223
474,B1267/S023456,0,1,1,0,0,0,1,1,0,1,0,1,1,1,1,1,0,0,0.5659917218543047,0.006006411252418055,0.559875,0.01168766711110476,0.08224416666666667,0.008662102965087504,-0.020260914081561943,0.008974511319192727,0.9846401494499568,0.0034323594643038027,1.0,0.0,0.989625,0.005687156583038659,14.16,10.045297407244846,1,0.040736240837315245,1.0922779778284217
475,B0123467/S12578,1,1,1,1,1,0,1,1,0,0,1,1,0,0,1,0,1,1,0.5821639072847683,0.004180869677344125,0.5752499999999999,0.008711970930851399,0.6163416666666667,0.006540471626512935,-0.02046560212617697,0.024032350527514637,0.9733960997669164,0.008545426314675763,1.0,0.0,0.747,0.17020403656347285,17.2,10.183319694480772,1,0.7056515255254441,-0.7460291504150152
476,B123678/S02456,0,1,1,1,0,0,1,1,1,1,0,1,0,1,1,1,0,0,0.6275794701986755,0.00216638732801304,0.6278750000000001,0.010208758494547708,0.4055766666666667,0.0015425689926944176,0.013490915824328858,0.007344251372052511,0.9488647823740834,0.0011639694184339678,1.0,0.0,0.63925,0.0045586456322026835,14.680000000000001,8.918071540417243,1,1.1947974196946145,-0.4179076257334058
477,B1234678/S3458,0,1,1,1,1,0,1,1,1,0,0,0,1,1,1,0,0,1,0.6182400662251656,0.0014416735944172256,0.6104999999999999,0.017147111637240798,0.6128191666666666,0.004523304432172482,0.012142536598117303,0.006727179810616723,0.9533677456956496,0.0019802058676819984,1.0,0.0,0.683875,0.01801366668671318,19.119999999999997,8.719633019800774,1,1.1334509505220407,-0.705223190090539
478,B03578/S01234567,1,0,0,1,0,1,0,1,1,1,1,1,1,1,1,1,1,0,0.7073683774834437,0.0030329992193200797,0.705,0.007153451963912273,0.11389166666666665,0.009810185501983808,0.002176411641686507,0.014571202362134482,0.8670620418271782,0.004643142796445436,1.0,0.0,0.9952500000000001,0.0021469455046647106,13.320000000000002,9.214770751353504,2,0.8463841987866494,1.6809340042077252
479,B128/S123,0,1,1,0,0,0,0,0,1,0,1,1,1,0,0,0,0,0,0.4390240066225165,0.004657749452702083,0.45225,0.009868273025205576,0.14151,0.015520417947461613,0.05959480655280547,0.008629061228507623,0.9840386663144669,0.003968092675982711,1.0,0.0,0.9998750000000001,0.0002795084971874228,45.519999999999996,8.949413388597046,1,-0.4178736035055116,1.1127133673527123
480,B124578/S035,0,1,1,0,1,1,0,1,1,1,0,0,1,0,1,0,0,0,0.5367226821192054,0.0013062641113830594,0.545,0.007718180647017793,0.6170249999999999,0.0010305953309185866,0.007978455036597784,0.00779072744834446,0.9939214186760458,0.0014756195939756732,1.0,0.0,0.567375,0.0063799000775874295,15.919999999999998,10.0105943879472,1,0.9480668767736349,-1.3743680519418036
481,B46/S012578,0,0,0,0,1,0,1,0,0,1,1,1,0,0,1,0,1,1,0.1478236754966887,0.029153775987179883,0.143875,0.026470059737371203,0.010379999999999999,0.00711100013476773,-0.022408177936563467,0.020140878801568902,0.5978438093340206,0.07789140460183203,1.0,0.0,1.0,0.0,116.4,10.515702544290612,0,-3.6933864640066547,1.140750331142685
482,B047/S012457,1,0,0,0,1,0,0,1,0,1,1,1,0,1,1,0,1,0,0.42298013245033117,0.00355143063179853,0.410625,0.018418952535364234,0.2615633333333333,0.0023638635101131474,0.0008199285465315453,0.03126227027059388,0.9810099137299975,0.0020847305760545365,1.0,0.0,0.7927500000000001,0.020129463790672614,38.760000000000005,12.237156532462924,1,-0.5127337802647614,-0.15949335598709455
483,B02478/S013568,1,0,1,0,1,0,0,1,1,1,1,0,1,0,1,1,0,1,0.5094412251655629,0.002064453609256407,0.4956250000000001,0.011481983169296151,0.4129125,0.0020644288119101126,0.006490676193795256,0.008078685428540183,0.9977760988685633,0.0015101665562347645,1.0,0.0,0.63375,0.01015504800579498,19.68,10.80148137988489,1,0.49574230015740967,-0.8377635683603101
484,B124578/S357,0,1,1,0,1,1,0,1,1,0,0,0,1,0,1,0,1,0,0.5636506622516556,0.0024933010083652025,0.5690000000000001,0.00903119593409426,0.58088,0.0009834895709213397,0.011647808469849776,0.007363120671006475,0.9860282242629657,0.000940215066419388,1.0,0.0,0.55575,0.005142500607681042,15.559999999999999,9.247053584791214,1,1.095254637505969,-1.2611987843811487
485,B0123478/S4678,1,1,1,1,1,0,0,1,1,0,0,0,0,1,0,1,1,1,0.7153360927152319,0.12815635615505547,0.7092499999999999,0.10260417724196219,0.3341166666666667,0.1568400265353558,-0.02557803241547607,0.1004270371466021,0.7914303289939507,0.28063102670376305,1.0,0.0,0.76925,0.14081542662293783,15.040000000000001,10.476067964651623,1,1.0475627337229618,0.4985113742711642
486,B1245678/S124568,0,1,1,0,1,1,1,1,1,0,1,1,0,1,1,1,0,1,0.7473460264900662,0.0017113812445568065,0.76325,0.0047884953273444626,0.46732583333333333,0.0011663928250046098,0.01999596985012165,0.01067965578019163,0.809433714700129,0.0014292472751224494,1.0,0.0,0.7055,0.013053376000100507,14.12,9.452618684787831,1,1.7364830202086179,0.26776364203924113
487,B168/S1246,0,1,0,0,0,0,1,0,1,0,1,1,0,1,0,1,0,0,0.33664900662251657,0.0036748610903361277,0.33925,0.004271087390817465,0.030605833333333332,0.0030920802171749075,0.010642863367026615,0.002262915063002463,0.9209516892692451,0.003912602727123111,1.0,0.0,0.999875,0.0002795084971874755,133.4,9.736529155710448,0,-2.392081302437794,0.965318540752956
488,B345/S1234578,0,0,0,1,1,1,0,0,0,0,1,1,1,1,1,0,1,1,0.6723998344370861,0.013958762344211771,0.6832499999999999,0.00896390330715363,0.33303916666666666,0.006004628278577136,0.054025945451376414,0.08131911706038454,0.8994640730176979,0.004419877606267029,1.0,0.0,0.791125,0.1036345366540518,13.84,9.348154898160386,1,1.430999771655115,0.6418421715350334
489,B1234678/S03567,0,1,1,1,1,0,1,1,1,1,0,0,1,0,1,1,1,0,0.7286407284768212,0.0013554455627052954,0.73275,0.012489057710652117,0.4138558333333333,0.0011849482818062295,0.01776838619728087,0.009288067680804759,0.8377191076863795,0.0024962551524896764,1.0,0.0,0.67575,0.012479670969220313,13.84,9.234067359511734,1,1.6302703708735704,0.14959355482643094
490,B0347/S2456,1,0,0,1,1,0,0,1,0,0,0,1,0,1,1,1,0,0,0.621444536423841,0.0013671351976828978,0.621375,0.008676026596317016,0.3162933333333333,0.002322485199091717,0.01822599337748302,0.01220168022451053,0.953159284786478,0.0019002137192885293,1.0,0.0,0.725,0.009153636572423006,15.84,9.745152641185259,1,1.0174916517761525,0.056725815785841155
491,B12357/S367,0,1,1,1,0,1,0,1,0,0,0,0,1,0,0,1,1,0,0.5060521523178808,0.0010356635199629757,0.501125,0.015689865359524283,0.6208866666666667,0.0012831418958945363,0.006742811084001156,0.007890686047310764,0.9976253969176023,0.0015793137926617066,1.0,0.0,0.5543750000000001,0.0034798527267687162,20.16,9.64821226963835,1,0.721262562409253,-1.5178829061221617
492,B01247/S3457,1,1,1,0,1,0,0,1,0,0,0,0,1,1,1,0,1,0,0.5909710264900662,0.0012876062893878318,0.5902499999999999,0.011307146523327611,0.283765,0.004521286075640182,0.009822019867549322,0.00569333632393773,0.9729221346309401,0.002349021364634716,1.0,0.0,0.759375,0.004485218779502288,15.680000000000001,10.828296264879345,1,0.7600239945035855,0.10122174728999717
493,B2467/S01348,0,0,1,0,1,0,1,1,0,1,1,0,1,1,0,0,0,1,0.5003021523178808,0.0023792379390436473,0.516125,0.027010559277808356,0.5160641666666667,0.0019682408953738866,0.012539299407458779,0.01603861807399704,0.9976128091684643,0.002099833983653341,1.0,0.0,0.627125,0.11330148526166811,19.0,9.004443347592344,1,0.6364504037075377,-1.0236446456258586
494,B025/S347,1,0,1,0,0,1,0,0,0,0,0,0,1,1,0,0,1,0,0.42035016556291394,0.0021375788799339775,0.42750000000000005,0.01228725203208596,0.40678083333333337,0.0007224848614330949,0.0018890510630880293,0.005652726206657544,0.9802904702370074,0.0018557319016790361,1.0,0.0,0.624875,0.0025541020927128417,28.48,8.229945321811076,1,-0.05116022050524879,-1.0080814364293742
495,B1245/S0124567,0,1,1,0,1,1,0,0,0,1,1,1,0,1,1,1,1,0,0.7603981788079469,0.002560044830319249,0.76475,0.0025233286547733055,0.00997,0.0013545877550425122,0.025188915998605094,0.009584935658348394,0.7890538638046979,0.004541140813363849,1.0,0.0,1.0,0.0,13.440000000000001,9.87360116674762,2,1.146776354653176,2.273957297018717
496,B025/S2468,1,0,1,0,0,1,0,0,0,0,0,1,0,1,0,1,0,1,0.40314900662251657,0.0011914865974187103,0.397625,0.015924627154191098,0.416355,0.0013861836849181595,0.0012551193795745745,0.0035649965470285374,0.9713990972616953,0.0015389043723423165,1.0,0.0,0.6185,0.005314337917370356,32.92,9.872790892143925,1,-0.22092128675700268,-1.0832152300858637
497,B347/S1234567,0,0,0,1,1,0,0,1,0,0,1,1,1,1,1,1,1,0,0.7475438741721854,0.023227764457540663,0.761125,0.00966630746459062,0.033980833333333335,0.005490035639177991,0.06963811432554859,0.09168897210877341,0.796510079968457,0.016612593813421433,1.0,0.0,1.0,0.0,13.76,9.420615691131871,2,1.3922928468365554,2.39286524488763
498,B013567/S1368,1,1,0,1,0,1,1,1,0,0,1,0,1,0,0,1,0,1,0.48984105960264895,0.0010371561849902042,0.4885,0.010491812283871648,0.6171066666666667,0.0012770564842202487,0.002015902753572145,0.004187223821953951,0.9975967198559523,0.002211580143375742,1.0,0.0,0.561875,0.004571480886977469,19.44,9.155763212316055,1,0.612816777619104,-1.5340187431430186
499,B156/S5,0,1,0,0,0,1,1,0,0,0,0,0,0,0,1,0,0,0,0.2512293046357616,0.001138865724806309,0.24874999999999997,0.014510233457804875,0.4704041666666667,0.0007653124361984751,-0.0013192314395261992,0.005574390026826262,0.8117548573674351,0.0015782541002033288,1.0,0.0,0.7144999999999999,0.03676997756322406,73.36,4.8112368472150715,1,-1.7101372534301607,-0.8634133088274634
