rule_index,run,seed,initial_density,rule,B0,B1,B2,B3,B4,B5,B6,B7,B8,S0,S1,S2,S3,S4,S5,S6,S7,S8,mean_density,final_density,activity,growth,entropy,normalized_lifespan,recurrence,component_count,extinct,extinction_generation
0,0,20260925,0.1,B3/S23,0,0,0,1,0,0,0,0,0,0,0,1,1,0,0,0,0,0,0.05450745033112583,0.0675,0.041025,-0.013969044092018199,0.30237033572913574,1.0,0.998125,31.2,False,
0,1,20260926,0.2,B3/S23,0,0,0,1,0,0,0,0,0,0,0,1,1,0,0,0,0,0,0.13538493377483443,0.11875,0.11324583333333332,-0.08761099250609983,0.5665983792076947,1.0,0.94,48.2,False,
0,2,20260927,0.3,B3/S23,0,0,0,1,0,0,0,0,0,0,0,1,1,0,0,0,0,0,0.10941225165562912,0.054375,0.0775625,-0.16213162251655625,0.4768861210432973,1.0,0.989375,33.8,False,
0,3,20260928,0.4,B3/S23,0,0,0,1,0,0,0,0,0,0,0,1,1,0,0,0,0,0,0.1263865894039735,0.025625,0.10892916666666665,-0.17588075113279908,0.5244658215885775,1.0,0.985,20.4,False,
0,4,20260929,0.5,B3/S23,0,0,0,1,0,0,0,0,0,0,0,1,1,0,0,0,0,0,0.10979304635761589,0.04875,0.08895416666666667,-0.18192401533635438,0.4721611305416073,1.0,0.991875,17.0,False,
1,0,20261025,0.1,B36/S23,0,0,0,1,0,0,1,0,0,0,0,1,1,0,0,0,0,0,0.023766556291390725,0.020625,0.0086,-0.015998605785988187,0.16043889604029846,1.0,0.9975,25.8,False,
1,1,20261026,0.2,B36/S23,0,0,0,1,0,0,1,0,0,0,0,1,1,0,0,0,0,0,0.16796771523178805,0.109375,0.15157083333333332,-0.15547501307075645,0.6409963572856211,1.0,0.94,39.4,False,
1,2,20261027,0.3,B36/S23,0,0,0,1,0,0,1,0,0,0,0,1,1,0,0,0,0,0,0.18039735099337745,0.0925,0.16897916666666665,-0.20700254879749067,0.6619954185141963,1.0,0.935,38.6,False,
1,3,20261028,0.4,B36/S23,0,0,0,1,0,0,1,0,0,0,0,1,1,0,0,0,0,0,0.13823261589403973,0.090625,0.12524583333333333,-0.24853487713489048,0.5418516754085029,1.0,0.97625,27.4,False,
1,4,20261029,0.5,B36/S23,0,0,0,1,0,0,1,0,0,0,0,1,1,0,0,0,0,0,0.1528435430463576,0.054375,0.14024583333333332,-0.18485447891251333,0.5939274737909577,1.0,0.964375,17.6,False,
2,0,20261125,0.1,B012356/S12378,1,1,1,1,0,1,1,0,0,0,1,1,1,0,0,0,1,1,0.5566846026490065,0.51375,0.6236375,-0.050852431160682665,0.9725158746035509,1.0,0.955625,26.2,False,
2,1,20261126,0.2,B012356/S12378,1,1,1,1,0,1,1,0,0,0,1,1,1,0,0,0,1,1,0.5530629139072847,0.525,0.6294166666666667,-0.026079099860579387,0.9820476204632953,1.0,0.87625,30.2,False,
2,2,20261127,0.3,B012356/S12378,1,1,1,1,0,1,1,0,0,0,1,1,1,0,0,0,1,1,0.5492673841059602,0.555625,0.6322708333333334,-0.006482114848379728,0.9891046117967343,1.0,0.6475,19.2,False,
2,3,20261128,0.4,B012356/S12378,1,1,1,1,0,1,1,0,0,0,1,1,1,0,0,0,1,1,0.5476903973509933,0.54375,0.6343000000000001,0.0025987931334952555,0.9913657267285455,1.0,0.563125,14.4,False,
2,4,20261129,0.5,B012356/S12378,1,1,1,1,0,1,1,0,0,0,1,1,1,0,0,0,1,1,0.5461423841059602,0.54125,0.6386249999999999,0.005401163297315689,0.9929654502952325,1.0,0.5662499999999999,6.4,False,
3,0,20261225,0.1,B068/S357,1,0,0,0,0,0,1,0,1,0,0,0,1,0,1,0,1,0,0.2880422185430464,0.29625,0.3506916666666667,-0.00013528232833768928,0.8602087488349915,1.0,0.815,82.2,False,
3,1,20261226,0.2,B068/S357,1,0,0,0,0,0,1,0,1,0,0,0,1,0,1,0,1,0,0.28484271523178806,0.26125,0.3466291666666667,0.006236384628790218,0.8584582457529718,1.0,0.754375,85.8,False,
3,2,20261227,0.3,B068/S357,1,0,0,0,0,0,1,0,1,0,0,0,1,0,1,0,1,0,0.2893336092715232,0.274375,0.3489375,0.003455254444056862,0.8635884851850603,1.0,0.7925,75.6,False,
3,3,20261228,0.4,B068/S357,1,0,0,0,0,0,1,0,1,0,0,0,1,0,1,0,1,0,0.2879635761589404,0.284375,0.3481208333333333,-0.000588184036249637,0.8624354300742749,1.0,0.7575000000000001,71.2,False,
3,4,20261229,0.5,B068/S357,1,0,0,0,0,0,1,0,1,0,0,0,1,0,1,0,1,0,0.28788493377483443,0.281875,0.3479458333333333,-0.0027049930289298925,0.8613993596904936,1.0,0.7462500000000001,65.4,False,
4,0,20261325,0.1,B0146/S357,1,1,0,0,1,0,1,0,0,0,0,0,1,0,1,0,1,0,0.4111341059602649,0.44375,0.474675,-0.0013230873126526973,0.9708726375538258,1.0,0.61375,38.0,False,
4,1,20261326,0.2,B0146/S357,1,1,0,0,1,0,1,0,0,0,0,0,1,0,1,0,1,0,0.41021523178807945,0.394375,0.474375,0.0018328468107349307,0.9750847017321113,1.0,0.5700000000000001,39.6,False,
4,2,20261327,0.3,B0146/S357,1,1,0,0,1,0,1,0,0,0,0,0,1,0,1,0,1,0,0.4094495033112583,0.428125,0.47274166666666684,0.004545355524572883,0.9753834661844082,1.0,0.565,32.0,False,
4,3,20261328,0.4,B0146/S357,1,1,0,0,1,0,1,0,0,0,0,0,1,0,1,0,1,0,0.40926738410596025,0.406875,0.47432083333333336,0.006131491808992587,0.9753791855152789,1.0,0.5625,28.0,False,
4,4,20261329,0.5,B0146/S357,1,1,0,0,1,0,1,0,0,0,0,0,1,0,1,0,1,0,0.41130794701986756,0.40625,0.46867916666666676,-0.0005898178807951837,0.9765754604077482,1.0,0.561875,20.0,False,
5,0,20261425,0.1,B0238/S68,1,0,1,1,0,0,0,0,1,0,0,0,0,0,0,1,0,1,0.36675910596026484,0.365625,0.6773875,0.004532284768211821,0.9443484157334114,1.0,0.700625,44.8,False,
5,1,20261426,0.2,B0238/S68,1,0,1,1,0,0,0,0,1,0,0,0,0,0,0,1,0,1,0.3657740066225166,0.391875,0.6783333333333335,0.0014122952248165975,0.9444885415088022,1.0,0.7224999999999999,45.4,False,
5,2,20261427,0.3,B0238/S68,1,0,1,1,0,0,0,0,1,0,0,0,0,0,0,1,0,1,0.3667342715231788,0.368125,0.6789375,-0.0008835831300106962,0.9465227221141466,1.0,0.701875,35.4,False,
5,3,20261428,0.4,B0238/S68,1,0,1,1,0,0,0,0,1,0,0,0,0,0,0,1,0,1,0.36714403973509935,0.344375,0.6795625000000001,-0.00019900226559798408,0.9477199128331756,1.0,0.705625,31.0,False,
5,4,20261429,0.5,B0238/S68,1,0,1,1,0,0,0,0,1,0,0,0,0,0,0,1,0,1,0.36710678807947017,0.369375,0.6781416666666666,-0.0035911903102129766,0.9465103613034022,1.0,0.719375,21.2,False,
6,0,20261525,0.1,B568/S01238,0,0,0,0,0,1,1,0,1,1,1,1,1,0,0,0,0,1,0.10875,0.10875,0.00125,-1.2498265613753846e-16,0.4961340296330602,1.0,1.0,107.0,False,
6,1,20261526,0.2,B568/S01238,0,0,0,0,0,1,1,0,1,1,1,1,1,0,0,0,0,1,0.1848799668874172,0.184375,0.0021666666666666666,-0.0011322542697806972,0.690628239207926,1.0,1.0,124.4,False,
6,2,20261527,0.3,B568/S01238,0,0,0,0,0,1,1,0,1,1,1,1,1,0,0,0,0,1,0.21804635761589405,0.216875,0.004170833333333334,-0.006819013593586665,0.7563608105512549,1.0,1.0,138.8,False,
6,3,20261528,0.4,B568/S01238,0,0,0,0,0,1,1,0,1,1,1,1,1,0,0,0,0,1,0.24357201986754967,0.241875,0.015487500000000001,-0.01175845242244709,0.8001651506569728,1.0,1.0,111.6,False,
6,4,20261529,0.5,B568/S01238,0,0,0,0,0,1,1,0,1,1,1,1,1,0,0,0,0,1,0.2542384105960264,0.25125,0.015308333333333334,-0.017483443708609245,0.8163102370936229,1.0,1.0,110.6,False,
7,0,20261625,0.1,B058/S03578,1,0,0,0,0,1,0,0,1,1,0,0,1,0,1,0,1,1,0.24747516556291393,0.260625,0.19922499999999999,-0.019000631753224227,0.8043355587703519,1.0,0.8512500000000001,154.2,False,
7,1,20261626,0.2,B058/S03578,1,0,0,0,0,1,0,0,1,1,0,0,1,0,1,0,1,1,0.2457284768211921,0.2375,0.18702916666666666,-0.018685299756012814,0.803075864781318,1.0,0.87625,171.0,False,
7,2,20261627,0.3,B058/S03578,1,0,0,0,0,1,0,0,1,1,0,0,1,0,1,0,1,1,0.2526158940397351,0.22,0.20714583333333333,-0.018570603868944244,0.8135548833777412,1.0,0.84875,146.8,False,
7,3,20261628,0.4,B058/S03578,1,0,0,0,0,1,0,0,1,1,0,0,1,0,1,0,1,1,0.24696192052980126,0.255625,0.19230833333333333,-0.024763855001742975,0.8045904313852037,1.0,0.884375,140.2,False,
7,4,20261629,0.5,B058/S03578,1,0,0,0,0,1,0,0,1,1,0,0,1,0,1,0,1,1,0.25007036423841056,0.24125,0.20161249999999997,-0.04638386632973158,0.8085116792132393,1.0,0.9075,141.8,False,
8,0,20261725,0.1,B36/S012568,0,0,0,1,0,0,1,0,0,1,1,1,0,0,1,1,0,1,0.33753311258278146,0.39625,0.32548750000000004,0.17323098204949441,0.9024175842260047,1.0,0.981875,47.8,False,
8,1,20261726,0.2,B36/S012568,0,0,0,1,0,0,1,0,0,1,1,1,0,0,1,1,0,1,0.36846026490066225,0.37125,0.3626708333333334,0.03568512547926108,0.9471442733570904,1.0,0.861875,47.0,False,
8,2,20261727,0.3,B36/S012568,0,0,0,1,0,0,1,0,0,1,1,1,0,0,1,1,0,1,0.37111754966887417,0.37,0.3656541666666666,-0.001868137852910567,0.9507241494404255,1.0,0.711875,37.6,False,
8,3,20261728,0.4,B36/S012568,0,0,0,1,0,0,1,0,0,1,1,1,0,0,1,1,0,1,0.37389486754966883,0.368125,0.36745000000000005,-0.0036611188567447304,0.9530724064726812,1.0,0.676875,31.0,False,
8,4,20261729,0.5,B36/S012568,0,0,0,1,0,0,1,0,0,1,1,1,0,0,1,1,0,1,0.373033940397351,0.363125,0.3660625,-0.012047642906936596,0.9521881168163905,1.0,0.681875,27.6,False,
9,0,20261825,0.1,B2345678/S345,0,0,1,1,1,1,1,1,1,0,0,0,1,1,1,0,0,0,0.5670943708609271,0.5825,0.6508458333333332,0.04718935169048438,0.9760314473629258,1.0,0.74,24.0,False,
9,1,20261826,0.2,B2345678/S345,0,0,1,1,1,1,1,1,1,0,0,0,1,1,1,0,0,0,0.5712789735099338,0.555,0.6555875,0.016418830602997207,0.979729660190272,1.0,0.62,28.6,False,
9,2,20261827,0.3,B2345678/S345,0,0,1,1,1,1,1,1,1,0,0,0,1,1,1,0,0,0,0.5751117549668875,0.569375,0.65875,0.009451137155802751,0.9795771795612458,1.0,0.6268750000000001,21.2,False,
9,3,20261828,0.4,B2345678/S345,0,0,1,1,1,1,1,1,1,0,0,0,1,1,1,0,0,0,0.5737582781456954,0.543125,0.6555124999999999,0.00861754966887308,0.97958933384567,1.0,0.6212500000000001,8.2,False,
9,4,20261829,0.5,B2345678/S345,0,0,1,1,1,1,1,1,1,0,0,0,1,1,1,0,0,0,0.5739486754966888,0.59875,0.6576458333333333,0.012377352736144575,0.9772034653646476,1.0,0.63,4.4,False,
10,0,20261925,0.1,B0135678/S0234568,1,1,0,1,0,1,1,1,1,1,0,1,1,1,1,1,0,1,0.7544163907284768,0.751875,0.4128333333333334,0.020791325374695104,0.7938202672771625,1.0,0.698125,24.0,False,
10,1,20261926,0.2,B0135678/S0234568,1,1,0,1,0,1,1,1,1,1,0,1,1,1,1,1,0,1,0.7553021523178808,0.736875,0.4116833333333333,0.023380642209828557,0.7944842166956716,1.0,0.685,26.4,False,
10,2,20261927,0.3,B0135678/S0234568,1,1,0,1,0,1,1,1,1,1,0,1,1,1,1,1,0,1,0.7538534768211921,0.77375,0.4107083333333333,0.02559450156849028,0.7993007750974952,1.0,0.68125,17.8,False,
10,3,20261928,0.4,B0135678/S0234568,1,1,0,1,0,1,1,1,1,1,0,1,1,1,1,1,0,1,0.7541225165562914,0.765625,0.4106,0.014479130359009246,0.8008984212084542,1.0,0.673125,9.2,False,
10,4,20261929,0.5,B0135678/S0234568,1,1,0,1,0,1,1,1,1,1,0,1,1,1,1,1,0,1,0.7550413907284769,0.756875,0.41150833333333336,0.008484881491808842,0.80115045111352,1.0,0.6793750000000001,2.6,False,
11,0,20262025,0.1,B135/S026,0,1,0,1,0,1,0,0,0,1,0,1,0,0,0,1,0,0,0.397773178807947,0.423125,0.5862416666666667,0.018516686998953827,0.9665158114571067,1.0,0.63625,36.8,False,
11,1,20262026,0.2,B135/S026,0,1,0,1,0,1,0,0,0,1,0,1,0,0,0,1,0,0,0.3986837748344371,0.38125,0.5889666666666667,0.0038738454165210454,0.9683923387412151,1.0,0.5974999999999999,46.2,False,
11,2,20262027,0.3,B135/S026,0,1,0,1,0,1,0,0,0,1,0,1,0,0,0,1,0,0,0.39983029801324504,0.40125,0.5892458333333334,0.0038039168699897288,0.9698307933956853,1.0,0.590625,41.2,False,
11,3,20262028,0.4,B135/S026,0,1,0,1,0,1,0,0,0,1,0,1,0,0,0,1,0,0,0.39935430463576155,0.396875,0.5884666666666666,0.00532339229696721,0.9698089526369401,1.0,0.5856250000000001,27.4,False,
11,4,20262029,0.5,B135/S026,0,1,0,1,0,1,0,0,0,1,0,1,0,0,0,1,0,0,0.40015314569536425,0.37625,0.5896750000000001,-0.003869924189613183,0.9700328186596551,1.0,0.584375,26.4,False,
12,0,20262125,0.1,B02358/S1568,1,0,1,1,0,1,0,0,1,0,1,0,0,0,1,1,0,1,0.4785968543046357,0.481875,0.5992083333333333,0.006263179679330579,0.9944059949197454,1.0,0.5743750000000001,32.0,False,
12,1,20262126,0.2,B02358/S1568,1,0,1,1,0,1,0,0,1,0,1,0,0,0,1,1,0,1,0.4780504966887417,0.4675,0.600375,0.002464164342976335,0.9966113492133077,1.0,0.565625,31.6,False,
12,2,20262127,0.3,B02358/S1568,1,0,1,1,0,1,0,0,1,0,1,0,0,0,1,1,0,1,0.47951986754966885,0.48875,0.5998291666666667,0.009614848379226286,0.9973582398742443,1.0,0.565625,23.2,False,
12,3,20262128,0.4,B02358/S1568,1,0,1,1,0,1,0,0,1,0,1,0,0,0,1,1,0,1,0.47908940397350996,0.45875,0.5999583333333331,0.00794800017427655,0.998097194375471,1.0,0.5675,12.8,False,
12,4,20262129,0.5,B02358/S1568,1,0,1,1,0,1,0,0,1,0,1,0,0,0,1,1,0,1,0.4792135761589403,0.460625,0.6011166666666666,0.0016871078773088794,0.9981183796551122,1.0,0.561875,13.0,False,
13,0,20262225,0.1,B027/S02567,1,0,1,0,0,0,0,1,0,1,0,1,0,0,1,1,1,0,0.3536299668874172,0.331875,0.40479583333333335,-0.004414647960962324,0.9334891412232201,1.0,0.7112499999999999,63.8,False,
13,1,20262226,0.2,B027/S02567,1,0,1,0,0,0,0,1,0,1,0,1,0,0,1,1,1,0,0.3519081125827814,0.318125,0.40638750000000007,0.007707171488323117,0.9338691385474754,1.0,0.64625,69.6,False,
13,2,20262227,0.3,B027/S02567,1,0,1,0,0,0,0,1,0,1,0,1,0,0,1,1,1,0,0.3544495033112583,0.345,0.4046166666666666,-0.000679352561868812,0.9371827197258638,1.0,0.63375,62.4,False,
13,3,20262228,0.4,B027/S02567,1,0,1,0,0,0,0,1,0,1,0,1,0,0,1,1,1,0,0.35275248344370863,0.338125,0.4049041666666667,-0.0018361144998260868,0.9355882897064917,1.0,0.645,42.6,False,
13,4,20262229,0.5,B027/S02567,1,0,1,0,0,0,0,1,0,1,0,1,0,0,1,1,1,0,0.35479304635761594,0.3375,0.4041083333333333,0.0005502788428020195,0.9368229410915276,1.0,0.6637500000000001,48.2,False,
14,0,20262325,0.1,B0124568/S01478,1,1,1,0,1,1,1,0,1,1,1,0,0,1,0,0,1,1,0.5497433774834437,0.535625,0.6913208333333334,-0.05695026577204607,0.9750909679467317,1.0,0.90125,25.0,False,
14,1,20262326,0.2,B0124568/S01478,1,1,1,0,1,1,1,0,1,1,1,0,0,1,0,0,1,1,0.5419701986754967,0.55125,0.7034583333333333,-0.010537970547229521,0.9897945842414376,1.0,0.635,29.4,False,
14,2,20262327,0.3,B0124568/S01478,1,1,1,0,1,1,1,0,1,1,1,0,0,1,0,0,1,1,0.5378559602649007,0.53,0.7070458333333333,0.0017315484489363404,0.9941055772106123,1.0,0.635,17.8,False,
14,3,20262328,0.4,B0124568/S01478,1,1,1,0,1,1,1,0,1,1,1,0,0,1,0,0,1,1,0.537918046357616,0.53125,0.7080916666666667,0.00820712791913507,0.995163922092251,1.0,0.619375,7.8,False,
14,4,20262329,0.5,B0124568/S01478,1,1,1,0,1,1,1,0,1,1,1,0,0,1,0,0,1,1,0.540273178807947,0.53375,0.7069916666666667,0.0041476777622859555,0.9947468941850576,1.0,0.631875,5.2,False,
15,0,20262425,0.1,B123/S02457,0,1,1,1,0,0,0,0,0,1,0,1,0,1,1,0,1,0,0.49580711920529796,0.5075,0.38960416666666664,0.014338292959218742,0.9958933321842537,1.0,0.661875,31.6,False,
15,1,20262426,0.2,B123/S02457,0,1,1,1,0,0,0,0,0,1,0,1,0,1,1,0,1,0,0.4969329470198675,0.498125,0.3924541666666666,0.0049364979086786226,0.9965193816210712,1.0,0.6675,32.4,False,
15,2,20262427,0.3,B123/S02457,0,1,1,1,0,0,0,0,0,1,0,1,0,1,1,0,1,0,0.4970778145695364,0.501875,0.38925833333333326,0.002621993726036327,0.9973659851733585,1.0,0.671875,24.4,False,
15,3,20262428,0.4,B123/S02457,0,1,1,1,0,0,0,0,0,1,0,1,0,1,1,0,1,0,0.49751241721854306,0.480625,0.3855958333333333,0.0004816573719059281,0.9991043544040903,1.0,0.671875,13.6,False,
15,4,20262429,0.5,B123/S02457,0,1,1,1,0,0,0,0,0,1,0,1,0,1,1,0,1,0,0.4960844370860927,0.50625,0.3877541666666666,-0.0012926978041131701,0.9992034156366014,1.0,0.659375,12.6,False,
16,0,20262525,0.1,B0125/S246,1,1,1,0,0,1,0,0,0,0,0,1,0,1,0,1,0,0,0.445480132450331,0.409375,0.47592083333333335,-0.005871710526316298,0.9779771705865945,1.0,0.78375,36.2,False,
16,1,20262526,0.2,B0125/S246,1,1,1,0,0,1,0,0,0,0,0,1,0,1,0,1,0,0,0.4461423841059603,0.455,0.4659916666666667,-0.0013080559428377664,0.9871544772292742,1.0,0.650625,35.6,False,
16,2,20262527,0.3,B0125/S246,1,1,1,0,0,1,0,0,0,0,0,1,0,1,0,1,0,0,0.44371274834437086,0.43,0.46099583333333327,0.0008221505751131856,0.9896381355248001,1.0,0.5762499999999999,26.4,False,
16,3,20262528,0.4,B0125/S246,1,1,1,0,0,1,0,0,0,0,0,1,0,1,0,1,0,0,0.4441390728476821,0.4575,0.4632125,0.0024510935866155856,0.9903851507305788,1.0,0.5743750000000001,19.4,False,
16,4,20262529,0.5,B0125/S246,1,1,1,0,0,1,0,0,0,0,0,1,0,1,0,1,0,0,0.44581539735099346,0.4425,0.4623791666666667,-0.00020619118159694006,0.9907617056082789,1.0,0.57875,16.4,False,
17,0,20262625,0.1,B018/S25678,1,1,0,0,0,0,0,0,1,0,0,1,0,0,1,1,1,1,0.4081746688741722,0.37625,0.3335958333333333,-0.16657339229696808,0.9517219067555813,1.0,0.915,68.8,False,
17,1,20262626,0.2,B018/S25678,1,1,0,0,0,0,0,0,1,0,0,1,0,0,1,1,1,1,0.3734850993377483,0.411875,0.35907083333333334,0.0051737321366324834,0.9509438186855649,1.0,0.7224999999999999,73.2,False,
17,2,20262627,0.3,B018/S25678,1,1,0,0,0,0,0,0,1,0,0,1,0,0,1,1,1,1,0.375078642384106,0.34875,0.35805833333333337,-0.010466081387243023,0.9521127520934737,1.0,0.7275,67.6,False,
17,3,20262628,0.4,B018/S25678,1,1,0,0,0,0,0,0,1,0,0,1,0,0,1,1,1,1,0.37489652317880795,0.36,0.35746249999999996,-0.006571976298362147,0.9522641363230102,1.0,0.70875,54.2,False,
17,4,20262629,0.5,B018/S25678,1,1,0,0,0,0,0,0,1,0,0,1,0,0,1,1,1,1,0.37436258278145695,0.365625,0.3588958333333333,0.008515597769257284,0.9521131528631674,1.0,0.7481249999999999,53.0,False,
18,0,20262725,0.1,B245/S45,0,0,1,0,1,1,0,0,0,0,0,0,0,1,1,0,0,0,0.5132450331125827,0.53125,0.5306541666666665,0.08393909027535659,0.987045685132373,1.0,0.828125,26.2,False,
18,1,20262726,0.2,B245/S45,0,0,1,0,1,1,0,0,0,0,0,0,0,1,1,0,0,0,0.5196854304635762,0.508125,0.5386708333333334,0.04037556639944211,0.9941267627564411,1.0,0.6875,26.8,False,
18,2,20262727,0.3,B245/S45,0,0,1,0,1,1,0,0,0,0,0,0,0,1,1,0,0,0,0.5209602649006624,0.520625,0.5376416666666667,0.017094261937957093,0.9964110811971,1.0,0.6125,21.6,False,
18,3,20262728,0.4,B245/S45,0,0,1,0,1,1,0,0,0,0,0,0,0,1,1,0,0,0,0.5244205298013245,0.506875,0.5377458333333334,0.008771131056116733,0.9972063627142834,1.0,0.548125,9.4,False,
18,4,20262729,0.5,B245/S45,0,0,1,0,1,1,0,0,0,0,0,0,0,1,1,0,0,0,0.5222889072847682,0.515,0.5379208333333333,-0.002398810561171462,0.9979347516494141,1.0,0.5449999999999999,4.4,False,
19,0,20262825,0.1,B048/S2368,1,0,0,0,1,0,0,0,1,0,0,1,1,0,0,1,0,1,0.3307201986754967,0.3275,0.3065041666666667,-0.00013822324851874235,0.9131486882388687,1.0,0.73,58.4,False,
19,1,20262826,0.2,B048/S2368,1,0,0,0,1,0,0,0,1,0,0,1,1,0,0,1,0,1,0.3284644039735099,0.34625,0.30346666666666666,0.006762482572324482,0.9121314366714877,1.0,0.73375,70.0,False,
19,2,20262827,0.3,B048/S2368,1,0,0,0,1,0,0,0,1,0,0,1,1,0,0,1,0,1,0.3314403973509934,0.314375,0.30593333333333333,-0.0011440179505055033,0.9157364847950498,1.0,0.7262500000000001,57.4,False,
19,3,20262828,0.4,B048/S2368,1,0,0,0,1,0,0,0,1,0,0,1,1,0,0,1,0,1,0.3311134105960265,0.32625,0.30591666666666667,-0.006757254269780739,0.9152175541272516,1.0,0.723125,45.2,False,
19,4,20262829,0.5,B048/S2368,1,0,0,0,1,0,0,0,1,0,0,1,1,0,0,1,0,1,0.3302400662251656,0.32,0.30494583333333336,-0.007706517950505661,0.9136631582832344,1.0,0.73125,46.2,False,
20,0,20262925,0.1,B0123568/S012345,1,1,1,1,0,1,1,0,1,1,1,1,1,1,1,0,0,0,0.49739238410596026,0.0,0.9991625,-0.004163035901011427,0.0040623573889726405,0.02666666666666667,1.0,21.2,True,4.0
20,1,20262926,0.2,B0123568/S012345,1,1,1,1,0,1,1,0,1,1,1,1,1,1,1,0,0,0,0.49813327814569536,0.0,0.9976708333333333,-0.008512330080167878,0.009872370499907156,0.05333333333333334,1.0,22.8,True,8.0
20,2,20262927,0.3,B0123568/S012345,1,1,1,1,0,1,1,0,1,1,1,1,1,1,1,0,0,0,0.49883692052980133,0.0,0.9954958333333334,-0.012602169745556644,0.016466586588058565,0.06666666666666667,1.0,17.0,True,10.0
20,3,20262928,0.4,B0123568/S012345,1,1,1,1,0,1,1,0,1,1,1,1,1,1,1,0,0,0,0.49970612582781454,0.0,0.9927499999999999,-0.017641926629487978,0.02435000554077179,0.09333333333333334,1.0,6.8,True,14.0
20,4,20262929,0.5,B0123568/S012345,1,1,1,1,0,1,1,0,1,1,1,1,1,1,1,0,0,0,0.5018087748344371,0.0,0.9866708333333333,-0.0293431944928554,0.054146064529192774,0.13333333333333333,1.0,1.4,True,20.0
21,0,20263025,0.1,B15678/S01234567,0,1,0,0,0,1,1,1,1,1,1,1,1,1,1,1,1,0,0.6804552980132449,0.70875,0.3176083333333334,0.033138288602300156,0.8943240646071074,1.0,0.79875,22.4,False,
21,1,20263026,0.2,B15678/S01234567,0,1,0,0,0,1,1,1,1,1,1,1,1,1,1,1,1,0,0.683166390728477,0.676875,0.31882916666666666,0.026844065876611468,0.8936556804868392,1.0,0.8,25.4,False,
21,2,20263027,0.3,B15678/S01234567,0,1,0,0,0,1,1,1,1,1,1,1,1,1,1,1,1,0,0.6844950331125828,0.696875,0.3172625,0.02395412164517227,0.8936020962181336,1.0,0.8575,16.4,False,
21,3,20263028,0.4,B15678/S01234567,0,1,0,0,0,1,1,1,1,1,1,1,1,1,1,1,1,0,0.6843791390728476,0.725625,0.31548333333333334,0.018518647612407943,0.8963488463595389,1.0,0.84375,4.2,False,
21,4,20263029,0.5,B15678/S01234567,0,1,0,0,0,1,1,1,1,1,1,1,1,1,1,1,1,0,0.6876903973509934,0.700625,0.3190541666666667,0.006442249041476898,0.8936318315799245,1.0,0.8075,1.8,False,
22,0,20263125,0.1,B0456/S1238,1,0,0,0,1,1,1,0,0,0,1,1,1,0,0,0,0,1,0.40370860927152324,0.393125,0.4206458333333334,0.008120534158242994,0.9701464441982033,1.0,0.660625,40.4,False,
22,1,20263126,0.2,B0456/S1238,1,0,0,0,1,1,1,0,0,0,1,1,1,0,0,0,0,1,0.4034602649006622,0.39875,0.4198333333333333,-0.0026396392471244572,0.9709932916263746,1.0,0.7268749999999999,45.0,False,
22,2,20263127,0.3,B0456/S1238,1,0,0,0,1,1,1,0,0,0,1,1,1,0,0,0,0,1,0.4061879139072847,0.399375,0.42160000000000003,0.004672795399093285,0.9734090014666649,1.0,0.7324999999999999,36.8,False,
22,3,20263128,0.4,B0456/S1238,1,0,0,0,1,1,1,0,0,0,1,1,1,0,0,0,0,1,0.4042673841059603,0.394375,0.4190249999999999,0.0004888462879050091,0.9723342825529406,1.0,0.6825,32.6,False,
22,4,20263129,0.5,B0456/S1238,1,0,0,0,1,1,1,0,0,0,1,1,1,0,0,0,0,1,0.4065935430463576,0.40625,0.4245041666666666,-0.005884127744859467,0.9737129900345936,1.0,0.6487499999999999,20.2,False,
23,0,20263225,0.1,B02346/S1578,1,0,1,1,1,0,1,0,0,0,1,0,0,0,1,0,1,1,0.5077855960264901,0.519375,0.6960958333333334,0.01124509846636441,0.995675420342933,1.0,0.5918749999999999,25.2,False,
23,1,20263226,0.2,B02346/S1578,1,0,1,1,1,0,1,0,0,0,1,0,0,0,1,0,1,1,0.5065480132450331,0.495,0.6980208333333333,0.004224468455907687,0.9971405809295517,1.0,0.600625,27.6,False,
23,2,20263227,0.3,B02346/S1578,1,0,1,1,1,0,1,0,0,0,1,0,0,0,1,0,1,1,0.5099958609271522,0.50375,0.6961666666666667,-0.00020749825723310252,0.9984493834393534,1.0,0.595,21.2,False,
23,3,20263228,0.4,B02346/S1578,1,0,1,1,1,0,1,0,0,0,1,0,0,0,1,0,1,1,0.507748344370861,0.539375,0.6994791666666667,0.006589948588357818,0.9989832499173718,1.0,0.594375,7.6,False,
23,4,20263229,0.5,B02346/S1578,1,0,1,1,1,0,1,0,0,0,1,0,0,0,1,0,1,1,0.5088203642384106,0.5,0.6982541666666666,6.47002439870417e-05,0.999300532816739,1.0,0.5925,6.6,False,
24,0,20263325,0.1,B024568/S012368,1,0,1,0,1,1,1,0,1,1,1,1,1,0,0,1,0,1,0.5660885761589405,0.576875,0.6555916666666667,0.013529539909375596,0.9821948131557249,1.0,0.60875,24.4,False,
24,1,20263326,0.2,B024568/S012368,1,0,1,0,1,1,1,0,1,1,1,1,1,0,0,1,0,1,0.5670529801324502,0.558125,0.6529875,0.012410356395956803,0.9839625363749144,1.0,0.60875,27.8,False,
24,2,20263327,0.3,B024568/S012368,1,0,1,0,1,1,1,0,1,1,1,1,1,0,0,1,0,1,0.5686423841059602,0.575625,0.6525291666666667,0.012781892645520482,0.9842547033011025,1.0,0.625,15.0,False,
24,3,20263328,0.4,B024568/S012368,1,0,1,0,1,1,1,0,1,1,1,1,1,0,0,1,0,1,0.5688700331125828,0.555,0.6531083333333334,0.0004015989891946025,0.9851731293161679,1.0,0.620625,8.2,False,
24,4,20263329,0.5,B024568/S012368,1,0,1,0,1,1,1,0,1,1,1,1,1,0,0,1,0,1,0.5697889072847683,0.56125,0.6557624999999999,0.0013982441617282262,0.9851741365662322,1.0,0.62625,3.6,False,
25,0,20263425,0.1,B0234/S024567,1,0,1,1,1,0,0,0,0,1,0,1,0,1,1,1,1,0,0.7245778145695366,0.730625,0.01695,0.03947205036598069,0.8401491046108422,1.0,1.0,23.8,False,
25,1,20263426,0.2,B0234/S024567,1,0,1,1,1,0,0,0,0,1,0,1,0,1,1,1,1,0,0.7239114238410596,0.72875,0.015408333333333335,0.030718891599860573,0.8442358068108801,1.0,1.0,22.2,False,
25,2,20263427,0.3,B0234/S024567,1,0,1,1,1,0,0,0,0,1,0,1,0,1,1,1,1,0,0.7339610927152318,0.73875,0.014274999999999996,0.026132689961658108,0.8316242820917881,1.0,1.0,16.2,False,
25,3,20263428,0.4,B0234/S024567,1,0,1,1,1,0,0,0,0,1,0,1,0,1,1,1,1,0,0.7281581125827815,0.73125,0.013312499999999998,0.01982114848379146,0.8418027223264621,1.0,1.0,4.8,False,
25,4,20263429,0.5,B0234/S024567,1,0,1,1,1,0,0,0,0,1,0,1,0,1,1,1,1,0,0.7290645695364241,0.730625,0.013537500000000001,0.014980067096548321,0.8417014316360012,1.0,0.99875,2.0,False,
26,0,20263525,0.1,B0145/S01345,1,1,0,0,1,1,0,0,0,1,1,0,1,1,1,0,0,0,0.5530422185430464,0.559375,0.44958333333333333,0.025058600557684985,0.9780705557005779,1.0,0.829375,24.2,False,
26,1,20263526,0.2,B0145/S01345,1,1,0,0,1,1,0,0,0,1,1,0,1,1,1,0,0,0,0.5560306291390728,0.5525,0.43751666666666666,0.013620708434994428,0.986791865913575,1.0,0.608125,26.0,False,
26,2,20263527,0.3,B0145/S01345,1,1,0,0,1,1,0,0,0,1,1,0,1,1,1,0,0,0,0.554793046357616,0.560625,0.44049583333333336,0.012953773091669094,0.9888481986652626,1.0,0.624375,14.6,False,
26,3,20263528,0.4,B0145/S01345,1,1,0,0,1,1,0,0,0,1,1,0,1,1,1,0,0,0,0.5568584437086093,0.554375,0.43921249999999984,0.005615523701637894,0.9888775563777786,1.0,0.635,10.4,False,
26,4,20263529,0.5,B0145/S01345,1,1,0,0,1,1,0,0,0,1,1,0,1,1,1,0,0,0,0.5574544701986754,0.5575,0.4393208333333334,0.0014472594980821933,0.9886855419063286,1.0,0.6074999999999999,5.0,False,
27,0,20263625,0.1,B3468/S3456,0,0,0,1,1,0,1,0,1,0,0,0,1,1,1,1,0,0,0.5106208609271524,0.660625,0.28739166666666666,0.6248216930986408,0.8305735731791402,1.0,0.994375,20.8,False,
27,1,20263626,0.2,B3468/S3456,0,0,0,1,1,0,1,0,1,0,0,0,1,1,1,1,0,0,0.6308029801324503,0.665,0.3548416666666666,0.10531337138375702,0.931153837263631,1.0,0.80375,24.0,False,
27,2,20263627,0.3,B3468/S3456,0,0,0,1,1,0,1,0,1,0,0,0,1,1,1,1,0,0,0.6451779801324503,0.679375,0.3623416666666667,0.03746046096200736,0.9324123864465069,1.0,0.68625,16.6,False,
27,3,20263628,0.4,B3468/S3456,0,0,0,1,1,0,1,0,1,0,0,0,1,1,1,1,0,0,0.6492922185430465,0.6525,0.36299166666666666,0.013825919309863557,0.9326163565281146,1.0,0.68125,6.8,False,
27,4,20263629,0.5,B3468/S3456,0,0,0,1,1,0,1,0,1,0,0,0,1,1,1,1,0,0,0.6507243377483444,0.664375,0.3609458333333333,0.0060426106657366025,0.9318308998079992,1.0,0.6825,2.6,False,
28,0,20263725,0.1,B02348/S0125,1,0,1,1,1,0,0,0,1,1,1,1,0,0,1,0,0,0,0.4832905629139073,0.441875,0.6284083333333333,0.016145325026141338,0.9866972210719932,1.0,0.709375,37.8,False,
28,1,20263726,0.2,B02348/S0125,1,0,1,1,1,0,0,0,1,1,1,1,0,0,1,0,0,0,0.4839114238410597,0.504375,0.6292958333333333,0.008890401707911994,0.9922634197416752,1.0,0.635625,38.0,False,
28,2,20263727,0.3,B02348/S0125,1,0,1,1,1,0,0,0,1,1,1,1,0,0,1,0,0,0,0.48485513245033124,0.498125,0.6284291666666667,0.00893549581735741,0.9873986649169147,1.0,0.6643749999999999,28.6,False,
28,3,20263728,0.4,B02348/S0125,1,0,1,1,1,0,0,0,1,1,1,1,0,0,1,0,0,0,0.48593956953642375,0.470625,0.6314708333333333,0.003974163471592201,0.9964121021266489,1.0,0.6275,19.2,False,
28,4,20263729,0.5,B02348/S0125,1,0,1,1,1,0,0,0,1,1,1,1,0,0,1,0,0,0,0.48563327814569546,0.511875,0.6302083333333334,0.0011384628790510004,0.9955698462566935,1.0,0.62375,16.0,False,
29,0,20263825,0.1,B012456/S012345,1,1,1,0,1,1,1,0,0,1,1,1,1,1,1,0,0,0,0.49725993377483446,0.0,0.9982583333333334,-0.0033761763680728147,0.007399163958369796,0.05333333333333334,1.0,19.8,True,8.0
29,1,20263826,0.2,B012456/S012345,1,1,1,0,1,1,1,0,0,1,1,1,1,1,1,0,0,0,0.49819950331125834,0.0,0.9924958333333332,-0.008655454862321417,0.029532136705540533,0.14666666666666667,1.0,24.2,True,22.0
29,2,20263827,0.3,B012456/S012345,1,1,1,0,1,1,1,0,0,1,1,1,1,1,1,0,0,0,0.5006125827814568,0.008125,0.9779374999999997,-0.015084306378529401,0.09843958329732701,1.0,1.0,17.4,False,
29,3,20263828,0.4,B012456/S012345,1,1,1,0,1,1,1,0,0,1,1,1,1,1,1,0,0,0,0.5043377483443708,0.025,0.9538333333333333,-0.020554091146741244,0.21487528355884414,1.0,1.0,6.8,False,
29,4,20263829,0.5,B012456/S012345,1,1,1,0,1,1,1,0,0,1,1,1,1,1,1,0,0,0,0.5023758278145695,0.0075,0.9764083333333334,-0.02518375304984348,0.10714739938934671,1.0,1.0,1.6,False,
30,0,20263925,0.1,B03458/S014,1,0,0,1,1,1,0,0,1,1,1,0,0,1,0,0,0,0,0.4765149006622518,0.473125,0.6620833333333335,0.020342671662599964,0.9943240076820827,1.0,0.606875,28.0,False,
30,1,20263926,0.2,B03458/S014,1,0,0,1,1,1,0,0,1,1,1,0,0,1,0,0,0,0,0.476510761589404,0.465625,0.6618666666666667,0.011920203032415507,0.9958449997605755,1.0,0.589375,28.0,False,
30,2,20263927,0.3,B03458/S014,1,0,0,1,1,1,0,0,1,1,1,0,0,1,0,0,0,0,0.47836092715231787,0.50375,0.6641791666666667,0.006834371732310449,0.9970660925086222,1.0,0.57125,23.4,False,
30,3,20263928,0.4,B03458/S014,1,0,0,1,1,1,0,0,1,1,1,0,0,1,0,0,0,0,0.4788907284768212,0.48375,0.6643,0.0019720503659803575,0.9979453748034869,1.0,0.5775,9.6,False,
30,4,20263929,0.5,B03458/S014,1,0,0,1,1,1,0,0,1,1,1,0,0,1,0,0,0,0,0.4796316225165563,0.501875,0.665525,-0.001269823980481202,0.997953307025675,1.0,0.5706249999999999,7.0,False,
31,0,20264025,0.1,B128/S0156,0,1,1,0,0,0,0,0,1,1,1,0,0,0,1,1,0,0,0.36901903973509936,0.366875,0.49735,0.008484554722899738,0.9459168113278861,1.0,0.7262500000000001,45.8,False,
31,1,20264026,0.2,B128/S0156,0,1,1,0,0,0,0,0,1,1,1,0,0,0,1,1,0,0,0.37108857615894036,0.386875,0.49934583333333327,-0.0038963924712445354,0.9486782354866461,1.0,0.615,45.6,False,
31,2,20264027,0.3,B128/S0156,0,1,1,0,0,0,0,0,1,1,1,0,0,0,1,1,0,0,0.37096440397350994,0.39375,0.4998708333333334,0.0035310648309510037,0.9496431471634142,1.0,0.598125,41.0,False,
31,3,20264028,0.4,B128/S0156,0,1,1,0,0,0,0,0,1,1,1,0,0,0,1,1,0,0,0.3702400662251656,0.355625,0.4996541666666667,-0.0005924320320670713,0.9493945263109758,1.0,0.5900000000000001,27.8,False,
31,4,20264029,0.5,B128/S0156,0,1,1,0,0,0,0,0,1,1,1,0,0,0,1,1,0,0,0.37001241721854305,0.35,0.4985916666666668,-0.004565941965841942,0.9488759700121274,1.0,0.630625,29.0,False,
32,0,20264125,0.1,B05678/S01,1,0,0,0,0,1,1,1,1,1,1,0,0,0,0,0,0,0,0.20831539735099341,0.210625,0.03813333333333334,-0.008732245555943055,0.7360574465539829,1.0,1.0,234.4,False,
32,1,20264126,0.2,B05678/S01,1,0,0,0,0,1,1,1,1,1,1,0,0,0,0,0,0,0,0.2130794701986755,0.216875,0.048779166666666665,-0.0031232572324852853,0.747194895380307,1.0,1.0,233.4,False,
32,2,20264127,0.3,B05678/S01,1,0,0,0,0,1,1,1,1,1,1,0,0,0,0,0,0,0,0.21719370860927154,0.215625,0.03224166666666667,-0.006063850644824148,0.7544113782020624,1.0,1.0,231.6,False,
32,3,20264128,0.4,B05678/S01,1,0,0,0,0,1,1,1,1,1,1,0,0,0,0,0,0,0,0.2180877483443708,0.2125,0.048683333333333335,-0.009067837225514484,0.755397205645287,1.0,1.0,223.6,False,
32,4,20264129,0.5,B05678/S01,1,0,0,0,0,1,1,1,1,1,1,0,0,0,0,0,0,0,0.2125455298013245,0.20375,0.041716666666666666,-0.014010870512373859,0.744112625417862,1.0,1.0,208.0,False,
33,0,20264225,0.1,B0245678/S013456,1,0,1,0,1,1,1,1,1,1,1,0,1,1,1,1,0,0,0.6387665562913907,0.59125,0.5311041666666666,0.024737386720111436,0.9303424470822068,1.0,0.705625,22.8,False,
33,1,20264226,0.2,B0245678/S013456,1,0,1,0,1,1,1,1,1,1,1,0,1,1,1,1,0,0,0.6401200331125828,0.6675,0.5278916666666666,0.017826551063087736,0.9328618001041754,1.0,0.690625,25.8,False,
33,2,20264227,0.3,B0245678/S013456,1,0,1,0,1,1,1,1,1,1,1,0,1,1,1,1,0,0,0.6408816225165562,0.66,0.5263583333333334,0.008886807249912547,0.9342415471883829,1.0,0.7050000000000001,16.0,False,
33,3,20264228,0.4,B0245678/S013456,1,0,1,0,1,1,1,1,1,1,1,0,1,1,1,1,0,0,0.6417549668874172,0.606875,0.5266208333333334,0.0075075156849073645,0.9357907802511125,1.0,0.7,6.2,False,
33,4,20264229,0.5,B0245678/S013456,1,0,1,0,1,1,1,1,1,1,1,0,1,1,1,1,0,0,0.6419701986754967,0.633125,0.5292666666666667,0.00789342976646858,0.9361247357669107,1.0,0.6799999999999999,3.0,False,
34,0,20264325,0.1,B3458/S016,0,0,0,1,1,1,0,0,1,1,1,0,0,0,0,1,0,0,0.3722185430463577,0.43875,0.6420708333333335,0.2521620120250955,0.9223479357356448,1.0,0.943125,34.0,False,
34,1,20264326,0.2,B3458/S016,0,0,0,1,1,1,0,0,1,1,1,0,0,0,0,1,0,0,0.41486341059602655,0.45,0.7294625,0.07511404234925041,0.9733943276707613,1.0,0.79125,35.6,False,
34,2,20264327,0.3,B3458/S016,0,0,0,1,1,1,0,0,1,1,1,0,0,0,0,1,0,0,0.42821605960264897,0.424375,0.7640375,0.0011766948414079397,0.9842477332375761,1.0,0.79125,30.0,False,
34,3,20264328,0.4,B3458/S016,0,0,0,1,1,1,0,0,1,1,1,0,0,0,0,1,0,0,0.4294991721854305,0.443125,0.7627125,-0.00308404496340238,0.9851645129030275,1.0,0.79,18.6,False,
34,4,20264329,0.5,B3458/S016,0,0,0,1,1,1,0,0,1,1,1,0,0,0,0,1,0,0,0.42706953642384105,0.425,0.75455,0.0010061214708953015,0.9838190326086221,1.0,0.79125,12.4,False,
35,0,20264425,0.1,B1246/S28,0,1,1,0,1,0,1,0,0,0,0,1,0,0,0,0,0,1,0.40191225165562916,0.42,0.7058958333333334,0.010856243464621516,0.9661427821113824,1.0,0.6825,39.0,False,
35,1,20264426,0.2,B1246/S28,0,1,1,0,1,0,1,0,0,0,0,1,0,0,0,0,0,1,0.40383692052980136,0.43875,0.7078708333333332,0.003374542523526862,0.9670381111173914,1.0,0.7125,40.2,False,
35,2,20264427,0.3,B1246/S28,0,1,1,0,1,0,1,0,0,0,0,1,0,0,0,0,0,1,0.4043832781456953,0.456875,0.7070541666666667,0.0034026446497032923,0.9696453658295893,1.0,0.6825,35.6,False,
35,3,20264428,0.4,B1246/S28,0,1,1,0,1,0,1,0,0,0,0,1,0,0,0,0,0,1,0.4047350993377484,0.42625,0.7076125,-0.0013469414430118496,0.9717079388171176,1.0,0.683125,23.6,False,
35,4,20264429,0.5,B1246/S28,0,1,1,0,1,0,1,0,0,0,0,1,0,0,0,0,0,1,0.4050662251655629,0.39375,0.7087916666666666,0.0003692488672002068,0.9708139032160416,1.0,0.6793750000000001,22.4,False,
36,0,20264525,0.1,B17/S123478,0,1,0,0,0,0,0,1,0,0,1,1,1,1,0,0,1,1,0.40045115894039723,0.4025,0.004275,0.012090122865109501,0.9690880602049252,1.0,1.0,40.6,False,
36,1,20264526,0.2,B17/S123478,0,1,0,0,0,0,0,1,0,0,1,1,1,1,0,0,1,1,0.40179635761589405,0.403125,0.003933333333333332,0.007859445799929856,0.9711107214532084,1.0,1.0,42.2,False,
36,2,20264527,0.3,B17/S123478,0,1,0,0,0,0,0,1,0,0,1,1,1,1,0,0,1,1,0.4018211920529801,0.4025,0.003970833333333334,0.0040032459044955036,0.9718401758085041,1.0,1.0,44.2,False,
36,3,20264528,0.4,B17/S123478,0,1,0,0,0,0,0,1,0,0,1,1,1,1,0,0,1,1,0.40357201986754965,0.40375,0.0011833333333333333,0.0010587312652488405,0.9729891720345512,1.0,1.0,35.0,False,
36,4,20264529,0.5,B17/S123478,0,1,0,0,0,0,0,1,0,0,1,1,1,1,0,0,1,1,0.40216059602649007,0.401875,0.0041875,-0.001730568142209906,0.971985997155507,1.0,1.0,31.8,False,
37,0,20264625,0.1,B12568/S078,0,1,1,0,0,1,1,0,1,1,0,0,0,0,0,0,1,1,0.3738451986754967,0.3775,0.6800333333333333,0.009998475078424279,0.9503953403376386,1.0,0.700625,55.2,False,
37,1,20264626,0.2,B12568/S078,0,1,1,0,0,1,1,0,1,1,0,0,0,0,0,0,1,1,0.3758609271523179,0.36375,0.6806916666666667,0.00476592453816636,0.9525912583474354,1.0,0.6912499999999999,59.6,False,
37,2,20264627,0.3,B12568/S078,0,1,1,0,0,1,1,0,1,1,0,0,0,0,0,0,1,1,0.3745612582781456,0.39625,0.6783583333333333,0.0030905803415823174,0.9526558515345606,1.0,0.6956249999999999,53.0,False,
37,3,20264628,0.4,B12568/S078,0,1,1,0,0,1,1,0,1,1,0,0,0,0,0,0,1,1,0.37625413907284766,0.365625,0.6785708333333335,-0.0021037382363194124,0.9535002962997148,1.0,0.696875,44.0,False,
37,4,20264629,0.5,B12568/S078,0,1,1,0,0,1,1,0,1,1,0,0,0,0,0,0,1,1,0.3770985099337748,0.3475,0.6797833333333333,0.0019664952945272923,0.9539825823106325,1.0,0.688125,40.8,False,
38,0,20264725,0.1,B457/S12367,0,0,0,0,1,1,0,1,0,0,1,1,1,0,0,1,1,0,0.05042218543046356,0.05,0.0007291666666666667,-0.002444884977344056,0.2880412425708681,1.0,1.0,43.6,False,
38,1,20264726,0.2,B457/S12367,0,0,0,0,1,1,0,1,0,0,1,1,1,0,0,1,1,0,0.10577400662251656,0.091875,0.017608333333333337,-0.062776555420007,0.4828157849463358,1.0,1.0,61.2,False,
38,2,20264727,0.3,B457/S12367,0,0,0,0,1,1,0,1,0,0,1,1,1,0,0,1,1,0,0.12855960264900662,0.080625,0.04697916666666667,-0.19721549320320697,0.5279064925629186,1.0,1.0,51.8,False,
38,3,20264728,0.4,B457/S12367,0,0,0,0,1,1,0,1,0,0,1,1,1,0,0,1,1,0,0.20044701986754965,0.0725,0.13821666666666668,-0.4174747298710362,0.6510903598521156,1.0,1.0,29.8,False,
38,4,20264729,0.5,B457/S12367,0,0,0,0,1,1,0,1,0,0,1,1,1,0,0,1,1,0,0.21329884105960267,0.064375,0.155325,-0.4747122255141169,0.6591601986496917,1.0,1.0,21.8,False,
39,0,20264825,0.1,B0148/S023458,1,1,0,0,1,0,0,0,1,1,0,1,1,1,1,0,0,1,0.5627897350993376,0.56375,0.020716666666666664,0.005891643429766026,0.9822113392558135,1.0,1.0,19.4,False,
39,1,20264826,0.2,B0148/S023458,1,1,0,0,1,0,0,0,1,1,0,1,1,1,1,0,0,1,0.5660223509933776,0.568125,0.016574999999999996,0.01792033373997883,0.9843017481188056,1.0,1.0,25.4,False,
39,2,20264827,0.3,B0148/S023458,1,1,0,0,1,0,0,0,1,1,0,1,1,1,1,0,0,1,0.5700455298013245,0.57125,0.014395833333333332,0.012648570930636973,0.9844002967959757,1.0,1.0,14.2,False,
39,3,20264828,0.4,B0148/S023458,1,1,0,0,1,0,0,0,1,1,0,1,1,1,1,0,0,1,0.569205298013245,0.570625,0.011358333333333335,0.008437173231090911,0.9856316196304771,1.0,1.0,4.6,False,
39,4,20264829,0.5,B0148/S023458,1,1,0,0,1,0,0,0,1,1,0,1,1,1,1,0,0,1,0.5695322847682119,0.57,0.010095833333333333,0.002880141164168412,0.9858668552836144,1.0,1.0,2.4,False,
40,0,20264925,0.1,B2347/S01347,0,0,1,1,1,0,0,1,0,1,1,0,1,1,0,0,1,0,0.53653559602649,0.5275,0.5637125,0.031202509585221118,0.9897370351194731,1.0,0.76875,30.8,False,
40,1,20264926,0.2,B2347/S01347,0,0,1,1,1,0,0,1,0,1,1,0,1,1,0,0,1,0,0.5395447019867551,0.57625,0.5673208333333334,0.014790867898222117,0.9917035860373358,1.0,0.6112500000000001,29.8,False,
40,2,20264927,0.3,B2347/S01347,0,0,1,1,1,0,0,1,0,1,1,0,1,1,0,0,1,0,0.5409230132450331,0.484375,0.5687666666666666,0.00414637068664998,0.9912157192330759,1.0,0.6131249999999999,22.2,False,
40,3,20264928,0.4,B2347/S01347,0,0,1,1,1,0,0,1,0,1,1,0,1,1,0,0,1,0,0.5428394039735099,0.568125,0.5671666666666666,0.0037437913907281935,0.9913289831616323,1.0,0.6112500000000001,12.2,False,
40,4,20264929,0.5,B2347/S01347,0,0,1,1,1,0,0,1,0,1,1,0,1,1,0,0,1,0,0.5424834437086092,0.6225,0.570025,0.002086092715231219,0.9922459081707757,1.0,0.610625,7.2,False,
41,0,20265025,0.1,B127/S012346,0,1,1,0,0,0,0,1,0,1,1,1,1,1,0,1,0,0,0.44261175496688737,0.44125,0.014899999999999997,0.0010773570930632805,0.9866842167409957,1.0,1.0,38.0,False,
41,1,20265026,0.2,B127/S012346,0,1,1,0,0,0,0,1,0,1,1,1,1,1,0,1,0,0,0.44318294701986755,0.4425,0.010212500000000001,-0.003698697281283151,0.9879229491471722,1.0,1.0,35.8,False,
41,2,20265027,0.3,B127/S012346,0,1,1,0,0,0,0,1,0,1,1,1,1,1,0,1,0,0,0.4476117549668874,0.446875,0.007191666666666666,-0.004128071627745143,0.9908579348801649,1.0,1.0,26.6,False,
41,3,20265028,0.4,B127/S012346,0,1,1,0,0,0,0,1,0,1,1,1,1,1,0,1,0,0,0.44439155629139077,0.445625,0.007962499999999999,-0.0035542654234926997,0.9908618832648304,1.0,1.0,18.2,False,
41,4,20265029,0.5,B127/S012346,0,1,1,0,0,0,0,1,0,1,1,1,1,1,0,1,0,0,0.44468956953642397,0.44375,0.0034249999999999997,-0.005436127570582472,0.9910600354773239,1.0,1.0,16.2,False,
42,0,20265125,0.1,B01/S013468,1,1,0,0,0,0,0,0,0,1,1,0,1,1,0,1,0,1,0.3390397350993377,0.33125,0.04035,-0.025008931683513626,0.9168167402913416,1.0,0.99875,214.0,False,
42,1,20265126,0.2,B01/S013468,1,1,0,0,0,0,0,0,0,1,1,0,1,1,0,1,0,1,0.33137003311258273,0.33,0.0525875,-0.010427849424886958,0.9147012702351086,1.0,0.998125,225.4,False,
42,2,20265127,0.3,B01/S013468,1,1,0,0,0,0,0,0,0,1,1,0,1,1,0,1,0,1,0.3471937086092715,0.35,0.05294583333333333,0.005379269780410843,0.9313580311982264,1.0,0.996875,182.0,False,
42,3,20265128,0.4,B01/S013468,1,1,0,0,0,0,0,0,0,1,1,0,1,1,0,1,0,1,0.33158112582781457,0.333125,0.04607916666666667,-0.008049298536075765,0.916265784116181,1.0,0.9975,197.6,False,
42,4,20265129,0.5,B01/S013468,1,1,0,0,0,0,0,0,0,1,1,0,1,1,0,1,0,1,0.3289155629139073,0.325625,0.0437625,-0.011431029975601583,0.9131896256813077,1.0,0.9975,203.2,False,
43,0,20265225,0.1,B0467/S024568,1,0,0,0,1,0,1,1,0,1,0,1,0,1,1,1,0,1,0.6720653973509932,0.675,0.3536125,0.05653102126176378,0.9027526323298717,1.0,0.7175,21.0,False,
43,1,20265226,0.2,B0467/S024568,1,0,0,0,1,0,1,1,0,1,0,1,0,1,1,1,0,1,0.6530753311258278,0.65125,0.3460375,0.15075581648658024,0.9093187511633593,1.0,0.76,25.8,False,
43,2,20265227,0.3,B0467/S024568,1,0,0,0,1,0,1,1,0,1,0,1,0,1,1,1,0,1,0.6608857615894039,0.6825,0.34852916666666667,0.10018015859184358,0.908274205923426,1.0,0.734375,19.2,False,
43,3,20265228,0.4,B0467/S024568,1,0,0,0,1,0,1,1,0,1,0,1,0,1,1,1,0,1,0.6693294701986755,0.6725,0.3514083333333333,0.05950494510282304,0.9101504821600986,1.0,0.711875,5.2,False,
43,4,20265229,0.5,B0467/S024568,1,0,0,0,1,0,1,1,0,1,0,1,0,1,1,1,0,1,0.6771605960264901,0.698125,0.3525041666666667,0.008677675148134554,0.9055065436739098,1.0,0.686875,2.2,False,
44,0,20265325,0.1,B7/S0367,0,0,0,0,0,0,0,1,0,1,0,0,1,0,0,1,1,0,0.04540562913907284,0.045,0.00038333333333333334,-0.0023991373300802058,0.2662783099547725,1.0,1.0,78.0,False,
44,1,20265326,0.2,B7/S0367,0,0,0,0,0,0,0,1,0,1,0,0,1,0,0,1,1,0,0.04483029801324505,0.04375,0.001,-0.006389639247124484,0.2625782325468671,1.0,1.0,77.8,False,
44,2,20265327,0.3,B7/S0367,0,0,0,0,0,0,0,1,0,1,0,0,1,0,0,1,1,0,0.03461920529801325,0.0325,0.0017416666666666665,-0.01251492244684564,0.2127904568441498,1.0,1.0,57.2,False,
44,3,20265328,0.4,B7/S0367,0,0,0,0,0,0,0,1,0,1,0,0,1,0,0,1,1,0,0.04463990066225165,0.04125,0.0026625,-0.019993355698849823,0.25582472351608126,1.0,1.0,56.6,False,
44,4,20265329,0.5,B7/S0367,0,0,0,0,0,0,0,1,0,1,0,0,1,0,0,1,1,0,0.04533940397350994,0.040625,0.0034041666666666665,-0.027762286510979593,0.25494800507522275,1.0,1.0,52.6,False,
45,0,20265425,0.1,B12467/S0135678,0,1,1,0,1,0,1,1,0,1,1,0,1,0,1,1,1,1,0.9716763245033113,0.98375,0.008545833333333334,0.07041118421052539,0.14071651392348006,1.0,1.0,22.8,False,
45,1,20265426,0.2,B12467/S0135678,0,1,1,0,1,0,1,1,0,1,1,0,1,0,1,1,1,1,0.96580298013245,0.97625,0.009120833333333333,0.060877047751829075,0.1822974571731057,1.0,1.0,24.6,False,
45,2,20265427,0.3,B12467/S0135678,0,1,1,0,1,0,1,1,0,1,1,0,1,0,1,1,1,1,0.9667756622516558,0.97875,0.011499999999999998,0.06936813785290925,0.175132659512028,1.0,1.0,16.6,False,
45,3,20265428,0.4,B12467/S0135678,0,1,1,0,1,0,1,1,0,1,1,0,1,0,1,1,1,1,0.9590066225165559,0.971875,0.012183333333333334,0.07419647525270036,0.21421380770604645,1.0,1.0,9.0,False,
45,4,20265429,0.5,B12467/S0135678,0,1,1,0,1,0,1,1,0,1,1,0,1,0,1,1,1,1,0.9691597682119208,0.980625,0.0112625,0.06613900749389952,0.16735880380758344,1.0,1.0,2.0,False,
46,0,20265525,0.1,B6/S13456,0,0,0,0,0,0,1,0,0,0,1,0,1,1,1,1,0,0,0.03926738410596026,0.03875,0.00042916666666666667,-0.0030549625304984334,0.23854207383967702,1.0,1.0,44.6,False,
46,1,20265526,0.2,B6/S13456,0,0,0,0,0,0,1,0,0,0,1,0,1,1,1,1,0,0,0.05512417218543047,0.05375,0.0009416666666666666,-0.008091124956430846,0.30645671211195713,1.0,1.0,55.2,False,
46,2,20265527,0.3,B6/S13456,0,0,0,0,0,0,1,0,0,0,1,0,1,1,1,1,0,0,0.10341059602649003,0.100625,0.0025833333333333337,-0.012692357964447603,0.4781194349912461,1.0,1.0,46.2,False,
46,3,20265528,0.4,B6/S13456,0,0,0,0,0,0,1,0,0,0,1,0,1,1,1,1,0,0,0.2551448675496689,0.2525,0.001725,-0.015170900139421446,0.8185431957593963,1.0,1.0,27.4,False,
46,4,20265529,0.5,B6/S13456,0,0,0,0,0,0,1,0,0,0,1,0,1,1,1,1,0,0,0.36036423841059595,0.355625,0.005991666666666668,-0.0272316138027192,0.9413125714153122,1.0,1.0,5.4,False,
47,0,20265625,0.1,B014568/S0,1,1,0,0,1,1,1,0,1,1,0,0,0,0,0,0,0,0,0.33552566225165564,0.309375,0.6473958333333333,-0.020145630010456977,0.9085607929340457,1.0,0.816875,65.4,False,
47,1,20265626,0.2,B014568/S0,1,1,0,0,1,1,1,0,1,1,0,0,0,0,0,0,0,0,0.3323799668874172,0.355625,0.6387291666666666,0.00037022917392795355,0.9151462890384041,1.0,0.69,74.0,False,
47,2,20265627,0.3,B014568/S0,1,1,0,0,1,1,1,0,1,1,0,0,0,0,0,0,0,0,0.3301448675496689,0.365625,0.6350041666666667,0.0002617418961307196,0.914358153765196,1.0,0.6950000000000001,64.2,False,
47,3,20265628,0.4,B014568/S0,1,1,0,0,1,1,1,0,1,1,0,0,0,0,0,0,0,0,0.3326283112582781,0.335,0.6392333333333333,0.00034637504356873874,0.9165600486094131,1.0,0.6875,53.8,False,
47,4,20265629,0.5,B014568/S0,1,1,0,0,1,1,1,0,1,1,0,0,0,0,0,0,0,0,0.3347889072847683,0.323125,0.6435875,-0.008869161728825604,0.9181259819799404,1.0,0.700625,44.8,False,
48,0,20265725,0.1,B08/S023478,1,0,0,0,0,0,0,0,1,1,0,1,1,1,0,0,1,1,0.27731788079470193,0.283125,0.024220833333333337,0.0013707955733703145,0.8503493048420391,1.0,1.0,192.6,False,
48,1,20265726,0.2,B08/S023478,1,0,0,0,0,0,0,0,1,1,0,1,1,1,0,0,1,1,0.26504139072847677,0.263125,0.017787499999999998,0.0033170311955383076,0.8340582499627187,1.0,1.0,200.8,False,
48,2,20265727,0.3,B08/S023478,1,0,0,0,0,0,0,0,1,1,0,1,1,1,0,0,1,1,0.3064942052980132,0.3025,0.01960833333333334,0.0020132232485183497,0.8889895621735404,1.0,1.0,132.8,False,
48,3,20265728,0.4,B08/S023478,1,0,0,0,0,0,0,0,1,1,0,1,1,1,0,0,1,1,0.3206084437086093,0.319375,0.0120125,-0.0023566573719068793,0.9048888203140069,1.0,1.0,104.4,False,
48,4,20265729,0.5,B08/S023478,1,0,0,0,0,0,0,0,1,1,0,1,1,1,0,0,1,1,0.3021067880794702,0.30125,0.021937500000000002,-0.006407938306030227,0.8830050471724978,1.0,1.0,134.4,False,
49,0,20265825,0.1,B01568/S134,1,1,0,0,0,1,1,0,1,0,1,0,1,1,0,0,0,0,0.39316639072847687,0.413125,0.36599583333333335,-0.0012851821192054861,0.9597955006808359,1.0,0.810625,48.8,False,
49,1,20265826,0.2,B01568/S134,1,1,0,0,0,1,1,0,1,0,1,0,1,1,0,0,0,0,0.3904801324503311,0.395,0.3597333333333334,0.008136872603694587,0.9631481315705014,1.0,0.69,52.8,False,
49,2,20265827,0.3,B01568/S134,1,1,0,0,0,1,1,0,1,0,1,0,1,1,0,0,0,0,0.38908112582781457,0.3875,0.35181250000000003,0.00017188044614805067,0.9634584664498507,1.0,0.6912499999999999,44.6,False,
49,3,20265828,0.4,B01568/S134,1,1,0,0,0,1,1,0,1,0,1,0,1,1,0,0,0,0,0.390546357615894,0.40625,0.3551791666666667,-0.008144715057511562,0.9644608804390479,1.0,0.6912499999999999,31.0,False,
49,4,20265829,0.5,B01568/S134,1,1,0,0,0,1,1,0,1,0,1,0,1,1,0,0,0,0,0.3927980132450331,0.40375,0.35616666666666663,-0.00825156849076353,0.9655859968578078,1.0,0.69375,36.0,False,
50,0,20265925,0.1,B1234568/S034678,0,1,1,1,1,1,1,0,1,1,0,0,1,1,0,1,1,1,0.9483402317880797,0.96125,0.021470833333333328,0.07483040693621378,0.258056781337346,1.0,1.0,21.8,False,
50,1,20265926,0.2,B1234568/S034678,0,1,1,1,1,1,1,0,1,1,0,0,1,1,0,1,1,1,0.9654718543046358,0.97625,0.015245833333333332,0.06236253921226758,0.18521304740656924,1.0,1.0,23.4,False,
50,2,20265927,0.3,B1234568/S034678,0,1,1,1,1,1,1,0,1,1,0,0,1,1,0,1,1,1,0.9619453642384104,0.97125,0.02220833333333333,0.0522003529104212,0.21022431051526605,1.0,1.0,13.2,False,
50,3,20265928,0.4,B1234568/S034678,0,1,1,1,1,1,1,0,1,1,0,0,1,1,0,1,1,1,0.9690355960264903,0.9775,0.018499999999999996,0.04904115109794254,0.17716498662761176,1.0,1.0,9.2,False,
50,4,20265929,0.5,B1234568/S034678,0,1,1,1,1,1,1,0,1,1,0,0,1,1,0,1,1,1,0.9651117549668873,0.97375,0.019329166666666668,0.04961561084001294,0.200396156910475,1.0,1.0,2.0,False,
51,0,20266025,0.1,B023567/S034568,1,0,1,1,0,1,1,1,0,1,0,0,1,1,1,1,0,1,0.7374627483443709,0.733125,0.4061625,0.035173405367723724,0.8201373909095878,1.0,0.6756249999999999,19.6,False,
51,1,20266026,0.2,B023567/S034568,1,0,1,1,0,1,1,1,0,1,0,0,1,1,1,1,0,1,0.7384933774834437,0.766875,0.40590833333333337,0.027133909898918805,0.8213202426635138,1.0,0.696875,24.6,False,
51,2,20266027,0.3,B023567/S034568,1,0,1,1,0,1,1,1,0,1,0,0,1,1,1,1,0,1,0.7389445364238411,0.719375,0.40655416666666666,0.019668547403275928,0.8222742240395124,1.0,0.71,18.4,False,
51,3,20266028,0.4,B023567/S034568,1,0,1,1,0,1,1,1,0,1,0,0,1,1,1,1,0,1,0.7409271523178808,0.74375,0.4044041666666666,0.010386676542349092,0.8221247985188056,1.0,0.6681250000000001,5.0,False,
51,4,20266029,0.5,B023567/S034568,1,0,1,1,0,1,1,1,0,1,0,0,1,1,1,1,0,1,0.7412706953642384,0.7125,0.40555416666666666,0.004045725862669158,0.8226480355678931,1.0,0.6681250000000001,1.8,False,
52,0,20266125,0.1,B12678/S18,0,1,1,0,0,0,1,1,1,0,1,0,0,0,0,0,0,1,0.3901490066225165,0.22625,0.7088125000000001,0.0032114848379225947,0.8587103083384399,1.0,0.811875,81.2,False,
52,1,20266126,0.2,B12678/S18,0,1,1,0,0,0,1,1,1,0,1,0,0,0,0,0,0,1,0.3905298013245033,0.198125,0.7078666666666668,0.003213118682467298,0.8601675239818636,1.0,0.814375,87.4,False,
52,2,20266127,0.3,B12678/S18,0,1,1,0,0,0,1,1,1,0,1,0,0,0,0,0,0,1,0.3876986754966888,0.3025,0.7054791666666667,-0.002181836005577182,0.9521976164108096,1.0,0.7625,84.8,False,
52,3,20266128,0.4,B12678/S18,0,1,1,0,0,0,1,1,1,0,1,0,0,0,0,0,0,1,0.38995447019867546,0.5475,0.7046375,0.003895085395608248,0.8802526254711075,1.0,0.79625,65.0,False,
52,4,20266129,0.5,B12678/S18,0,1,1,0,0,0,1,1,1,0,1,0,0,0,0,0,0,1,0.38872930463576155,0.460625,0.7015583333333333,0.0014894126873473074,0.8880410989563104,1.0,0.816875,68.8,False,
53,0,20266225,0.1,B126/S12347,0,1,1,0,0,0,1,0,0,0,1,1,1,1,0,0,1,0,0.4246150662251656,0.416875,0.038200000000000005,-0.03152633757406793,0.9799958658149495,1.0,1.0,39.0,False,
53,1,20266226,0.2,B126/S12347,0,1,1,0,0,0,1,0,0,0,1,1,1,1,0,0,1,0,0.42475579470198677,0.4175,0.03711666666666666,-0.03304515946322839,0.9807190024123564,1.0,1.0,44.8,False,
53,2,20266227,0.3,B126/S12347,0,1,1,0,0,0,1,0,0,0,1,1,1,1,0,0,1,0,0.4257326158940398,0.419375,0.03637916666666667,-0.03137275618682459,0.9823994556010772,1.0,0.998125,42.2,False,
53,3,20266228,0.4,B126/S12347,0,1,1,0,0,0,1,0,0,0,1,1,1,1,0,0,1,0,0.42319122516556296,0.413125,0.03570833333333334,-0.042083587486929655,0.9820014620874006,1.0,0.99875,26.8,False,
53,4,20266229,0.5,B126/S12347,0,1,1,0,0,0,1,0,0,0,1,1,1,1,0,0,1,0,0.4359685430463575,0.428125,0.04432916666666667,-0.030987822411990874,0.9875777127638845,1.0,0.991875,23.0,False,
54,0,20266325,0.1,B023578/S0278,1,0,1,1,0,1,0,1,1,1,0,1,0,0,0,0,1,1,0.4359850993377484,0.451875,0.7054374999999999,0.0064219893691176925,0.9828528888128335,1.0,0.6525000000000001,37.8,False,
54,1,20266326,0.2,B023578/S0278,1,0,1,1,0,1,0,1,1,1,0,1,0,0,0,0,1,1,0.4362665562913907,0.450625,0.7052291666666667,0.004850230916695588,0.983778481270239,1.0,0.671875,45.8,False,
54,2,20266327,0.3,B023578/S0278,1,0,1,1,0,1,0,1,1,1,0,1,0,0,0,0,1,1,0.43839817880794707,0.444375,0.7061416666666666,0.00011731003834033063,0.9870176904762668,1.0,0.6543749999999999,34.2,False,
54,3,20266328,0.4,B023578/S0278,1,0,1,1,0,1,0,1,1,1,0,1,0,0,0,0,1,1,0.4391225165562914,0.439375,0.7095708333333334,0.0007819579993021902,0.988350750735488,1.0,0.64625,23.6,False,
54,4,20266329,0.5,B023578/S0278,1,0,1,1,0,1,0,1,1,1,0,1,0,0,0,0,1,1,0.43754552980132455,0.469375,0.7078,-0.001432881666086406,0.9866360938818316,1.0,0.649375,21.8,False,
55,0,20266425,0.1,B3/S245678,0,0,0,1,0,0,0,0,0,0,0,1,0,1,1,1,1,1,0.1406498344370861,0.369375,0.020904166666666668,0.3418283809689789,0.5213009397508093,1.0,0.9975,20.8,False,
55,1,20266426,0.2,B3/S245678,0,0,0,1,0,0,0,0,0,0,0,1,0,1,1,1,1,1,0.6031912251655629,0.74625,0.04902916666666666,0.5716485491460435,0.8627841834303879,1.0,1.0,25.4,False,
55,2,20266427,0.3,B3/S245678,0,0,0,1,0,0,0,0,0,0,0,1,0,1,1,1,1,1,0.666626655629139,0.7225,0.0441125,0.2584078729522478,0.8893132536460303,1.0,1.0,18.0,False,
55,3,20266428,0.4,B3/S245678,0,0,0,1,0,0,0,0,0,0,0,1,0,1,1,1,1,1,0.677317880794702,0.715625,0.04530833333333334,0.1832402405019166,0.8898126121768252,1.0,0.998125,5.0,False,
55,4,20266429,0.5,B3/S245678,0,0,0,1,0,0,0,0,0,0,0,1,0,1,1,1,1,1,0.6806953642384106,0.713125,0.044104166666666667,0.15579524660160327,0.891608057106002,1.0,0.9975,1.8,False,
56,0,20266525,0.1,B13458/S02468,0,1,0,1,1,1,0,0,1,1,0,1,0,1,0,1,0,1,0.5733112582781457,0.58625,0.5750166666666666,0.026550627396305183,0.978460009832193,1.0,0.57125,22.6,False,
56,1,20266526,0.2,B13458/S02468,0,1,0,1,1,1,0,0,1,1,0,1,0,1,0,1,0,1,0.5742715231788079,0.588125,0.5775,0.015615305855698336,0.9807047500918497,1.0,0.56125,24.4,False,
56,2,20266527,0.3,B13458/S02468,0,1,0,1,1,1,0,0,1,1,0,1,0,1,0,1,0,1,0.5750786423841059,0.610625,0.5767708333333333,0.008332607180201478,0.9816069311463347,1.0,0.5675,16.0,False,
56,3,20266528,0.4,B13458/S02468,0,1,0,1,1,1,0,0,1,1,0,1,0,1,0,1,0,1,0.5757657284768213,0.571875,0.5772541666666667,0.004544701986754676,0.981971588609114,1.0,0.56375,8.0,False,
56,4,20266529,0.5,B13458/S02468,0,1,0,1,1,1,0,0,1,1,0,1,0,1,0,1,0,1,0.577706953642384,0.569375,0.5753874999999999,0.0003783983966534064,0.9817226881268918,1.0,0.573125,3.8,False,
57,0,20266625,0.1,B1236/S0168,0,1,1,1,0,0,1,0,0,1,1,0,0,0,0,1,0,1,0.45443708609271527,0.471875,0.6761041666666667,0.013664495468803994,0.9890871115146314,1.0,0.64375,34.6,False,
57,1,20266626,0.2,B1236/S0168,0,1,1,1,0,0,1,0,0,1,1,0,0,0,0,1,0,1,0.45606374172185427,0.43375,0.6778291666666667,0.0032036423841056826,0.9907193486135132,1.0,0.609375,44.8,False,
57,2,20266627,0.3,B1236/S0168,0,1,1,1,0,0,1,0,0,1,1,0,0,0,0,1,0,1,0.4571316225165562,0.454375,0.6784083333333333,-0.001471113628442408,0.9926323616714501,1.0,0.608125,29.4,False,
57,3,20266628,0.4,B1236/S0168,0,1,1,1,0,0,1,0,0,1,1,0,0,0,0,1,0,1,0.4558485099337748,0.4325,0.6785708333333333,0.003948675496688346,0.9925177137406251,1.0,0.615,30.6,False,
57,4,20266629,0.5,B1236/S0168,0,1,1,1,0,0,1,0,0,1,1,0,0,0,0,1,0,1,0.45661009933774827,0.505625,0.6800166666666666,-0.0012440092366682435,0.992485195393286,1.0,0.6168750000000001,15.0,False,
58,0,20266725,0.1,B13467/S125678,0,1,0,1,1,0,1,1,0,0,1,1,0,0,1,1,1,1,0.9647806291390728,0.984375,0.0175625,0.11269900226559675,0.15207747037284036,1.0,1.0,20.6,False,
58,1,20266726,0.2,B13467/S125678,0,1,0,1,1,0,1,1,0,0,1,1,0,0,1,1,1,1,0.9614610927152315,0.97625,0.014658333333333334,0.08544190048797444,0.19135458933838217,1.0,1.0,24.8,False,
58,2,20266727,0.3,B13467/S125678,0,1,0,1,1,0,1,1,0,0,1,1,0,0,1,1,1,1,0.9648799668874174,0.9775,0.013425,0.0730514769954683,0.1828833515450158,1.0,1.0,13.8,False,
58,3,20266728,0.4,B13467/S125678,0,1,0,1,1,0,1,1,0,0,1,1,0,0,1,1,1,1,0.9687996688741726,0.981875,0.014866666666666667,0.07538264639247091,0.16233084717529206,1.0,1.0,7.8,False,
58,4,20266729,0.5,B13467/S125678,0,1,0,1,1,0,1,1,0,0,1,1,0,0,1,1,1,1,0.9617342715231785,0.9725,0.013066666666666667,0.0622354261066561,0.20779607618826118,1.0,1.0,1.4,False,
59,0,20266825,0.1,B34568/S0567,0,0,0,1,1,1,1,0,1,1,0,0,0,0,1,1,1,0,0.06646109271523179,0.065,0.05448333333333333,-0.0005695582084350954,0.35244313163759805,1.0,1.0,76.0,False,
59,1,20266826,0.2,B34568/S0567,0,0,0,1,1,1,1,0,1,1,0,0,0,0,1,1,1,0,0.4935637417218544,0.685,0.6860083333333333,0.45321083130010437,0.9474857029652691,1.0,0.97125,30.6,False,
59,2,20266827,0.3,B34568/S0567,0,0,0,1,1,1,1,0,1,1,0,0,0,0,1,1,1,0,0.6530256622516556,0.716875,0.5401333333333334,0.28046085308469826,0.9024126162256406,1.0,0.936875,17.6,False,
59,3,20266828,0.4,B34568/S0567,0,0,0,1,1,1,1,0,1,1,0,0,0,0,1,1,1,0,0.7069867549668873,0.75125,0.431675,0.1052058644126866,0.8630250066870128,1.0,0.813125,7.2,False,
59,4,20266829,0.5,B34568/S0567,0,0,0,1,1,1,1,0,1,1,0,0,0,0,1,1,1,0,0.719569536423841,0.743125,0.406675,0.03941127134890189,0.8534025856443885,1.0,0.728125,1.8,False,
60,0,20266925,0.1,B12345/S024568,0,1,1,1,1,1,0,0,0,1,0,1,0,1,1,1,0,1,0.7028890728476822,0.715,0.04645833333333333,0.06034114674102466,0.869425441309539,1.0,1.0,21.8,False,
60,1,20266926,0.2,B12345/S024568,0,1,1,1,1,1,0,0,0,1,0,1,0,1,1,1,0,1,0.693890728476821,0.70625,0.06347083333333334,0.052072913035900295,0.8827402014882236,1.0,1.0,25.0,False,
60,2,20266927,0.3,B12345/S024568,0,1,1,1,1,1,0,0,0,1,0,1,0,1,1,1,0,1,0.7004925496688741,0.7125,0.05563333333333334,0.04904507232485134,0.8758356463376604,1.0,1.0,19.6,False,
60,3,20266928,0.4,B12345/S024568,0,1,1,1,1,1,0,0,0,1,0,1,0,1,1,1,0,1,0.7019826158940397,0.71375,0.053599999999999995,0.045005881840362055,0.8757618251743964,1.0,1.0,4.0,False,
60,4,20266929,0.5,B12345/S024568,0,1,1,1,1,1,0,0,0,1,0,1,0,1,1,1,0,1,0.7017591059602648,0.711875,0.05366250000000001,0.04222867288253669,0.8772007958397239,1.0,1.0,1.8,False,
61,0,20267025,0.1,B1568/S267,0,1,0,0,0,1,1,0,1,0,0,1,0,0,0,1,1,0,0.28184188741721855,0.28,0.39676249999999996,0.004185909724642519,0.8563096267652097,1.0,0.72,91.6,False,
61,1,20267026,0.2,B1568/S267,0,1,0,0,0,1,1,0,1,0,0,1,0,0,0,1,1,0,0.28423013245033113,0.2775,0.398875,-0.0014093543046358257,0.8603035840292645,1.0,0.65875,92.6,False,
61,2,20267027,0.3,B1568/S267,0,1,0,0,0,1,1,0,1,0,0,1,0,0,0,1,1,0,0.2848385761589404,0.28375,0.3991541666666666,0.0001522743116065513,0.8613792481672292,1.0,0.6543749999999999,82.8,False,
61,3,20267028,0.4,B1568/S267,0,1,0,0,0,1,1,0,1,0,0,1,0,0,0,1,1,0,0.2841432119205298,0.2925,0.39956250000000004,-0.007985578598815251,0.8601660458641861,1.0,0.646875,74.2,False,
61,4,20267029,0.5,B1568/S267,0,1,0,0,0,1,1,0,1,0,0,1,0,0,0,1,1,0,0.2839114238410596,0.28,0.39642499999999997,-0.011870207389334449,0.8590008999056865,1.0,0.6581250000000001,70.4,False,
62,0,20267125,0.1,B378/S3467,0,0,0,1,0,0,0,1,1,0,0,0,1,1,0,1,1,0,0.0042177152317880795,0.003125,0.003633333333333333,-0.005506382886023026,0.036561022148203136,1.0,0.999375,24.2,False,
62,1,20267126,0.2,B378/S3467,0,0,0,1,0,0,0,1,1,0,0,0,1,1,0,1,1,0,0.01195778145695364,0.003125,0.0115625,-0.0476246078773092,0.0721960415904603,1.0,0.999375,22.8,False,
62,2,20267127,0.3,B378/S3467,0,0,0,1,0,0,0,1,1,0,0,0,1,1,0,1,1,0,0.03094370860927152,0.005,0.02822083333333333,-0.1371494858835833,0.13746181540365646,1.0,1.0,16.2,False,
62,3,20267128,0.4,B378/S3467,0,0,0,1,0,0,0,1,1,0,0,0,1,1,0,1,1,0,0.0582864238410596,0.003125,0.048258333333333334,-0.2621820538515163,0.21535295448187822,1.0,0.999375,9.0,False,
62,4,20267129,0.5,B378/S3467,0,0,0,1,0,0,0,1,1,0,0,0,1,1,0,1,1,0,0.05247516556291389,0.0025,0.04338333333333332,-0.25110752875566417,0.1814227321286332,1.0,1.0,3.6,False,
63,0,20267225,0.1,B0124678/S01456,1,1,1,0,1,0,1,1,1,1,1,0,0,1,1,1,0,0,0.6331332781456954,0.65875,0.4715833333333334,0.032773941268734806,0.9272943824950646,1.0,0.850625,19.8,False,
63,1,20267226,0.2,B0124678/S01456,1,1,1,0,1,0,1,1,1,1,1,0,0,1,1,1,0,0,0.6367508278145695,0.653125,0.46142916666666667,0.02246863018473295,0.9373561358203601,1.0,0.665,23.8,False,
63,2,20267227,0.3,B0124678/S01456,1,1,1,0,1,0,1,1,1,1,1,0,0,1,1,1,0,0,0.635989238410596,0.61,0.4582916666666667,0.01488203642384051,0.9429348995282635,1.0,0.593125,13.2,False,
63,3,20267228,0.4,B0124678/S01456,1,1,1,0,1,0,1,1,1,1,1,0,0,1,1,1,0,0,0.6370612582781456,0.619375,0.4579708333333332,0.017394562565353794,0.9426716771088168,1.0,0.598125,5.6,False,
63,4,20267229,0.5,B0124678/S01456,1,1,1,0,1,0,1,1,1,1,1,0,0,1,1,1,0,0,0.6370322847682119,0.6175,0.4579208333333332,0.0074486972812818665,0.9434705862356675,1.0,0.5875,2.0,False,
64,0,20267325,0.1,B02368/S0478,1,0,1,1,0,0,1,0,1,1,0,0,0,1,0,0,1,1,0.42604304635761586,0.420625,0.6079666666666667,-0.0006303372255141575,0.9801437349964723,1.0,0.585,34.4,False,
64,1,20267326,0.2,B02368/S0478,1,0,1,1,0,0,1,0,1,1,0,0,0,1,0,0,1,1,0.4252069536423842,0.4375,0.6093625,0.007085983792261535,0.9817389309179718,1.0,0.5862499999999999,36.0,False,
64,2,20267327,0.3,B02368/S0478,1,0,1,1,0,0,1,0,1,1,0,0,0,1,0,0,1,1,0.4279139072847682,0.439375,0.6092333333333333,0.005037142732659069,0.9840529945365517,1.0,0.5625,30.0,False,
64,3,20267328,0.4,B02368/S0478,1,0,1,1,0,0,1,0,1,1,0,0,0,1,0,0,1,1,0.4264362582781457,0.44125,0.6086500000000001,0.0032268429766463785,0.9838245939647907,1.0,0.56125,20.6,False,
64,4,20267329,0.5,B02368/S0478,1,0,1,1,0,0,1,0,1,1,0,0,0,1,0,0,1,1,0.4283360927152318,0.425,0.6092666666666667,-0.00530901446497086,0.9843522917067143,1.0,0.56125,13.4,False,
65,0,20267425,0.1,B013458/S1256,1,1,0,1,1,1,0,0,1,0,1,1,0,0,1,1,0,0,0.5823178807947018,0.575,0.5545666666666665,0.020555724991286134,0.9722665087217048,1.0,0.68625,24.2,False,
65,1,20267426,0.2,B013458/S1256,1,1,0,1,1,1,0,0,1,0,1,1,0,0,1,1,0,0,0.5842011589403973,0.589375,0.5512833333333333,0.019675409550365532,0.9751856730438132,1.0,0.561875,25.4,False,
65,2,20267427,0.3,B013458/S1256,1,1,0,1,1,1,0,0,1,0,1,1,0,0,1,1,0,0,0.5841142384105961,0.580625,0.5497583333333332,0.011636240850470462,0.9772470000187027,1.0,0.56,20.2,False,
65,3,20267428,0.4,B013458/S1256,1,1,0,1,1,1,0,0,1,0,1,1,0,0,1,1,0,0,0.5853725165562913,0.593125,0.5494375,0.0066409245381663425,0.9776540869481599,1.0,0.573125,7.6,False,
65,4,20267429,0.5,B013458/S1256,1,1,0,1,1,1,0,0,1,0,1,1,0,0,1,1,0,0,0.583658940397351,0.595625,0.5558041666666665,-0.0013309297664699845,0.979016671002111,1.0,0.56,4.2,False,
66,0,20267525,0.1,B34567/S134,0,0,0,1,1,1,1,1,0,0,1,0,1,1,0,0,0,0,0.46287251655629136,0.494375,0.5922458333333334,0.21243736929243634,0.9593302104208798,1.0,0.9275,22.8,False,
66,1,20267526,0.2,B34567/S134,0,0,0,1,1,1,1,1,0,0,1,0,1,1,0,0,0,0,0.4954635761589404,0.471875,0.6352375,0.04837846375043536,0.9937934884725638,1.0,0.735,24.2,False,
66,2,20267527,0.3,B34567/S134,0,0,0,1,1,1,1,1,0,0,1,0,1,1,0,0,0,0,0.5023551324503311,0.48375,0.6465708333333333,0.0049737495643081275,0.9981508856187962,1.0,0.56375,16.6,False,
66,3,20267528,0.4,B34567/S134,0,0,0,1,1,1,1,1,0,0,1,0,1,1,0,0,0,0,0.5010389072847683,0.485625,0.6442416666666667,0.001697891251307032,0.997692482641453,1.0,0.5762499999999999,7.6,False,
66,4,20267529,0.5,B34567/S134,0,0,0,1,1,1,1,1,0,0,1,0,1,1,0,0,0,0,0.5031953642384105,0.515625,0.6463,0.006259585221330757,0.9981225309509683,1.0,0.586875,2.4,False,
67,0,20267625,0.1,B3478/S478,0,0,0,1,1,0,0,1,1,0,0,0,0,1,0,0,1,1,0.0035513245033112584,0.0025,0.006412500000000001,-0.00618116068316489,0.030595484241821267,1.0,1.0,21.8,False,
67,1,20267626,0.2,B3478/S478,0,0,0,1,1,0,0,1,1,0,0,0,0,1,0,0,1,1,0.008336092715231789,0.0025,0.01452916666666667,-0.03310071017776234,0.05196678159304557,1.0,1.0,26.4,False,
67,2,20267627,0.3,B3478/S478,0,0,0,1,1,0,0,1,1,0,0,0,0,1,0,0,1,1,0.02718956953642384,0.0,0.045004166666666665,-0.1431786990240502,0.1017536682413117,0.21333333333333335,1.0,12.4,True,32.0
67,3,20267628,0.4,B3478/S478,0,0,0,1,1,0,0,1,1,0,0,0,0,1,0,0,1,1,0.04248758278145695,0.00625,0.07038333333333331,-0.18772514377832006,0.17197898279942897,1.0,1.0,9.2,False,
67,4,20267629,0.5,B3478/S478,0,0,0,1,1,0,0,1,1,0,0,0,0,1,0,0,1,1,0.05084023178807946,0.005,0.08096666666666666,-0.2350981395956781,0.18242489482476199,1.0,1.0,6.0,False,
68,0,20267725,0.1,B126/S35678,0,1,1,0,0,0,1,0,0,0,0,0,1,0,1,1,1,1,0.7773344370860927,0.96875,0.13394999999999999,0.6325536990240493,0.6032270922759377,1.0,1.0,22.6,False,
68,1,20267726,0.2,B126/S35678,0,1,1,0,0,0,1,0,0,0,0,0,1,0,1,1,1,1,0.816403145695364,0.9575,0.10025833333333335,0.5294123605785984,0.554987848503246,1.0,1.0,26.0,False,
68,2,20267727,0.3,B126/S35678,0,1,1,0,0,0,1,0,0,0,0,0,1,0,1,1,1,1,0.8109437086092715,0.95625,0.10336666666666668,0.5368894867549667,0.5686640491715971,1.0,1.0,17.0,False,
68,3,20267728,0.4,B126/S35678,0,1,1,0,0,0,1,0,0,0,0,0,1,0,1,1,1,1,0.7847350993377485,0.965,0.12499583333333333,0.6134824851864759,0.5961475651055423,1.0,1.0,8.8,False,
68,4,20267729,0.5,B126/S35678,0,1,1,0,0,0,1,0,0,0,0,0,1,0,1,1,1,1,0.8574172185430465,0.964375,0.0738,0.4542476690484487,0.4647030562768814,1.0,1.0,2.8,False,
69,0,20267825,0.1,B01456/S1257,1,1,0,0,1,1,1,0,0,0,1,1,0,0,1,0,1,0,0.5302855960264901,0.54125,0.6608416666666668,0.004663972638549625,0.9910703638929129,1.0,0.634375,21.0,False,
69,1,20267826,0.2,B01456/S1257,1,1,0,0,1,1,1,0,0,0,1,1,0,0,1,0,1,0,0.5302855960264901,0.538125,0.660125,0.01823011066573683,0.9946823963133089,1.0,0.631875,25.6,False,
69,2,20267827,0.3,B01456/S1257,1,1,0,0,1,1,1,0,0,0,1,1,0,0,1,0,1,0,0.5289900662251655,0.54875,0.6579916666666666,0.016334197455559064,0.996052700764499,1.0,0.63125,19.8,False,
69,3,20267828,0.4,B01456/S1257,1,1,0,0,1,1,1,0,0,0,1,1,0,0,1,0,1,0,0.525467715231788,0.51125,0.6578250000000001,0.004449612234227983,0.9974146542150389,1.0,0.62375,8.2,False,
69,4,20267829,0.5,B01456/S1257,1,1,0,0,1,1,1,0,0,0,1,1,0,0,1,0,1,0,0.53244619205298,0.5525,0.6647083333333335,0.004011741896130747,0.9964566680087603,1.0,0.631875,4.4,False,
70,0,20267925,0.1,B3567/S02458,0,0,0,1,0,1,1,1,0,1,0,1,0,1,1,0,0,1,0.41903145695364236,0.581875,0.37525,0.5645913210177764,0.8823626392481528,1.0,0.93875,27.4,False,
70,1,20267926,0.2,B3567/S02458,0,0,0,1,0,1,1,1,0,1,0,1,0,1,1,0,0,1,0.5447226821192054,0.576875,0.4962583333333333,0.1617339447542695,0.9785573666252888,1.0,0.77625,24.6,False,
70,2,20267927,0.3,B3567/S02458,0,0,0,1,0,1,1,1,0,1,0,1,0,1,1,0,0,1,0.5663203642384106,0.593125,0.5166541666666666,0.05173503398396618,0.9832960331255884,1.0,0.64125,14.8,False,
70,3,20267928,0.4,B3567/S02458,0,0,0,1,0,1,1,1,0,1,0,1,0,1,1,0,0,1,0.5726655629139072,0.576875,0.5229416666666666,0.021887635064481863,0.9828702698052382,1.0,0.5800000000000001,10.4,False,
70,4,20267929,0.5,B3567/S02458,0,0,0,1,0,1,1,1,0,1,0,1,0,1,1,0,0,1,0.5773841059602649,0.57875,0.5245791666666666,-0.0017188044614853814,0.9818213964936043,1.0,0.56125,6.2,False,
71,0,20268025,0.1,B0157/S17,1,1,0,0,0,1,0,1,0,0,1,0,0,0,0,0,1,0,0.33943294701986754,0.285,0.5589375,-0.012027056465667912,0.9159879536224889,1.0,0.7525,61.4,False,
71,1,20268026,0.2,B0157/S17,1,1,0,0,0,1,0,1,0,0,1,0,0,0,0,0,1,0,0.33831953642384105,0.32875,0.5542416666666667,0.004453533461135845,0.9200651033680176,1.0,0.73125,64.0,False,
71,2,20268027,0.3,B0157/S17,1,1,0,0,0,1,0,1,0,0,1,0,0,0,0,0,1,0,0.3373716887417218,0.328125,0.5529916666666665,0.0016910291042174918,0.920346399779523,1.0,0.7424999999999999,61.0,False,
71,3,20268028,0.4,B0157/S17,1,1,0,0,0,1,0,1,0,0,1,0,0,0,0,0,1,0,0.3379842715231788,0.315625,0.5532333333333334,-0.003584981700941517,0.9193999348413762,1.0,0.73875,52.6,False,
71,4,20268029,0.5,B0157/S17,1,1,0,0,0,1,0,1,0,0,1,0,0,0,0,0,1,0,0.3394743377483444,0.313125,0.5546375,-0.008314634890206056,0.9203995805260025,1.0,0.759375,51.8,False,
72,0,20268125,0.1,B02567/S01235,1,0,1,0,0,1,1,1,0,1,1,1,1,0,1,0,0,0,0.5194950331125827,0.533125,0.47634583333333336,0.014493508191007096,0.9943628913802822,1.0,0.566875,24.6,False,
72,1,20268126,0.2,B02567/S01235,1,0,1,0,0,1,1,1,0,1,1,1,1,0,1,0,0,0,0.520728476821192,0.5225,0.4761583333333334,0.00511033896828148,0.9960908538399886,1.0,0.6056250000000001,26.2,False,
72,2,20268127,0.3,B02567/S01235,1,0,1,0,0,1,1,1,0,1,1,1,1,0,1,0,0,0,0.5206539735099337,0.51875,0.4734125,0.0036268081212964035,0.9973716337217403,1.0,0.67875,18.0,False,
72,3,20268128,0.4,B02567/S01235,1,0,1,0,0,1,1,1,0,1,1,1,1,0,1,0,0,0,0.5209561258278145,0.525625,0.4752375,0.004809711571976114,0.9977994525119825,1.0,0.659375,11.6,False,
72,4,20268129,0.5,B02567/S01235,1,0,1,0,0,1,1,1,0,1,1,1,1,0,1,0,0,0,0.5208816225165565,0.52,0.4724875000000001,0.002777208957824681,0.9982121772381195,1.0,0.5762499999999999,6.6,False,
73,0,20268225,0.1,B03468/S0178,1,0,0,1,1,0,1,0,1,1,1,0,0,0,0,0,1,1,0.3856622516556291,0.356875,0.6644000000000002,0.0022981657371903903,0.9590855735674928,1.0,0.6425000000000001,51.2,False,
73,1,20268226,0.2,B03468/S0178,1,0,0,1,1,0,1,0,1,1,1,0,0,0,0,0,1,1,0.3839817880794702,0.3975,0.6593374999999999,0.003442837225513725,0.9595838818962038,1.0,0.650625,57.2,False,
73,2,20268227,0.3,B03468/S0178,1,0,0,1,1,0,1,0,1,1,1,0,0,0,0,0,1,1,0.3857367549668874,0.4,0.6620625000000001,0.006551389857092776,0.961157286080638,1.0,0.65,39.6,False,
73,3,20268228,0.4,B03468/S0178,1,0,0,1,1,0,1,0,1,1,1,0,0,0,0,0,1,1,0.3866390728476821,0.385,0.6642833333333332,-0.003796074416173004,0.9621301335373782,1.0,0.649375,32.4,False,
73,4,20268229,0.5,B03468/S0178,1,0,0,1,1,0,1,0,1,1,1,0,0,0,0,0,1,1,0.38555463576158944,0.398125,0.6626083333333334,-0.005502461659115029,0.9610588731892573,1.0,0.64375,29.2,False,
74,0,20268325,0.1,B0368/S1358,1,0,0,1,0,0,1,0,1,0,1,0,1,0,1,0,0,1,0.39858029801324507,0.393125,0.40591249999999995,0.01255250087138347,0.96726438905527,1.0,0.634375,42.0,False,
74,1,20268326,0.2,B0368/S1358,1,0,0,1,0,0,1,0,1,0,1,0,1,0,1,0,0,1,0.3988948675496689,0.396875,0.4054708333333333,0.0051890902753569555,0.9689155472549487,1.0,0.64,42.2,False,
74,2,20268327,0.3,B0368/S1358,1,0,0,1,0,0,1,0,1,0,1,0,1,0,1,0,0,1,0.3978062913907285,0.373125,0.404775,-0.0026520564656677507,0.9689773194043853,1.0,0.6275,34.8,False,
74,3,20268328,0.4,B0368/S1358,1,0,0,1,0,0,1,0,1,0,1,0,1,0,1,0,0,1,0.398307119205298,0.41,0.4052125,-0.006607920878355178,0.9695494193994245,1.0,0.6231249999999999,18.8,False,
74,4,20268329,0.5,B0368/S1358,1,0,0,1,0,0,1,0,1,0,1,0,1,0,1,0,0,1,0.3968915562913908,0.393125,0.40356666666666674,-0.005262613279888843,0.9683962869714533,1.0,0.6443749999999999,25.8,False,
75,0,20268425,0.1,B134/S0124,0,1,0,1,1,0,0,0,0,1,1,1,0,1,0,0,0,0,0.4499627483443709,0.4775,0.5536791666666666,0.014135369466712582,0.9882894472593551,1.0,0.60875,31.0,False,
75,1,20268426,0.2,B134/S0124,0,1,0,1,1,0,0,0,0,1,1,1,0,1,0,0,0,0,0.4503228476821192,0.453125,0.5525375,0.0061981526664336845,0.9892022254008035,1.0,0.6174999999999999,30.2,False,
75,2,20268427,0.3,B134/S0124,0,1,0,1,1,0,0,0,0,1,1,1,0,1,0,0,0,0,0.45214403973509937,0.481875,0.5542708333333334,0.005323719065876376,0.9907310305070066,1.0,0.5956250000000001,25.6,False,
75,3,20268428,0.4,B134/S0124,0,1,0,1,1,0,0,0,0,1,1,1,0,1,0,0,0,0,0.451614238410596,0.431875,0.5530166666666667,0.0009535116765421376,0.9913053130845464,1.0,0.5862499999999999,19.8,False,
75,4,20268429,0.5,B134/S0124,0,1,0,1,1,0,0,0,0,1,1,1,0,1,0,0,0,0,0.4533940397350994,0.421875,0.5563291666666667,-0.0021645172533989667,0.9925479991002295,1.0,0.590625,11.8,False,
76,0,20268525,0.1,B45678/S02458,0,0,0,0,1,1,1,1,1,1,0,1,0,1,1,0,0,1,0.04598923841059602,0.045625,0.00035,-0.002152753572673442,0.2689126355581053,1.0,1.0,76.2,False,
76,1,20268526,0.2,B45678/S02458,0,0,0,0,1,1,1,1,1,1,0,1,0,1,1,0,0,1,0.062019867549668886,0.058125,0.003454166666666667,-0.022223553502962727,0.3325158879008106,1.0,1.0,74.2,False,
76,2,20268527,0.3,B45678/S02458,0,0,0,0,1,1,1,1,1,1,0,1,0,1,1,0,0,1,0.05474337748344372,0.039375,0.015762499999999995,-0.08310452248170112,0.28754819994090774,1.0,1.0,51.2,False,
76,3,20268528,0.4,B45678/S02458,0,0,0,0,1,1,1,1,1,1,0,1,0,1,1,0,0,1,0.11462334437086093,0.020625,0.08974166666666666,-0.40759585221331485,0.3871315753989928,1.0,1.0,20.0,False,
76,4,20268529,0.5,B45678/S02458,0,0,0,0,1,1,1,1,1,1,0,1,0,1,1,0,0,1,0.24784354304635764,0.013125,0.22260833333333332,-0.6961929243638902,0.6162527194093708,1.0,1.0,11.8,False,
77,0,20268625,0.1,B0124568/S12345,1,1,1,0,1,1,1,0,1,0,1,1,1,1,1,0,0,0,0.4978187086092714,0.044375,0.9953624999999999,-0.003934297664691371,0.2774968405494507,1.0,1.0,52.2,False,
77,1,20268626,0.2,B0124568/S12345,1,1,1,0,1,1,1,0,1,0,1,1,1,1,1,0,0,0,0.5033319536423841,0.031875,0.9644125,-0.02540007406761955,0.34119784677051607,1.0,1.0,47.8,False,
77,2,20268627,0.3,B0124568/S12345,1,1,1,0,1,1,1,0,1,0,1,1,1,1,1,0,0,0,0.5018253311258277,0.031875,0.9762833333333333,-0.025752984489369416,0.2700831202664698,1.0,1.0,33.6,False,
77,3,20268628,0.4,B0124568/S12345,1,1,1,0,1,1,1,0,1,0,1,1,1,1,1,0,0,0,0.5041514900662253,0.0275,0.9656999999999999,-0.03722257319623567,0.28296121482319425,1.0,1.0,24.0,False,
77,4,20268629,0.5,B0124568/S12345,1,1,1,0,1,1,1,0,1,0,1,1,1,1,1,0,0,0,0.5027028145695365,0.035625,0.9776166666666668,-0.03048917305681533,0.26997733895809767,1.0,1.0,22.2,False,
78,0,20268725,0.1,B13568/S02356,0,1,0,1,0,1,1,0,1,1,0,1,1,0,1,1,0,0,0.627148178807947,0.630625,0.4649666666666667,0.03190996427326555,0.9457885088309784,1.0,0.586875,21.8,False,
78,1,20268726,0.2,B13568/S02356,0,1,0,1,0,1,1,0,1,1,0,1,1,0,1,1,0,0,0.6271316225165563,0.65375,0.46422499999999994,0.022258191007319548,0.9483201588775663,1.0,0.575,23.0,False,
78,2,20268727,0.3,B13568/S02356,0,1,0,1,0,1,1,0,1,1,0,1,1,0,1,1,0,0,0.6284147350993378,0.62375,0.4658916666666666,0.01658286859532897,0.9489088186067147,1.0,0.57375,16.6,False,
78,3,20268728,0.4,B13568/S02356,0,1,0,1,0,1,1,0,1,1,0,1,1,0,1,1,0,0,0.629884105960265,0.63125,0.4637166666666667,0.010297795399093545,0.9489632836064017,1.0,0.583125,6.4,False,
78,4,20268729,0.5,B13568/S02356,0,1,0,1,0,1,1,0,1,1,0,1,1,0,1,1,0,0,0.6305918874172185,0.628125,0.4660958333333334,0.0060743072499128544,0.9491971665024017,1.0,0.5775,2.4,False,
79,0,20268825,0.1,B23678/S2457,0,0,1,1,0,0,1,1,1,0,0,1,0,1,1,0,1,0,0.5591514900662252,0.565,0.4091458333333334,0.03946780237016354,0.9813513484834427,1.0,0.723125,25.2,False,
79,1,20268826,0.2,B23678/S2457,0,0,1,1,0,0,1,1,1,0,0,1,0,1,1,0,1,0,0.5637044701986755,0.576875,0.40971250000000003,0.027699873649354525,0.9844860741836791,1.0,0.6225,26.4,False,
79,2,20268827,0.3,B23678/S2457,0,0,1,1,0,0,1,1,1,0,0,1,0,1,1,0,1,0,0.5652110927152317,0.57125,0.4119833333333333,0.01080134628790488,0.9857543364836878,1.0,0.6275,21.2,False,
79,3,20268828,0.4,B23678/S2457,0,0,1,1,0,0,1,1,1,0,0,1,0,1,1,0,1,0,0.5674710264900661,0.579375,0.41195000000000004,0.009562238584872184,0.9855721756434553,1.0,0.62,8.6,False,
79,4,20268829,0.5,B23678/S2457,0,0,1,1,0,0,1,1,1,0,0,1,0,1,1,0,1,0,0.5684147350993378,0.543125,0.41262916666666666,0.0031863236319273425,0.98570684509096,1.0,0.624375,4.4,False,
80,0,20268925,0.1,B234578/S13478,0,0,1,1,1,1,0,1,1,0,1,0,1,1,0,0,1,1,0.6013038079470199,0.5925,0.6166916666666666,0.0471668046357612,0.9596784280662802,1.0,0.778125,23.8,False,
80,1,20268926,0.2,B234578/S13478,0,0,1,1,1,1,0,1,1,0,1,0,1,1,0,0,1,1,0.6068832781456954,0.59875,0.623175,0.021097181073544243,0.962165117250486,1.0,0.59875,30.6,False,
80,2,20268927,0.3,B234578/S13478,0,0,1,1,1,1,0,1,1,0,1,0,1,1,0,0,1,1,0.6082574503311259,0.624375,0.6235416666666667,0.009819732485185875,0.9631314039278122,1.0,0.6025,15.6,False,
80,3,20268928,0.4,B234578/S13478,0,0,1,1,1,1,0,1,1,0,1,0,1,1,0,0,1,1,0.6086630794701987,0.59375,0.6240416666666668,-0.0014658853258975083,0.96291024700965,1.0,0.594375,8.4,False,
80,4,20268929,0.5,B234578/S13478,0,0,1,1,1,1,0,1,1,0,1,0,1,1,0,0,1,1,0.6089817880794702,0.620625,0.6249416666666667,0.00353335221331435,0.9642946165368866,1.0,0.599375,5.8,False,
81,0,20269025,0.1,B012457/S1368,1,1,1,0,1,1,0,1,0,0,1,0,1,0,0,1,0,1,0.5125993377483444,0.513125,0.6493625,-0.002443577901708339,0.9912184014290323,1.0,0.6275,24.4,False,
81,1,20269026,0.2,B012457/S1368,1,1,1,0,1,1,0,1,0,0,1,0,1,0,0,1,0,1,0.5119577814569536,0.5175,0.6494875,0.0038329993028924686,0.9958408522230735,1.0,0.579375,29.8,False,
81,2,20269027,0.3,B012457/S1368,1,1,1,0,1,1,0,1,0,0,1,0,1,0,0,1,0,1,0.5114900662251657,0.51375,0.6501708333333333,0.0019985186476117723,0.9976987927562287,1.0,0.5775,21.8,False,
81,3,20269028,0.4,B012457/S1368,1,1,1,0,1,1,0,1,0,0,1,0,1,0,0,1,0,1,0.5108278145695364,0.50375,0.6509791666666667,0.0011897655977689393,0.998841295515004,1.0,0.579375,13.8,False,
81,4,20269029,0.5,B012457/S1368,1,1,1,0,1,1,0,1,0,0,1,0,1,0,0,1,0,1,0.5117508278145695,0.509375,0.651775,0.004091146741024054,0.9990487005872783,1.0,0.58375,6.0,False,
82,0,20269125,0.1,B0168/S012346,1,1,0,0,0,0,1,0,1,1,1,1,1,1,0,1,0,0,0.3948096026490066,0.390625,0.02684583333333333,-0.023032960090623906,0.9589459146709227,1.0,1.0,68.0,False,
82,1,20269126,0.2,B0168/S012346,1,1,0,0,0,0,1,0,1,1,1,1,1,1,0,1,0,0,0.3901655629139073,0.38875,0.011858333333333337,-0.007901925758104635,0.9631768051052206,1.0,1.0,63.4,False,
82,2,20269127,0.3,B0168/S012346,1,1,0,0,0,0,1,0,1,1,1,1,1,1,0,1,0,0,0.3678725165562915,0.36625,0.006120833333333334,-0.009147242070408042,0.9485463215978513,1.0,1.0,90.6,False,
82,3,20269128,0.4,B0168/S012346,1,1,0,0,0,0,1,0,1,1,1,1,1,1,0,1,0,0,0.38664735099337755,0.385625,0.005187499999999999,-0.005912883408853978,0.9624906332657016,1.0,1.0,47.2,False,
82,4,20269129,0.5,B0168/S012346,1,1,0,0,0,0,1,0,1,1,1,1,1,1,0,1,0,0,0.38240894039735096,0.380625,0.0039125,-0.010412164517253571,0.9592978528623227,1.0,1.0,41.8,False,
83,0,20269225,0.1,B0236/S01456,1,0,1,1,0,0,1,0,0,1,1,0,0,1,1,1,0,0,0.5950082781456953,0.601875,0.3221375,0.017531151969326707,0.9679940682456558,1.0,0.73,23.2,False,
83,1,20269226,0.2,B0236/S01456,1,0,1,1,0,0,1,0,0,1,1,0,0,1,1,1,0,0,0.596953642384106,0.615,0.316975,0.02458021087486865,0.9687619002491198,1.0,0.7375,23.8,False,
83,2,20269227,0.3,B0236/S01456,1,0,1,1,0,0,1,0,0,1,1,0,0,1,1,1,0,0,0.5945405629139072,0.624375,0.32248750000000004,0.01435887940048755,0.9713372441735693,1.0,0.7275,18.4,False,
83,3,20269228,0.4,B0236/S01456,1,0,1,1,0,0,1,0,0,1,1,0,0,1,1,1,0,0,0.595976821192053,0.591875,0.323525,0.013615480132450215,0.9717360514867497,1.0,0.725625,8.4,False,
83,4,20269229,0.5,B0236/S01456,1,0,1,1,0,0,1,0,0,1,1,0,0,1,1,1,0,0,0.5988658940397351,0.575,0.32057916666666664,-0.0004898265946329433,0.9708791276739841,1.0,0.729375,3.8,False,
84,0,20269325,0.1,B1237/S068,0,1,1,1,0,0,0,1,0,1,0,0,0,0,0,1,0,1,0.4194867549668874,0.44875,0.6977833333333333,0.008633888114325049,0.9762474875276915,1.0,0.63,39.8,False,
84,1,20269326,0.2,B1237/S068,0,1,1,1,0,0,0,1,0,1,0,0,0,0,0,1,0,1,0.4221978476821192,0.4175,0.6998125000000001,0.00017024660160322257,0.9790944721181501,1.0,0.635,47.4,False,
84,2,20269327,0.3,B1237/S068,0,1,1,1,0,0,0,1,0,1,0,0,0,0,0,1,0,1,0.422682119205298,0.415625,0.7011083333333332,0.0016227344022306282,0.9806391165356765,1.0,0.6268750000000001,38.2,False,
84,3,20269328,0.4,B1237/S068,0,1,1,1,0,0,0,1,0,1,0,0,0,0,0,1,0,1,0.42353062913907286,0.43375,0.7014875,0.005068512547925344,0.9815458293456676,1.0,0.6275,31.8,False,
84,4,20269329,0.5,B1237/S068,0,1,1,1,0,0,0,1,0,1,0,0,0,0,0,1,0,1,0.42130794701986757,0.39875,0.7005083333333334,0.0008005838271169425,0.9795255936062369,1.0,0.6275,26.2,False,
85,0,20269425,0.1,B4568/S1347,0,0,0,0,1,1,1,0,1,0,1,0,1,1,0,0,1,0,0.028812086092715242,0.028125,0.0005750000000000001,-0.004049647089578294,0.18774752760603935,1.0,1.0,36.2,False,
85,1,20269426,0.2,B4568/S1347,0,0,0,0,1,1,1,0,1,0,1,0,1,1,0,0,1,0,0.04934188741721856,0.04625,0.0026625,-0.01788242854653197,0.2806816044580686,1.0,1.0,51.2,False,
85,2,20269427,0.3,B4568/S1347,0,0,0,0,1,1,1,0,1,0,1,0,1,1,0,0,1,0,0.04178807947019868,0.02625,0.013770833333333335,-0.08510794266294892,0.2254964452134319,1.0,1.0,28.8,False,
85,3,20269428,0.4,B4568/S1347,0,0,0,0,1,1,1,0,1,0,1,0,1,1,0,0,1,0,0.07540149006622518,0.021875,0.05157916666666666,-0.2609507886023007,0.30191032270667684,1.0,1.0,17.4,False,
85,4,20269429,0.5,B4568/S1347,0,0,0,0,1,1,1,0,1,0,1,0,1,1,0,0,1,0,0.09792218543046358,0.0375,0.06212916666666667,-0.30339610927152366,0.3630718796564073,1.0,1.0,21.0,False,
86,0,20269525,0.1,B127/S02,0,1,1,0,0,0,0,1,0,1,0,1,0,0,0,0,0,0,0.33441225165562916,0.30125,0.553725,0.003239586964098713,0.9125223371687569,1.0,0.794375,42.2,False,
86,1,20269526,0.2,B127/S02,0,1,1,0,0,0,0,1,0,1,0,1,0,0,0,0,0,0,0.3350289735099338,0.316875,0.5548916666666667,0.003468978738236412,0.9115962378177311,1.0,0.791875,41.8,False,
86,2,20269527,0.3,B127/S02,0,1,1,0,0,0,0,1,0,1,0,1,0,0,0,0,0,0,0.3353683774834437,0.28,0.5515375,-0.0002614151272226789,0.9169883923396157,1.0,0.69625,36.4,False,
86,3,20269528,0.4,B127/S02,0,1,1,0,0,0,0,1,0,1,0,1,0,0,0,0,0,0,0.333841059602649,0.30625,0.54885,-0.0012913907284770702,0.9161726472741547,1.0,0.6875,29.8,False,
86,4,20269529,0.5,B127/S02,0,1,1,0,0,0,0,1,0,1,0,1,0,0,0,0,0,0,0.3345281456953642,0.35875,0.5508458333333334,0.0009479566050884472,0.9145607013581709,1.0,0.724375,21.0,False,
87,0,20269625,0.1,B1234567/S34567,0,1,1,1,1,1,1,1,0,0,0,0,1,1,1,1,1,0,0.7420529801324504,0.77375,0.4523666666666668,0.060732942662948354,0.8094599771545667,1.0,1.0,19.0,False,
87,1,20269626,0.2,B1234567/S34567,0,1,1,1,1,1,1,1,0,0,0,0,1,1,1,1,1,0,0.71875,0.721875,0.4865750000000001,0.040978781805506154,0.8393440720165678,1.0,1.0,24.4,False,
87,2,20269627,0.3,B1234567/S34567,0,1,1,1,1,1,1,1,0,0,0,0,1,1,1,1,1,0,0.7682822847682118,0.776875,0.3384041666666667,0.03082247734402151,0.7739213750257864,1.0,1.0,15.6,False,
87,3,20269628,0.4,B1234567/S34567,0,1,1,1,1,1,1,1,0,0,0,0,1,1,1,1,1,0,0.7537417218543048,0.756875,0.3976083333333334,0.03262428110839958,0.7973193500198926,1.0,1.0,7.0,False,
87,4,20269629,0.5,B1234567/S34567,0,1,1,1,1,1,1,1,0,0,0,0,1,1,1,1,1,0,0.7390149006622516,0.745,0.4599625000000001,0.049356483095154544,0.8192950790933463,1.0,1.0,3.2,False,
88,0,20269725,0.1,B012348/S02457,1,1,1,1,1,0,0,0,1,1,0,1,0,1,1,0,1,0,0.5713534768211921,0.6,0.45933333333333337,0.01704459306378511,0.9603332394286759,1.0,0.91875,21.8,False,
88,1,20269726,0.2,B012348/S02457,1,1,1,1,1,0,0,0,1,1,0,1,0,1,1,0,1,0,0.5725372516556292,0.563125,0.44164583333333324,0.007417327466015592,0.9769047745720568,1.0,0.714375,26.2,False,
88,2,20269727,0.3,B012348/S02457,1,1,1,1,1,0,0,0,1,1,0,1,0,1,1,0,1,0,0.5735471854304635,0.565,0.4373875,0.0028043307772741143,0.9797949175532373,1.0,0.635,20.4,False,
88,3,20269728,0.4,B012348/S02457,1,1,1,1,1,0,0,0,1,1,0,1,0,1,1,0,1,0,0.5727193708609272,0.529375,0.43870833333333337,-0.000520542872081511,0.982771943189713,1.0,0.624375,9.2,False,
88,4,20269729,0.5,B012348/S02457,1,1,1,1,1,0,0,0,1,1,0,1,0,1,1,0,1,0,0.5736216887417219,0.613125,0.43904999999999994,0.005089425758103255,0.9832353779737878,1.0,0.62,4.6,False,
89,0,20269825,0.1,B0235678/S17,1,0,1,1,0,1,1,1,1,0,1,0,0,0,0,0,1,0,0.4391432119205299,0.423125,0.7773749999999999,0.009115218717323062,0.9853277948933408,1.0,0.7262500000000001,41.2,False,
89,1,20269826,0.2,B0235678/S17,1,0,1,1,0,1,1,1,1,0,1,0,0,0,0,0,1,0,0.4402028145695364,0.44625,0.7757583333333332,0.006091299233182154,0.9872701015829983,1.0,0.705625,37.4,False,
89,2,20269827,0.3,B0235678/S17,1,0,1,1,0,1,1,1,1,0,1,0,0,0,0,0,1,0,0.4405463576158941,0.4575,0.7772666666666667,0.006073980481003626,0.9883492345874177,1.0,0.70625,37.8,False,
89,3,20269828,0.4,B0235678/S17,1,0,1,1,0,1,1,1,1,0,1,0,0,0,0,0,1,0,0.4402028145695364,0.446875,0.7789833333333334,-0.0017168438480312002,0.9889791425777464,1.0,0.715625,20.8,False,
89,4,20269829,0.5,B0235678/S17,1,0,1,1,0,1,1,1,1,0,1,0,0,0,0,0,1,0,0.4406167218543046,0.43625,0.7773333333333333,0.0013583783548271461,0.9889658476387255,1.0,0.713125,19.4,False,
90,0,20269925,0.1,B01258/S058,1,1,1,0,0,1,0,0,1,1,0,0,0,0,1,0,0,1,0.41942052980132455,0.395625,0.6232166666666666,-0.02407960090623943,0.9703406041224393,1.0,0.7268749999999999,47.6,False,
90,1,20269926,0.2,B01258/S058,1,1,1,0,0,1,0,0,1,1,0,0,0,0,1,0,0,1,0.4152028145695364,0.384375,0.6248458333333332,-0.006727518299058918,0.9751570177063009,1.0,0.605,49.6,False,
90,2,20269927,0.3,B01258/S058,1,1,1,0,0,1,0,0,1,1,0,0,0,0,1,0,0,1,0.4137086092715232,0.383125,0.6252500000000001,0.003300039212268914,0.9764519679881047,1.0,0.579375,41.4,False,
90,3,20269928,0.4,B01258/S058,1,1,1,0,0,1,0,0,1,1,0,0,0,0,1,0,0,1,0.4126531456953643,0.419375,0.6245124999999999,-0.0027066268734750334,0.976129958696582,1.0,0.58125,25.6,False,
90,4,20269929,0.5,B01258/S058,1,1,1,0,0,1,0,0,1,1,0,0,0,0,1,0,0,1,0.4143708609271523,0.39625,0.6224875000000001,0.001369488497734277,0.9770158957097446,1.0,0.571875,30.8,False,
91,0,20270025,0.1,B0234/S01235678,1,0,1,1,1,0,0,0,0,1,1,1,1,0,1,1,1,1,0.8095447019867551,0.825,0.025145833333333333,0.07854642296967478,0.6888278031525634,1.0,1.0,21.6,False,
91,1,20270026,0.2,B0234/S01235678,1,0,1,1,1,0,0,0,0,1,1,1,1,0,1,1,1,1,0.8224172185430463,0.835625,0.016720833333333334,0.06475318055071397,0.6641814860519792,1.0,1.0,22.2,False,
91,2,20270027,0.3,B0234/S01235678,1,0,1,1,1,0,0,0,0,1,1,1,1,0,1,1,1,1,0.826171357615894,0.835625,0.014200000000000003,0.05132722638549918,0.658275706146848,1.0,1.0,17.0,False,
91,3,20270028,0.4,B0234/S01235678,1,0,1,1,1,0,0,0,0,1,1,1,1,0,1,1,1,1,0.8327235099337749,0.84375,0.013583333333333331,0.0536244118159637,0.6454222001395683,1.0,1.0,4.6,False,
91,4,20270029,0.5,B0234/S01235678,1,0,1,1,1,0,0,0,0,1,1,1,1,0,1,1,1,1,0.7981705298013245,0.811875,0.023083333333333334,0.06364151272220255,0.7211832949902294,1.0,1.0,1.6,False,
92,0,20270125,0.1,B012348/S245,1,1,1,1,1,0,0,0,1,0,0,1,0,1,1,0,0,0,0.4971978476821192,0.046875,0.9991958333333332,-0.00118617113977018,0.2770073756934773,1.0,1.0,51.8,False,
92,1,20270126,0.2,B012348/S245,1,1,1,1,1,0,0,0,1,0,0,1,0,1,1,0,0,0,0.4977649006622516,0.05625,0.9979916666666666,-0.004155846985012595,0.3197678153367674,1.0,1.0,60.8,False,
92,2,20270127,0.3,B012348/S245,1,1,1,1,1,0,0,0,1,0,0,1,0,1,1,0,0,0,0.4985016556291391,0.04,0.9932333333333334,-0.009072411990240553,0.26248923133922913,1.0,1.0,41.6,False,
92,3,20270128,0.4,B012348/S245,1,1,1,1,1,0,0,0,1,0,0,1,0,1,1,0,0,0,0.5000703642384107,0.035625,0.9841333333333334,-0.017824917218543346,0.2694757305743841,1.0,1.0,27.8,False,
92,4,20270129,0.5,B012348/S245,1,1,1,1,1,0,0,0,1,0,0,1,0,1,1,0,0,0,0.502748344370861,0.028125,0.96955,-0.0303493159637507,0.30723787698800914,1.0,1.0,19.0,False,
93,0,20270225,0.1,B0137/S014568,1,1,0,1,0,0,0,1,0,1,1,0,0,1,1,1,0,1,0.5041390728476821,0.528125,0.3197666666666667,-0.012122472987103772,0.9927459950889324,1.0,0.760625,29.0,False,
93,1,20270226,0.2,B0137/S014568,1,1,0,1,0,0,0,1,0,1,1,0,0,1,1,1,0,1,0.5069329470198676,0.499375,0.31269583333333334,0.003095808644126655,0.9972873079805854,1.0,0.733125,30.8,False,
93,2,20270227,0.3,B0137/S014568,1,1,0,1,0,0,0,1,0,1,1,0,0,1,1,1,0,1,0.5024172185430464,0.505,0.3144166666666667,0.008643691181595893,0.9986558275355422,1.0,0.734375,20.0,False,
93,3,20270228,0.4,B0137/S014568,1,1,0,1,0,0,0,1,0,1,1,0,0,1,1,1,0,1,0.5007201986754967,0.49125,0.3191833333333333,0.00926063088184026,0.9990247489167762,1.0,0.731875,13.8,False,
93,4,20270229,0.5,B0137/S014568,1,1,0,1,0,0,0,1,0,1,1,0,0,1,1,1,0,1,0.5068750000000001,0.51,0.31336250000000004,0.00331507058208422,0.9992603237625707,1.0,0.745,8.6,False,
94,0,20270325,0.1,B168/S23467,0,1,0,0,0,0,1,0,1,0,0,1,1,1,0,1,1,0,0.4062706953642384,0.40875,0.03638333333333333,0.02291859097246369,0.9722184143809388,1.0,0.99875,27.2,False,
94,1,20270326,0.2,B168/S23467,0,1,0,0,0,0,1,0,1,0,0,1,1,1,0,1,1,0,0.3983733443708609,0.400625,0.0367375,0.01340634803067241,0.9689336242355636,1.0,0.998125,34.6,False,
94,2,20270327,0.3,B168/S23467,0,1,0,0,0,0,1,0,1,0,0,1,1,1,0,1,1,0,0.4093750000000001,0.4125,0.03842916666666667,0.014415083652840536,0.9757245103622574,1.0,0.99875,23.4,False,
94,3,20270328,0.4,B168/S23467,0,1,0,0,0,0,1,0,1,0,0,1,1,1,0,1,1,0,0.4066556291390729,0.40625,0.030966666666666663,0.006462508713837292,0.9746310640562867,1.0,0.9975,10.8,False,
94,4,20270329,0.5,B168/S23467,0,1,0,0,0,0,1,0,1,0,0,1,1,1,0,1,1,0,0.4075620860927152,0.409375,0.03360416666666667,0.000484271523178378,0.9749639513554853,1.0,0.998125,9.0,False,
95,0,20270425,0.1,B023678/S2357,1,0,1,1,0,0,1,1,1,0,0,1,1,0,1,0,1,0,0.5202193708609272,0.514375,0.45275416666666674,0.018225862669919678,0.9943608216075323,1.0,0.585,24.8,False,
95,1,20270426,0.2,B023678/S2357,1,0,1,1,0,0,1,1,1,0,0,1,1,0,1,0,1,0,0.5226241721854304,0.525,0.451025,0.011192815440919724,0.99574319703885,1.0,0.5825,27.4,False,
95,2,20270427,0.3,B023678/S2357,1,0,1,1,0,0,1,1,1,0,0,1,1,0,1,0,1,0,0.5224668874172186,0.530625,0.45176666666666665,0.007319296793307221,0.996877644499233,1.0,0.578125,18.6,False,
95,3,20270428,0.4,B023678/S2357,1,0,1,1,0,0,1,1,1,0,0,1,1,0,1,0,1,0,0.5222889072847683,0.533125,0.4523666666666666,0.0034859707215049614,0.9979159537656079,1.0,0.5825,10.4,False,
95,4,20270429,0.5,B023678/S2357,1,0,1,1,0,0,1,1,1,0,0,1,1,0,1,0,1,0,0.5225455298013244,0.520625,0.4516125,0.001091408156151152,0.9979712555414074,1.0,0.588125,4.6,False,
96,0,20270525,0.1,B16/S146,0,1,0,0,0,0,1,0,0,0,1,0,0,1,0,1,0,0,0.2813824503311258,0.286875,0.360325,0.0031360012199370254,0.8552535967985445,1.0,0.7375,87.6,False,
96,1,20270526,0.2,B16/S146,0,1,0,0,0,0,1,0,0,0,1,0,0,1,0,1,0,0,0.28201158940397353,0.2675,0.35975,0.0011874782154056237,0.857194259093223,1.0,0.6775,89.4,False,
96,2,20270527,0.3,B16/S146,0,1,0,0,0,0,1,0,0,0,1,0,0,1,0,1,0,0,0.2814031456953642,0.290625,0.3590291666666667,-0.0004898265946324746,0.8566488962019987,1.0,0.671875,84.2,False,
96,3,20270528,0.4,B16/S146,0,1,0,0,0,0,1,0,0,0,1,0,0,1,0,1,0,0,0.2820943708609272,0.27625,0.3591083333333333,-0.007640837399791122,0.8567703244247127,1.0,0.690625,70.8,False,
96,4,20270529,0.5,B16/S146,0,1,0,0,0,0,1,0,0,0,1,0,0,1,0,1,0,0,0.2825165562913907,0.27,0.36034583333333337,-0.00864271087486952,0.8566923463486102,1.0,0.685,60.2,False,
97,0,20270625,0.1,B013468/S26,1,1,0,1,1,0,1,0,1,0,0,1,0,0,0,1,0,0,0.4572516556291391,0.461875,0.7063625,0.006901032589752297,0.9868429416217563,1.0,0.7725,30.0,False,
97,1,20270626,0.2,B013468/S26,1,1,0,1,1,0,1,0,1,0,0,1,0,0,0,1,0,0,0.4565355960264902,0.49125,0.7034250000000001,0.007395433949110621,0.9923676955685474,1.0,0.63375,36.6,False,
97,2,20270627,0.3,B013468/S26,1,1,0,1,1,0,1,0,1,0,0,1,0,0,0,1,0,0,0.4586382450331126,0.450625,0.7032250000000001,0.0015786205995117703,0.9937426153517882,1.0,0.630625,22.4,False,
97,3,20270628,0.4,B013468/S26,1,1,0,1,1,0,1,0,1,0,0,1,0,0,0,1,0,0,0.45778145695364236,0.47125,0.7027750000000001,0.00042316573718990816,0.9942124392102222,1.0,0.63125,16.6,False,
97,4,20270629,0.5,B013468/S26,1,1,0,1,1,0,1,0,1,0,0,1,0,0,0,1,0,0,0.45817466887417213,0.429375,0.7036958333333333,-0.0033562434646222748,0.9944067670585829,1.0,0.63,10.6,False,
98,0,20270725,0.1,B01345678/S678,1,1,0,1,1,1,1,1,1,0,0,0,0,0,0,1,1,1,0.8670405629139075,0.875,0.2592625000000001,0.02936606831648593,0.5506449822711229,1.0,1.0,20.6,False,
98,1,20270726,0.2,B01345678/S678,1,1,0,1,1,1,1,1,1,0,0,0,0,0,0,1,1,1,0.5002524834437087,0.5075,0.9933833333333333,-0.0006316443011506324,0.9975896940686515,1.0,1.0,27.8,False,
98,2,20270727,0.3,B01345678/S678,1,1,0,1,1,1,1,1,1,0,0,0,0,0,0,1,1,1,0.49929221854304634,0.51625,0.9971625000000001,0.004959044963401363,0.9984213444241675,1.0,1.0,15.2,False,
98,3,20270728,0.4,B01345678/S678,1,1,0,1,1,1,1,1,1,0,0,0,0,0,0,1,1,1,0.4994536423841059,0.5,0.9989458333333334,0.0032379531195530094,0.9998548317431284,1.0,1.0,5.2,False,
98,4,20270729,0.5,B01345678/S678,1,1,0,1,1,1,1,1,1,0,0,0,0,0,0,1,1,1,0.500260761589404,0.4975,0.9990500000000001,-0.0016243682467762062,0.9999707899916903,1.0,1.0,2.0,False,
99,0,20270825,0.1,B0123456/S01468,1,1,1,1,1,1,1,0,0,1,1,0,0,1,0,1,0,1,0.6270033112582781,0.603125,0.6425125,-0.026746688741722615,0.9386923322424794,1.0,0.894375,21.8,False,
99,1,20270826,0.2,B0123456/S01468,1,1,1,1,1,1,1,0,0,1,1,0,0,1,0,1,0,1,0.6220074503311258,0.593125,0.6523125,0.00037055594283636926,0.950160521815727,1.0,0.6893750000000001,22.4,False,
99,2,20270827,0.3,B0123456/S01468,1,1,1,1,1,1,1,0,0,1,1,0,0,1,0,1,0,1,0.6213907284768211,0.624375,0.6533875,0.0066915737190655755,0.9533808466450698,1.0,0.635,15.2,False,
99,3,20270828,0.4,B0123456/S01468,1,1,1,1,1,1,1,0,0,1,1,0,0,1,0,1,0,1,0.6214569536423841,0.621875,0.6536083333333332,0.004855459219240238,0.9550500245807828,1.0,0.6168750000000001,6.2,False,
99,4,20270829,0.5,B0123456/S01468,1,1,1,1,1,1,1,0,0,1,1,0,0,1,0,1,0,1,0.6210389072847683,0.6325,0.6553291666666666,0.0029523570930636376,0.9562615705026626,1.0,0.614375,4.0,False,
100,0,20270925,0.1,B01234567/S0125,1,1,1,1,1,1,1,1,0,1,1,1,0,0,1,0,0,0,0.49724751655629157,0.0025,0.9994333333333333,-0.0032121383757406762,0.028044839755059434,1.0,1.0,17.8,False,
100,1,20270926,0.2,B01234567/S0125,1,1,1,1,1,1,1,1,0,1,1,1,0,0,1,0,0,0,0.4980504966887417,0.01,0.998575,-0.007625806029976379,0.08913546187644608,1.0,1.0,24.6,False,
100,2,20270927,0.3,B01234567/S0125,1,1,1,1,1,1,1,1,0,1,1,1,0,0,1,0,0,0,0.5019577814569537,0.018125,0.9913291666666669,-0.020600165562914094,0.19305570839284775,1.0,1.0,15.4,False,
100,3,20270928,0.4,B01234567/S0125,1,1,1,1,1,1,1,1,0,1,1,1,0,0,1,0,0,0,0.5056622516556291,0.015,0.9840708333333333,-0.03668405803415899,0.36927174756633685,1.0,0.999375,10.4,False,
100,4,20270929,0.5,B01234567/S0125,1,1,1,1,1,1,1,1,0,1,1,1,0,0,1,0,0,0,0.5272516556291391,0.136875,0.940783333333333,-0.07090035726734106,0.8116877938968734,1.0,0.984375,2.4,False,
101,0,20271025,0.1,B124578/S1456,0,1,1,0,1,1,0,1,1,0,1,0,0,1,1,1,0,0,0.6534809602649007,0.656875,0.44990833333333324,0.022999302892993158,0.9234065863497597,1.0,0.6012500000000001,20.2,False,
101,1,20271026,0.2,B124578/S1456,0,1,1,0,1,1,0,1,1,0,1,0,0,1,1,1,0,0,0.6534644039735099,0.6375,0.4533333333333333,0.021311868246775303,0.9257938559893194,1.0,0.598125,25.4,False,
101,2,20271027,0.3,B124578/S1456,0,1,1,0,1,1,0,1,1,0,1,0,0,1,1,1,0,0,0.6535720198675498,0.630625,0.4534125,0.013606003834087475,0.9271054566200307,1.0,0.598125,21.0,False,
101,3,20271028,0.4,B124578/S1456,0,1,1,0,1,1,0,1,1,0,1,0,0,1,1,1,0,0,0.6553766556291392,0.664375,0.4534625,0.01172512199372576,0.9269168304445227,1.0,0.598125,7.0,False,
101,4,20271029,0.5,B124578/S1456,0,1,1,0,1,1,0,1,1,0,1,0,0,1,1,1,0,0,0.6542798013245034,0.676875,0.45448333333333335,0.010307925235272929,0.9289289912356907,1.0,0.6,1.6,False,
102,0,20271125,0.1,B03578/S13,1,0,0,1,0,1,0,1,1,0,1,0,1,0,0,0,0,0,0.386158940397351,0.381875,0.502925,0.013658940397350742,0.9588533709997007,1.0,0.698125,37.4,False,
102,1,20271126,0.2,B03578/S13,1,0,0,1,0,1,0,1,1,0,1,0,1,0,0,0,0,0,0.3881332781456953,0.408125,0.5028458333333334,0.013682467758800792,0.9622069894577859,1.0,0.614375,45.4,False,
102,2,20271127,0.3,B03578/S13,1,0,0,1,0,1,0,1,1,0,1,0,1,0,0,0,0,0,0.3868791390728476,0.3925,0.5015166666666666,0.0061778929940742916,0.9620256565830043,1.0,0.6012500000000001,37.2,False,
102,3,20271128,0.4,B03578/S13,1,0,0,1,0,1,0,1,1,0,1,0,1,0,0,0,0,0,0.38971026490066224,0.3925,0.5033291666666667,-0.005639051063088631,0.9640792343719816,1.0,0.565625,26.6,False,
102,4,20271129,0.5,B03578/S13,1,0,0,1,0,1,0,1,1,0,1,0,1,0,0,0,0,0,0.3880546357615894,0.39125,0.49984166666666663,-0.008017275182991035,0.9626202486988692,1.0,0.5762499999999999,23.4,False,
103,0,20271225,0.1,B0156/S02346,1,1,0,0,0,1,1,0,0,1,0,1,1,1,0,1,0,0,0.5034437086092715,0.49875,0.3372208333333334,0.010388310386894169,0.9921835573801577,1.0,0.733125,28.4,False,
103,1,20271226,0.2,B0156/S02346,1,1,0,0,0,1,1,0,0,1,0,1,1,1,0,1,0,0,0.505533940397351,0.5025,0.3330208333333334,0.020512591495294333,0.9974900526304962,1.0,0.71,33.0,False,
103,2,20271227,0.3,B0156/S02346,1,1,0,0,0,1,1,0,0,1,0,1,1,1,0,1,0,0,0.50528559602649,0.48,0.33072083333333335,0.015802217671662507,0.9984657614260382,1.0,0.7150000000000001,21.0,False,
103,3,20271228,0.4,B0156/S02346,1,1,0,0,0,1,1,0,0,1,0,1,1,1,0,1,0,0,0.5027897350993379,0.506875,0.32729166666666665,0.007607506971069855,0.9992393873150458,1.0,0.77,10.2,False,
103,4,20271229,0.5,B0156/S02346,1,1,0,0,0,1,1,0,0,1,0,1,1,1,0,1,0,0,0.5063576158940398,0.49125,0.33088333333333336,-0.00590863541303595,0.9992811735915246,1.0,0.715625,7.4,False,
104,0,20271325,0.1,B7/S034,0,0,0,0,0,0,0,1,0,1,0,0,1,1,0,0,0,0,0.045343543046357605,0.045,0.0003458333333333333,-0.0020341364586964647,0.26605142821630673,1.0,1.0,78.2,False,
104,1,20271326,0.2,B7/S034,0,0,0,0,0,0,0,1,0,1,0,0,1,1,0,0,0,0,0.043907284768211916,0.0425,0.001075,-0.008298949982572388,0.25815412344558725,1.0,1.0,73.8,False,
104,2,20271327,0.3,B7/S034,0,0,0,0,0,0,0,1,0,1,0,0,1,1,0,0,0,0,0.04555049668874171,0.0425,0.0018833333333333334,-0.017919353433252107,0.26218340800857415,1.0,1.0,59.4,False,
104,3,20271328,0.4,B7/S034,0,0,0,0,0,0,0,1,0,1,0,0,1,1,0,0,0,0,0.033832781456953634,0.029375,0.0025624999999999997,-0.02615817793656338,0.2031677364796592,1.0,1.0,37.4,False,
104,4,20271329,0.5,B7/S034,0,0,0,0,0,0,0,1,0,1,0,0,1,1,0,0,0,0,0.04178807947019867,0.03625,0.003329166666666667,-0.0325020695364239,0.2373719706077776,1.0,1.0,40.0,False,
105,0,20271425,0.1,B4567/S348,0,0,0,0,1,1,1,1,0,0,0,0,1,1,0,0,0,1,0.003125,0.0025,0.0006416666666666667,-0.0036957563611014457,0.028317094921691145,1.0,1.0,19.4,False,
105,1,20271426,0.2,B4567/S348,0,0,0,0,1,1,1,1,0,0,0,0,1,1,0,0,0,1,0.017421357615894036,0.015,0.0024916666666666668,-0.014154975601254843,0.12189151451595347,1.0,1.0,24.8,False,
105,2,20271427,0.3,B4567/S348,0,0,0,0,1,1,1,1,0,0,0,0,1,1,0,0,0,1,0.017864238410596023,0.010625,0.007383333333333333,-0.041462399790867924,0.11144757791850685,1.0,1.0,17.8,False,
105,3,20271428,0.4,B4567/S348,0,0,0,0,1,1,1,1,0,0,0,0,1,1,0,0,0,1,0.0347889072847682,0.018125,0.017391666666666666,-0.09389214447542724,0.17768688145644412,1.0,1.0,10.4,False,
105,4,20271429,0.5,B4567/S348,0,0,0,0,1,1,1,1,0,0,0,0,1,1,0,0,0,1,0.048389900662251656,0.026875,0.023254166666666666,-0.12013005402579312,0.23265911077769652,1.0,1.0,9.8,False,
106,0,20271525,0.1,B/S01467,0,0,0,0,0,0,0,0,0,1,1,0,0,1,0,1,1,0,0.08510761589403973,0.085,0.00010833333333333334,-0.0006371993726038385,0.41991006594913843,1.0,1.0,114.0,False,
106,1,20271526,0.2,B/S01467,0,0,0,0,0,0,0,0,0,1,1,0,0,1,0,1,1,0,0.1069412251655629,0.10625,0.0006666666666666668,-0.00409049320320691,0.4902157322123474,1.0,1.0,134.6,False,
106,2,20271527,0.3,B/S01467,0,0,0,0,0,0,0,0,0,1,1,0,0,1,0,1,1,0,0.09761589403973511,0.09625,0.0012916666666666667,-0.00808099512025105,0.4599802584544657,1.0,1.0,119.8,False,
106,3,20271528,0.4,B/S01467,0,0,0,0,0,0,0,0,0,1,1,0,0,1,0,1,1,0,0.10043046357615894,0.098125,0.00195,-0.013620708434994975,0.46739211884016424,1.0,1.0,116.6,False,
106,4,20271529,0.5,B/S01467,0,0,0,0,0,0,0,0,0,1,1,0,0,1,0,1,1,0,0.08777317880794702,0.08375,0.0028208333333333336,-0.023713292959219447,0.42217515227613833,1.0,1.0,97.0,False,
107,0,20271625,0.1,B035678/S67,1,0,0,1,0,1,1,1,1,0,0,0,0,0,0,1,1,0,0.2733319536423841,0.258125,0.5331958333333333,-0.0019439482398049583,0.8442318061825758,1.0,0.7012499999999999,104.2,False,
107,1,20271626,0.2,B035678/S67,1,0,0,1,0,1,1,1,1,0,0,0,0,0,0,1,1,0,0.2696440397350994,0.29,0.526925,0.0006404670616938853,0.8402177347576596,1.0,0.700625,107.8,False,
107,2,20271627,0.3,B035678/S67,1,0,0,1,0,1,1,1,1,0,0,0,0,0,0,1,1,0,0.27068708609271525,0.275,0.5277958333333334,0.005080602997559846,0.8418319148888079,1.0,0.696875,96.8,False,
107,3,20271628,0.4,B035678/S67,1,0,0,1,0,1,1,1,1,0,0,0,0,0,0,1,1,0,0.2706622516556292,0.28125,0.5266958333333333,-0.006922926106657487,0.8412358385791432,1.0,0.714375,85.4,False,
107,4,20271629,0.5,B035678/S67,1,0,0,1,0,1,1,1,1,0,0,0,0,0,0,1,1,0,0.2719205298013245,0.2775,0.5280166666666668,-0.016299886720111706,0.8423812329716835,1.0,0.6993750000000001,77.6,False,
108,0,20271725,0.1,B04678/S,1,0,0,0,1,0,1,1,1,0,0,0,0,0,0,0,0,0,0.25531043046357615,0.226875,0.5119041666666667,-0.0002195887068667928,0.814377904189796,1.0,0.8831249999999999,52.4,False,
108,1,20271726,0.2,B04678/S,1,0,0,0,1,0,1,1,1,0,0,0,0,0,0,0,0,0,0.2537417218543046,0.25,0.5079125000000001,0.01585580777274276,0.8147307720691139,1.0,0.875625,49.2,False,
108,2,20271727,0.3,B04678/S,1,0,0,0,1,0,1,1,1,0,0,0,0,0,0,0,0,0,0.256601821192053,0.295,0.5127125,0.007067684733356353,0.819472832093767,1.0,0.876875,43.2,False,
108,3,20271728,0.4,B04678/S,1,0,0,0,1,0,1,1,1,0,0,0,0,0,0,0,0,0,0.2564569536423841,0.275,0.5117500000000001,0.001493007145346348,0.8174956840408458,1.0,0.874375,35.8,False,
108,4,20271729,0.5,B04678/S,1,0,0,0,1,0,1,1,1,0,0,0,0,0,0,0,0,0,0.2573799668874172,0.241875,0.51325,-3.2350121993958284e-05,0.8171861406863605,1.0,0.88625,34.8,False,
109,0,20271825,0.1,B024678/S12368,1,0,1,0,1,0,1,1,1,0,1,1,1,0,0,1,0,1,0.5030711920529801,0.4825,0.5293125,0.00983476385500118,0.995674655234538,1.0,0.538125,26.6,False,
109,1,20271826,0.2,B024678/S12368,1,0,1,0,1,0,1,1,1,0,1,1,1,0,0,1,0,1,0.5035802980132451,0.515,0.5296666666666667,0.009570734576507303,0.9975194930017854,1.0,0.5475,27.4,False,
109,2,20271827,0.3,B024678/S12368,1,0,1,0,1,0,1,1,1,0,1,1,1,0,0,1,0,1,0.5048592715231787,0.51875,0.5295666666666666,0.005118834959915848,0.9984687061454955,1.0,0.566875,18.4,False,
109,3,20271828,0.4,B024678/S12368,1,0,1,0,1,0,1,1,1,0,1,1,1,0,0,1,0,1,0.5053187086092715,0.47875,0.5308041666666667,0.00356766294876199,0.9991155028477408,1.0,0.54125,10.4,False,
109,4,20271829,0.5,B024678/S12368,1,0,1,0,1,0,1,1,1,0,1,1,1,0,0,1,0,1,0.5054552980132451,0.505625,0.5288958333333333,-0.0028892906936217365,0.9993538797719023,1.0,0.54125,6.0,False,
110,0,20271925,0.1,B457/S023478,0,0,0,0,1,1,0,1,0,1,0,1,1,1,0,0,1,1,0.049693708609271525,0.04875,0.0015583333333333332,-0.0019089839665389096,0.28493468737150746,1.0,1.0,75.2,False,
110,1,20271926,0.2,B457/S023478,0,0,0,0,1,1,0,1,0,1,0,1,1,1,0,0,1,1,0.1278683774834437,0.1275,0.007854166666666667,-0.009676280934123484,0.5512436841951458,1.0,0.999375,87.2,False,
110,2,20271927,0.3,B457/S023478,0,0,0,0,1,1,0,1,0,1,0,1,1,1,0,0,1,1,0.21520695364238412,0.128125,0.11617083333333333,-0.20266534506796807,0.7357963685743553,1.0,0.968125,35.2,False,
110,3,20271928,0.4,B457/S023478,0,0,0,0,1,1,0,1,0,1,0,1,1,1,0,0,1,1,0.4962541390728476,0.423125,0.40776249999999997,-0.04527513942140146,0.9976512787944218,1.0,0.6893750000000001,7.4,False,
110,4,20271929,0.5,B457/S023478,0,0,0,0,1,1,0,1,0,1,0,1,1,1,0,0,1,1,0.41188327814569536,0.285,0.3221,-0.2351866939700249,0.9625274805896671,1.0,0.81875,7.2,False,
111,0,20272025,0.1,B03456/S478,1,0,0,1,1,1,1,0,0,0,0,0,0,1,0,0,1,1,0.5353932119205299,0.539375,0.7300749999999999,0.02311007755315399,0.9915551032880698,1.0,0.6525000000000001,23.6,False,
111,1,20272026,0.2,B03456/S478,1,0,0,1,1,1,1,0,0,0,0,0,0,1,0,0,1,1,0.5318460264900663,0.526875,0.7266874999999999,0.03382548361798463,0.9925517602124021,1.0,0.663125,24.8,False,
111,2,20272027,0.3,B03456/S478,1,0,0,1,1,1,1,0,0,0,0,0,0,1,0,0,1,1,0.5356953642384106,0.543125,0.7303833333333334,0.013550126350644155,0.994269491521778,1.0,0.673125,20.8,False,
111,3,20272028,0.4,B03456/S478,1,0,0,1,1,1,1,0,0,0,0,0,0,1,0,0,1,1,0.5364486754966887,0.545,0.7312666666666666,0.0008901185081904461,0.995213927422994,1.0,0.6487499999999999,6.8,False,
111,4,20272029,0.5,B03456/S478,1,0,0,1,1,1,1,0,0,0,0,0,0,1,0,0,1,1,0.5369453642384105,0.555,0.7312416666666667,-0.0007028799233187363,0.9952845321443817,1.0,0.651875,4.8,False,
112,0,20272125,0.1,B1248/S01567,0,1,1,0,1,0,0,0,1,1,1,0,0,0,1,1,1,0,0.46978890728476813,0.46,0.5157000000000002,0.00943708609271494,0.9931338847092179,1.0,0.618125,30.2,False,
112,1,20272126,0.2,B1248/S01567,0,1,1,0,1,0,0,0,1,1,1,0,0,0,1,1,1,0,0.4741100993377483,0.479375,0.5120374999999999,0.002353389682815817,0.995480112936031,1.0,0.6174999999999999,33.6,False,
112,2,20272127,0.3,B1248/S01567,0,1,1,0,1,0,0,0,1,1,1,0,0,0,1,1,1,0,0.4721895695364238,0.434375,0.5162458333333333,0.003354609620076572,0.9962146980121206,1.0,0.56375,27.6,False,
112,3,20272128,0.4,B1248/S01567,0,1,1,0,1,0,0,0,1,1,1,0,0,0,1,1,1,0,0.47382864238410594,0.485625,0.5144458333333335,0.004485883583129491,0.99710936735543,1.0,0.563125,13.0,False,
112,4,20272129,0.5,B1248/S01567,0,1,1,0,1,0,0,0,1,1,1,0,0,0,1,1,1,0,0.47311672185430453,0.445,0.5155,-0.0032310909724649066,0.9971769571360904,1.0,0.5643750000000001,14.2,False,
113,0,20272225,0.1,B23457/S013458,0,0,1,1,1,1,0,1,0,1,1,0,1,1,1,0,0,1,0.6093087748344371,0.5825,0.5771875,0.03812641599860551,0.9554532187818456,1.0,0.81375,25.4,False,
113,1,20272226,0.2,B23457/S013458,0,0,1,1,1,1,0,1,0,1,1,0,1,1,1,0,0,1,0.6127110927152317,0.58375,0.5792666666666667,0.02430049668874101,0.9573050569096525,1.0,0.6575,26.0,False,
113,2,20272227,0.3,B23457/S013458,0,0,1,1,1,1,0,1,0,1,1,0,1,1,1,0,0,1,0.6154014900662251,0.61875,0.578725,0.009911227779713122,0.9568026143598285,1.0,0.65625,19.2,False,
113,3,20272228,0.4,B23457/S013458,0,0,1,1,1,1,0,1,0,1,1,0,1,1,1,0,0,1,0.6151407284768211,0.591875,0.5812625,0.006469370860926582,0.9566668483485723,1.0,0.6793750000000001,6.4,False,
113,4,20272229,0.5,B23457/S013458,0,0,1,1,1,1,0,1,0,1,1,0,1,1,1,0,0,1,0.6166307947019868,0.6425,0.5793208333333334,0.0030500609968625316,0.9547471618035241,1.0,0.678125,5.2,False,
114,0,20272325,0.1,B14/S03568,0,1,0,0,1,0,0,0,0,1,0,0,1,0,1,1,0,1,0.3702400662251656,0.358125,0.4094083333333334,0.003508844545137554,0.9485225078576582,1.0,0.65375,58.6,False,
114,1,20272326,0.2,B14/S03568,0,1,0,0,1,0,0,0,0,1,0,0,1,0,1,1,0,1,0.3743791390728477,0.3825,0.4102666666666667,0.011482986232136477,0.9528245661993061,1.0,0.615,46.6,False,
114,2,20272327,0.3,B14/S03568,0,1,0,0,1,0,0,0,0,1,0,0,1,0,1,1,0,1,0.3703352649006622,0.36125,0.41008749999999994,0.003245468804461319,0.9504353160128715,1.0,0.625,46.2,False,
114,3,20272328,0.4,B14/S03568,0,1,0,0,1,0,0,0,0,1,0,0,1,0,1,1,0,1,0.3752814569536424,0.363125,0.40927083333333336,-0.0040320015684910775,0.9541059751646715,1.0,0.624375,33.4,False,
114,4,20272329,0.5,B14/S03568,0,1,0,0,1,0,0,0,0,1,0,0,1,0,1,1,0,1,0.376966059602649,0.373125,0.4095541666666667,-0.011373845416521911,0.9550644778939077,1.0,0.624375,26.0,False,
115,0,20272425,0.1,B1257/S578,0,1,1,0,0,1,0,1,0,0,0,0,0,0,1,0,1,1,0.377591059602649,0.365,0.6172166666666667,0.01014748170094105,0.9533389788382503,1.0,0.629375,54.2,False,
115,1,20272426,0.2,B1257/S578,0,1,1,0,0,1,0,1,0,0,0,0,0,0,1,0,1,1,0.37927980132450334,0.4025,0.6189749999999999,0.0016286162425925468,0.9553569704431465,1.0,0.608125,50.4,False,
115,2,20272427,0.3,B1257/S578,0,1,1,0,0,1,0,1,0,0,0,0,0,0,1,0,1,1,0.37807533112582775,0.376875,0.6178875,0.0053825374695011235,0.9557349027991346,1.0,0.599375,38.4,False,
115,3,20272428,0.4,B1257/S578,0,1,1,0,0,1,0,1,0,0,0,0,0,0,1,0,1,1,0.37786837748344376,0.36875,0.6173541666666668,0.0020870730219587786,0.9554362173240114,1.0,0.599375,39.6,False,
115,4,20272429,0.5,B1257/S578,0,1,1,0,0,1,0,1,0,0,0,0,0,0,1,0,1,1,0.38092301324503314,0.3975,0.6186625,-0.0047561214708960785,0.9574383013948932,1.0,0.59875,30.4,False,
116,0,20272525,0.1,B0234568/S123467,1,0,1,1,1,1,1,0,1,0,1,1,1,1,0,1,1,0,0.7087541390728477,0.701875,0.46053333333333324,0.02473150487974858,0.8616979063071163,1.0,0.6625,22.4,False,
116,1,20272526,0.2,B0234568/S123467,1,0,1,1,1,1,1,0,1,0,1,1,1,1,0,1,1,0,0.7090976821192053,0.741875,0.4618833333333333,0.02882101777622781,0.8635683633063422,1.0,0.65625,23.6,False,
116,2,20272527,0.3,B0234568/S123467,1,0,1,1,1,1,1,0,1,0,1,1,1,1,0,1,1,0,0.7120074503311259,0.71,0.4596541666666667,0.015639486754965903,0.8607443108899547,1.0,0.74375,14.0,False,
116,3,20272528,0.4,B0234568/S123467,1,0,1,1,1,1,1,0,1,0,1,1,1,1,0,1,1,0,0.7121895695364238,0.69875,0.45922083333333336,0.014380119379574252,0.8609928678698663,1.0,0.74125,5.8,False,
116,4,20272529,0.5,B0234568/S123467,1,0,1,1,1,1,1,0,1,0,1,1,1,1,0,1,1,0,0.7128849337748344,0.691875,0.4611458333333333,0.010922577553153949,0.8624630032396088,1.0,0.705625,1.6,False,
117,0,20272625,0.1,B15/S678,0,1,0,0,0,1,0,0,0,0,0,0,0,0,0,1,1,1,0.2473137417218543,0.26125,0.48170416666666666,0.006767384105960029,0.8039431748522025,1.0,0.80375,79.6,False,
117,1,20272626,0.2,B15/S678,0,1,0,0,0,1,0,0,0,0,0,0,0,0,0,1,1,1,0.24644867549668878,0.24875,0.47944583333333335,-0.001245969850122331,0.8046770660053263,1.0,0.71625,77.6,False,
117,2,20272627,0.3,B15/S678,0,1,0,0,0,1,0,0,0,0,0,0,0,0,0,1,1,1,0.24815397350993385,0.240625,0.48222500000000007,-0.00207204165214391,0.8069427088107328,1.0,0.72875,68.8,False,
117,3,20272628,0.4,B15/S678,0,1,0,0,0,1,0,0,0,0,0,0,0,0,0,1,1,1,0.24848096026490063,0.24125,0.48136666666666655,-0.0037127483443708973,0.8068442168682891,1.0,0.72875,61.2,False,
117,4,20272629,0.5,B15/S678,0,1,0,0,0,1,0,0,0,0,0,0,0,0,0,1,1,1,0.24872930463576162,0.275625,0.4804666666666666,-0.0076646915301503684,0.8062851839859918,1.0,0.728125,52.2,False,
118,0,20272725,0.1,B245678/S034568,0,0,1,0,1,1,1,1,1,1,0,0,1,1,1,1,0,1,0.7502566225165563,0.74625,0.43228333333333335,0.09508452422446792,0.7847588461393666,1.0,0.815625,22.8,False,
118,1,20272726,0.2,B245678/S034568,0,0,1,0,1,1,1,1,1,1,0,0,1,1,1,1,0,1,0.7566680463576159,0.77625,0.4393708333333333,0.04314133844545031,0.7890960533146654,1.0,0.6956249999999999,23.4,False,
118,2,20272727,0.3,B245678/S034568,0,0,1,0,1,1,1,1,1,1,0,0,1,1,1,1,0,1,0.7595653973509934,0.75375,0.4393291666666666,0.03714218804461411,0.7875443584445393,1.0,0.715625,18.2,False,
118,3,20272728,0.4,B245678/S034568,0,0,1,0,1,1,1,1,1,1,0,0,1,1,1,1,0,1,0.7623592715231787,0.76875,0.4386791666666666,0.022625152492157154,0.7862101498919241,1.0,0.7112499999999999,9.0,False,
118,4,20272729,0.5,B245678/S034568,0,0,1,0,1,1,1,1,1,1,0,0,1,1,1,1,0,1,0.7645074503311259,0.785,0.4374624999999999,0.010358247647263496,0.7850040164147715,1.0,0.700625,3.4,False,
119,0,20272825,0.1,B2368/S01245,0,0,1,1,0,0,1,0,1,1,1,1,0,1,1,0,0,0,0.5191183774834437,0.511875,0.41186249999999996,0.03414179592192338,0.9931003742890685,1.0,0.8075,24.2,False,
119,1,20272826,0.2,B2368/S01245,0,0,1,1,0,0,1,0,1,1,1,1,0,1,1,0,0,0,0.523658940397351,0.545625,0.4113625,0.013172381491808953,0.9957199118364642,1.0,0.635,28.2,False,
119,2,20272827,0.3,B2368/S01245,0,0,1,1,0,0,1,0,1,1,1,1,0,1,1,0,0,0,0.5241846026490066,0.500625,0.41429166666666667,0.012851167654234592,0.9963034121189378,1.0,0.62,21.2,False,
119,3,20272828,0.4,B2368/S01245,0,0,1,1,0,0,1,0,1,1,1,1,0,1,1,0,0,0,0.5243211920529802,0.54375,0.4097791666666667,0.00464142558382701,0.9972095373931874,1.0,0.630625,8.4,False,
119,4,20272829,0.5,B2368/S01245,0,0,1,1,0,0,1,0,1,1,1,1,0,1,1,0,0,0,0.5253476821192054,0.52,0.41264999999999996,0.0007898004531190398,0.9975739999727337,1.0,0.62375,5.2,False,
120,0,20272925,0.1,B02478/S03,1,0,1,0,1,0,0,1,1,1,0,0,1,0,0,0,0,0,0.3918584437086093,0.406875,0.5681499999999999,0.00685495817357932,0.9614600232882551,1.0,0.755,37.0,False,
120,1,20272926,0.2,B02478/S03,1,0,1,0,1,0,0,1,1,1,0,0,1,0,0,0,0,0,0.3922144039735099,0.41375,0.5686625,0.008805768560473663,0.9642638964412455,1.0,0.6275,45.0,False,
120,2,20272927,0.3,B02478/S03,1,0,1,0,1,0,0,1,1,1,0,0,1,0,0,0,0,0,0.393033940397351,0.385625,0.5640875,0.0003166390728476053,0.9659389983234319,1.0,0.5825,40.4,False,
120,3,20272928,0.4,B02478/S03,1,0,1,0,1,0,0,1,1,1,0,0,1,0,0,0,0,0,0.3934230132450331,0.405,0.5660000000000001,0.00232038602300384,0.9663075178746819,1.0,0.579375,22.0,False,
120,4,20272929,0.5,B02478/S03,1,0,1,0,1,0,0,1,1,1,0,0,1,0,0,0,0,0,0.3941432119205298,0.409375,0.5679333333333333,-0.003188284245381899,0.9663868212776755,1.0,0.580625,20.8,False,
121,0,20273025,0.1,B0457/S236,1,0,0,0,1,1,0,1,0,0,0,1,1,0,0,1,0,0,0.4142177152317881,0.431875,0.43457083333333324,0.021395847856395804,0.9751706489664409,1.0,0.659375,34.4,False,
121,1,20273026,0.2,B0457/S236,1,0,0,0,1,1,0,1,0,0,0,1,1,0,0,1,0,0,0.4165438741721854,0.425,0.4361375,0.0067713053328683605,0.9771610726276249,1.0,0.72125,44.6,False,
121,2,20273027,0.3,B0457/S236,1,0,0,0,1,1,0,1,0,0,0,1,1,0,0,1,0,0,0.4190687086092715,0.408125,0.43742499999999995,0.003780716277448408,0.9797189527114654,1.0,0.6975,28.0,False,
121,3,20273028,0.4,B0457/S236,1,0,0,0,1,1,0,1,0,0,0,1,1,0,0,1,0,0,0.4149503311258278,0.414375,0.4321333333333333,-0.003490872255141633,0.978162146601802,1.0,0.625,24.6,False,
121,4,20273029,0.5,B0457/S236,1,0,0,0,1,1,0,1,0,0,0,1,1,0,0,1,0,0,0.422330298013245,0.440625,0.44074166666666675,-0.01566791565005256,0.9813591595151493,1.0,0.6168750000000001,14.6,False,
122,0,20273125,0.1,B1247/S123468,0,1,1,0,1,0,0,1,0,0,1,1,1,1,0,1,0,1,0.5576614238410595,0.57,0.33553333333333335,0.020503115196932594,0.9853413510031349,1.0,0.6956249999999999,23.4,False,
122,1,20273126,0.2,B1247/S123468,0,1,1,0,1,0,0,1,0,0,1,1,1,1,0,1,0,1,0.5586216887417218,0.55875,0.3337583333333333,0.00949492418961263,0.9864388757558009,1.0,0.7112499999999999,27.6,False,
122,2,20273127,0.3,B1247/S123468,0,1,1,0,1,0,0,1,0,0,1,1,1,1,0,1,0,1,0.5587458609271523,0.57125,0.3314458333333333,0.008672773614499819,0.9874269973735411,1.0,0.71,19.0,False,
122,3,20273128,0.4,B1247/S123468,0,1,1,0,1,0,0,1,0,0,1,1,1,1,0,1,0,1,0.5601158940397352,0.539375,0.33394583333333333,0.001260347682118212,0.9881200567156851,1.0,0.6956249999999999,7.8,False,
122,4,20273129,0.5,B1247/S123468,0,1,1,0,1,0,0,1,0,0,1,1,1,1,0,1,0,1,0.5603683774834437,0.556875,0.3331375,0.0004917872080861871,0.9888482488150955,1.0,0.7012499999999999,3.0,False,
123,0,20273225,0.1,B135/S13458,0,1,0,1,0,1,0,0,0,0,1,0,1,1,1,0,0,1,0.5583899006622517,0.555,0.35527083333333337,0.02245000435691826,0.9847936746691102,1.0,0.67875,23.4,False,
123,1,20273226,0.2,B135/S13458,0,1,0,1,0,1,0,0,0,0,1,0,1,1,1,0,0,1,0.5606788079470199,0.554375,0.35789999999999994,0.0138932337051233,0.9857740652542843,1.0,0.683125,29.8,False,
123,2,20273227,0.3,B135/S13458,0,1,0,1,0,1,0,0,0,0,1,0,1,1,1,0,0,1,0.5602814569536423,0.546875,0.3593375,0.006872603694666451,0.9875424108518059,1.0,0.6793750000000001,15.6,False,
123,3,20273228,0.4,B135/S13458,0,1,0,1,0,1,0,0,0,0,1,0,1,1,1,0,0,1,0.5628476821192053,0.546875,0.35477916666666665,0.00525803851516165,0.9872955358793953,1.0,0.681875,9.8,False,
123,4,20273229,0.5,B135/S13458,0,1,0,1,0,1,0,0,0,0,1,0,1,1,1,0,0,1,0.5629139072847681,0.5425,0.36012916666666667,0.0016469153014978836,0.9875460317906193,1.0,0.6725,3.6,False,
124,0,20273325,0.1,B02348/S4,1,0,1,1,1,0,0,0,1,0,0,0,0,1,0,0,0,0,0.45600579470198677,0.451875,0.6701833333333334,0.013271719240152989,0.9898724368150584,1.0,0.615,29.2,False,
124,1,20273326,0.2,B02348/S4,1,0,1,1,1,0,0,0,1,0,0,0,0,1,0,0,0,0,0.4573385761589403,0.4625,0.6691791666666667,0.009738040257929284,0.9922469010741766,1.0,0.58125,32.8,False,
124,2,20273327,0.3,B02348/S4,1,0,1,1,1,0,0,0,1,0,0,0,0,1,0,0,0,0,0.45835678807947017,0.444375,0.6706749999999999,0.004254857964446589,0.9925837072359683,1.0,0.5900000000000001,24.4,False,
124,3,20273328,0.4,B02348/S4,1,0,1,1,1,0,0,0,1,0,0,0,0,1,0,0,0,0,0.4585720198675497,0.43125,0.6692458333333334,-0.004680964621819737,0.9939723021362595,1.0,0.586875,13.6,False,
124,4,20273329,0.5,B02348/S4,1,0,1,1,1,0,0,0,1,0,0,0,0,1,0,0,0,0,0.45871688741721856,0.4475,0.6692541666666666,-0.002644214011851463,0.9943080606076183,1.0,0.59125,11.8,False,
125,0,20273425,0.1,B023/S124568,1,0,1,1,0,0,0,0,0,0,1,1,0,1,1,1,0,1,0.5847971854304637,0.61875,0.1456291666666667,0.05627091321017739,0.973309592928879,1.0,0.92625,23.2,False,
125,1,20273426,0.2,B023/S124568,1,0,1,1,0,0,0,0,0,0,1,1,0,1,1,1,0,1,0.5869081125827814,0.644375,0.1421375,0.0857552718717317,0.9732766020385132,1.0,0.950625,23.8,False,
125,2,20273427,0.3,B023/S124568,1,0,1,1,0,0,0,0,0,0,1,1,0,1,1,1,0,1,0.5948965231788079,0.630625,0.1308375,0.07709589578250192,0.9705250690884075,1.0,0.9375,19.4,False,
125,3,20273428,0.4,B023/S124568,1,0,1,1,0,0,0,0,0,0,1,1,0,1,1,1,0,1,0.5983112582781457,0.621875,0.12280416666666667,0.05090830864412649,0.9701371919967948,1.0,0.931875,6.2,False,
125,4,20273429,0.5,B023/S124568,1,0,1,1,0,0,0,0,0,0,1,1,0,1,1,1,0,1,0.6116432119205298,0.643125,0.09844583333333333,0.08394399180899213,0.9612835021575769,1.0,0.970625,2.6,False,
126,0,20273525,0.1,B3458/S01345678,0,0,0,1,1,1,0,0,1,1,1,0,1,1,1,1,1,1,0.9434975165562913,0.9875,0.007124999999999999,0.24678502962704757,0.153199882539864,1.0,1.0,24.0,False,
126,1,20273526,0.2,B3458/S01345678,0,0,0,1,1,1,0,0,1,1,1,0,1,1,1,1,1,1,0.9574420529801325,0.976875,0.007087500000000001,0.11241504008365252,0.1863747112954024,1.0,1.0,25.2,False,
126,2,20273527,0.3,B3458/S01345678,0,0,0,1,1,1,0,0,1,1,1,0,1,1,1,1,1,1,0.9360430463576157,0.945,0.0057374999999999995,0.05246601603346053,0.3209481539778512,1.0,1.0,18.2,False,
126,3,20273528,0.4,B3458/S01345678,0,0,0,1,1,1,0,0,1,1,1,0,1,1,1,1,1,1,0.9331663907284767,0.93875,0.0046500000000000005,0.032830799058904875,0.34229622544214505,1.0,1.0,5.2,False,
126,4,20273529,0.5,B3458/S01345678,0,0,0,1,1,1,0,0,1,1,1,0,1,1,1,1,1,1,0.9216266556291389,0.925625,0.0036708333333333337,0.023563959567792902,0.38930255392274155,1.0,1.0,2.0,False,
127,0,20273625,0.1,B58/S137,0,0,0,0,0,1,0,0,1,0,1,0,1,0,0,0,1,0,0.039197019867549664,0.03875,0.00040416666666666666,-0.002642580167305733,0.23827260698815228,1.0,1.0,46.4,False,
127,1,20273626,0.2,B58/S137,0,0,0,0,0,1,0,0,1,0,1,0,1,0,0,0,1,0,0.03907698675496689,0.0375,0.0011541666666666666,-0.009285792087835535,0.23598924400359053,1.0,1.0,48.0,False,
127,2,20273627,0.3,B58/S137,0,0,0,0,0,1,0,0,1,0,1,0,1,0,0,0,1,0,0.045637417218543044,0.0425,0.002416666666666667,-0.018430420006971142,0.2623854201389677,1.0,1.0,41.4,False,
127,3,20273628,0.4,B58/S137,0,0,0,0,0,1,0,0,1,0,1,0,1,0,0,0,1,0,0.04929635761589402,0.045,0.00375,-0.025229827466016017,0.2751958704373417,1.0,1.0,29.4,False,
127,4,20273629,0.5,B58/S137,0,0,0,0,0,1,0,0,1,0,1,0,1,0,0,0,1,0,0.05150662251655631,0.04625,0.004974999999999999,-0.030881295747647357,0.281414782807282,1.0,1.0,29.8,False,
128,0,20273725,0.1,B128/S1234678,0,1,1,0,0,0,0,0,1,0,1,1,1,1,0,1,1,1,0.4537003311258277,0.454375,0.008604166666666666,0.004229369989542983,0.9908871900836032,1.0,1.0,32.4,False,
128,1,20273726,0.2,B128/S1234678,0,1,1,0,0,0,0,0,1,0,1,1,1,1,0,1,1,1,0.4489445364238409,0.448125,0.0078,-0.004454840536772445,0.9900516732858147,1.0,1.0,38.6,False,
128,2,20273727,0.3,B128/S1234678,0,1,1,0,0,0,0,0,1,0,1,1,1,1,0,1,1,1,0.44912251655629126,0.44875,0.005691666666666668,-0.0020109358661555654,0.9914488799899553,1.0,1.0,22.4,False,
128,3,20273728,0.4,B128/S1234678,0,1,1,0,0,0,0,0,1,0,1,1,1,1,0,1,1,1,0.45818708609271536,0.458125,0.0033333333333333335,-0.00033591843848081393,0.9947377542572255,1.0,1.0,10.4,False,
128,4,20273729,0.5,B128/S1234678,0,1,1,0,0,0,0,0,1,0,1,1,1,1,0,1,1,1,0.45056705298013244,0.44875,0.004916666666666667,-0.0034134280237018825,0.9928124243636454,1.0,1.0,13.8,False,
129,0,20273825,0.1,B578/S167,0,0,0,0,0,1,0,1,1,0,1,0,0,0,0,1,1,0,0.03816639072847682,0.0375,0.0005666666666666667,-0.003937565353781789,0.23319082292667775,1.0,1.0,47.0,False,
129,1,20273826,0.2,B578/S167,0,0,0,0,0,1,0,1,1,0,1,0,0,0,0,1,1,0,0.04883692052980131,0.0475,0.0011208333333333333,-0.007889508539560882,0.27985142475191777,1.0,1.0,53.8,False,
129,2,20273827,0.3,B578/S167,0,0,0,0,0,1,0,1,1,0,1,0,0,0,0,1,1,0,0.021076158940397348,0.01875,0.0022208333333333333,-0.013724294179156557,0.1415893319831366,1.0,1.0,29.4,False,
129,3,20273828,0.4,B578/S167,0,0,0,0,0,1,0,1,1,0,1,0,0,0,0,1,1,0,0.03586506622516557,0.0325,0.003604166666666667,-0.019823435866155568,0.2154817287854683,1.0,1.0,29.4,False,
129,4,20273829,0.5,B578/S167,0,0,0,0,0,1,0,1,1,0,1,0,0,0,0,1,1,0,0.04444536423841059,0.04,0.004854166666666666,-0.026172882537469567,0.25200574629292916,1.0,1.0,26.2,False,
130,0,20273925,0.1,B028/S13458,1,0,1,0,0,0,0,0,1,0,1,0,1,1,1,0,0,1,0.5299420529801325,0.55125,0.04042083333333333,0.08871514464970358,0.9908347227871691,1.0,1.0,21.2,False,
130,1,20273926,0.2,B028/S13458,1,0,1,0,0,0,0,0,1,0,1,0,1,1,1,0,0,1,0.5308278145695364,0.545,0.034083333333333334,0.07252701289647981,0.9929741555464033,1.0,0.99875,27.2,False,
130,2,20273927,0.3,B028/S13458,1,0,1,0,0,0,0,0,1,0,1,0,1,1,1,0,0,1,0.524635761589404,0.53875,0.038054166666666674,0.06667229435343268,0.9958964193402274,1.0,1.0,17.6,False,
130,3,20273928,0.4,B028/S13458,1,0,1,0,0,0,0,0,1,0,1,0,1,1,1,0,0,1,0.5293294701986754,0.5425,0.03779166666666667,0.06053688131753192,0.9953996868654273,1.0,0.998125,8.8,False,
130,4,20273929,0.5,B028/S13458,1,0,1,0,0,0,0,0,1,0,1,0,1,1,1,0,0,1,0.5323137417218544,0.5425,0.027325,0.04859347769257571,0.9957649023538271,1.0,0.999375,2.2,False,
131,0,20274025,0.1,B0578/S157,1,0,0,0,0,1,0,1,1,0,1,0,0,0,1,0,1,0,0.25350993377483433,0.239375,0.32232083333333333,-0.004196693098641047,0.8135462524252945,1.0,0.796875,108.8,False,
131,1,20274026,0.2,B0578/S157,1,0,0,0,0,1,0,1,1,0,1,0,0,0,1,0,1,0,0.2537210264900662,0.265,0.3151125,0.003984293307772429,0.8157776286453068,1.0,0.769375,111.2,False,
131,2,20274027,0.3,B0578/S157,1,0,0,0,0,1,0,1,1,0,1,0,0,0,1,0,1,0,0.25317880794701986,0.223125,0.3154958333333333,-0.0035379269780413253,0.8145813856359261,1.0,0.7737499999999999,99.6,False,
131,3,20274028,0.4,B0578/S157,1,0,0,0,0,1,0,1,1,0,1,0,0,0,1,0,1,0,0.25117963576158947,0.23875,0.31467083333333334,-0.005857005925409658,0.8108152861177368,1.0,0.781875,93.6,False,
131,4,20274029,0.5,B0578/S157,1,0,0,0,0,1,0,1,1,0,1,0,0,0,1,0,1,0,0.25491721854304633,0.28,0.3137625,-0.0053766556291392365,0.8158987785634353,1.0,0.775625,79.8,False,
132,0,20274125,0.1,B12/S0458,0,1,1,0,0,0,0,0,0,1,0,0,0,1,1,0,0,1,0.38149834437086094,0.359375,0.4595416666666667,0.007824808295573051,0.9554079525746199,1.0,0.630625,44.8,False,
132,1,20274126,0.2,B12/S0458,0,1,1,0,0,0,0,0,0,1,0,0,0,1,1,0,0,1,0.382760761589404,0.365625,0.4599875,0.0003130446148477836,0.9574956955245371,1.0,0.610625,46.2,False,
132,2,20274127,0.3,B12/S0458,0,1,1,0,0,0,0,0,0,1,0,0,0,1,1,0,0,1,0.3826986754966887,0.391875,0.4603124999999999,0.0053462661205989906,0.9587592921274349,1.0,0.59375,40.0,False,
132,3,20274128,0.4,B12/S0458,0,1,1,0,0,0,0,0,0,1,0,0,0,1,1,0,0,1,0.382864238410596,0.37625,0.46046666666666664,0.007904213140466795,0.958814931733746,1.0,0.600625,31.2,False,
132,4,20274129,0.5,B12/S0458,0,1,1,0,0,0,0,0,0,1,0,0,0,1,1,0,0,1,0.3833774834437086,0.410625,0.45966666666666667,-0.0009149529452774076,0.9588883518588784,1.0,0.703125,19.4,False,
133,0,20274225,0.1,B0235/S0357,1,0,1,1,0,1,0,0,0,1,0,0,1,0,1,0,1,0,0.5060099337748344,0.505,0.5346083333333334,0.014620621296618832,0.9955654328099264,1.0,0.568125,25.6,False,
133,1,20274226,0.2,B0235/S0357,1,0,1,1,0,1,0,0,0,1,0,0,1,0,1,0,1,0,0.5069867549668875,0.5075,0.5362708333333334,0.010330799058904959,0.997352098036424,1.0,0.541875,28.8,False,
133,2,20274227,0.3,B0235/S0357,1,0,1,1,0,1,0,0,0,1,0,0,1,0,1,0,1,0,0.5077193708609272,0.506875,0.5378708333333333,0.007201333217148184,0.9983994562151551,1.0,0.544375,19.8,False,
133,3,20274228,0.4,B0235/S0357,1,0,1,1,0,1,0,0,0,1,0,0,1,0,1,0,1,0,0.5080836092715233,0.501875,0.5354791666666667,0.002730481003833498,0.9992023576405568,1.0,0.5425,7.2,False,
133,4,20274229,0.5,B0235/S0357,1,0,1,1,0,1,0,0,0,1,0,0,1,0,1,0,1,0,0.5099834437086093,0.521875,0.5323833333333333,-0.0006028886371561208,0.999255910248439,1.0,0.53625,9.2,False,
134,0,20274325,0.1,B1346/S3568,0,1,0,1,1,0,1,0,0,0,0,0,1,0,1,1,0,1,0.6008899006622517,0.6125,0.4462041666666666,0.034538493377483,0.9630195531812324,1.0,0.5974999999999999,20.4,False,
134,1,20274326,0.2,B1346/S3568,0,1,0,1,1,0,1,0,0,0,0,0,1,0,1,1,0,1,0.602524834437086,0.608125,0.4475375,0.02524714621819442,0.9649694693678176,1.0,0.595,25.0,False,
134,2,20274327,0.3,B1346/S3568,0,1,0,1,1,0,1,0,0,0,0,0,1,0,1,1,0,1,0.6025372516556291,0.598125,0.4487916666666667,0.024257689961659,0.9666600538063473,1.0,0.5918749999999999,21.2,False,
134,3,20274328,0.4,B1346/S3568,0,1,0,1,1,0,1,0,0,0,0,0,1,0,1,1,0,1,0.6032201986754967,0.62375,0.44876666666666665,0.014109881491808415,0.9678333995909438,1.0,0.6012500000000001,5.2,False,
134,4,20274329,0.5,B1346/S3568,0,1,0,1,1,0,1,0,0,0,0,0,1,0,1,1,0,1,0.6048716887417218,0.611875,0.4459625,0.009041368943882633,0.9672771135521597,1.0,0.605,2.0,False,
135,0,20274425,0.1,B1357/S0258,0,1,0,1,0,1,0,1,0,1,0,1,0,0,1,0,0,1,0.4309809602649007,0.445,0.5666458333333333,0.01316617288253743,0.9833648982203586,1.0,0.5875,37.6,False,
135,1,20274426,0.2,B1357/S0258,0,1,0,1,0,1,0,1,0,1,0,1,0,0,1,0,0,1,0.43090231788079475,0.435,0.5676500000000001,0.012645630010456108,0.9845079093631871,1.0,0.559375,38.6,False,
135,2,20274427,0.3,B1357/S0258,0,1,0,1,0,1,0,1,0,1,0,1,0,0,1,0,0,1,0.4330753311258278,0.436875,0.56945,-0.00012678633670294581,0.9861032951815123,1.0,0.565625,28.8,False,
135,3,20274428,0.4,B1357/S0258,0,1,0,1,0,1,0,1,0,1,0,1,0,0,1,0,0,1,0.432239238410596,0.433125,0.5677833333333333,0.005920725862669516,0.9862076485105844,1.0,0.56125,16.4,False,
135,4,20274429,0.5,B1357/S0258,0,1,0,1,0,1,0,1,0,1,0,1,0,0,1,0,0,1,0.4334809602649006,0.448125,0.5689833333333333,-0.002073675496689426,0.9865998588025581,1.0,0.5825,12.6,False,
136,0,20274525,0.1,B245/S012478,0,0,1,0,1,1,0,0,0,1,1,1,0,1,0,0,1,1,0.4956705298013245,0.49375,0.5585541666666668,0.03783885935866095,0.9927497251822471,1.0,0.865625,27.6,False,
136,1,20274526,0.2,B245/S012478,0,0,1,0,1,1,0,0,0,1,1,1,0,1,0,0,1,1,0.49898592715231793,0.520625,0.5621541666666667,0.014857855524572755,0.9971661409202457,1.0,0.70375,30.2,False,
136,2,20274527,0.3,B245/S012478,0,0,1,0,1,1,0,0,0,1,1,1,0,1,0,0,1,1,0.5006208609271523,0.5125,0.5632416666666665,0.0017825243987446137,0.9982505463963584,1.0,0.588125,24.4,False,
136,3,20274528,0.4,B245/S012478,0,0,1,0,1,1,0,0,0,1,1,1,0,1,0,0,1,1,0.5019950331125828,0.490625,0.5655500000000001,0.0037519606134540215,0.999036046663732,1.0,0.546875,12.4,False,
136,4,20274529,0.5,B245/S012478,0,0,1,0,1,1,0,0,0,1,1,1,0,1,0,0,1,1,0.5029180463576159,0.498125,0.565425,-0.001525684036250378,0.9991632755740573,1.0,0.5475,7.2,False,
137,0,20274625,0.1,B034568/S123468,1,0,0,1,1,1,1,0,1,0,1,1,1,1,0,1,0,1,0.6642756622516557,0.67625,0.5550624999999999,0.02870534158243237,0.9123087214920269,1.0,0.639375,22.0,False,
137,1,20274626,0.2,B034568/S123468,1,0,0,1,1,1,1,0,1,0,1,1,1,1,0,1,0,1,0.6650206953642386,0.68625,0.5521291666666667,0.025026577204600692,0.9141784294196831,1.0,0.686875,22.2,False,
137,2,20274627,0.3,B034568/S123468,1,0,0,1,1,1,1,0,1,0,1,1,1,1,0,1,0,1,0.6656374172185432,0.670625,0.5532500000000001,0.011848967410247402,0.9159704083642155,1.0,0.635625,15.0,False,
137,3,20274628,0.4,B034568/S123468,1,0,0,1,1,1,1,0,1,0,1,1,1,1,0,1,0,1,0.66658940397351,0.7,0.5551916666666666,0.008632254269780346,0.916041866635924,1.0,0.634375,5.6,False,
137,4,20274629,0.5,B034568/S123468,1,0,0,1,1,1,1,0,1,0,1,1,1,1,0,1,0,1,0.66846440397351,0.7,0.5543791666666666,0.003471592889507862,0.9142854582262004,1.0,0.65875,2.8,False,
138,0,20274725,0.1,B347/S1456,0,0,0,1,1,0,0,1,0,0,1,0,0,1,1,1,0,0,0.2681622516556291,0.596875,0.1601333333333333,0.6545315223074243,0.691468727572213,1.0,0.980625,27.4,False,
138,1,20274726,0.2,B347/S1456,0,0,0,1,1,0,0,1,0,0,1,0,0,1,1,1,0,0,0.5784147350993377,0.61375,0.32955,0.1448533896828161,0.9641671514478801,1.0,0.75125,23.8,False,
138,2,20274727,0.3,B347/S1456,0,0,0,1,1,0,0,1,0,0,1,0,0,1,1,1,0,0,0.5978849337748345,0.6,0.3440000000000001,0.044316399442313734,0.9680189588735172,1.0,0.70625,17.8,False,
138,3,20274728,0.4,B347/S1456,0,0,0,1,1,0,0,1,0,0,1,0,0,1,1,1,0,0,0.6032740066225166,0.6275,0.34276666666666666,0.016795268386197246,0.9675525309319543,1.0,0.700625,4.2,False,
138,4,20274729,0.5,B347/S1456,0,0,0,1,1,0,0,1,0,0,1,0,0,1,1,1,0,0,0.6053228476821192,0.623125,0.3429458333333333,0.003985927152317538,0.9670160783219282,1.0,0.703125,2.6,False,
139,0,20274825,0.1,B0457/S145,1,0,0,0,1,1,0,1,0,0,1,0,0,1,1,0,0,0,0.38883692052980134,0.37,0.4144416666666667,0.006136393342627821,0.9608735741799747,1.0,0.64125,50.2,False,
139,1,20274826,0.2,B0457/S145,1,0,0,0,1,1,0,1,0,0,1,0,0,1,1,0,0,0,0.3841059602649007,0.42,0.40937499999999993,0.010512809341233768,0.9587710032763882,1.0,0.703125,47.2,False,
139,2,20274827,0.3,B0457/S145,1,0,0,0,1,1,0,1,0,0,1,0,0,1,1,0,0,0,0.3823468543046358,0.354375,0.4081916666666667,0.035330581212965576,0.9575572623977553,1.0,0.6725,49.8,False,
139,3,20274828,0.4,B0457/S145,1,0,0,0,1,1,0,1,0,0,1,0,0,1,1,0,0,0,0.3831705298013245,0.36875,0.40932083333333336,-0.0032765118508194893,0.9589080838967494,1.0,0.638125,38.0,False,
139,4,20274829,0.5,B0457/S145,1,0,0,0,1,1,0,1,0,0,1,0,0,1,1,0,0,0,0.3803683774834437,0.376875,0.4039625,-0.020620425235274426,0.9561783595142977,1.0,0.6525000000000001,35.2,False,
140,0,20274925,0.1,B0278/S3568,1,0,1,0,0,0,0,1,1,0,0,0,1,0,1,1,0,1,0.3394908940397351,0.33375,0.4207375,-0.008842366678285586,0.9214798070649427,1.0,0.69625,62.8,False,
140,1,20274926,0.2,B0278/S3568,1,0,1,0,0,0,0,1,1,0,0,0,1,0,1,1,0,1,0.33509519867549664,0.3375,0.42222916666666666,-0.0010704949459744274,0.9189318596286898,1.0,0.63625,65.6,False,
140,2,20274927,0.3,B0278/S3568,1,0,1,0,0,0,0,1,1,0,0,0,1,0,1,1,0,1,0.3378352649006623,0.328125,0.42110000000000003,-0.004115000871383894,0.922068968140499,1.0,0.6225,53.6,False,
140,3,20274928,0.4,B0278/S3568,1,0,1,0,0,0,0,1,1,0,0,0,1,0,1,1,0,1,0.3370281456953642,0.32,0.4218458333333334,-0.0017658591843850422,0.9212599213524841,1.0,0.635,51.8,False,
140,4,20274929,0.5,B0278/S3568,1,0,1,0,0,0,0,1,1,0,0,0,1,0,1,1,0,1,0.33713990066225163,0.323125,0.42017499999999997,-0.00821464360404394,0.9208253913772034,1.0,0.7075,40.6,False,
141,0,20275025,0.1,B01257/S2567,1,1,1,0,0,1,0,1,0,0,0,1,0,0,1,1,1,0,0.5065024834437086,0.4975,0.44072916666666667,-0.019966233879400865,0.9922840346501305,1.0,0.62625,31.2,False,
141,1,20275026,0.2,B01257/S2567,1,1,1,0,0,1,0,1,0,0,0,1,0,0,1,1,1,0,0.5066307947019868,0.53,0.4432166666666666,-0.0009999128616244048,0.9961614267063975,1.0,0.64,29.8,False,
141,2,20275027,0.3,B01257/S2567,1,1,1,0,0,1,0,1,0,0,0,1,0,0,1,1,1,0,0.5059809602649006,0.478125,0.43973749999999995,0.00621187696061289,0.9981928990198143,1.0,0.604375,23.6,False,
141,3,20275028,0.4,B01257/S2567,1,1,1,0,0,1,0,1,0,0,0,1,0,0,1,1,1,0,0.5009644039735099,0.515,0.44152083333333336,-0.009991939700244592,0.9989609337861545,1.0,0.60375,13.6,False,
141,4,20275029,0.5,B01257/S2567,1,1,1,0,0,1,0,1,0,0,0,1,0,0,1,1,1,0,0.5011465231788079,0.47375,0.4417499999999999,-0.005414560822586667,0.9989179790110998,1.0,0.604375,9.8,False,
142,0,20275125,0.1,B346/S012468,0,0,0,1,1,0,1,0,0,1,1,1,0,1,0,1,0,1,0.528865894039735,0.506875,0.5121041666666667,0.10649790867898196,0.980462939121179,1.0,0.949375,23.8,False,
142,1,20275126,0.2,B346/S012468,0,0,0,1,1,0,1,0,0,1,1,1,0,1,0,1,0,1,0.541498344370861,0.564375,0.5228458333333332,0.050480568142209574,0.9889424819504891,1.0,0.83875,27.4,False,
142,2,20275127,0.3,B346/S012468,0,0,0,1,1,0,1,0,0,1,1,1,0,1,0,1,0,1,0.5475082781456955,0.55125,0.5287249999999999,0.012398592715231279,0.9916704776480461,1.0,0.618125,18.4,False,
142,3,20275128,0.4,B346/S012468,0,0,0,1,1,0,1,0,0,1,1,1,0,1,0,1,0,1,0.549217715231788,0.55,0.5306374999999999,0.00751470460090582,0.9920496028952696,1.0,0.5475,8.6,False,
142,4,20275129,0.5,B346/S012468,0,0,0,1,1,0,1,0,0,1,1,1,0,1,0,1,0,1,0.5508153973509934,0.550625,0.5299624999999999,0.003950309341233674,0.9918187967250812,1.0,0.541875,5.4,False,
143,0,20275225,0.1,B046/S12356,1,0,0,0,1,0,1,0,0,0,1,1,1,0,1,1,0,0,0.5458733443708609,0.543125,0.3612833333333333,0.025623584001394018,0.9886410766474821,1.0,0.686875,20.6,False,
143,1,20275226,0.2,B046/S12356,1,0,0,0,1,0,1,0,0,0,1,1,1,0,1,1,0,0,0.5433485099337748,0.545,0.355425,0.04049026228651056,0.9905317735987228,1.0,0.779375,23.8,False,
143,2,20275227,0.3,B046/S12356,1,0,0,0,1,0,1,0,0,0,1,1,1,0,1,1,0,0,0.5428642384105961,0.5075,0.3595083333333334,0.018876459567793543,0.9919281844761518,1.0,0.786875,22.8,False,
143,3,20275228,0.4,B046/S12356,1,0,0,0,1,0,1,0,0,0,1,1,1,0,1,1,0,0,0.53744619205298,0.525625,0.3532083333333333,0.022011807249912235,0.994707490274784,1.0,0.7224999999999999,9.0,False,
143,4,20275229,0.5,B046/S12356,1,0,0,0,1,0,1,0,0,0,1,1,1,0,1,1,0,0,0.5486134105960264,0.558125,0.36151666666666665,0.010649398745206807,0.9925532582431301,1.0,0.675,4.2,False,
144,0,20275325,0.1,B0123457/S0135,1,1,1,1,1,1,0,1,0,1,1,0,1,0,1,0,0,0,0.49725165562913914,0.0,0.9993791666666667,-0.0033327161031724757,0.003882680401564281,0.02666666666666667,1.0,20.4,True,4.0
144,1,20275326,0.2,B0123457/S0135,1,1,1,1,1,1,0,1,0,1,1,0,1,0,1,0,0,0,0.49785596026490075,0.0,0.9983791666666667,-0.006901359358662212,0.0103220786614039,0.05333333333333334,1.0,25.6,True,8.0
144,2,20275327,0.3,B0123457/S0135,1,1,1,1,1,1,0,1,0,1,1,0,1,0,1,0,0,0,0.49866307947019867,0.0,0.9965458333333334,-0.011539844022307918,0.023546587825682756,0.12,1.0,16.2,True,18.0
144,3,20275328,0.4,B0123457/S0135,1,1,1,1,1,1,0,1,0,1,1,0,1,0,1,0,0,0,0.5000620860927153,0.0,0.9924416666666666,-0.019335896653886644,0.04872823323863833,0.13333333333333333,1.0,5.0,True,20.0
144,4,20275329,0.5,B0123457/S0135,1,1,1,1,1,1,0,1,0,1,1,0,1,0,1,0,0,0,0.5041142384105961,0.005,0.9833083333333336,-0.03539920268386179,0.17902123579002857,1.0,1.0,2.2,False,
145,0,20275425,0.1,B1256/S013578,0,1,1,0,0,1,1,0,0,1,1,0,1,0,1,0,1,1,0.48939983443708607,0.4925,0.4815833333333333,0.013858269431857641,0.9955909649756295,1.0,0.576875,25.4,False,
145,1,20275426,0.2,B1256/S013578,0,1,1,0,0,1,1,0,0,1,1,0,1,0,1,0,1,1,0.4931332781456954,0.490625,0.4821,-0.0035307380620427753,0.9970544206115529,1.0,0.555625,29.0,False,
145,2,20275427,0.3,B1256/S013578,0,1,1,0,0,1,1,0,0,1,1,0,1,0,1,0,1,1,0.4916473509933775,0.510625,0.4804208333333334,0.013121078773091327,0.9985676210444112,1.0,0.55,15.8,False,
145,3,20275428,0.4,B1256/S013578,0,1,1,0,0,1,1,0,0,1,1,0,1,0,1,0,1,1,0.49272350993377484,0.4875,0.4815375,-0.004417262112235024,0.999185350730111,1.0,0.5525,11.4,False,
145,4,20275429,0.5,B1256/S013578,0,1,1,0,0,1,1,0,0,1,1,0,1,0,1,0,1,1,0.49335678807947014,0.50625,0.48257083333333334,0.010503986580690046,0.9992689969120973,1.0,0.55625,5.6,False,
146,0,20275525,0.1,B123678/S237,0,1,1,1,0,0,1,1,1,0,0,1,1,0,0,0,1,0,0.49120033112582784,0.499375,0.6334083333333332,0.017148832345764815,0.9949828324548364,1.0,0.6368750000000001,32.4,False,
146,1,20275526,0.2,B123678/S237,0,1,1,1,0,0,1,1,1,0,0,1,1,0,0,0,1,0,0.49344370860927145,0.54125,0.63465,0.00792741373300799,0.9951629847598344,1.0,0.66875,37.0,False,
146,2,20275527,0.3,B123678/S237,0,1,1,1,0,0,1,1,1,0,0,1,1,0,0,0,1,0,0.4941680463576159,0.5125,0.6348166666666667,0.0038856090972455076,0.9969496804230084,1.0,0.6475,26.8,False,
146,3,20275528,0.4,B123678/S237,0,1,1,1,0,0,1,1,1,0,0,1,1,0,0,0,1,0,0.49359271523178805,0.491875,0.6319708333333334,0.0021952335308466596,0.9983195674561346,1.0,0.635,19.4,False,
146,4,20275529,0.5,B123678/S237,0,1,1,1,0,0,1,1,1,0,0,1,1,0,0,0,1,0,0.49331953642384113,0.498125,0.63375,0.0035157066922269697,0.9985392885618765,1.0,0.6287499999999999,14.0,False,
147,0,20275625,0.1,B0278/S012368,1,0,1,0,0,0,0,1,1,1,1,1,1,0,0,1,0,1,0.42406043046357617,0.425625,0.0202375,0.012580276228650798,0.9798808963080861,1.0,1.0,73.2,False,
147,1,20275626,0.2,B0278/S012368,1,0,1,0,0,0,0,1,1,1,1,1,1,0,0,1,0,1,0.42086092715231793,0.42125,0.022020833333333326,0.00940702335308433,0.9795113786951033,1.0,1.0,71.2,False,
147,2,20275627,0.3,B0278/S012368,1,0,1,0,0,0,0,1,1,1,1,1,1,0,0,1,0,1,0.42287665562913906,0.424375,0.01425,0.008289800453119282,0.9818434214394831,1.0,1.0,60.8,False,
147,3,20275628,0.4,B0278/S012368,1,0,1,0,0,0,0,1,1,1,1,1,1,0,0,1,0,1,0.4241804635761588,0.425,0.01405833333333333,0.004631622516556042,0.983256242354539,1.0,1.0,53.0,False,
147,4,20275629,0.5,B0278/S012368,1,0,1,0,0,0,0,1,1,1,1,1,1,0,0,1,0,1,0.42277731788079465,0.424375,0.014233333333333332,0.0030340493203199165,0.9819756478486389,1.0,1.0,51.8,False,
148,0,20275725,0.1,B378/S01456,0,0,0,1,0,0,0,1,1,1,1,0,0,1,1,1,0,0,0.06406043046357614,0.05875,0.010741666666666667,-0.02748093848030676,0.3415703839982324,1.0,1.0,80.4,False,
148,1,20275726,0.2,B378/S01456,0,0,0,1,0,0,0,1,1,1,1,0,0,1,1,1,0,0,0.08720198675496689,0.044375,0.045837499999999996,-0.17995000435691902,0.397291450810337,1.0,1.0,70.0,False,
148,2,20275727,0.3,B378/S01456,0,0,0,1,0,0,0,1,1,1,1,0,0,1,1,1,0,0,0.10688741721854304,0.058125,0.0611375,-0.2170216103171841,0.45197025300227595,1.0,1.0,66.0,False,
148,3,20275728,0.4,B378/S01456,0,0,0,1,0,0,0,1,1,1,1,0,0,1,1,1,0,0,0.11993791390728475,0.05,0.07333333333333333,-0.28564112059951224,0.4740731207586159,1.0,1.0,57.2,False,
148,4,20275729,0.5,B378/S01456,0,0,0,1,0,0,0,1,1,1,1,0,0,1,1,1,0,0,0.12954056291390725,0.06,0.074375,-0.2991500740676196,0.4956088794263845,1.0,1.0,56.6,False,
149,0,20275825,0.1,B125/S123467,0,1,1,0,0,1,0,0,0,0,1,1,1,1,0,1,1,0,0.5572268211920529,0.5725,0.29534583333333336,0.022293482049493996,0.9857101477711787,1.0,0.7381249999999999,24.6,False,
149,1,20275826,0.2,B125/S123467,0,1,1,0,0,1,0,0,0,0,1,1,1,1,0,1,1,0,0.5587748344370861,0.564375,0.29425833333333334,0.009778232833739405,0.9869684911673275,1.0,0.74125,23.4,False,
149,2,20275827,0.3,B125/S123467,0,1,1,0,0,1,0,0,0,0,1,1,1,1,0,1,1,0,0.5591059602649008,0.574375,0.29352083333333334,0.010697433774833716,0.9879990534059703,1.0,0.736875,19.8,False,
149,3,20275828,0.4,B125/S123467,0,1,1,0,0,1,0,0,0,0,1,1,1,1,0,1,1,0,0.5588783112582781,0.57875,0.2932375,0.00736177675148125,0.9888481728085748,1.0,0.7375,7.8,False,
149,4,20275829,0.5,B125/S123467,0,1,1,0,0,1,0,0,0,0,1,1,1,1,0,1,1,0,0.5611796357615894,0.57375,0.2925083333333333,0.0020560299756011077,0.9886993334951543,1.0,0.734375,3.6,False,
150,0,20275925,0.1,B0457/S356,1,0,0,0,1,1,0,1,0,0,0,0,1,0,1,1,0,0,0.5152938741721854,0.538125,0.44509583333333336,0.06889824416172873,0.9938120392570007,1.0,0.598125,27.0,False,
150,1,20275926,0.2,B0457/S356,1,0,0,0,1,1,0,1,0,0,0,0,1,0,1,1,0,0,0.5167011589403975,0.52375,0.4462833333333334,0.04707204165214324,0.9931138158613529,1.0,0.663125,28.6,False,
150,2,20275927,0.3,B0457/S356,1,0,0,0,1,1,0,1,0,0,0,0,1,0,1,1,0,0,0.5154718543046358,0.539375,0.4436791666666666,0.051108944754269296,0.9943431160818819,1.0,0.655625,24.0,False,
150,3,20275928,0.4,B0457/S356,1,0,0,0,1,1,0,1,0,0,0,0,1,0,1,1,0,0,0.5196771523178808,0.50875,0.44511666666666666,0.024163580515859054,0.9971727044762732,1.0,0.5956250000000001,13.2,False,
150,4,20275929,0.5,B0457/S356,1,0,0,0,1,1,0,1,0,0,0,0,1,0,1,1,0,0,0.5285885761589405,0.521875,0.4484249999999999,-0.00024180899268080454,0.9965837329364627,1.0,0.596875,7.2,False,
151,0,20276025,0.1,B03478/S2367,1,0,0,1,1,0,0,1,1,0,0,1,1,0,0,1,1,0,0.49855132450331124,0.480625,0.5117291666666667,0.014516382014639189,0.9959420235929819,1.0,0.54125,23.8,False,
151,1,20276026,0.2,B03478/S2367,1,0,0,1,1,0,0,1,1,0,0,1,1,0,0,1,1,0,0.49682947019867546,0.514375,0.5081416666666667,0.015528385325897408,0.9969707183582865,1.0,0.579375,27.6,False,
151,2,20276027,0.3,B03478/S2367,1,0,0,1,1,0,0,1,1,0,0,1,1,0,0,1,1,0,0.4979387417218543,0.451875,0.5092833333333333,0.008180986406412882,0.9985852005258926,1.0,0.54625,21.8,False,
151,3,20276028,0.4,B03478/S2367,1,0,0,1,1,0,0,1,1,0,0,1,1,0,0,1,1,0,0.5001531456953642,0.51625,0.5059791666666666,0.0059066747995813315,0.9990778348819279,1.0,0.549375,12.0,False,
151,4,20276029,0.5,B03478/S2367,1,0,0,1,1,0,0,1,1,0,0,1,1,0,0,1,1,0,0.5012086092715232,0.503125,0.5108041666666667,0.0007724817009409497,0.9993051109485559,1.0,0.540625,6.8,False,
152,0,20276125,0.1,B045/S02578,1,0,0,0,1,1,0,0,0,1,0,1,0,0,1,0,1,1,0.29438741721854306,0.2825,0.3377791666666667,-0.03038591408156153,0.8708013937592312,1.0,0.7150000000000001,98.0,False,
152,1,20276126,0.2,B045/S02578,1,0,0,0,1,1,0,0,0,1,0,1,0,0,1,0,1,1,0.29072019867549664,0.28875,0.33431666666666665,0.008334241024747118,0.8687289706028646,1.0,0.733125,102.2,False,
152,2,20276127,0.3,B045/S02578,1,0,0,0,1,1,0,0,0,1,0,1,0,0,1,0,1,1,0.29764072847682116,0.286875,0.3438375,-0.011322869466713388,0.8776965668891581,1.0,0.70875,86.8,False,
152,3,20276128,0.4,B045/S02578,1,0,0,0,1,1,0,0,0,1,0,1,0,0,1,0,1,1,0.30179221854304633,0.316875,0.3513291666666667,-0.021937303938654975,0.8822717355279246,1.0,0.70375,67.6,False,
152,4,20276129,0.5,B045/S02578,1,0,0,0,1,1,0,0,0,1,0,1,0,0,1,0,1,1,0.29701572847682123,0.295625,0.3421666666666666,-0.0193528886371561,0.8754813827962946,1.0,0.718125,80.2,False,
153,0,20276225,0.1,B03567/S012678,1,0,0,1,0,1,1,1,0,1,1,1,0,0,0,1,1,1,0.44677152317880797,0.4375,0.5755041666666667,0.004350928023701592,0.9880260640086844,1.0,0.578125,34.6,False,
153,1,20276226,0.2,B03567/S012678,1,0,0,1,0,1,1,1,0,1,1,1,0,0,0,1,1,1,0.4433485099337749,0.471875,0.5725125,0.005821061345416191,0.9890817615090784,1.0,0.6775,36.0,False,
153,2,20276227,0.3,B03567/S012678,1,0,0,1,0,1,1,1,0,1,1,1,0,0,0,1,1,1,0.44451986754966877,0.43875,0.5746208333333334,0.0051734053677235685,0.9902444346226099,1.0,0.614375,31.6,False,
153,3,20276228,0.4,B03567/S012678,1,0,0,1,0,1,1,1,0,1,1,1,0,0,0,1,1,1,0.44483029801324503,0.45,0.5747875,0.00799342105263157,0.9906524177245574,1.0,0.546875,16.0,False,
153,4,20276229,0.5,B03567/S012678,1,0,0,1,0,1,1,1,0,1,1,1,0,0,0,1,1,1,0.4473592715231788,0.4125,0.5788000000000001,-0.006046858661555005,0.9912992093873418,1.0,0.555625,14.0,False,
154,0,20276325,0.1,B478/S012568,0,0,0,0,1,0,0,1,1,1,1,1,0,0,1,1,0,1,0.08754139072847684,0.0875,0.0012875,-0.00024148222377142023,0.42820884334232945,1.0,1.0,101.6,False,
154,1,20276326,0.2,B478/S012568,0,0,0,0,1,0,0,1,1,1,1,1,0,0,1,1,0,1,0.1505049668874172,0.149375,0.010245833333333334,-0.010033439351690687,0.6107151366666318,1.0,1.0,146.0,False,
154,2,20276327,0.3,B478/S012568,0,0,0,0,1,0,0,1,1,1,1,1,0,0,1,1,0,1,0.16185016556291393,0.158125,0.0100125,-0.02404267601951906,0.6372101679841757,1.0,1.0,146.2,False,
154,3,20276328,0.4,B478/S012568,0,0,0,0,1,0,0,1,1,1,1,1,0,0,1,1,0,1,0.16372930463576157,0.15625,0.017366666666666666,-0.03893516904844924,0.639044508552991,1.0,1.0,123.2,False,
154,4,20276329,0.5,B478/S012568,0,0,0,0,1,0,0,1,1,1,1,1,0,0,1,1,0,1,0.15244619205298018,0.14375,0.020733333333333336,-0.04973226734053692,0.6085391453458139,1.0,1.0,107.4,False,
155,0,20276425,0.1,B06/S01456,1,0,0,0,0,0,1,0,0,1,1,0,0,1,1,1,0,0,0.22441639072847686,0.22125,0.0226625,-0.014914386545835032,0.7659639245837256,1.0,0.9975,247.2,False,
155,1,20276426,0.2,B06/S01456,1,0,0,0,0,0,1,0,0,1,1,0,0,1,1,1,0,0,0.22529387417218547,0.2175,0.038108333333333334,-0.0031271784593938663,0.7695035827145921,1.0,0.9925,235.2,False,
155,2,20276427,0.3,B06/S01456,1,0,0,0,0,0,1,0,0,1,1,0,0,1,1,1,0,0,0.22235099337748346,0.21,0.027525,-0.010212508713837632,0.7637873037283525,1.0,1.0,234.4,False,
155,3,20276428,0.4,B06/S01456,1,0,0,0,0,0,1,0,0,1,1,0,0,1,1,1,0,0,0.22725579470198673,0.224375,0.04055416666666667,-0.016195320669222957,0.7718352986819874,1.0,1.0,215.4,False,
155,4,20276429,0.5,B06/S01456,1,0,0,0,0,0,1,0,0,1,1,0,0,1,1,1,0,0,0.23883278145695364,0.238125,0.03139583333333334,-0.03123420616939737,0.7900187843664567,1.0,1.0,223.2,False,
156,0,20276525,0.1,B3478/S0135678,0,0,0,1,1,0,0,1,1,1,1,0,1,0,1,1,1,1,0.8852483443708606,0.971875,0.028649999999999995,0.4501973684210524,0.29308379853049504,1.0,1.0,23.4,False,
156,1,20276526,0.2,B3478/S0135678,0,0,0,1,1,0,0,1,1,1,1,0,1,0,1,1,1,1,0.9218294701986758,0.961875,0.023675,0.22118889421401203,0.29928096322985864,1.0,1.0,25.0,False,
156,2,20276527,0.3,B3478/S0135678,0,0,0,1,1,0,0,1,1,1,1,0,1,0,1,1,1,1,0.9360347682119202,0.959375,0.018999999999999996,0.1330573588358301,0.291533856499819,1.0,1.0,18.2,False,
156,3,20276528,0.4,B3478/S0135678,0,0,0,1,1,0,0,1,1,1,1,0,1,0,1,1,1,1,0.9453973509933778,0.965625,0.017416666666666667,0.1154536641686995,0.2621088036609062,1.0,1.0,6.6,False,
156,4,20276529,0.5,B3478/S0135678,0,0,0,1,1,0,0,1,1,1,1,0,1,0,1,1,1,1,0.9300827814569534,0.945,0.014100000000000001,0.08460667915650037,0.34106364727295746,1.0,1.0,1.6,False,
157,0,20276625,0.1,B23457/S123468,0,0,1,1,1,1,0,1,0,0,1,1,1,1,0,1,0,1,0.646899834437086,0.67375,0.5180958333333333,0.05694895869640916,0.9235950922523933,1.0,0.7975,22.0,False,
157,1,20276626,0.2,B23457/S123468,0,0,1,1,1,1,0,1,0,0,1,1,1,1,0,1,0,1,0.6534188741721854,0.693125,0.5207708333333333,0.024805681422097676,0.9253850925031973,1.0,0.6268750000000001,24.2,False,
157,2,20276627,0.3,B23457/S123468,0,0,1,1,1,1,0,1,0,0,1,1,1,1,0,1,0,1,0.6547723509933774,0.61625,0.5216958333333334,0.007439220982919688,0.9261253686558085,1.0,0.624375,17.8,False,
157,3,20276628,0.4,B23457/S123468,0,0,1,1,1,1,0,1,0,0,1,1,1,1,0,1,0,1,0.656146523178808,0.666875,0.5210833333333333,0.0026030411293130338,0.9250727594872937,1.0,0.63,6.6,False,
157,4,20276629,0.5,B23457/S123468,0,0,1,1,1,1,0,1,0,0,1,1,1,1,0,1,0,1,0.6563990066225166,0.66875,0.5214375,0.0041754531195534695,0.9262732347145326,1.0,0.638125,2.8,False,
158,0,20276725,0.1,B2345/S01367,0,0,1,1,1,1,0,0,0,1,1,0,1,0,0,1,1,0,0.5604056291390729,0.57,0.6183416666666667,0.05038711223422727,0.9811519421900492,1.0,0.830625,22.8,False,
158,1,20276726,0.2,B2345/S01367,0,0,1,1,1,1,0,0,0,1,1,0,1,0,0,1,1,0,0.5645033112582782,0.559375,0.6247791666666666,0.017090667479957834,0.9847279950722254,1.0,0.575,26.8,False,
158,2,20276727,0.3,B2345/S01367,0,0,1,1,1,1,0,0,0,1,1,0,1,0,0,1,1,0,0.5663658940397351,0.5375,0.6239333333333333,0.004816246950156365,0.9850309795029066,1.0,0.568125,18.0,False,
158,3,20276728,0.4,B2345/S01367,0,0,1,1,1,1,0,0,0,1,1,0,1,0,0,1,1,0,0.5657781456953642,0.56625,0.6241666666666666,0.010686977169745166,0.9860645397718272,1.0,0.576875,5.8,False,
158,4,20276729,0.5,B2345/S01367,0,0,1,1,1,1,0,0,0,1,1,0,1,0,0,1,1,0,0.5662831125827814,0.573125,0.6254916666666667,0.00011665650052231189,0.9863025462985049,1.0,0.5662499999999999,4.2,False,
159,0,20276825,0.1,B123456/S1258,0,1,1,1,1,1,1,0,0,0,1,1,0,0,1,0,0,1,0.5745447019867549,0.589375,0.7704208333333333,0.018094828337399393,0.9775610363875079,1.0,0.711875,22.8,False,
159,1,20276826,0.2,B123456/S1258,0,1,1,1,1,1,1,0,0,0,1,1,0,0,1,0,0,1,0.576899834437086,0.555625,0.7695208333333333,0.010494837051236721,0.9774435890410272,1.0,0.7112499999999999,28.0,False,
159,2,20276827,0.3,B123456/S1258,0,1,1,1,1,1,1,0,0,0,1,1,0,0,1,0,0,1,0.5769826158940397,0.60625,0.7724416666666667,0.00471135413035864,0.9775123336997278,1.0,0.724375,16.2,False,
159,3,20276828,0.4,B123456/S1258,0,1,1,1,1,1,1,0,0,0,1,1,0,0,1,0,0,1,0.5775289735099337,0.581875,0.7714708333333333,0.003555245730219384,0.9796250928972778,1.0,0.7306250000000001,9.4,False,
159,4,20276829,0.5,B123456/S1258,0,1,1,1,1,1,1,0,0,0,1,1,0,0,1,0,0,1,0.5786548013245034,0.55875,0.7705083333333334,-0.0005486449982578164,0.9808187996993954,1.0,0.715625,4.4,False,
160,0,20276925,0.1,B01236/S045678,1,1,1,1,0,0,1,0,0,1,0,0,0,1,1,1,1,1,0.9523054635761588,0.958125,0.0064624999999999995,0.03444176978040998,0.2530346280454427,1.0,1.0,22.6,False,
160,1,20276926,0.2,B01236/S045678,1,1,1,1,0,0,1,0,0,1,0,0,0,1,1,1,1,1,0.9032740066225163,0.909375,0.007208333333333335,0.0359158243290335,0.4445130826295214,1.0,1.0,22.6,False,
160,2,20276927,0.3,B01236/S045678,1,1,1,1,0,0,1,0,0,1,0,0,0,1,1,1,1,1,0.8778890728476824,0.885,0.008033333333333333,0.04158559166957101,0.5242446477600489,1.0,1.0,14.2,False,
160,3,20276928,0.4,B01236/S045678,1,1,1,1,0,0,1,0,0,1,0,0,0,1,1,1,1,1,0.8877400662251654,0.89625,0.0085,0.049488170965491726,0.49438536007821104,1.0,1.0,6.4,False,
160,4,20276929,0.5,B01236/S045678,1,1,1,1,0,0,1,0,0,1,0,0,0,1,1,1,1,1,0.8841887417218542,0.8925,0.007858333333333335,0.048194492854652625,0.5064115239045144,1.0,1.0,3.2,False,
161,0,20277025,0.1,B0134678/S0678,1,1,0,1,1,0,1,1,1,1,0,0,0,0,0,1,1,1,0.45485513245033116,0.3975,0.7139916666666667,-0.21592137940048878,0.9625295462159776,1.0,0.86375,48.0,False,
161,1,20277026,0.2,B0134678/S0678,1,1,0,1,1,0,1,1,1,1,0,0,0,0,0,1,1,1,0.4120736754966888,0.418125,0.7663333333333333,-0.013958587486929736,0.975426102779626,1.0,0.7362500000000001,42.6,False,
161,2,20277027,0.3,B0134678/S0678,1,1,0,1,1,0,1,1,1,1,0,0,0,0,0,1,1,1,0.4115438741721854,0.4125,0.7658291666666668,0.0009943577901707144,0.9764894351533691,1.0,0.7424999999999999,39.2,False,
161,3,20277028,0.4,B0134678/S0678,1,1,0,1,1,0,1,1,1,1,0,0,0,0,0,1,1,1,0.41228890728476825,0.39875,0.766925,0.0028814482398044493,0.9772040949410201,1.0,0.7275,25.0,False,
161,4,20277029,0.5,B0134678/S0678,1,1,0,1,1,0,1,1,1,1,0,0,0,0,0,1,1,1,0.4109312913907285,0.420625,0.7675458333333334,-0.007480393865458743,0.9763131007181914,1.0,0.745,20.6,False,
162,0,20277125,0.1,B0357/S046,1,0,0,1,0,1,0,1,0,1,0,0,0,1,0,1,0,0,0.3330008278145695,0.3475,0.5110625000000001,-0.002083151795050729,0.915819428568014,1.0,0.634375,72.8,False,
162,1,20277126,0.2,B0357/S046,1,0,0,1,0,1,0,1,0,1,0,0,0,1,0,1,0,0,0.32665976821192055,0.331875,0.5096166666666666,0.010703315615196635,0.9103683427701421,1.0,0.63375,79.0,False,
162,2,20277127,0.3,B0357/S046,1,0,0,1,0,1,0,1,0,1,0,0,0,1,0,1,0,0,0.3293874172185431,0.3125,0.5102375000000001,0.0030605176019516435,0.9137422512495367,1.0,0.630625,77.2,False,
162,3,20277128,0.4,B0357/S046,1,0,0,1,0,1,0,1,0,1,0,0,0,1,0,1,0,0,0.33242963576158935,0.349375,0.5121875,-0.002201115371209578,0.9166944175794872,1.0,0.6331249999999999,48.4,False,
162,4,20277129,0.5,B0357/S046,1,0,0,1,0,1,0,1,0,1,0,0,0,1,0,1,0,0,0.3340314569536424,0.32125,0.51375,-0.025967998431509515,0.9175886072323525,1.0,0.635,52.2,False,
163,0,20277225,0.1,B0246/S48,1,0,1,0,1,0,1,0,0,0,0,0,0,1,0,0,0,1,0.38807119205298013,0.37875,0.6101958333333333,0.002469392645520485,0.9606815485110018,1.0,0.641875,41.0,False,
163,1,20277226,0.2,B0246/S48,1,0,1,0,1,0,1,0,0,0,0,0,0,1,0,0,0,1,0.39003725165562914,0.4025,0.60955,0.004895325026141131,0.9637417954485133,1.0,0.628125,47.6,False,
163,2,20277227,0.3,B0246/S48,1,0,1,0,1,0,1,0,0,0,0,0,0,1,0,0,0,1,0.390012417218543,0.384375,0.6101500000000001,0.005790671836876976,0.9641986679796175,1.0,0.6,43.4,False,
163,3,20277228,0.4,B0246/S48,1,0,1,0,1,0,1,0,0,0,0,0,0,1,0,0,0,1,0.3905091059602649,0.39375,0.6093375000000001,0.0008149616591141671,0.9647372292368843,1.0,0.59125,24.8,False,
163,4,20277229,0.5,B0246/S48,1,0,1,0,1,0,1,0,0,0,0,0,0,1,0,0,0,1,0.3897723509933775,0.38875,0.6093124999999999,-0.002978498605786262,0.9639959313810081,1.0,0.5974999999999999,26.8,False,
164,0,20277325,0.1,B0347/S024578,1,0,0,1,1,0,0,1,0,1,0,1,0,1,1,0,1,1,0.5701076158940398,0.570625,0.3900458333333333,0.02309341233879298,0.9803622971882524,1.0,0.6599999999999999,23.8,False,
164,1,20277326,0.2,B0347/S024578,1,0,0,1,1,0,0,1,0,1,0,1,0,1,1,0,1,1,0.5689279801324503,0.554375,0.3900416666666666,0.023870142035551958,0.9823457945818854,1.0,0.671875,26.0,False,
164,2,20277327,0.3,B0347/S024578,1,0,0,1,1,0,0,1,0,1,0,1,0,1,1,0,1,1,0.5719412251655629,0.57375,0.3891375,0.014969937260368998,0.9829303224718089,1.0,0.660625,18.6,False,
164,3,20277328,0.4,B0347/S024578,1,0,0,1,1,0,0,1,0,1,0,1,0,1,1,0,1,1,0.5722599337748343,0.596875,0.39072083333333335,0.002391948414081047,0.9838741038719109,1.0,0.64125,6.0,False,
164,4,20277329,0.5,B0347/S024578,1,0,0,1,1,0,0,1,0,1,0,1,0,1,1,0,1,1,0.5742011589403974,0.58375,0.3898875,0.007802914778667642,0.983407977319107,1.0,0.65875,3.2,False,
165,0,20277425,0.1,B012367/S35678,1,1,1,1,0,0,1,1,0,0,0,0,1,0,1,1,1,1,0.9487872516556289,0.955,0.007062499999999999,0.036726864761240555,0.26798790393630567,1.0,1.0,20.8,False,
165,1,20277426,0.2,B012367/S35678,1,1,1,1,0,0,1,1,0,0,0,0,1,0,1,1,1,1,0.9470985099337746,0.955,0.008520833333333333,0.0462279975601252,0.27772618158926693,1.0,1.0,24.0,False,
165,2,20277427,0.3,B012367/S35678,1,1,1,1,0,0,1,1,0,0,0,0,1,0,1,1,1,1,0.9602566225165561,0.971875,0.011279166666666665,0.06712356221679908,0.21126324660641224,1.0,1.0,16.0,False,
165,3,20277428,0.4,B012367/S35678,1,1,1,1,0,0,1,1,0,0,0,0,1,0,1,1,1,1,0.9569536423841057,0.97,0.012429166666666666,0.07513299494597414,0.2240859831650523,1.0,1.0,9.4,False,
165,4,20277429,0.5,B012367/S35678,1,1,1,1,0,0,1,1,0,0,0,0,1,0,1,1,1,1,0.9567715231788078,0.97375,0.015287499999999999,0.09625991199024027,0.21764055193032306,1.0,1.0,2.0,False,
166,0,20277525,0.1,B13567/S0234568,0,1,0,1,0,1,1,1,0,1,0,1,1,1,1,1,0,1,0.7387706953642383,0.759375,0.3885833333333333,0.03872571017776193,0.8168843672714278,1.0,0.68875,20.8,False,
166,1,20277526,0.2,B13567/S0234568,0,1,0,1,0,1,1,1,0,1,0,1,1,1,1,1,0,1,0.7398220198675497,0.75875,0.3894,0.030422512199371796,0.819708218952361,1.0,0.6699999999999999,24.2,False,
166,2,20277527,0.3,B13567/S0234568,0,1,0,1,0,1,1,1,0,1,0,1,1,1,1,1,0,1,0.7412831125827815,0.741875,0.3890625,0.02179091146741028,0.8193207067830718,1.0,0.685,17.2,False,
166,3,20277528,0.4,B13567/S0234568,0,1,0,1,0,1,1,1,0,1,0,1,1,1,1,1,0,1,0.7425413907284768,0.74875,0.38925,0.015389508539559898,0.8190538190711909,1.0,0.674375,7.2,False,
166,4,20277529,0.5,B13567/S0234568,0,1,0,1,0,1,1,1,0,1,0,1,1,1,1,1,0,1,0.7424048013245034,0.720625,0.39013749999999997,0.006141948414080512,0.8207119646445492,1.0,0.6756249999999999,1.8,False,
167,0,20277625,0.1,B145678/S23458,0,1,0,0,1,1,1,1,1,0,0,1,1,1,1,0,0,1,0.6411630794701986,0.66125,0.5441958333333334,0.03572629836179782,0.9329584542398826,1.0,0.66875,23.0,False,
167,1,20277626,0.2,B145678/S23458,0,1,0,0,1,1,1,1,1,0,0,1,1,1,1,0,0,1,0.6419619205298013,0.66,0.5436541666666667,0.03128224119902353,0.934123780515106,1.0,0.66125,27.8,False,
167,2,20277627,0.3,B145678/S23458,0,1,0,0,1,1,1,1,1,0,0,1,1,1,1,0,0,1,0.6433899006622515,0.654375,0.5445625000000001,0.016371122342278714,0.9363401915304407,1.0,0.6575,20.4,False,
167,3,20277628,0.4,B145678/S23458,0,1,0,0,1,1,1,1,1,0,0,1,1,1,1,0,0,1,0.6462210264900662,0.674375,0.545075,0.01627570582084323,0.9350256639326411,1.0,0.639375,6.6,False,
167,4,20277629,0.5,B145678/S23458,0,1,0,0,1,1,1,1,1,0,0,1,1,1,1,0,0,1,0.6461920529801326,0.659375,0.5458458333333334,0.010252047751829295,0.9356470775203494,1.0,0.59625,6.6,False,
168,0,20277725,0.1,B134578/S5678,0,1,0,1,1,1,0,1,1,0,0,0,0,0,1,1,1,1,0.9344619205298015,0.98125,0.06246250000000001,0.2533511240850463,0.2262327136445319,1.0,1.0,20.4,False,
168,1,20277726,0.2,B134578/S5678,0,1,0,1,1,1,0,1,1,0,0,0,0,0,1,1,1,1,0.9476697019867547,0.986875,0.05368333333333333,0.21518288166608518,0.18344053507102032,1.0,1.0,25.4,False,
168,2,20277727,0.3,B134578/S5678,0,1,0,1,1,1,0,1,1,0,0,0,0,0,1,1,1,1,0.9544081125827816,0.9925,0.05234166666666667,0.20721037382363186,0.15772724370611682,1.0,1.0,13.6,False,
168,3,20277728,0.4,B134578/S5678,0,1,0,1,1,1,0,1,1,0,0,0,0,0,1,1,1,1,0.9538203642384108,0.9925,0.054695833333333325,0.21014606570233485,0.15811612452127796,1.0,1.0,6.0,False,
168,4,20277729,0.5,B134578/S5678,0,1,0,1,1,1,0,1,1,0,0,0,0,0,1,1,1,1,0.9693791390728473,0.990625,0.02925416666666667,0.11924516382014581,0.13442139888394727,1.0,1.0,3.0,False,
169,0,20277825,0.1,B12578/S1567,0,1,1,0,0,1,0,1,1,0,1,0,0,0,1,1,1,0,0.44730132450331117,0.41875,0.5069958333333333,0.005888702509584911,0.9880713541353148,1.0,0.576875,40.4,False,
169,1,20277826,0.2,B12578/S1567,0,1,1,0,0,1,0,1,1,0,1,0,0,0,1,1,1,0,0.443865894039735,0.469375,0.5087958333333333,-0.0018171619031026687,0.9882680646198193,1.0,0.575,43.2,False,
169,2,20277827,0.3,B12578/S1567,0,1,1,0,0,1,0,1,1,0,1,0,0,0,1,1,1,0,0.44532698675496685,0.41875,0.5107416666666668,-0.0040437652492156025,0.9898775863015192,1.0,0.56125,38.4,False,
169,3,20277828,0.4,B12578/S1567,0,1,1,0,0,1,0,1,1,0,1,0,0,0,1,1,1,0,0.4473592715231789,0.465625,0.5091458333333333,0.005401163297315564,0.9908784924296897,1.0,0.5675,19.8,False,
169,4,20277829,0.5,B12578/S1567,0,1,1,0,0,1,0,1,1,0,1,0,0,0,1,1,1,0,0.4488907284768212,0.456875,0.5070083333333333,0.004289495468803894,0.9913752962596497,1.0,0.565625,17.4,False,
170,0,20277925,0.1,B0234567/S167,1,0,1,1,1,1,1,1,0,0,1,0,0,0,0,1,1,0,0.5028435430463575,0.50375,0.9872750000000002,0.003886916172882045,0.9961561431201016,1.0,1.0,21.4,False,
170,1,20277926,0.2,B0234567/S167,1,0,1,1,1,1,1,1,0,0,1,0,0,0,0,1,1,0,0.5038369205298014,0.504375,0.9842333333333331,0.0017315484489367778,0.997649354220585,1.0,1.0,23.0,False,
170,2,20277927,0.3,B0234567/S167,1,0,1,1,1,1,1,1,0,0,1,0,0,0,0,1,1,0,0.5031415562913908,0.499375,0.9906750000000002,-0.0018165083652845874,0.9989066337023458,1.0,1.0,13.6,False,
170,3,20277928,0.4,B0234567/S167,1,0,1,1,1,1,1,1,0,0,1,0,0,0,0,1,1,0,0.5046192052980133,0.50875,0.9892541666666665,-0.0029108574416181047,0.9993952672605476,1.0,1.0,7.6,False,
170,4,20277929,0.5,B0234567/S167,1,0,1,1,1,1,1,1,0,0,1,0,0,0,0,1,1,0,0.5041846026490067,0.50875,0.991466666666667,-0.005874324677588748,0.9997160133721514,1.0,1.0,1.8,False,
171,0,20278025,0.1,B01248/S1235,1,1,1,0,1,0,0,0,1,0,1,1,1,0,1,0,0,0,0.4972640728476821,0.041875,0.9988583333333334,-0.0017759890205651138,0.2537091766531626,1.0,1.0,47.0,False,
171,1,20278026,0.2,B01248/S1235,1,1,1,0,1,0,0,0,1,0,1,1,1,0,1,0,0,0,0.4974461920529802,0.0275,0.9929166666666667,-0.0034287861624264786,0.19770922999813195,1.0,1.0,43.2,False,
171,2,20278027,0.3,B01248/S1235,1,1,1,0,1,0,0,0,1,0,1,1,1,0,1,0,0,0,0.49773592715231785,0.029375,0.9751666666666668,-0.005084197455560605,0.2278383886319739,1.0,1.0,33.2,False,
171,3,20278028,0.4,B01248/S1235,1,1,1,0,1,0,0,0,1,0,1,1,1,0,1,0,0,0,0.497918046357616,0.0225,0.9582708333333335,-0.006589948588358818,0.27590867226739024,1.0,1.0,18.6,False,
171,4,20278029,0.5,B01248/S1235,1,1,1,0,1,0,0,0,1,0,1,1,1,0,1,0,0,0,0.4986548013245033,0.011875,0.9203875000000001,-0.011282350121994602,0.39401217380581216,1.0,1.0,9.4,False,
172,0,20278125,0.1,B234567/S01367,0,0,1,1,1,1,1,1,0,1,1,0,1,0,0,1,1,0,0.6347930463576158,0.625625,0.6817500000000001,0.05086811606831593,0.9362272841853545,1.0,0.806875,20.6,False,
172,1,20278126,0.2,B234567/S01367,0,0,1,1,1,1,1,1,0,1,1,0,1,0,0,1,1,0,0.6391970198675496,0.649375,0.6878041666666667,0.028277274311606416,0.9393034356495001,1.0,0.728125,26.2,False,
172,2,20278127,0.3,B234567/S01367,0,0,1,1,1,1,1,1,0,1,1,0,1,0,0,1,1,0,0.6425951986754966,0.643125,0.6846041666666666,0.013940941965841417,0.9377705586628576,1.0,0.7375,14.4,False,
172,3,20278128,0.4,B234567/S01367,0,0,1,1,1,1,1,1,0,1,1,0,1,0,0,1,1,0,0.6436299668874174,0.66125,0.6855625,0.004839120773788582,0.9377338033425534,1.0,0.723125,7.2,False,
172,4,20278129,0.5,B234567/S01367,0,0,1,1,1,1,1,1,0,1,1,0,1,0,0,1,1,0,0.6438286423841059,0.64875,0.68645,-0.001482223771349414,0.9387135005280544,1.0,0.724375,1.6,False,
173,0,20278225,0.1,B0146/S012347,1,1,0,0,1,0,1,0,0,1,1,1,1,1,0,0,1,0,0.5195695364238412,0.53,0.4098416666666666,0.008631273963052912,0.9914670574126941,1.0,0.7168749999999999,25.2,False,
173,1,20278226,0.2,B0146/S012347,1,1,0,0,1,0,1,0,0,1,1,1,1,1,0,0,1,0,0.5190687086092716,0.506875,0.40415833333333334,0.0070173623213655055,0.9961009755708585,1.0,0.6331249999999999,28.8,False,
173,2,20278227,0.3,B0146/S012347,1,1,0,0,1,0,1,0,0,1,1,1,1,1,0,0,1,0,0.5200041390728477,0.50875,0.4037791666666667,0.007949960787730293,0.997131628715442,1.0,0.701875,22.0,False,
173,3,20278228,0.4,B0146/S012347,1,1,0,0,1,0,1,0,0,1,1,1,1,1,0,0,1,0,0.5209685430463575,0.515625,0.40386666666666665,0.0004770826071801719,0.9978371808343097,1.0,0.69625,12.6,False,
173,4,20278229,0.5,B0146/S012347,1,1,0,0,1,0,1,0,0,1,1,1,1,1,0,0,1,0,0.5215562913907285,0.4875,0.4047166666666666,-0.00012057772743154913,0.9978992906764496,1.0,0.6543749999999999,8.2,False,
174,0,20278325,0.1,B1357/S45,0,1,0,1,0,1,0,1,0,0,0,0,0,1,1,0,0,0,0.4719991721854305,0.4575,0.5228208333333333,0.030331997211571673,0.99356076080247,1.0,0.5925,28.4,False,
174,1,20278326,0.2,B1357/S45,0,1,0,1,0,1,0,1,0,0,0,0,0,1,1,0,0,0,0.47141142384105955,0.4725,0.5246500000000001,0.009998475078424216,0.9952539125491559,1.0,0.57125,32.8,False,
174,2,20278327,0.3,B1357/S45,0,1,0,1,0,1,0,1,0,0,0,0,0,1,1,0,0,0,0.47174668874172176,0.475625,0.5251916666666667,0.01375010892296926,0.9963177744336921,1.0,0.5762499999999999,29.2,False,
174,3,20278328,0.4,B1357/S45,0,1,0,1,0,1,0,1,0,0,0,0,0,1,1,0,0,0,0.47307119205298015,0.456875,0.52355,-0.0015374477169750277,0.9973609958054132,1.0,0.5675,15.8,False,
174,4,20278329,0.5,B1357/S45,0,1,0,1,0,1,0,1,0,0,0,0,0,1,1,0,0,0,0.48045529801324494,0.499375,0.5215,0.013755663994422577,0.9981604463146871,1.0,0.5606249999999999,10.4,False,
175,0,20278425,0.1,B12456/S34568,0,1,1,0,1,1,1,0,0,0,0,0,1,1,1,1,0,1,0.7109726821192052,0.719375,0.36805,0.03399180899268012,0.8572221199583683,1.0,0.7175,22.2,False,
175,1,20278426,0.2,B12456/S34568,0,1,1,0,1,1,1,0,0,0,0,0,1,1,1,1,0,1,0.711328642384106,0.721875,0.37141666666666673,0.019789451899616457,0.860099830639783,1.0,0.714375,24.4,False,
175,2,20278427,0.3,B12456/S34568,0,1,1,0,1,1,1,0,0,0,0,0,1,1,1,1,0,1,0.7141142384105961,0.72375,0.3685333333333333,0.0176615327640291,0.8582426668245684,1.0,0.70875,14.0,False,
175,3,20278428,0.4,B12456/S34568,0,1,1,0,1,1,1,0,0,0,0,0,1,1,1,1,0,1,0.7148468543046357,0.71125,0.36650416666666663,0.012707716103171013,0.8593425984742491,1.0,0.694375,8.8,False,
175,4,20278429,0.5,B12456/S34568,0,1,1,0,1,1,1,0,0,0,0,0,1,1,1,1,0,1,0.7146854304635762,0.703125,0.3643375,0.007517972289996602,0.8605496141363006,1.0,0.714375,2.0,False,
176,0,20278525,0.1,B578/S23,0,0,0,0,0,1,0,1,1,0,0,1,1,0,0,0,0,0,0.005604304635761589,0.005,0.0018041666666666666,-0.0035735447891251425,0.04833531376440979,1.0,1.0,21.2,False,
176,1,20278526,0.2,B578/S23,0,0,0,0,0,1,0,1,1,0,0,1,1,0,0,0,0,0,0.041113410596026495,0.039375,0.0025,-0.010210548100383462,0.24529203456031876,1.0,1.0,37.8,False,
176,2,20278527,0.3,B578/S23,0,0,0,0,0,1,0,1,1,0,0,1,1,0,0,0,0,0,0.05943294701986755,0.055625,0.0035375000000000007,-0.02214186127570594,0.32064928712364216,1.0,1.0,28.2,False,
176,3,20278528,0.4,B578/S23,0,0,0,0,0,1,0,1,1,0,0,1,1,0,0,0,0,0,0.06396937086092713,0.05875,0.0036750000000000003,-0.03029115109794358,0.3355217115451326,1.0,1.0,27.4,False,
176,4,20278529,0.5,B578/S23,0,0,0,0,0,1,0,1,1,0,0,1,1,0,0,0,0,0,0.05151490066225166,0.045625,0.006141666666666665,-0.03445353346113637,0.28118764862357765,1.0,1.0,15.0,False,
177,0,20278625,0.1,B12357/S03457,0,1,1,1,0,1,0,1,0,1,0,0,1,1,1,0,1,0,0.6309519867549669,0.639375,0.3912333333333333,0.023698915127221616,0.9434450064556734,1.0,0.6425000000000001,23.0,False,
177,1,20278626,0.2,B12357/S03457,0,1,1,1,0,1,0,1,0,1,0,0,1,1,1,0,1,0,0.6317135761589405,0.6075,0.38955,0.014155955907982203,0.9447848789293132,1.0,0.650625,22.6,False,
177,2,20278627,0.3,B12357/S03457,0,1,1,1,0,1,0,1,0,1,0,0,1,1,1,0,1,0,0.631862582781457,0.63625,0.3931625000000001,0.010274268037643246,0.9458379467180986,1.0,0.645625,20.8,False,
177,3,20278628,0.4,B12357/S03457,0,1,1,1,0,1,0,1,0,1,0,0,1,1,1,0,1,0,0.6319784768211921,0.6325,0.3927833333333334,0.006268407981875104,0.9472935106246572,1.0,0.65,7.2,False,
177,4,20278629,0.5,B12357/S03457,0,1,1,1,0,1,0,1,0,1,0,0,1,1,1,0,1,0,0.6342508278145695,0.636875,0.3892791666666667,0.007184014464969469,0.9462903081578835,1.0,0.643125,3.0,False,
178,0,20278725,0.1,B018/S02378,1,1,0,0,0,0,0,0,1,1,0,1,1,0,0,0,1,1,0.3696895695364239,0.390625,0.18842499999999998,0.041847660334610924,0.9427248930480594,1.0,0.941875,101.8,False,
178,1,20278726,0.2,B018/S02378,1,1,0,0,0,0,0,0,1,1,0,1,1,0,0,0,1,1,0.3663907284768212,0.401875,0.19568333333333332,0.04867974468455887,0.9454883928631775,1.0,0.91875,100.8,False,
178,2,20278727,0.3,B018/S02378,1,1,0,0,0,0,0,0,1,1,0,1,1,0,0,0,1,1,0.3682077814569536,0.391875,0.16470416666666668,0.05684439264552064,0.9479142526401599,1.0,0.9293750000000001,95.2,False,
178,3,20278728,0.4,B018/S02378,1,1,0,0,0,0,0,0,1,1,0,1,1,0,0,0,1,1,0.3605711920529801,0.388125,0.21607499999999996,0.04476734053677216,0.9417983720859087,1.0,0.88375,95.2,False,
178,4,20278729,0.5,B018/S02378,1,1,0,0,0,0,0,0,1,1,0,1,1,0,0,0,1,1,0.3636134105960265,0.4025,0.2038625,0.0400046836876958,0.9427703060473093,1.0,0.916875,79.4,False,
179,0,20278825,0.1,B2467/S1346,0,0,1,0,1,0,1,1,0,0,1,0,1,1,0,1,0,0,0.562930463576159,0.571875,0.46427916666666663,0.06741144562565299,0.9766679521192821,1.0,0.81875,21.0,False,
179,1,20278826,0.2,B2467/S1346,0,0,1,0,1,0,1,1,0,0,1,0,1,1,0,1,0,0,0.5711134105960265,0.589375,0.4707833333333334,0.033706212966189995,0.9810610477781427,1.0,0.651875,23.4,False,
179,2,20278827,0.3,B2467/S1346,0,0,1,0,1,0,1,1,0,0,1,0,1,1,0,1,0,0,0.5715480132450331,0.578125,0.47310833333333335,0.01860752875566343,0.9828474600925506,1.0,0.575625,18.6,False,
179,3,20278828,0.4,B2467/S1346,0,0,1,0,1,0,1,1,0,0,1,0,1,1,0,1,0,0,0.572694536423841,0.575,0.4733291666666666,0.008683230219587994,0.9836931662855997,1.0,0.5706249999999999,8.0,False,
179,4,20278829,0.5,B2467/S1346,0,0,1,0,1,0,1,1,0,0,1,0,1,1,0,1,0,0,0.573385761589404,0.56,0.4725749999999999,0.0027811301847331057,0.9837917817974788,1.0,0.56375,3.8,False,
180,0,20278925,0.1,B02345/S0168,1,0,1,1,1,1,0,0,0,1,1,0,0,0,0,1,0,1,0.48502069536423836,0.484375,0.8347333333333333,0.005115240501916839,0.9950812636348474,1.0,0.824375,29.2,False,
180,1,20278926,0.2,B02345/S0168,1,0,1,1,1,1,0,0,0,1,1,0,0,0,0,1,0,1,0.4852649006622516,0.495625,0.8341124999999999,0.008956409027535073,0.9964451955659702,1.0,0.815,25.0,False,
180,2,20278927,0.3,B02345/S0168,1,0,1,1,1,1,0,0,0,1,1,0,0,0,0,1,0,1,0.4858650662251655,0.480625,0.8370541666666667,0.0017070407807594193,0.9970859319086568,1.0,0.840625,22.2,False,
180,3,20278928,0.4,B02345/S0168,1,0,1,1,1,1,0,0,0,1,1,0,0,0,0,1,0,1,0.48658526490066223,0.478125,0.83275,-0.004800562042523977,0.9983233708374809,1.0,0.815625,12.0,False,
180,4,20278929,0.5,B02345/S0168,1,0,1,1,1,1,0,0,0,1,1,0,0,0,0,1,0,1,0.4872889072847682,0.471875,0.8377666666666667,-0.0002065179505057307,0.9990558802960642,1.0,0.81125,7.2,False,
181,0,20279025,0.1,B1568/S123578,0,1,0,0,0,1,1,0,1,0,1,1,1,0,1,0,1,1,0.4290024834437085,0.430625,0.2586791666666666,0.023251568490762826,0.9821788594125926,1.0,0.785625,40.2,False,
181,1,20279026,0.2,B1568/S123578,0,1,0,0,0,1,1,0,1,0,1,1,1,0,1,0,1,1,0.4315190397350993,0.4075,0.26080416666666667,-0.01158493813175365,0.9846036433304914,1.0,0.790625,39.8,False,
181,2,20279027,0.3,B1568/S123578,0,1,0,0,0,1,1,0,1,0,1,1,1,0,1,0,1,1,0.43130380794701995,0.43375,0.25480416666666666,0.005235818229347888,0.9853837823289205,1.0,0.80375,32.4,False,
181,3,20279028,0.4,B1568/S123578,0,1,0,0,0,1,1,0,1,0,1,1,1,0,1,0,1,1,0.4335306291390728,0.4175,0.26049583333333337,-0.01051444318577941,0.9865406063599071,1.0,0.80375,26.4,False,
181,4,20279029,0.5,B1568/S123578,0,1,0,0,0,1,1,0,1,0,1,1,1,0,1,0,1,1,0.43427152317880796,0.429375,0.261825,0.00205308905541968,0.98678429255346,1.0,0.784375,21.4,False,
182,0,20279125,0.1,B245678/S168,0,0,1,0,1,1,1,1,1,0,1,0,0,0,0,1,0,1,0.49045115894039726,0.50125,0.9564083333333332,0.059622255141163615,0.9924498385718924,1.0,0.9925,23.6,False,
182,1,20279126,0.2,B245678/S168,0,0,1,0,1,1,1,1,1,0,1,0,0,0,0,1,0,1,0.49437499999999995,0.4975,0.9704500000000001,0.03463685081910047,0.9972757058800593,1.0,0.99625,22.8,False,
182,2,20279127,0.3,B245678/S168,0,0,1,0,1,1,1,1,1,0,1,0,0,0,0,1,0,1,0.4953890728476821,0.499375,0.9747750000000002,0.0258640859184381,0.9988329564779865,1.0,0.998125,17.0,False,
182,3,20279128,0.4,B245678/S168,0,0,1,0,1,1,1,1,1,0,1,0,0,0,0,1,0,1,0.49779387417218535,0.500625,0.9775916666666667,0.017013223248518398,0.9995459230212952,1.0,0.9975,7.4,False,
182,4,20279129,0.5,B245678/S168,0,0,1,0,1,1,1,1,1,0,1,0,0,0,0,1,0,1,0.49859685430463574,0.50125,0.9807750000000003,0.01069416608574381,0.9997680448919929,1.0,0.999375,2.4,False,
183,0,20279225,0.1,B357/S023467,0,0,0,1,0,1,0,1,0,1,0,1,1,1,0,1,1,0,0.5636299668874172,0.611875,0.3458833333333333,0.27743431944928504,0.9357129763013066,1.0,0.963125,20.6,False,
183,1,20279226,0.2,B357/S023467,0,0,0,1,0,1,0,1,0,1,0,1,1,1,0,1,1,0,0.6032491721854305,0.62125,0.3709458333333333,0.07250217845939322,0.9581413924889289,1.0,0.815,25.6,False,
183,2,20279227,0.3,B357/S023467,0,0,0,1,0,1,0,1,0,1,0,1,1,1,0,1,1,0,0.6118211920529802,0.61375,0.3763416666666667,0.029078838445451102,0.960313490753295,1.0,0.711875,16.0,False,
183,3,20279228,0.4,B357/S023467,0,0,0,1,0,1,0,1,0,1,0,1,1,1,0,1,1,0,0.6140231788079469,0.635,0.376875,0.015341800278842093,0.9606290770765654,1.0,0.6950000000000001,4.6,False,
183,4,20279229,0.5,B357/S023467,0,0,0,1,0,1,0,1,0,1,0,1,1,1,0,1,1,0,0.6144577814569536,0.595625,0.3790958333333333,0.0036539299407456496,0.9611822536007578,1.0,0.645625,2.2,False,
184,0,20279325,0.1,B012345678/S01678,1,1,1,1,1,1,1,1,1,1,1,0,0,0,0,1,1,1,0.9938245033112583,1.0,0.006383333333333335,0.03654812216800265,0.004235294901824734,1.0,1.0,19.8,False,
184,1,20279326,0.2,B012345678/S01678,1,1,1,1,1,1,1,1,1,1,1,0,0,0,0,1,1,1,0.9720447019867554,0.978125,0.05076250000000001,0.035875631753223315,0.15950478044231373,1.0,1.0,25.4,False,
184,2,20279327,0.3,B012345678/S01678,1,1,1,1,1,1,1,1,1,1,1,0,0,0,0,1,1,1,0.8383029801324505,0.84125,0.31975833333333337,0.021288994423143148,0.631100019123205,1.0,1.0,18.8,False,
184,3,20279328,0.4,B012345678/S01678,1,1,1,1,1,1,1,1,1,1,1,0,0,0,0,1,1,1,0.5172847682119205,0.50375,0.964533333333333,-0.06490741547577614,0.9959834995539113,1.0,1.0,6.8,False,
184,4,20279329,0.5,B012345678/S01678,1,1,1,1,1,1,1,1,1,1,1,0,0,0,0,1,1,1,0.5074544701986754,0.508125,0.985058333333333,-0.012041434297665013,0.9994676024862922,1.0,1.0,4.6,False,
185,0,20279425,0.1,B18/S127,0,1,0,0,0,0,0,0,1,0,1,1,0,0,0,0,1,0,0.3681746688741721,0.38,0.03671666666666667,0.0542148832345765,0.9447751121345956,1.0,1.0,137.0,False,
185,1,20279426,0.2,B18/S127,0,1,0,0,0,0,0,0,1,0,1,1,0,0,0,0,1,0,0.37671771523178804,0.385,0.02647916666666667,0.03939264552108707,0.9533694665489577,1.0,1.0,132.2,False,
185,2,20279427,0.3,B18/S127,0,1,0,0,0,0,0,0,1,0,1,1,0,0,0,0,1,0,0.36787665562913907,0.375625,0.029541666666666667,0.036376895259671804,0.9478409956697086,1.0,1.0,131.6,False,
185,3,20279428,0.4,B18/S127,0,1,0,0,0,0,0,0,1,0,1,1,0,0,0,0,1,0,0.3740314569536423,0.38,0.028708333333333336,0.04006219501568467,0.9515356991857467,1.0,1.0,119.2,False,
185,4,20279429,0.5,B18/S127,0,1,0,0,0,0,0,0,1,0,1,1,0,0,0,0,1,0,0.36341473509933786,0.373125,0.034666666666666665,0.049153232833739686,0.9411663349124472,1.0,1.0,111.8,False,
186,0,20279525,0.1,B23678/S012467,0,0,1,1,0,0,1,1,1,1,1,1,0,1,0,1,1,0,0.5245571192052981,0.5375,0.4509375,0.037381056117113926,0.9911698393940107,1.0,0.845,25.4,False,
186,1,20279526,0.2,B23678/S012467,0,0,1,1,0,0,1,1,1,1,1,1,0,1,0,1,1,0,0.5297185430463577,0.526875,0.45227083333333323,0.01273483792262082,0.9946033012457498,1.0,0.6268750000000001,28.8,False,
186,2,20279527,0.3,B23678/S012467,0,0,1,1,0,0,1,1,1,1,1,1,0,1,0,1,1,0,0.5313369205298013,0.54375,0.45417916666666674,0.012866525792958626,0.9954614948687359,1.0,0.5825,17.8,False,
186,3,20279528,0.4,B23678/S012467,0,0,1,1,0,0,1,1,1,1,1,1,0,1,0,1,1,0,0.5310140728476821,0.545,0.4542833333333333,0.0032876219937256206,0.996306920155874,1.0,0.579375,8.8,False,
186,4,20279529,0.5,B23678/S012467,0,0,1,1,0,0,1,1,1,1,1,1,0,1,0,1,1,0,0.5329014900662251,0.531875,0.45164583333333336,0.0036888942140114326,0.9962144220101,1.0,0.579375,7.4,False,
187,0,20279625,0.1,B0378/S12378,1,0,0,1,0,0,0,1,1,0,1,1,1,0,0,0,1,1,0.40918046357615895,0.414375,0.3153458333333333,0.01505881840362442,0.9726639964371435,1.0,0.73875,43.0,False,
187,1,20279626,0.2,B0378/S12378,1,0,0,1,0,0,0,1,1,0,1,1,1,0,0,0,1,1,0.4152235099337749,0.40625,0.2946499999999999,0.023873409724642178,0.9774579619387953,1.0,0.7625,47.6,False,
187,2,20279627,0.3,B0378/S12378,1,0,0,1,0,0,0,1,1,0,1,1,1,0,0,0,1,1,0.4122640728476822,0.403125,0.31207083333333335,0.010835330254443604,0.976425217176509,1.0,0.743125,34.2,False,
187,3,20279628,0.4,B0378/S12378,1,0,0,1,0,0,0,1,1,0,1,1,1,0,0,0,1,1,0.4120198675496689,0.416875,0.30207083333333334,0.0080385151620768,0.9769291940287037,1.0,0.75125,27.2,False,
187,4,20279629,0.5,B0378/S12378,1,0,0,1,0,0,0,1,1,0,1,1,1,0,0,0,1,1,0.41271937086092714,0.404375,0.3051875,0.011212748344370577,0.9766273060963976,1.0,0.7481249999999999,23.4,False,
188,0,20279725,0.1,B014/S0348,1,1,0,0,1,0,0,0,0,1,0,0,1,1,0,0,0,1,0.4136092715231788,0.4,0.4114541666666667,-0.0017145564656681034,0.9731470218796506,1.0,0.62375,40.0,False,
188,1,20279726,0.2,B014/S0348,1,1,0,0,1,0,0,0,0,1,0,0,1,1,0,0,0,1,0.4150206953642384,0.40625,0.40874583333333336,0.008449263680725039,0.9770813233263022,1.0,0.62625,39.8,False,
188,2,20279727,0.3,B014/S0348,1,1,0,0,1,0,0,0,0,1,0,0,1,1,0,0,0,1,0.41377483443708607,0.41625,0.40846249999999995,0.012658047228999277,0.9776088310484246,1.0,0.638125,36.6,False,
188,3,20279728,0.4,B014/S0348,1,1,0,0,1,0,0,0,0,1,0,0,1,1,0,0,0,1,0.4161506622516556,0.42125,0.41008333333333336,0.0017171706169395533,0.9790226458282164,1.0,0.620625,19.0,False,
188,4,20279729,0.5,B014/S0348,1,1,0,0,1,0,0,0,0,1,0,0,1,1,0,0,0,1,0.41611341059602647,0.425,0.40672500000000006,-0.004730960264901014,0.9789478987429512,1.0,0.63125,18.4,False,
189,0,20279825,0.1,B01478/S124567,1,1,0,0,1,0,0,1,1,0,1,1,0,1,1,1,1,0,0.685649834437086,0.704375,0.17923333333333333,0.0275636110142909,0.8893093606841002,1.0,0.86625,21.2,False,
189,1,20279826,0.2,B01478/S124567,1,1,0,0,1,0,0,1,1,0,1,1,0,1,1,1,1,0,0.6825869205298014,0.7025,0.16993749999999996,0.03957269518996133,0.8956837826345406,1.0,0.864375,26.2,False,
189,2,20279827,0.3,B01478/S124567,1,1,0,0,1,0,0,1,1,0,1,1,0,1,1,1,1,0,0.6821978476821192,0.67625,0.17435833333333334,0.03729282851167646,0.8975382644653734,1.0,0.8668750000000001,14.2,False,
189,3,20279828,0.4,B01478/S124567,1,1,0,0,1,0,0,1,1,0,1,1,0,1,1,1,1,0,0.6853311258278145,0.701875,0.15699166666666667,0.024365523701637967,0.8949782741293187,1.0,0.889375,5.0,False,
189,4,20279829,0.5,B01478/S124567,1,1,0,0,1,0,0,1,1,0,1,1,0,1,1,1,1,0,0.6888990066225166,0.693125,0.15888333333333335,0.02610066660857413,0.8926445149646092,1.0,0.8875,1.8,False,
190,0,20279925,0.1,B0456/S045678,1,0,0,0,1,1,1,0,0,1,0,0,0,1,1,1,1,1,0.9577855960264898,0.971875,0.009095833333333334,0.08186737539212209,0.20729673075029403,1.0,1.0,19.4,False,
190,1,20279926,0.2,B0456/S045678,1,0,0,0,1,1,1,0,0,1,0,0,0,1,1,1,1,1,0.9385016556291391,0.969375,0.016950000000000003,0.1743312129661896,0.2467656955148542,1.0,1.0,23.2,False,
190,2,20279927,0.3,B0456/S045678,1,0,0,0,1,1,1,0,0,1,0,0,0,1,1,1,1,1,0.935980960264901,0.96625,0.017954166666666667,0.17113149180899154,0.25945912184823416,1.0,1.0,14.8,False,
190,3,20279928,0.4,B0456/S045678,1,0,0,0,1,1,1,0,0,1,0,0,0,1,1,1,1,1,0.9442259933774838,0.9625,0.012520833333333333,0.10446311868246759,0.2668285786492144,1.0,1.0,6.2,False,
190,4,20279929,0.5,B0456/S045678,1,0,0,0,1,1,1,0,0,1,0,0,0,1,1,1,1,1,0.9390355960264904,0.948125,0.007729166666666667,0.05269736842105216,0.3143451857038456,1.0,1.0,2.2,False,
191,0,20280025,0.1,B0135/S123578,1,1,0,1,0,1,0,0,0,0,1,1,1,0,1,0,1,1,0.5310057947019868,0.53875,0.42833333333333334,-0.013176956256535585,0.988207406499497,1.0,0.815,24.0,False,
191,1,20280026,0.2,B0135/S123578,1,1,0,1,0,1,0,0,0,0,1,1,1,0,1,0,1,1,0.528841059602649,0.539375,0.42793333333333333,0.002381491808992372,0.9941502753622832,1.0,0.640625,29.2,False,
191,2,20280027,0.3,B0135/S123578,1,1,0,1,0,1,0,0,0,0,1,1,1,0,1,0,1,1,0.5280546357615895,0.533125,0.42717083333333333,0.0012842018124779892,0.9959031402846475,1.0,0.59875,20.2,False,
191,3,20280028,0.4,B0135/S123578,1,1,0,1,0,1,0,0,0,0,1,1,1,0,1,0,1,1,0.5305132450331125,0.5175,0.4278,0.004544048448936282,0.9962706064921929,1.0,0.600625,7.4,False,
191,4,20280029,0.5,B0135/S123578,1,1,0,1,0,1,0,0,0,0,1,1,1,0,1,0,1,1,0.5299793046357616,0.529375,0.4261,9.018821889145956e-05,0.9968765098166144,1.0,0.6,5.4,False,
192,0,20280125,0.1,B0248/S3678,1,0,1,0,1,0,0,0,1,0,0,0,1,0,0,1,1,1,0.4045405629139073,0.428125,0.5413083333333333,-0.001635151620774234,0.9704448848455592,1.0,0.595,37.2,False,
192,1,20280126,0.2,B0248/S3678,1,0,1,0,1,0,0,0,1,0,0,0,1,0,0,1,1,1,0.40432947019867554,0.391875,0.541,0.011196409898918921,0.9718881503491346,1.0,0.57875,45.8,False,
192,2,20280127,0.3,B0248/S3678,1,0,1,0,1,0,0,0,1,0,0,0,1,0,0,1,1,1,0.4050993377483444,0.384375,0.5414416666666667,0.0053358095155106285,0.9731098305784586,1.0,0.5662499999999999,30.6,False,
192,3,20280128,0.4,B0248/S3678,1,0,1,0,1,0,0,0,1,0,0,0,1,0,0,1,1,1,0.40498758278145697,0.418125,0.5416541666666668,0.0019027753572671223,0.9733243162806973,1.0,0.563125,22.0,False,
192,4,20280129,0.5,B0248/S3678,1,0,1,0,1,0,0,0,1,0,0,0,1,0,0,1,1,1,0.4065687086092715,0.40875,0.5415249999999999,-0.0039003136981528973,0.9740495035161341,1.0,0.56125,16.8,False,
193,0,20280225,0.1,B013578/S0356,1,1,0,1,0,1,0,1,1,1,0,0,1,0,1,1,0,0,0.5480504966887417,0.57375,0.46684583333333324,0.013643909027535624,0.9858269778011093,1.0,0.68125,21.4,False,
193,1,20280226,0.2,B013578/S0356,1,1,0,1,0,1,0,1,1,1,0,0,1,0,1,1,0,0,0.5515769867549668,0.52875,0.45962499999999995,0.00882374085047027,0.9894669538307623,1.0,0.59625,23.8,False,
193,2,20280227,0.3,B013578/S0356,1,1,0,1,0,1,0,1,1,1,0,0,1,0,1,1,0,0,0.5478352649006624,0.5525,0.46355416666666666,0.017894845765074475,0.991545846028343,1.0,0.575,16.8,False,
193,3,20280228,0.4,B013578/S0356,1,1,0,1,0,1,0,1,1,1,0,0,1,0,1,1,0,0,0.5496316225165563,0.56125,0.461225,0.006457933949110536,0.9917698729826425,1.0,0.5800000000000001,7.4,False,
193,4,20280229,0.5,B013578/S0356,1,1,0,1,0,1,0,1,1,1,0,0,1,0,1,1,0,0,0.5485057947019868,0.534375,0.4620000000000001,0.007173231090971941,0.9926786245557692,1.0,0.57375,4.4,False,
194,0,20280325,0.1,B247/S2468,0,0,1,0,1,0,0,1,0,0,0,1,0,1,0,1,0,1,0.4534602649006622,0.461875,0.4611583333333332,0.0513873518647609,0.9867243791343344,1.0,0.771875,26.8,False,
194,1,20280326,0.2,B247/S2468,0,0,1,0,1,0,0,1,0,0,0,1,0,1,0,1,0,1,0.45506208609271515,0.45625,0.46720000000000006,0.01864576071801974,0.9918206584646696,1.0,0.59875,31.6,False,
194,2,20280327,0.3,B247/S2468,0,0,1,0,1,0,0,1,0,0,0,1,0,1,0,1,0,1,0.46015728476821194,0.454375,0.46779583333333336,0.004891403799232706,0.9944720005835181,1.0,0.559375,22.0,False,
194,3,20280328,0.4,B247/S2468,0,0,1,0,1,0,0,1,0,0,0,1,0,1,0,1,0,1,0.4605215231788079,0.469375,0.46512916666666665,0.007076180724991066,0.9950151975319134,1.0,0.576875,13.0,False,
194,4,20280329,0.5,B247/S2468,0,0,1,0,1,0,0,1,0,0,0,1,0,1,0,1,0,1,0.4600620860927153,0.465625,0.467325,0.0026151315789470987,0.9948975219478405,1.0,0.571875,10.2,False,
195,0,20280425,0.1,B01478/S37,1,1,0,0,1,0,0,1,1,0,0,0,1,0,0,0,1,0,0.346875,0.3525,0.5188291666666667,-0.004900226559777427,0.9260252965342597,1.0,0.6856249999999999,63.2,False,
195,1,20280426,0.2,B01478/S37,1,1,0,0,1,0,0,1,1,0,0,0,1,0,0,0,1,0,0.3445778145695364,0.328125,0.517175,0.0027030324154753366,0.9273368270927457,1.0,0.6525000000000001,63.6,False,
195,2,20280427,0.3,B01478/S37,1,1,0,0,1,0,0,1,1,0,0,0,1,0,0,0,1,0,0.3445985099337749,0.35375,0.5185208333333333,0.001760630881839955,0.9283257329870104,1.0,0.5974999999999999,60.2,False,
195,3,20280428,0.4,B01478/S37,1,1,0,0,1,0,0,1,1,0,0,0,1,0,0,0,1,0,0.34510761589403977,0.3425,0.51785,-0.005833478563959859,0.9285489610758867,1.0,0.604375,57.0,False,
195,4,20280429,0.5,B01478/S37,1,1,0,0,1,0,0,1,1,0,0,0,1,0,0,0,1,0,0.3461796357615894,0.358125,0.520725,-0.005242353607529138,0.9291400201714837,1.0,0.59625,40.0,False,
196,0,20280525,0.1,B2478/S024,0,0,1,0,1,0,0,1,1,1,0,1,0,1,0,0,0,0,0.4267756622516557,0.418125,0.4879375000000001,0.034946627744858724,0.9792612274763901,1.0,0.818125,34.2,False,
196,1,20280526,0.2,B2478/S024,0,0,1,0,1,0,0,1,1,1,0,1,0,1,0,0,0,0,0.42666390728476816,0.395625,0.49072916666666666,0.012403167479957847,0.9825243569353179,1.0,0.6275,34.6,False,
196,2,20280527,0.3,B2478/S024,0,0,1,0,1,0,0,1,1,1,0,1,0,1,0,0,0,0,0.42998344370860936,0.450625,0.49232916666666665,0.004681618159636756,0.9848128605133949,1.0,0.55,25.8,False,
196,3,20280528,0.4,B2478/S024,0,0,1,0,1,0,0,1,1,1,0,1,0,1,0,0,0,0,0.4301738410596027,0.40625,0.49269583333333344,-0.0022684297664694445,0.9851800141414033,1.0,0.549375,19.0,False,
196,4,20280529,0.5,B2478/S024,0,0,1,0,1,0,0,1,1,1,0,1,0,1,0,0,0,0,0.4291928807947019,0.44875,0.4920541666666666,-0.007733639769954907,0.9848392443923631,1.0,0.558125,17.0,False,
197,0,20280625,0.1,B01/S04567,1,1,0,0,0,0,0,0,0,1,0,0,0,1,1,1,1,0,0.4075,0.40875,0.29836250000000003,0.007845394736841546,0.9686359833561423,1.0,0.785,42.6,False,
197,1,20280626,0.2,B01/S04567,1,1,0,0,0,0,0,0,0,1,0,0,0,1,1,1,1,0,0.40380794701986755,0.385625,0.29851249999999996,0.005360643952596653,0.9707651900715446,1.0,0.808125,49.6,False,
197,2,20280627,0.3,B01/S04567,1,1,0,0,0,0,0,0,0,1,0,0,0,1,1,1,1,0,0.40041804635761585,0.380625,0.30581250000000004,0.007357528755663535,0.9694004667815452,1.0,0.7625,49.8,False,
197,3,20280628,0.4,B01/S04567,1,1,0,0,0,0,0,0,0,1,0,0,0,1,1,1,1,0,0.4007077814569537,0.3775,0.30835416666666665,-0.002522002439874586,0.9687619945971373,1.0,0.763125,35.6,False,
197,4,20280629,0.5,B01/S04567,1,1,0,0,0,0,0,0,0,1,0,0,0,1,1,1,1,0,0.40116307947019864,0.4075,0.30316249999999995,-0.002744858835831785,0.9701382262059258,1.0,0.80875,27.0,False,
198,0,20280725,0.1,B014567/S01456,1,1,0,0,1,1,1,1,0,1,1,0,0,1,1,1,0,0,0.6353518211920529,0.604375,0.5171541666666667,0.026604217497385157,0.9374659202742354,1.0,0.6168750000000001,23.4,False,
198,1,20280726,0.2,B014567/S01456,1,1,0,0,1,1,1,1,0,1,1,0,0,1,1,1,0,0,0.6350331125827814,0.6475,0.5154875,0.021878485535028854,0.9413987819404819,1.0,0.62375,24.6,False,
198,2,20280727,0.3,B014567/S01456,1,1,0,0,1,1,1,1,0,1,1,0,0,1,1,1,0,0,0.6356332781456954,0.64,0.5149875000000002,0.022844087661205492,0.9419641324422132,1.0,0.606875,19.8,False,
198,3,20280728,0.4,B014567/S01456,1,1,0,0,1,1,1,1,0,1,1,0,0,1,1,1,0,0,0.6355836092715231,0.633125,0.5143833333333333,0.019094414430114507,0.9429102876042853,1.0,0.6212500000000001,7.6,False,
198,4,20280729,0.5,B014567/S01456,1,1,0,0,1,1,1,1,0,1,1,0,0,1,1,1,0,0,0.6374958609271524,0.6575,0.5141208333333332,0.011468281631229461,0.942234869784335,1.0,0.611875,2.4,False,
199,0,20280825,0.1,B0567/S01234567,1,0,0,0,0,1,1,1,0,1,1,1,1,1,1,1,1,0,0.7609726821192054,0.78,0.15139166666666667,0.11713913820146343,0.7758297805049676,1.0,0.99,23.2,False,
199,1,20280826,0.2,B0567/S01234567,1,0,0,0,0,1,1,1,0,1,1,1,1,1,1,1,1,0,0.7354304635761589,0.7875,0.1342125,0.22337595852213274,0.8020364390974434,1.0,0.988125,22.2,False,
199,2,20280827,0.3,B0567/S01234567,1,0,0,0,0,1,1,1,0,1,1,1,1,1,1,1,1,0,0.6995943708609272,0.735625,0.11370833333333333,0.17815440920181222,0.863431815445531,1.0,0.979375,21.4,False,
199,3,20280828,0.4,B0567/S01234567,1,0,0,0,0,1,1,1,0,1,1,1,1,1,1,1,1,0,0.763841059602649,0.795,0.1362166666666667,0.12124204862321313,0.7766768853314975,1.0,0.980625,6.4,False,
199,4,20280829,0.5,B0567/S01234567,1,0,0,0,0,1,1,1,0,1,1,1,1,1,1,1,1,0,0.779139072847682,0.803125,0.14377083333333332,0.08698719065876556,0.7556001797678515,1.0,0.998125,2.2,False,
200,0,20280925,0.1,B0136/S01,1,1,0,1,0,0,1,0,0,1,1,0,0,0,0,0,0,0,0.4959850993377483,0.0,0.9962291666666666,0.0038843020216100324,0.01800107174161866,0.10666666666666667,1.0,20.4,True,16.0
200,1,20280926,0.2,B0136/S01,1,1,0,1,0,0,1,0,0,1,1,0,0,0,0,0,0,0,0.4905960264900663,0.005625,0.9825958333333336,0.0194123605785984,0.1240469149209614,1.0,1.0,21.8,False,
200,2,20280927,0.3,B0136/S01,1,1,0,1,0,0,1,0,0,1,1,0,0,0,0,0,0,0,0.46571605960264906,0.38875,0.9246416666666665,0.05553633670268359,0.9579560202655917,1.0,0.970625,12.6,False,
200,3,20280928,0.4,B0136/S01,1,1,0,1,0,0,1,0,0,1,1,0,0,0,0,0,0,0,0.4844867549668874,1.0,0.9598749999999999,0.07987245120250902,0.2775821878140479,0.5933333333333334,1.0,6.4,True,89.0
200,4,20280929,0.5,B0136/S01,1,1,0,1,0,0,1,0,0,1,1,0,0,0,0,0,0,0,0.4954221854304636,1.0,0.9835041666666666,0.04233617985360687,0.09057506871797547,0.2733333333333333,1.0,2.8,True,41.0
201,0,20281025,0.1,B35/S04568,0,0,0,1,0,1,0,0,0,1,0,0,0,1,1,1,0,1,0.03778973509933775,0.036875,0.0013375,-0.005344959044963457,0.23148762383512103,1.0,1.0,66.4,False,
201,1,20281026,0.2,B35/S04568,0,0,0,1,0,1,0,0,0,1,0,0,0,1,1,1,0,1,0.03851407284768211,0.034375,0.010254166666666667,-0.023860665737190687,0.23025426664545678,1.0,1.0,66.8,False,
201,2,20281027,0.3,B35/S04568,0,0,0,1,0,1,0,0,0,1,0,0,0,1,1,1,0,1,0.2209230132450331,0.08875,0.1255875,-0.19782589752527047,0.7441668275071152,1.0,0.948125,26.0,False,
201,3,20281028,0.4,B35/S04568,0,0,0,1,0,1,0,0,0,1,0,0,0,1,1,1,0,1,0.562226821192053,0.659375,0.1861666666666667,0.26080962443360023,0.9710819989739103,1.0,0.888125,7.4,False,
201,4,20281029,0.5,B35/S04568,0,0,0,1,0,1,0,0,0,1,0,0,0,1,1,1,0,1,0.6559064569536425,0.673125,0.132875,0.09266349337748314,0.9253257198015595,1.0,0.944375,1.8,False,
202,0,20281125,0.1,B02568/S23456,1,0,1,0,0,1,1,0,1,0,0,1,1,1,1,1,0,0,0.6389321192052979,0.665,0.3738625,0.026662382363192638,0.9359901273120248,1.0,0.6925,21.0,False,
202,1,20281126,0.2,B02568/S23456,1,0,1,0,0,1,1,0,1,0,0,1,1,1,1,1,0,0,0.6386423841059603,0.655625,0.3665416666666667,0.024410944579992676,0.9373763347956628,1.0,0.750625,24.6,False,
202,2,20281127,0.3,B02568/S23456,1,0,1,0,0,1,1,0,1,0,0,1,1,1,1,1,0,0,0.6416721854304637,0.61875,0.36862083333333334,0.00998213663297256,0.9376013531032288,1.0,0.7262500000000001,13.2,False,
202,3,20281128,0.4,B02568/S23456,1,0,1,0,0,1,1,0,1,0,0,1,1,1,1,1,0,0,0.6413038079470198,0.636875,0.37013750000000006,0.00440713227605389,0.9391865840105812,1.0,0.72,5.2,False,
202,4,20281129,0.5,B02568/S23456,1,0,1,0,0,1,1,0,1,0,0,1,1,1,1,1,0,0,0.6438162251655629,0.676875,0.3723791666666667,0.009847181073544474,0.9375559443336611,1.0,0.735,1.8,False,
203,0,20281225,0.1,B13567/S4567,0,1,0,1,0,1,1,1,0,0,0,0,0,1,1,1,1,0,0.7147144039735099,0.69,0.35639999999999994,0.05970492767514777,0.8480186019396976,1.0,0.72125,19.8,False,
203,1,20281226,0.2,B13567/S4567,0,1,0,1,0,1,1,1,0,0,0,0,0,1,1,1,1,0,0.7161134105960265,0.7325,0.35927916666666665,0.05482169309864027,0.8490522344220216,1.0,0.70875,24.8,False,
203,2,20281227,0.3,B13567/S4567,0,1,0,1,0,1,1,1,0,0,0,0,0,1,1,1,1,0,0.7194908940397351,0.745,0.3575208333333333,0.04584763855001768,0.8475045332520647,1.0,0.7475,16.4,False,
203,3,20281228,0.4,B13567/S4567,0,1,0,1,0,1,1,1,0,0,0,0,0,1,1,1,1,0,0.7222516556291391,0.758125,0.35639583333333336,0.03370719327291693,0.8473486981328546,1.0,0.729375,4.4,False,
203,4,20281229,0.5,B13567/S4567,0,1,0,1,0,1,1,1,0,0,0,0,0,1,1,1,1,0,0.7250745033112582,0.733125,0.3536708333333333,0.012070843499476418,0.8454213078548353,1.0,0.7125,1.8,False,
204,0,20281325,0.1,B038/S1234678,1,0,0,1,0,0,0,0,1,0,1,1,1,1,0,1,1,1,0.5014942052980133,0.50375,0.0123875,0.018763070756360824,0.9964699485120082,1.0,1.0,24.2,False,
204,1,20281326,0.2,B038/S1234678,1,0,0,1,0,0,0,0,1,0,1,1,1,1,0,1,1,1,0.4959437086092716,0.4975,0.011175,0.014753943011502214,0.997982311922804,1.0,1.0,24.2,False,
204,2,20281327,0.3,B038/S1234678,1,0,0,1,0,0,0,0,1,0,1,1,1,1,0,1,1,1,0.4966349337748346,0.496875,0.010924999999999999,0.00700102387591435,0.9992619554989167,1.0,1.0,15.4,False,
204,3,20281328,0.4,B038/S1234678,1,0,0,1,0,0,0,0,1,0,1,1,1,1,0,1,1,1,0.503646523178808,0.505625,0.009220833333333333,0.006163188393167901,0.9996517865056711,1.0,1.0,11.2,False,
204,4,20281329,0.5,B038/S1234678,1,0,0,1,0,0,0,0,1,0,1,1,1,1,0,1,1,1,0.5013700331125827,0.500625,0.008629166666666665,0.0010433731265243067,0.9999833613903579,1.0,1.0,4.0,False,
205,0,20281425,0.1,B023/S567,1,0,1,1,0,0,0,0,0,0,0,0,0,0,1,1,1,0,0.396862582781457,0.396875,0.5963583333333333,0.0004944013593581996,0.965544931261573,1.0,0.59875,36.4,False,
205,1,20281426,0.2,B023/S567,1,0,1,1,0,0,0,0,0,0,0,0,0,0,1,1,1,0,0.3966225165562914,0.406875,0.5980875,0.003144170442662791,0.9667043174105426,1.0,0.6,40.2,False,
205,2,20281427,0.3,B023/S567,1,0,1,1,0,0,0,0,0,0,0,0,0,0,1,1,1,0,0.39532698675496686,0.394375,0.6005666666666667,0.005072760543742934,0.9670893922195727,1.0,0.6074999999999999,38.0,False,
205,3,20281428,0.4,B023/S567,1,0,1,1,0,0,0,0,0,0,0,0,0,0,1,1,1,0,0.39871274834437087,0.398125,0.5975083333333333,0.0010587312652490903,0.9692597067437705,1.0,0.5900000000000001,22.2,False,
205,4,20281429,0.5,B023/S567,1,0,1,1,0,0,0,0,0,0,0,0,0,0,1,1,1,0,0.398737582781457,0.3775,0.5966958333333334,-0.011585591669571479,0.9690290988527765,1.0,0.586875,20.2,False,
206,0,20281525,0.1,B0123678/S01247,1,1,1,1,0,0,1,1,1,1,1,1,0,1,0,0,1,0,0.5125951986754966,0.511875,0.6841166666666667,0.011327444231439207,0.8284479379416231,1.0,0.99125,29.2,False,
206,1,20281526,0.2,B0123678/S01247,1,1,1,1,0,0,1,1,1,1,1,1,0,1,0,0,1,0,0.5151986754966889,0.524375,0.5995958333333333,-0.0037075200418273725,0.9741157992403241,1.0,0.81625,30.0,False,
206,2,20281527,0.3,B0123678/S01247,1,1,1,1,0,0,1,1,1,1,1,1,0,1,0,0,1,0,0.5141432119205298,0.5275,0.58215,0.0024226646915294896,0.9936279351552197,1.0,0.6487499999999999,21.6,False,
206,3,20281528,0.4,B0123678/S01247,1,1,1,1,0,0,1,1,1,1,1,1,0,1,0,0,1,0,0.5135182119205299,0.538125,0.5772291666666667,0.0032330515859180253,0.9981481142851031,1.0,0.611875,15.0,False,
206,4,20281529,0.5,B0123678/S01247,1,1,1,1,0,0,1,1,1,1,1,1,0,1,0,0,1,0,0.5141059602649006,0.498125,0.5781791666666666,0.004269235796444376,0.9981730213816935,1.0,0.59875,13.2,False,
207,0,20281625,0.1,B124/S0237,0,1,1,0,1,0,0,0,0,1,0,1,1,0,0,0,1,0,0.44085678807947026,0.4225,0.5640083333333333,0.010014159986057479,0.9809483561720312,1.0,0.6575,39.4,False,
207,1,20281626,0.2,B124/S0237,0,1,1,0,1,0,0,0,0,1,0,1,1,0,0,0,1,0,0.44064983443708616,0.43,0.5653708333333333,0.005686105785987729,0.9803369940526256,1.0,0.645625,44.2,False,
207,2,20281627,0.3,B124/S0237,0,1,1,0,1,0,0,0,0,1,0,1,1,0,0,0,1,0,0.4429097682119206,0.466875,0.561425,0.0002006361101426872,0.9853652867591701,1.0,0.638125,32.2,False,
207,3,20281628,0.4,B124/S0237,0,1,1,0,1,0,0,0,0,1,0,1,1,0,0,0,1,0,0.4411548013245033,0.445625,0.5622125000000001,0.0032108313001045137,0.9858267415171489,1.0,0.635,25.0,False,
207,4,20281629,0.5,B124/S0237,0,1,1,0,1,0,0,0,0,1,0,1,1,0,0,0,1,0,0.442864238410596,0.425625,0.5635666666666668,-0.0038790737190662577,0.9879795879553204,1.0,0.646875,22.2,False,
208,0,20281725,0.1,B23456/S047,0,0,1,1,1,1,1,0,0,1,0,0,0,1,0,0,1,0,0.5453394039735099,0.56375,0.7538166666666667,0.05351755838271105,0.9842248251517468,1.0,0.7975,24.0,False,
208,1,20281726,0.2,B23456/S047,0,0,1,1,1,1,1,0,0,1,0,0,0,1,0,0,1,0,0.5505380794701987,0.55125,0.7605541666666666,0.018597398919483796,0.9891759698846697,1.0,0.68625,26.8,False,
208,2,20281727,0.3,B23456/S047,0,0,1,1,1,1,1,0,0,1,0,0,0,1,0,0,1,0,0.5532450331125829,0.52875,0.762975,0.010932053851515314,0.9897810644164774,1.0,0.693125,24.0,False,
208,3,20281728,0.4,B23456/S047,0,0,1,1,1,1,1,0,0,1,0,0,0,1,0,0,1,0,0.5535306291390728,0.5475,0.763,0.0021122342279537186,0.9904493453822943,1.0,0.6875,8.8,False,
208,4,20281729,0.5,B23456/S047,0,0,1,1,1,1,1,0,0,1,0,0,0,1,0,0,1,0,0.5536754966887418,0.53,0.7622541666666667,-0.0014645782502617833,0.9904553813052724,1.0,0.6893750000000001,7.0,False,
209,0,20281825,0.1,B1345/S134568,0,1,0,1,1,1,0,0,0,0,1,0,1,1,1,1,0,1,0.6784685430463577,0.683125,0.02325,0.038880598640641306,0.8967703982754371,1.0,1.0,21.2,False,
209,1,20281826,0.2,B1345/S134568,0,1,0,1,1,1,0,0,0,0,1,0,1,1,1,1,0,1,0.6730256622516555,0.68,0.027195833333333332,0.02230655280585537,0.906510594027066,1.0,0.99875,22.2,False,
209,2,20281827,0.3,B1345/S134568,0,1,0,1,1,1,0,0,0,0,1,0,1,1,1,1,0,1,0.675273178807947,0.681875,0.029225,0.01619270651795098,0.9064389548082629,1.0,0.999375,14.2,False,
209,3,20281828,0.4,B1345/S134568,0,1,0,1,1,1,0,0,0,0,1,0,1,1,1,1,0,1,0.6749958609271524,0.676875,0.019704166666666665,0.009841952770999826,0.9080037021622561,1.0,1.0,4.8,False,
209,4,20281829,0.5,B1345/S134568,0,1,0,1,1,1,0,0,0,0,1,0,1,1,1,1,0,1,0.6772723509933776,0.678125,0.0213125,0.00409572150575081,0.90592985178481,1.0,1.0,1.8,False,
210,0,20281925,0.1,B3457/S248,0,0,0,1,1,1,0,1,0,0,0,1,0,1,0,0,0,1,0.32682947019867553,0.469375,0.4275875,0.5496047185430464,0.8040622493894568,1.0,0.973125,27.4,False,
210,1,20281926,0.2,B3457/S248,0,0,0,1,1,1,0,1,0,0,0,1,0,1,0,0,0,1,0.4728559602649007,0.478125,0.6198958333333332,0.08229576943185747,0.9888533753842785,1.0,0.7737499999999999,31.6,False,
210,2,20281927,0.3,B3457/S248,0,0,0,1,1,1,0,1,0,0,0,1,0,1,0,0,0,1,0.48936672185430463,0.489375,0.6418333333333334,0.01889769954688018,0.9982129625700877,1.0,0.604375,17.2,False,
210,3,20281928,0.4,B3457/S248,0,0,0,1,1,1,0,1,0,0,0,1,0,1,0,0,0,1,0.486953642384106,0.506875,0.6376000000000001,-0.00424342105263173,0.9983141058642648,1.0,0.5800000000000001,10.0,False,
210,4,20281929,0.5,B3457/S248,0,0,0,1,1,1,0,1,0,0,0,1,0,1,0,0,0,1,0.4890852649006623,0.47875,0.6411500000000001,0.001520782502613644,0.9984558833928401,1.0,0.576875,6.6,False,
211,0,20282025,0.1,B468/S,0,0,0,0,1,0,1,0,1,0,0,0,0,0,0,0,0,0,0.0006084437086092715,0.0,0.0006166666666666666,-0.0036023004531195685,0.00296809444924874,0.013333333333333334,1.0,20.0,True,2.0
211,1,20282026,0.2,B468/S,0,0,0,0,1,0,1,0,1,0,0,0,0,0,0,0,0,0,0.0016432119205298011,0.0,0.0019125,-0.009708957825026171,0.006499791513831705,0.02,1.0,23.0,True,3.0
211,2,20282027,0.3,B468/S,0,0,0,0,1,0,1,0,1,0,0,0,0,0,0,0,0,0,0.0028890728476821193,0.0,0.0038166666666666666,-0.017024660160334663,0.010206729202023994,0.02,1.0,14.8,True,3.0
211,3,20282028,0.4,B468/S,0,0,0,0,1,0,1,0,1,0,0,0,0,0,0,0,0,0,0.003911423841059603,0.0,0.005150000000000001,-0.02305158591843857,0.01173033937388295,0.02,1.0,5.4,True,3.0
211,4,20282029,0.5,B468/S,0,0,0,0,1,0,1,0,1,0,0,0,0,0,0,0,0,0,0.004867549668874172,0.0,0.0063,-0.02869586528407122,0.01241955191262263,0.02666666666666667,1.0,0.8,True,4.0
212,0,20282125,0.1,B1347/S345678,0,1,0,1,1,0,0,1,0,0,0,0,1,1,1,1,1,1,0.9134147350993376,0.9275,0.009425,0.08194449285465343,0.39064996397146823,1.0,1.0,21.0,False,
212,1,20282126,0.2,B1347/S345678,0,1,0,1,1,0,0,1,0,0,0,0,1,1,1,1,1,1,0.8944908940397351,0.904375,0.0076875,0.057745294527709455,0.4664148238773016,1.0,1.0,22.4,False,
212,2,20282127,0.3,B1347/S345678,0,1,0,1,1,0,0,1,0,0,0,0,1,1,1,1,1,1,0.9163907284768208,0.92625,0.007370833333333334,0.05737964011850769,0.39553157779882137,1.0,1.0,16.6,False,
212,3,20282128,0.4,B1347/S345678,0,1,0,1,1,0,0,1,0,0,0,0,1,1,1,1,1,1,0.9259809602649011,0.933125,0.005158333333333333,0.04168885064482397,0.36794922209720476,1.0,1.0,4.2,False,
212,4,20282129,0.5,B1347/S345678,0,1,0,1,1,0,0,1,0,0,0,0,1,1,1,1,1,1,0.8799006622516561,0.884375,0.0035499999999999998,0.0262366024747294,0.5242466154444274,1.0,1.0,2.2,False,
213,0,20282225,0.1,B0356/S235678,1,0,0,1,0,1,1,0,0,0,0,1,1,0,1,1,1,1,0.9191928807947022,0.9325,0.010908333333333334,0.07746547141861192,0.3723387723565189,1.0,1.0,21.2,False,
213,1,20282226,0.2,B0356/S235678,1,0,0,1,0,1,1,0,0,0,0,1,1,0,1,1,1,1,0.8963162251655625,0.910625,0.012233333333333334,0.08290780759846592,0.45215543053709417,1.0,1.0,22.0,False,
213,2,20282227,0.3,B0356/S235678,1,0,0,1,0,1,1,0,0,0,0,1,1,0,1,1,1,1,0.8935471854304637,0.905,0.010804166666666667,0.06651511850818996,0.46889901431491343,1.0,1.0,15.0,False,
213,3,20282228,0.4,B0356/S235678,1,0,0,1,0,1,1,0,0,0,0,1,1,0,1,1,1,1,0.9075786423841063,0.9175,0.010054166666666666,0.057596287905192556,0.42793571035710687,1.0,1.0,6.4,False,
213,4,20282229,0.5,B0356/S235678,1,0,0,1,0,1,1,0,0,0,0,1,1,0,1,1,1,1,0.9169577814569536,0.925,0.008779166666666668,0.04675082781456806,0.4000843776559838,1.0,1.0,3.2,False,
214,0,20282325,0.1,B1467/S1247,0,1,0,0,1,0,1,1,0,0,1,1,0,1,0,0,1,0,0.4376490066225166,0.443125,0.4414958333333333,0.010187347507842379,0.985608105437902,1.0,0.603125,37.0,False,
214,1,20282326,0.2,B1467/S1247,0,1,0,0,1,0,1,1,0,0,1,1,0,1,0,0,1,0,0.4380380794701987,0.441875,0.43912499999999993,0.005690027012895967,0.9872156108460715,1.0,0.6425000000000001,32.0,False,
214,2,20282327,0.3,B1467/S1247,0,1,0,0,1,0,1,1,0,0,1,1,0,1,0,0,1,0,0.44112996688741724,0.435,0.4424333333333334,0.0012610012199371057,0.989113640453451,1.0,0.653125,24.4,False,
214,3,20282328,0.4,B1467/S1247,0,1,0,0,1,0,1,1,0,0,1,1,0,1,0,0,1,0,0.4399503311258278,0.439375,0.44202916666666664,0.0056988497734400635,0.9890800907101225,1.0,0.6125,18.4,False,
214,4,20282329,0.5,B1467/S1247,0,1,0,0,1,0,1,1,0,0,1,1,0,1,0,0,1,0,0.4415687086092715,0.453125,0.44271666666666665,-0.0058949111188571195,0.9895855176892702,1.0,0.5925,13.6,False,
215,0,20282425,0.1,B578/S2378,0,0,0,0,0,1,0,1,1,0,0,1,1,0,0,0,1,1,0.013820364238410597,0.013125,0.0006166666666666666,-0.00411009933774837,0.10389449154516549,1.0,1.0,26.6,False,
215,1,20282426,0.2,B578/S2378,0,0,0,0,0,1,0,1,1,0,0,1,1,0,0,0,1,1,0.04508278145695362,0.043125,0.0014291666666666665,-0.011480698849773428,0.26286973193934116,1.0,1.0,40.2,False,
215,2,20282427,0.3,B578/S2378,0,0,0,0,0,1,0,1,1,0,0,1,1,0,0,0,1,1,0.06946605960264902,0.06625,0.004658333333333333,-0.01878300365981187,0.3605254830380396,1.0,1.0,35.2,False,
215,3,20282428,0.4,B578/S2378,0,0,0,0,0,1,0,1,1,0,0,1,1,0,0,0,1,1,0.07665562913907285,0.07125,0.0039499999999999995,-0.03149104653189286,0.3830841040886823,1.0,1.0,26.2,False,
215,4,20282429,0.5,B578/S2378,0,0,0,0,0,1,0,1,1,0,0,1,1,0,0,0,1,1,0.048890728476821195,0.041875,0.0056,-0.04084840101080525,0.2677927527680309,1.0,1.0,16.8,False,
216,0,20282525,0.1,B3578/S1235678,0,0,0,1,0,1,0,1,1,0,1,1,1,0,1,1,1,1,0.8786548013245037,0.9925,0.015966666666666667,0.5774712443360053,0.20940091284952791,1.0,1.0,21.6,False,
216,1,20282526,0.2,B3578/S1235678,0,0,0,1,0,1,0,1,1,0,1,1,1,0,1,1,1,1,0.9554842715231784,0.98875,0.015016666666666666,0.1871235622167997,0.1499883758842,1.0,1.0,25.2,False,
216,2,20282527,0.3,B3578/S1235678,0,0,0,1,0,1,0,1,1,0,1,1,1,0,1,1,1,1,0.970881622516556,0.98875,0.011979166666666667,0.10252243813175232,0.12890823339279414,1.0,1.0,15.0,False,
216,3,20282528,0.4,B3578/S1235678,0,0,0,1,0,1,0,1,1,0,1,1,1,0,1,1,1,1,0.962562086092715,0.97625,0.010379166666666667,0.0788395346810734,0.19353728143611287,1.0,1.0,6.4,False,
216,4,20282529,0.5,B3578/S1235678,0,0,0,1,0,1,0,1,1,0,1,1,1,0,1,1,1,1,0.9544619205298015,0.965,0.009204166666666668,0.06085090623910708,0.24425053257410784,1.0,1.0,3.0,False,
217,0,20282625,0.1,B3/S1245,0,0,0,1,0,0,0,0,0,0,1,1,0,1,1,0,0,0,0.330455298013245,0.426875,0.2272333333333333,0.3650361624259325,0.8626771344549519,1.0,0.96875,34.8,False,
217,1,20282626,0.2,B3/S1245,0,0,0,1,0,0,0,0,0,0,1,1,0,1,1,0,0,0,0.4116556291390729,0.4125,0.28622083333333326,0.051346178982223656,0.9739205647057699,1.0,0.81,31.2,False,
217,2,20282627,0.3,B3/S1245,0,0,0,1,0,0,0,0,0,0,1,1,0,1,1,0,0,0,0.4217632450331126,0.415,0.2931791666666666,0.0048459829208781224,0.9814549351091478,1.0,0.74875,26.6,False,
217,3,20282628,0.4,B3/S1245,0,0,0,1,0,0,0,0,0,0,1,1,0,1,1,0,0,0,0.42321192052980133,0.41625,0.2925916666666667,0.00245893604043156,0.9824965486428607,1.0,0.735,18.8,False,
217,4,20282629,0.5,B3/S1245,0,0,0,1,0,0,0,0,0,0,1,1,0,1,1,0,0,0,0.42497102649006624,0.431875,0.29305,-0.0018638898570932266,0.9831520045345744,1.0,0.736875,13.6,False,
218,0,20282725,0.1,B148/S0134,0,1,0,0,1,0,0,0,1,1,1,0,1,1,0,0,0,0,0.4307077814569537,0.413125,0.36190833333333333,0.019252243813174936,0.9826475998030876,1.0,0.6643749999999999,34.6,False,
218,1,20282726,0.2,B148/S0134,0,1,0,0,1,0,0,0,1,1,1,0,1,1,0,0,0,0,0.43202400662251655,0.438125,0.3600250000000001,0.008645978563959551,0.9848805357268504,1.0,0.67625,38.6,False,
218,2,20282727,0.3,B148/S0134,0,1,0,0,1,0,0,0,1,1,1,0,1,1,0,0,0,0,0.4321316225165563,0.4525,0.3601375,0.006220372952247634,0.9858619477891161,1.0,0.7012499999999999,23.2,False,
218,3,20282728,0.4,B148/S0134,0,1,0,0,1,0,0,0,1,1,1,0,1,1,0,0,0,0,0.434296357615894,0.410625,0.3598166666666666,-0.005321758452422632,0.9869210845831279,1.0,0.693125,17.0,False,
218,4,20282729,0.5,B148/S0134,0,1,0,0,1,0,0,0,1,1,1,0,1,1,0,0,0,0,0.43331539735099334,0.416875,0.3604833333333333,-0.0005457040780761384,0.9864955224547202,1.0,0.67625,18.6,False,
219,0,20282825,0.1,B0248/S12,1,0,1,0,1,0,0,0,1,0,1,1,0,0,0,0,0,0,0.4170819536423841,0.11125,0.7620458333333333,0.051306313175322076,0.7875440078928656,1.0,0.905,31.0,False,
219,1,20282826,0.2,B0248/S12,1,0,1,0,1,0,0,0,1,0,1,1,0,0,0,0,0,0,0.4404677152317881,0.004375,0.8412750000000002,0.09004574764726353,0.5239756970146143,1.0,1.0,25.6,False,
219,2,20282827,0.3,B0248/S12,1,0,1,0,1,0,0,0,1,0,1,1,0,0,0,0,0,0,0.410885761589404,0.104375,0.7415625,0.05066944057162742,0.7990488538895938,1.0,0.9025,28.8,False,
219,3,20282828,0.4,B0248/S12,1,0,1,0,1,0,0,0,1,0,1,1,0,0,0,0,0,0,0.3975455298013245,0.360625,0.6886291666666667,0.03803001917044234,0.9643292890717865,1.0,0.8075,15.2,False,
219,4,20282829,0.5,B0248/S12,1,0,1,0,1,0,0,0,1,0,1,1,0,0,0,0,0,0,0.4025082781456954,0.575625,0.6995541666666667,0.027449895433948705,0.8970034878309543,1.0,0.8025,11.6,False,
220,0,20282925,0.1,B01268/S348,1,1,1,0,0,0,1,0,1,0,0,0,1,1,0,0,0,1,0.4211796357615894,0.44375,0.5221166666666667,-0.001614238410596197,0.9732745615468152,1.0,0.6168750000000001,50.6,False,
220,1,20282926,0.2,B01268/S348,1,1,1,0,0,0,1,0,1,0,0,0,1,1,0,0,0,1,0.4190480132450331,0.43375,0.5129374999999999,0.004472159288950598,0.9763710997356388,1.0,0.666875,54.0,False,
220,2,20282927,0.3,B01268/S348,1,1,1,0,0,0,1,0,1,0,0,0,1,1,0,0,0,1,0.41848923841059604,0.43,0.5151125,0.0037758147438130486,0.9789935242850033,1.0,0.61625,40.0,False,
220,3,20282928,0.4,B01268/S348,1,1,1,0,0,0,1,0,1,0,0,0,1,1,0,0,0,1,0.418228476821192,0.394375,0.5107125,0.0035630881840359213,0.9792372717055814,1.0,0.6056250000000001,36.8,False,
220,4,20282929,0.5,B01268/S348,1,1,1,0,0,0,1,0,1,0,0,0,1,1,0,0,0,1,0.41899006622516555,0.42375,0.5139833333333333,-0.0028229566050894292,0.9793239195053502,1.0,0.61625,28.0,False,
221,0,20283025,0.1,B012468/S12478,1,1,1,0,1,0,1,0,1,0,1,1,0,1,0,0,1,1,0.508203642384106,0.50125,0.5417458333333334,-0.03955962443360083,0.9868635551033257,1.0,0.83875,29.8,False,
221,1,20283026,0.2,B012468/S12478,1,1,1,0,1,0,1,0,1,0,1,1,0,1,0,0,1,1,0.5026614238410596,0.53375,0.5456666666666669,-0.010913101254792772,0.9940156391566504,1.0,0.674375,29.0,False,
221,2,20283027,0.3,B012468/S12478,1,1,1,0,1,0,1,0,1,0,1,1,0,1,0,0,1,1,0.5010306291390729,0.504375,0.544575,-0.002942227256884441,0.9977953753948611,1.0,0.565625,25.2,False,
221,3,20283028,0.4,B012468/S12478,1,1,1,0,1,0,1,0,1,0,1,1,0,1,0,0,1,1,0.5005504966887417,0.51125,0.5455125,0.003382058208434671,0.9990407892052655,1.0,0.56125,11.6,False,
221,4,20283029,0.5,B012468/S12478,1,1,1,0,1,0,1,0,1,0,1,1,0,1,0,0,1,1,0.5020985099337748,0.49125,0.5463291666666666,0.0004901533635407965,0.9993253161825459,1.0,0.55,8.0,False,
222,0,20283125,0.1,B4578/S267,0,0,0,0,1,1,0,1,1,0,0,1,0,0,0,1,1,0,0.00447433774834437,0.00375,0.000675,-0.0042777317880794904,0.03919511139574483,1.0,1.0,19.8,False,
222,1,20283126,0.2,B4578/S267,0,0,0,0,1,1,0,1,1,0,0,1,0,0,0,1,1,0,0.0116432119205298,0.009375,0.0021583333333333337,-0.013276294004879794,0.08598705655696397,1.0,1.0,26.4,False,
222,2,20283127,0.3,B4578/S267,0,0,0,0,1,1,0,1,1,0,0,1,0,0,0,1,1,0,0.02124586092715232,0.01625,0.0069999999999999975,-0.029107267340536976,0.1361767105025187,1.0,1.0,22.6,False,
222,3,20283128,0.4,B4578/S267,0,0,0,0,1,1,0,1,1,0,0,1,0,0,0,1,1,0,0.02381208609271523,0.015,0.0107125,-0.05106744510282343,0.13710948098743353,1.0,1.0,12.8,False,
222,4,20283129,0.5,B4578/S267,0,0,0,0,1,1,0,1,1,0,0,1,0,0,0,1,1,0,0.021601821192052985,0.009375,0.014841666666666668,-0.07042784942488682,0.10999116371637806,1.0,1.0,5.2,False,
223,0,20283225,0.1,B0345/S03678,1,0,0,1,1,1,0,0,0,1,0,0,1,0,0,1,1,1,0.51908940397351,0.528125,0.6261291666666667,0.01928132624607849,0.9941757295110719,1.0,0.5725,24.8,False,
223,1,20283226,0.2,B0345/S03678,1,0,0,1,1,1,0,0,0,1,0,0,1,0,0,1,1,1,0.5172019867549669,0.519375,0.6308625000000001,0.02200984663645818,0.9959910276404692,1.0,0.571875,25.6,False,
223,2,20283227,0.3,B0345/S03678,1,0,0,1,1,1,0,0,0,1,0,0,1,0,0,1,1,1,0.5187086092715233,0.506875,0.632075,0.0144781500522825,0.997301520345018,1.0,0.5800000000000001,21.6,False,
223,3,20283228,0.4,B0345/S03678,1,0,0,1,1,1,0,0,0,1,0,0,1,0,0,1,1,1,0.5217632450331127,0.535625,0.6313666666666666,0.0028213227605431014,0.9977848851625294,1.0,0.575625,10.2,False,
223,4,20283229,0.5,B0345/S03678,1,0,0,1,1,1,0,0,0,1,0,0,1,0,0,1,1,1,0.5201738410596025,0.53,0.6326916666666667,-0.0015894039735102354,0.9982394202131213,1.0,0.5743750000000001,6.8,False,
224,0,20283325,0.1,B12478/S01368,0,1,1,0,1,0,0,1,1,1,1,0,1,0,0,1,0,1,0.45968129139072855,0.45875,0.5528875,0.013343935169047964,0.9912545706218768,1.0,0.573125,32.2,False,
224,1,20283326,0.2,B12478/S01368,0,1,1,0,1,0,0,1,1,1,1,0,1,0,0,1,0,1,0.4597061258278146,0.479375,0.5545041666666667,-0.001896566747996288,0.991603144511139,1.0,0.56875,33.4,False,
224,2,20283327,0.3,B12478/S01368,0,1,1,0,1,0,0,1,1,1,1,0,1,0,0,1,0,1,0.45982615894039736,0.423125,0.5516041666666667,0.00043492941791487027,0.9932281120521346,1.0,0.5725,29.8,False,
224,3,20283328,0.4,B12478/S01368,0,1,1,0,1,0,0,1,1,1,1,0,1,0,0,1,0,1,0.4609230132450331,0.475,0.5523125,0.0030494074590447003,0.9948849239117503,1.0,0.568125,12.0,False,
224,4,20283329,0.5,B12478/S01368,0,1,1,0,1,0,0,1,1,1,1,0,1,0,0,1,0,1,0.4602938741721853,0.470625,0.5529708333333334,-0.0018083391425589472,0.9946372512496723,1.0,0.565625,15.4,False,
225,0,20283425,0.1,B01578/S013468,1,1,0,0,0,1,0,1,1,1,1,0,1,1,0,1,0,1,0.4152773178807947,0.41,0.28545833333333337,-0.026828380968979017,0.9723033163320107,1.0,0.753125,56.4,False,
225,1,20283426,0.2,B01578/S013468,1,1,0,0,0,1,0,1,1,1,1,0,1,1,0,1,0,1,0.41385761589403974,0.4225,0.2835583333333333,-0.0034206169397000886,0.9760839755217211,1.0,0.75625,52.4,False,
225,2,20283427,0.3,B01578/S013468,1,1,0,0,0,1,0,1,1,1,1,0,1,1,0,1,0,1,0.41225993377483444,0.411875,0.2851375,-0.0028464839665392288,0.9769162210177693,1.0,0.74375,41.2,False,
225,3,20283428,0.4,B01578/S013468,1,1,0,0,0,1,0,1,1,1,1,0,1,1,0,1,0,1,0.41266970198675496,0.40375,0.2801791666666667,-0.012901490066225596,0.9773164790758965,1.0,0.75375,33.0,False,
225,4,20283429,0.5,B01578/S013468,1,1,0,0,0,1,0,1,1,1,1,0,1,1,0,1,0,1,0.41257450331125833,0.41875,0.28095000000000003,-0.01815168612757115,0.977065436770364,1.0,0.755625,29.6,False,
226,0,20283525,0.1,B12358/S13567,0,1,1,1,0,1,0,0,1,0,1,0,1,0,1,1,1,0,0.6518791390728477,0.64875,0.2985416666666666,0.023154191355872347,0.9252805689829375,1.0,0.75875,25.2,False,
226,1,20283526,0.2,B12358/S13567,0,1,1,1,0,1,0,0,1,0,1,0,1,0,1,1,1,0,0.6506249999999999,0.625,0.30466666666666664,0.019213358313000604,0.9286513679222083,1.0,0.7481249999999999,24.2,False,
226,2,20283527,0.3,B12358/S13567,0,1,1,1,0,1,0,0,1,0,1,0,1,0,1,1,1,0,0.6519908940397351,0.663125,0.3025541666666666,0.01789321192052877,0.9289545165384644,1.0,0.7381249999999999,19.4,False,
226,3,20283528,0.4,B12358/S13567,0,1,1,1,0,1,0,0,1,0,1,0,1,0,1,1,1,0,0.6521274834437086,0.666875,0.30335416666666665,0.014929744684558441,0.9302750123535521,1.0,0.745625,7.2,False,
226,4,20283529,0.5,B12358/S13567,0,1,1,1,0,1,0,0,1,0,1,0,1,0,1,1,1,0,0.6568294701986755,0.67,0.29434166666666667,0.007780367723944902,0.9266728349678669,1.0,0.7575000000000001,3.2,False,
227,0,20283625,0.1,B0134678/S123568,1,1,0,1,1,0,1,1,1,0,1,1,1,0,1,1,0,1,0.6813948675496688,0.67,0.4572625,0.01675442227256798,0.8942137405867489,1.0,0.649375,19.4,False,
227,1,20283626,0.2,B0134678/S123568,1,1,0,1,1,0,1,1,1,0,1,1,1,0,1,1,0,1,0.6788576158940398,0.705,0.45882083333333334,0.022018996165910378,0.9003576536464685,1.0,0.6056250000000001,25.8,False,
227,2,20283627,0.3,B0134678/S123568,1,1,0,1,1,0,1,1,1,0,1,1,1,0,1,1,0,1,0.6806870860927152,0.6675,0.4556083333333332,0.011234641861274923,0.9004041285553237,1.0,0.606875,13.6,False,
227,3,20283628,0.4,B0134678/S123568,1,1,0,1,1,0,1,1,1,0,1,1,1,0,1,1,0,1,0.6811423841059603,0.68625,0.4555791666666666,0.01928165301498784,0.9009682774553195,1.0,0.6074999999999999,6.8,False,
227,4,20283629,0.5,B0134678/S123568,1,1,0,1,1,0,1,1,1,0,1,1,1,0,1,1,0,1,0.6814652317880795,0.696875,0.45598749999999993,0.014542523527361125,0.9014914419513378,1.0,0.6225,1.6,False,
228,0,20283725,0.1,B01378/S013458,1,1,0,1,0,0,0,1,1,1,1,0,1,1,1,0,0,1,0.5277566225165563,0.5225,0.2068875,-0.010829121645172583,0.9901000603788527,1.0,0.849375,20.4,False,
228,1,20283726,0.2,B01378/S013458,1,1,0,1,0,0,0,1,1,1,1,0,1,1,1,0,0,1,0.5262086092715231,0.51875,0.1975,0.015268604043220245,0.9951904309499661,1.0,0.845,23.0,False,
228,2,20283727,0.3,B01378/S013458,1,1,0,1,0,0,0,1,1,1,1,0,1,1,1,0,0,1,0.5268418874172185,0.53,0.19935416666666667,0.005327967061693467,0.996474388772451,1.0,0.838125,19.4,False,
228,3,20283728,0.4,B01378/S013458,1,1,0,1,0,0,0,1,1,1,1,0,1,1,1,0,0,1,0.5258774834437085,0.5275,0.20019583333333335,0.007938523875914559,0.9974772321757089,1.0,0.846875,8.4,False,
228,4,20283729,0.5,B01378/S013458,1,1,0,1,0,0,0,1,1,1,1,0,1,1,1,0,0,1,0.5270157284768212,0.5375,0.19905,0.0010672272568832714,0.997541932057024,1.0,0.8518749999999999,4.0,False,
229,0,20283825,0.1,B08/S467,1,0,0,0,0,0,0,0,1,0,0,0,0,1,0,1,1,0,0.28282698675496687,0.2625,0.4059041666666667,-0.0014276533635414126,0.8520673389419166,1.0,0.815625,69.0,False,
229,1,20283826,0.2,B08/S467,1,0,0,0,0,0,0,0,1,0,0,0,0,1,0,1,1,0,0.28122102649006625,0.32625,0.40720833333333334,-0.002869684559080206,0.8520299993363616,1.0,0.76625,67.6,False,
229,2,20283827,0.3,B08/S467,1,0,0,0,0,0,0,0,1,0,0,0,0,1,0,1,1,0,0.2821978476821192,0.253125,0.40542083333333334,-0.011798318229348325,0.8494564811369523,1.0,0.808125,63.4,False,
229,3,20283828,0.4,B08/S467,1,0,0,0,0,0,0,0,1,0,0,0,0,1,0,1,1,0,0.2811672185430463,0.291875,0.40032083333333335,-0.007923492506100065,0.8518999167521302,1.0,0.7875,46.6,False,
229,4,20283829,0.5,B08/S467,1,0,0,0,0,0,0,0,1,0,0,0,0,1,0,1,1,0,0.2824544701986754,0.3225,0.4032541666666667,-0.012411990240502132,0.8522061915532013,1.0,0.7418750000000001,52.8,False,
230,0,20283925,0.1,B123467/S0245678,0,1,1,1,1,0,1,1,0,1,0,1,0,1,1,1,1,1,0.9421440397350994,0.951875,0.007304166666666665,0.05717540955036474,0.288197089286084,1.0,1.0,19.4,False,
230,1,20283926,0.2,B123467/S0245678,0,1,1,1,1,0,1,1,0,1,0,1,0,1,1,1,1,1,0.9442756622516559,0.950625,0.006416666666666667,0.03746405542000593,0.29082057871869804,1.0,1.0,25.0,False,
230,2,20283927,0.3,B123467/S0245678,0,1,1,1,1,0,1,1,0,1,0,1,0,1,1,1,1,1,0.9555463576158942,0.96125,0.0063,0.03363693795747613,0.2453861162548006,1.0,1.0,13.4,False,
230,3,20283928,0.4,B123467/S0245678,0,1,1,1,1,0,1,1,0,1,0,1,0,1,1,1,1,1,0.9534644039735098,0.95875,0.005941666666666665,0.031140096723596238,0.25766152550024135,1.0,1.0,5.8,False,
230,4,20283929,0.5,B123467/S0245678,0,1,1,1,1,0,1,1,0,1,0,1,0,1,1,1,1,1,0.9588534768211922,0.96375,0.005120833333333333,0.028808600557684017,0.23553436635309583,1.0,1.0,2.4,False,
231,0,20284025,0.1,B012467/S025678,1,1,1,0,1,0,1,1,0,1,0,1,0,0,1,1,1,1,0.9864403973509936,0.993125,0.006787499999999999,0.03948904234925018,0.0656435704938511,1.0,1.0,20.4,False,
231,1,20284026,0.2,B012467/S025678,1,1,1,0,1,0,1,1,0,1,0,1,0,0,1,1,1,1,0.9720571192052982,0.980625,0.008741666666666667,0.05010020913210036,0.1544043266034196,1.0,1.0,21.2,False,
231,2,20284027,0.3,B012467/S025678,1,1,1,0,1,0,1,1,0,1,0,1,0,0,1,1,1,1,0.9676407284768215,0.9825,0.014929166666666665,0.08533275967235987,0.16248799565428676,1.0,1.0,15.2,False,
231,3,20284028,0.4,B012467/S025678,1,1,1,0,1,0,1,1,0,1,0,1,0,0,1,1,1,1,0.9534644039735098,0.9725,0.020262500000000003,0.10796379400487902,0.225502172485447,1.0,1.0,6.6,False,
231,4,20284029,0.5,B012467/S025678,1,1,1,0,1,0,1,1,0,1,0,1,0,0,1,1,1,1,0.9635099337748345,0.98125,0.019158333333333336,0.100681422098292,0.17909270625418164,1.0,1.0,1.6,False,
232,0,20284125,0.1,B1578/S234567,0,1,0,0,0,1,0,1,1,0,0,1,1,1,1,1,1,0,0.6782988410596026,0.680625,0.09532083333333334,0.04145030934123351,0.8955984298510419,1.0,0.9875,22.0,False,
232,1,20284126,0.2,B1578/S234567,0,1,0,0,0,1,0,1,1,0,0,1,1,1,1,1,1,0,0.6846192052980135,0.695625,0.09701666666666667,0.045041826420354966,0.8912527059123991,1.0,0.986875,23.4,False,
232,2,20284127,0.3,B1578/S234567,0,1,0,0,0,1,0,1,1,0,0,1,1,1,1,1,1,0,0.6813700331125826,0.685625,0.09032916666666667,0.037450331125827414,0.8968794726267683,1.0,0.994375,16.2,False,
232,3,20284128,0.4,B1578/S234567,0,1,0,0,0,1,0,1,1,0,0,1,1,1,1,1,1,0,0.6923096026490067,0.69875,0.08999999999999998,0.02052664255838183,0.8871759890474514,1.0,0.996875,7.6,False,
232,4,20284129,0.5,B1578/S234567,0,1,0,0,0,1,0,1,1,0,0,1,1,1,1,1,1,0,0.6873634105960266,0.690625,0.09323333333333333,0.008807075636109761,0.8952641752770933,1.0,0.99,1.2,False,
233,0,20284225,0.1,B012345678/S0345678,1,1,1,1,1,1,1,1,1,1,0,0,1,1,1,1,1,1,0.9936754966887418,1.0,0.0067041666666666664,0.037421248692923924,0.004927269729194614,1.0,1.0,20.2,False,
233,1,20284226,0.2,B012345678/S0345678,1,1,1,1,1,1,1,1,1,1,0,0,1,1,1,1,1,1,0.9938493377483443,1.0,0.007070833333333333,0.03634944667131408,0.0085476310329581,1.0,1.0,24.6,False,
233,2,20284227,0.3,B012345678/S0345678,1,1,1,1,1,1,1,1,1,1,0,0,1,1,1,1,1,1,0.9945115894039734,1.0,0.006445833333333333,0.032424952073892434,0.009746741052231438,1.0,1.0,14.8,False,
233,3,20284228,0.4,B012345678/S0345678,1,1,1,1,1,1,1,1,1,1,0,0,1,1,1,1,1,1,0.9952938741721855,1.0,0.005512499999999999,0.027804439700244144,0.009884971674804215,1.0,1.0,4.4,False,
233,4,20284229,0.5,B012345678/S0345678,1,1,1,1,1,1,1,1,1,1,0,0,1,1,1,1,1,1,0.9961920529801326,1.0,0.004341666666666666,0.02250718891599768,0.009197493277922839,1.0,1.0,1.4,False,
234,0,20284325,0.1,B257/S0124678,0,0,1,0,0,1,0,1,0,1,1,1,0,1,0,1,1,1,0.4471440397350993,0.455625,0.3768416666666667,0.037499673231090734,0.986674516331587,1.0,0.873125,32.4,False,
234,1,20284326,0.2,B257/S0124678,0,0,1,0,0,1,0,1,0,1,1,1,0,1,0,1,1,1,0.44810016556291404,0.42625,0.3784875,0.01375958522133094,0.9901109588013739,1.0,0.7462500000000001,33.6,False,
234,2,20284327,0.3,B257/S0124678,0,0,1,0,0,1,0,1,0,1,1,1,0,1,0,1,1,1,0.44923841059602654,0.4575,0.376875,0.008091451725339443,0.9917306744252428,1.0,0.66875,26.6,False,
234,3,20284328,0.4,B257/S0124678,0,0,1,0,0,1,0,1,0,1,1,1,0,1,0,1,1,1,0.4517466887417218,0.475625,0.37885416666666666,0.00019834872777940292,0.9926018653196289,1.0,0.655625,16.6,False,
234,4,20284329,0.5,B257/S0124678,0,0,1,0,0,1,0,1,0,1,1,1,0,1,0,1,1,1,0.45219370860927155,0.465625,0.3779375,-0.004724424886720514,0.992767046185065,1.0,0.659375,11.6,False,
235,0,20284425,0.1,B124578/S35678,0,1,1,0,1,1,0,1,1,0,0,0,1,0,1,1,1,1,0.9722226821192048,0.986875,0.013291666666666667,0.08515336354130264,0.12648578117476475,1.0,1.0,21.2,False,
235,1,20284426,0.2,B124578/S35678,0,1,1,0,1,1,0,1,1,0,0,0,1,0,1,1,1,1,0.9764652317880792,0.98875,0.012187499999999999,0.07147612408504607,0.11410922053830948,1.0,1.0,25.8,False,
235,2,20284427,0.3,B124578/S35678,0,1,1,0,1,1,0,1,1,0,0,0,1,0,1,1,1,1,0.9765811258278142,0.98875,0.012454166666666667,0.07065626089229622,0.11623551879944409,1.0,1.0,20.4,False,
235,3,20284428,0.4,B124578/S35678,0,1,1,0,1,1,0,1,1,0,0,0,1,0,1,1,1,1,0.9734892384105961,0.985,0.012295833333333332,0.06676378964796018,0.1395042714128377,1.0,1.0,5.6,False,
235,4,20284429,0.5,B124578/S35678,0,1,1,0,1,1,0,1,1,0,0,0,1,0,1,1,1,1,0.9832905629139074,0.994375,0.011629166666666666,0.06408755228302504,0.0809773061733233,1.0,1.0,1.8,False,
236,0,20284525,0.1,B01238/S1267,1,1,1,1,0,0,0,0,1,0,1,1,0,0,0,1,1,0,0.49795115894039743,0.51625,0.6098291666666668,-0.0030791434297672707,0.9891775257507737,1.0,0.655625,35.0,False,
236,1,20284526,0.2,B01238/S1267,1,1,1,1,0,0,0,0,1,0,1,1,0,0,0,1,1,0,0.4975993377483444,0.494375,0.6053416666666668,-0.0025324590449639483,0.9923399749107156,1.0,0.58125,35.4,False,
236,2,20284527,0.3,B01238/S1267,1,1,1,1,0,0,0,0,1,0,1,1,0,0,0,1,1,0,0.4979801324503312,0.539375,0.6027166666666667,-0.0004979958173584587,0.9950953675042158,1.0,0.5725,26.8,False,
236,3,20284528,0.4,B01238/S1267,1,1,1,1,0,0,0,0,1,0,1,1,0,0,0,1,1,0,0.4973385761589404,0.47875,0.6027374999999999,0.0009672359707211559,0.99666138768478,1.0,0.5762499999999999,20.2,False,
236,4,20284529,0.5,B01238/S1267,1,1,1,1,0,0,0,0,1,0,1,1,0,0,0,1,1,0,0.49723096026490066,0.490625,0.6038625,-0.00010162513070775602,0.9960535527596825,1.0,0.5825,10.0,False,
237,0,20284625,0.1,B012378/S0456,1,1,1,1,0,0,0,1,1,1,0,0,0,1,1,1,0,0,0.5534768211920529,0.588125,0.3831166666666666,0.01838859358661559,0.9723652989117471,1.0,0.873125,23.4,False,
237,1,20284626,0.2,B012378/S0456,1,1,1,1,0,0,0,1,1,1,0,0,0,1,1,1,0,0,0.5564610927152318,0.59375,0.36055833333333337,0.011553241547576521,0.9855084057653352,1.0,0.708125,25.4,False,
237,2,20284627,0.3,B012378/S0456,1,1,1,1,0,0,0,1,1,1,0,0,0,1,1,1,0,0,0.554076986754967,0.546875,0.36162500000000003,0.01374978215405972,0.989151419854603,1.0,0.705625,16.6,False,
237,3,20284628,0.4,B012378/S0456,1,1,1,1,0,0,0,1,1,1,0,0,0,1,1,1,0,0,0.553787251655629,0.545625,0.3626333333333334,0.007354914604391335,0.9902171287507382,1.0,0.684375,7.8,False,
237,4,20284629,0.5,B012378/S0456,1,1,1,1,0,0,0,1,1,1,0,0,0,1,1,1,0,0,0.5543294701986754,0.55,0.36040833333333333,0.0037320277100032937,0.9906501286537087,1.0,0.6925,3.4,False,
238,0,20284725,0.1,B1/S12345678,0,1,0,0,0,0,0,0,0,0,1,1,1,1,1,1,1,1,0.4801117549668876,0.483125,0.002916666666666667,0.01776838619728107,0.9959224905175293,1.0,1.0,21.6,False,
238,1,20284726,0.2,B1/S12345678,0,1,0,0,0,0,0,0,0,0,1,1,1,1,1,1,1,1,0.46536837748344384,0.4675,0.0022625,0.012587791913558482,0.994938339066551,1.0,1.0,26.0,False,
238,2,20284727,0.3,B1/S12345678,0,1,0,0,0,0,0,0,0,0,1,1,1,1,1,1,1,1,0.42490894039735094,0.425625,0.0007416666666666666,0.004232964447542306,0.9834818805143521,1.0,1.0,19.2,False,
238,3,20284728,0.4,B1/S12345678,0,1,0,0,0,0,0,0,0,0,1,1,1,1,1,1,1,1,0.46461506622516563,0.465,0.0004125,0.002275291913558485,0.9963340127396797,1.0,1.0,12.6,False,
238,4,20284729,0.5,B1/S12345678,0,1,0,0,0,0,0,0,0,0,1,1,1,1,1,1,1,1,0.5179718543046355,0.518125,0.001425,0.0009028624956425924,0.9990617297095,1.0,1.0,4.8,False,
239,0,20284825,0.1,B12567/S013568,0,1,1,0,0,1,1,1,0,1,1,0,1,0,1,1,0,1,0.6309602649006623,0.621875,0.4613125,0.02660291042174912,0.9429551463621554,1.0,0.60875,21.8,False,
239,1,20284826,0.2,B12567/S013568,0,1,1,0,0,1,1,1,0,1,1,0,1,0,1,1,0,1,0.6379511589403973,0.639375,0.4619999999999999,0.02296924015336355,0.9397093536327463,1.0,0.619375,24.0,False,
239,2,20284827,0.3,B12567/S013568,0,1,1,0,0,1,1,1,0,1,1,0,1,0,1,1,0,1,0.6347723509933775,0.64875,0.4636250000000001,0.030165018299058356,0.9436330168556322,1.0,0.594375,17.4,False,
239,3,20284828,0.4,B12567/S013568,0,1,1,0,0,1,1,1,0,1,1,0,1,0,1,1,0,1,0.6326655629139073,0.645625,0.4624458333333334,0.012490741547577356,0.946291424461776,1.0,0.599375,6.8,False,
239,4,20284829,0.5,B12567/S013568,0,1,1,0,0,1,1,1,0,1,1,0,1,0,1,1,0,1,0.6342342715231788,0.62875,0.4611833333333334,0.02822041652143541,0.9458217546126185,1.0,0.59625,2.0,False,
240,0,20284925,0.1,B0235678/S01356,1,0,1,1,0,1,1,1,1,1,1,0,1,0,1,1,0,0,0.6503973509933776,0.653125,0.5465291666666667,0.026108182293481687,0.9268202900838831,1.0,0.5900000000000001,23.8,False,
240,1,20284926,0.2,B0235678/S01356,1,0,1,1,0,1,1,1,1,1,1,0,1,0,1,1,0,0,0.6521937086092714,0.674375,0.547175,0.01879280672708233,0.926576720450342,1.0,0.5974999999999999,25.4,False,
240,2,20284927,0.3,B0235678/S01356,1,0,1,1,0,1,1,1,1,1,1,0,1,0,1,1,0,0,0.6529014900662252,0.665,0.5473125,0.011175169919832532,0.9284030655271333,1.0,0.59375,13.8,False,
240,3,20284928,0.4,B0235678/S01356,1,0,1,1,0,1,1,1,1,1,1,0,1,0,1,1,0,0,0.6537665562913907,0.688125,0.5466375,0.010687957476472288,0.9285442733412468,1.0,0.589375,5.0,False,
240,4,20284929,0.5,B0235678/S01356,1,0,1,1,0,1,1,1,1,1,1,0,1,0,1,1,0,0,0.6540066225165564,0.66125,0.5471125000000001,0.010160552457301424,0.9290724453980066,1.0,0.6,3.0,False,
241,0,20285025,0.1,B0134567/S024578,1,1,0,1,1,1,1,1,0,1,0,1,0,1,1,0,1,1,0.7312334437086092,0.721875,0.48096666666666665,0.01506077901707879,0.8298527751032397,1.0,0.711875,20.8,False,
241,1,20285026,0.2,B0134567/S024578,1,1,0,1,1,1,1,1,0,1,0,1,0,1,1,0,1,1,0.7294826158940397,0.7175,0.48299583333333335,0.01936073109097167,0.8355595552573266,1.0,0.666875,26.4,False,
241,2,20285027,0.3,B0134567/S024578,1,1,0,1,1,1,1,1,0,1,0,1,0,1,1,0,1,1,0.7286341059602649,0.720625,0.4862666666666666,0.019041804635760905,0.8390242603049027,1.0,0.66875,14.6,False,
241,3,20285028,0.4,B0134567/S024578,1,1,0,1,1,1,1,1,0,1,0,1,0,1,1,0,1,1,0.731117549668874,0.713125,0.48199166666666676,0.009977888637155095,0.8365144174721858,1.0,0.6699999999999999,9.4,False,
241,4,20285029,0.5,B0134567/S024578,1,1,0,1,1,1,1,1,0,1,0,1,0,1,1,0,1,1,0.7314900662251657,0.7225,0.48308333333333336,0.013230873126524476,0.8374703425461538,1.0,0.67125,3.0,False,
242,0,20285125,0.1,B03467/S2,1,0,0,1,1,0,1,1,0,0,0,1,0,0,0,0,0,0,0.39967715231788076,0.401875,0.6517166666666666,0.01512743987452045,0.9676277424603267,1.0,0.683125,42.6,False,
242,1,20285126,0.2,B03467/S2,1,0,0,1,1,0,1,1,0,0,0,1,0,0,0,0,0,0,0.40072433774834443,0.404375,0.6511375,0.007059188741721704,0.9696219947473045,1.0,0.6012500000000001,39.8,False,
242,2,20285127,0.3,B03467/S2,1,0,0,1,1,0,1,1,0,0,0,1,0,0,0,0,0,0,0.4012375827814569,0.3875,0.6524333333333334,0.0048940179505052184,0.9707108325465204,1.0,0.59375,38.2,False,
242,3,20285128,0.4,B03467/S2,1,0,0,1,1,0,1,1,0,0,0,1,0,0,0,0,0,0,0.40206539735099334,0.391875,0.6534291666666667,0.00011273527361438696,0.9714337897874246,1.0,0.59625,25.2,False,
242,4,20285129,0.5,B03467/S2,1,0,0,1,1,0,1,1,0,0,0,1,0,0,0,0,0,0,0.4037996688741722,0.441875,0.6559791666666667,-0.00168743464621867,0.9723228711464006,1.0,0.5875,18.8,False,
243,0,20285225,0.1,B3567/S0348,0,0,0,1,0,1,1,1,0,1,0,0,1,1,0,0,0,1,0.040173841059602644,0.03875,0.012974999999999999,-0.008202226385500213,0.24230352205401884,1.0,1.0,64.8,False,
243,1,20285226,0.2,B3567/S0348,0,0,0,1,0,1,1,1,0,1,0,0,1,1,0,0,0,1,0.0841225165562914,0.03125,0.06842916666666668,-0.16502418089926824,0.392938509625924,1.0,0.99875,54.0,False,
243,2,20285227,0.3,B3567/S0348,0,0,0,1,0,1,1,1,0,1,0,0,1,1,0,0,0,1,0.43223096026490065,0.429375,0.47027499999999994,0.04106570233530796,0.98515653057391,1.0,0.5900000000000001,25.2,False,
243,3,20285228,0.4,B3567/S0348,0,0,0,1,0,1,1,1,0,1,0,0,1,1,0,0,0,1,0.44680049668874183,0.45,0.4868125,-0.010355306727083005,0.9903991497873056,1.0,0.593125,14.6,False,
243,4,20285229,0.5,B3567/S0348,0,0,0,1,0,1,1,1,0,1,0,0,1,1,0,0,0,1,0.461262417218543,0.451875,0.5048708333333333,-0.021336702683862202,0.9948279310649103,1.0,0.56875,8.8,False,
244,0,20285325,0.1,B1456/S0134,0,1,0,0,1,1,1,0,0,1,1,0,1,1,0,0,0,0,0.4819205298013245,0.485,0.5473416666666666,0.01266294876263426,0.9948412008538781,1.0,0.629375,25.8,False,
244,1,20285326,0.2,B1456/S0134,0,1,0,0,1,1,1,0,0,1,1,0,1,1,0,0,0,0,0.48481788079470206,0.48125,0.5480791666666667,0.011533635413035398,0.9962921758943705,1.0,0.608125,25.6,False,
244,2,20285327,0.3,B1456/S0134,0,1,0,0,1,1,1,0,0,1,1,0,1,1,0,0,0,0,0.48298427152317874,0.495625,0.5466625,0.010152056465667055,0.9976073900005474,1.0,0.608125,18.2,False,
244,3,20285328,0.4,B1456/S0134,0,1,0,0,1,1,1,0,0,1,1,0,1,1,0,0,0,0,0.48358443708609267,0.483125,0.5467375,-0.0012217889508546068,0.9979117482763596,1.0,0.5506249999999999,9.6,False,
244,4,20285329,0.5,B1456/S0134,0,1,0,0,1,1,1,0,0,1,1,0,1,1,0,0,0,0,0.4864031456953643,0.475,0.5504291666666666,0.0037761415127217767,0.9981521501709056,1.0,0.555625,4.8,False,
245,0,20285425,0.1,B12457/S1567,0,1,1,0,1,1,0,1,0,0,1,0,0,0,1,1,1,0,0.6706456953642383,0.691875,0.3983833333333333,0.07081441704426582,0.9053957222685819,1.0,0.6912499999999999,21.8,False,
245,1,20285426,0.2,B12457/S1567,0,1,1,0,1,1,0,1,0,0,1,0,0,0,1,1,1,0,0.6703187086092715,0.673125,0.4016291666666666,0.02409659288950792,0.909491615089462,1.0,0.6756249999999999,26.4,False,
245,2,20285427,0.3,B12457/S1567,0,1,1,0,1,1,0,1,0,0,1,0,0,0,1,1,1,0,0.6646564569536424,0.660625,0.4112875,0.027542371035203385,0.9164157621928927,1.0,0.6775,17.6,False,
245,3,20285428,0.4,B12457/S1567,0,1,1,0,1,1,0,1,0,0,1,0,0,0,1,1,1,0,0.6644163907284768,0.65875,0.4120083333333333,0.026755838271174,0.9168530429311293,1.0,0.6875,5.4,False,
245,4,20285429,0.5,B12457/S1567,0,1,1,0,1,1,0,1,0,0,1,0,0,0,1,1,1,0,0.6665935430463577,0.645,0.4087041666666667,0.03427773178807909,0.9161373014211114,1.0,0.685,2.6,False,
246,0,20285525,0.1,B01378/S1345,1,1,0,1,0,0,0,1,1,0,1,0,1,1,1,0,0,0,0.5217508278145694,0.531875,0.23125416666666662,0.028340340711049253,0.9856606722930811,1.0,0.848125,21.4,False,
246,1,20285526,0.2,B01378/S1345,1,1,0,1,0,0,0,1,1,0,1,0,1,1,1,0,0,0,0.522239238410596,0.514375,0.21317083333333334,0.013384127744858523,0.9951861272255044,1.0,0.846875,24.8,False,
246,2,20285527,0.3,B01378/S1345,1,1,0,1,0,0,0,1,1,0,1,0,1,1,1,0,0,0,0.5245033112582782,0.53625,0.207825,0.008640096723596571,0.996819693658341,1.0,0.841875,17.8,False,
246,3,20285528,0.4,B01378/S1345,1,1,0,1,0,0,0,1,1,0,1,0,1,1,1,0,0,0,0.5223427152317882,0.51625,0.21285,0.004295377309166375,0.9979224980662864,1.0,0.82625,6.4,False,
246,4,20285529,0.5,B01378/S1345,1,1,0,1,0,0,0,1,1,0,1,0,1,1,1,0,0,0,0.5257905629139072,0.534375,0.2019166666666667,0.007363737364935119,0.9976336528413878,1.0,0.8375,5.4,False,
247,0,20285625,0.1,B02468/S01234568,1,0,1,0,1,0,1,0,1,1,1,1,1,1,1,1,0,1,0.7033485099337748,0.716875,0.29199166666666665,0.02835896653886313,0.8685830379514825,1.0,0.73875,20.8,False,
247,1,20285626,0.2,B02468/S01234568,1,0,1,0,1,0,1,0,1,1,1,1,1,1,1,1,0,1,0.7030753311258277,0.708125,0.28827083333333337,0.02353389682816204,0.871636886843527,1.0,0.764375,23.4,False,
247,2,20285627,0.3,B02468/S01234568,1,0,1,0,1,0,1,0,1,1,1,1,1,1,1,1,0,1,0.7032822847682119,0.701875,0.2892416666666666,0.017938306029975815,0.8729414662061288,1.0,0.7481249999999999,17.0,False,
247,3,20285628,0.4,B02468/S01234568,1,0,1,0,1,0,1,0,1,1,1,1,1,1,1,1,0,1,0.705455298013245,0.6975,0.28909166666666664,0.01374553415824213,0.8720284519094843,1.0,0.7675,5.6,False,
247,4,20285629,0.5,B02468/S01234568,1,0,1,0,1,0,1,0,1,1,1,1,1,1,1,1,0,1,0.7044495033112582,0.713125,0.28872083333333337,0.006831757581038562,0.8741887423730272,1.0,0.7418750000000001,1.8,False,
248,0,20285725,0.1,B13478/S046,0,1,0,1,1,0,0,1,1,1,0,0,0,1,0,1,0,0,0.4691473509933775,0.474375,0.5996833333333332,0.022111471767165998,0.9934444525783178,1.0,0.6025,24.2,False,
248,1,20285726,0.2,B13478/S046,0,1,0,1,1,0,0,1,1,1,0,0,0,1,0,1,0,0,0.4693046357615895,0.47625,0.5997625,0.014595460090623642,0.9954335605547058,1.0,0.546875,26.0,False,
248,2,20285727,0.3,B13478/S046,0,1,0,1,1,0,0,1,1,1,0,0,0,1,0,1,0,0,0.46961092715231795,0.479375,0.6006708333333334,0.006637656849076499,0.9964206835805908,1.0,0.545625,18.2,False,
248,3,20285728,0.4,B13478/S046,0,1,0,1,1,0,0,1,1,1,0,0,0,1,0,1,0,0,0.4703311258278146,0.460625,0.60045,0.00203184907633279,0.9969278041011429,1.0,0.544375,13.8,False,
248,4,20285729,0.5,B13478/S046,0,1,0,1,1,0,0,1,1,1,0,0,0,1,0,1,0,0,0.4705132450331126,0.483125,0.6006208333333334,0.000671836876960378,0.997118233822442,1.0,0.5549999999999999,7.0,False,
249,0,20285825,0.1,B45/S35,0,0,0,0,1,1,0,0,0,0,0,0,1,0,1,0,0,0,0.0007740066225165564,0.0,0.0007916666666666666,-0.004572477344022323,0.004001581951142238,0.02,1.0,20.0,True,3.0
249,1,20285826,0.2,B45/S35,0,0,0,0,1,1,0,0,0,0,0,0,1,0,1,0,0,0,0.0019660596026490067,0.0,0.0019375000000000002,-0.011563698152666462,0.008725010031484664,0.02666666666666667,1.0,23.2,True,4.0
249,2,20285827,0.3,B45/S35,0,0,0,0,1,1,0,0,0,0,0,0,1,0,1,0,0,0,0.014304635761589406,0.00875,0.005833333333333334,-0.03217366678285125,0.092583789046074,1.0,1.0,19.6,False,
249,3,20285828,0.4,B45/S35,0,0,0,0,1,1,0,0,0,0,0,0,1,0,1,0,0,0,0.015865066225165564,0.0025,0.013545833333333333,-0.0763384454513769,0.06666289079550113,1.0,1.0,6.8,False,
249,4,20285829,0.5,B45/S35,0,0,0,0,1,1,0,0,0,0,0,0,1,0,1,0,0,0,0.027599337748344367,0.01125,0.01703333333333333,-0.09331507058208453,0.13149688108905214,1.0,1.0,4.0,False,
250,0,20285925,0.1,B0358/S02568,1,0,0,1,0,1,0,0,1,1,0,1,0,0,1,1,0,1,0.4175703642384106,0.434375,0.4928333333333334,0.006045224817008739,0.977080009497962,1.0,0.604375,34.4,False,
250,1,20285926,0.2,B0358/S02568,1,0,0,1,0,1,0,0,1,1,0,1,0,0,1,1,0,1,0.415637417218543,0.41,0.4910541666666667,0.010956234750784194,0.9776625400004724,1.0,0.6481250000000001,41.8,False,
250,2,20285927,0.3,B0358/S02568,1,0,0,1,0,1,0,0,1,1,0,1,0,0,1,1,0,1,0.41397350993377485,0.41375,0.4889291666666667,0.011701267863366357,0.9778315297686658,1.0,0.558125,35.8,False,
250,3,20285928,0.4,B0358/S02568,1,0,0,1,0,1,0,0,1,1,0,1,0,0,1,1,0,1,0.4126034768211921,0.425,0.49022499999999997,-0.002349795224817495,0.977341546067835,1.0,0.5625,18.6,False,
250,4,20285929,0.5,B0358/S02568,1,0,0,1,0,1,0,0,1,1,0,1,0,0,1,1,0,1,0.41720198675496695,0.4,0.4922291666666666,-0.01070854391774166,0.9792420268579868,1.0,0.559375,20.4,False,
251,0,20286025,0.1,B067/S01358,1,0,0,0,0,0,1,1,0,1,1,0,1,0,1,0,0,1,0.21765314569536426,0.216875,0.0077958333333333334,-0.009792283896828059,0.7540140702405369,1.0,1.0,239.2,False,
251,1,20286026,0.2,B067/S01358,1,0,0,0,0,0,1,1,0,1,1,0,1,0,1,0,0,1,0.22151076158940392,0.219375,0.01375,-0.0015724119902408421,0.7627831003619874,1.0,1.0,233.8,False,
251,2,20286027,0.3,B067/S01358,1,0,0,0,0,0,1,1,0,1,1,0,1,0,1,0,0,1,0.2234395695364238,0.22375,0.005037499999999999,-0.0036268081212969035,0.7662068930617103,1.0,1.0,230.6,False,
251,3,20286028,0.4,B067/S01358,1,0,0,0,0,0,1,1,0,1,1,0,1,0,1,0,0,1,0.2293294701986754,0.228125,0.00765,-0.0071104914604392675,0.7761484220155386,1.0,1.0,219.0,False,
251,4,20286029,0.5,B067/S01358,1,0,0,0,0,0,1,1,0,1,1,0,1,0,1,0,0,1,0.2279139072847682,0.224375,0.010712499999999998,-0.015349315963750713,0.7722981987697062,1.0,1.0,211.2,False,
252,0,20286125,0.1,B47/S4567,0,0,0,0,1,0,0,1,0,0,0,0,0,1,1,1,1,0,0.0006788079470198676,0.0,0.0007208333333333333,-0.004016316660857457,0.0033718127552823467,0.013333333333333334,1.0,20.2,True,2.0
252,1,20286126,0.2,B47/S4567,0,0,0,0,1,0,0,1,0,0,0,0,0,1,1,1,1,0,0.0017922185430463576,0.0,0.002125,-0.010570974207040814,0.0074864788185929594,0.02666666666666667,1.0,23.8,True,4.0
252,2,20286127,0.3,B47/S4567,0,0,0,0,1,0,0,1,0,0,0,0,0,1,1,1,1,0,0.004085264900662251,0.0,0.003995833333333333,-0.023847921749738665,0.016472754273602497,0.05333333333333334,1.0,14.4,True,8.0
252,3,20286128,0.4,B47/S4567,0,0,0,0,1,0,0,1,0,0,0,0,0,1,1,1,1,0,0.03989652317880795,0.03125,0.008875000000000001,-0.050868442837225594,0.22639921304655902,1.0,1.0,7.0,False,
252,4,20286129,0.5,B47/S4567,0,0,0,0,1,0,0,1,0,0,0,0,0,1,1,1,1,0,0.21991721854304633,0.20625,0.02709166666666667,-0.06953054200069743,0.7537136518961134,1.0,0.99875,4.6,False,
253,0,20286225,0.1,B0145678/S012345678,1,1,0,0,1,1,1,1,1,1,1,1,1,1,1,1,1,1,0.9929056291390729,1.0,0.006008333333333333,0.04191138027187194,0.007851488815281926,1.0,1.0,21.4,False,
253,1,20286226,0.2,B0145678/S012345678,1,1,0,0,1,1,1,1,1,1,1,1,1,1,1,1,1,1,0.9923344370860927,1.0,0.005404166666666667,0.04519050627396219,0.011936189429416447,1.0,1.0,23.0,False,
253,2,20286227,0.3,B0145678/S012345678,1,1,0,0,1,1,1,1,1,1,1,1,1,1,1,1,1,1,0.9922723509933774,1.0,0.004625,0.04546466538863646,0.015119083652502852,1.0,1.0,15.2,False,
253,3,20286228,0.4,B0145678/S012345678,1,1,0,0,1,1,1,1,1,1,1,1,1,1,1,1,1,1,0.9936920529801325,1.0,0.004045833333333334,0.03714382188915963,0.014099363571743422,1.0,1.0,6.4,False,
253,4,20286229,0.5,B0145678/S012345678,1,1,0,0,1,1,1,1,1,1,1,1,1,1,1,1,1,1,0.9952814569536423,1.0,0.0033874999999999995,0.027821431683512258,0.012124536473755882,1.0,1.0,3.6,False,
254,0,20286325,0.1,B04568/S02567,1,0,0,0,1,1,1,0,1,1,0,1,0,0,1,1,1,0,0.6925041390728477,0.69375,0.38386666666666663,0.08828119553851464,0.8773916211359327,1.0,0.69,20.4,False,
254,1,20286326,0.2,B04568/S02567,1,0,0,0,1,1,1,0,1,1,0,1,0,0,1,1,1,0,0.66,0.710625,0.3750208333333333,0.23610948936911777,0.8888773769341938,1.0,0.731875,24.6,False,
254,2,20286327,0.3,B04568/S02567,1,0,0,0,1,1,1,0,1,1,0,1,0,0,1,1,1,0,0.6628311258278146,0.716875,0.37870833333333326,0.22418013680724933,0.8897240654547134,1.0,0.7050000000000001,14.4,False,
254,3,20286328,0.4,B04568/S02567,1,0,0,0,1,1,1,0,1,1,0,1,0,0,1,1,1,0,0.68778559602649,0.690625,0.3822583333333333,0.10068534332519956,0.8856785238753996,1.0,0.6725,5.4,False,
254,4,20286329,0.5,B04568/S02567,1,0,0,0,1,1,1,0,1,1,0,1,0,0,1,1,1,0,0.6939900662251655,0.708125,0.38288333333333335,0.06335983792262122,0.8836699643742252,1.0,0.69375,3.0,False,
255,0,20286425,0.1,B1346/S0124568,0,1,0,1,1,0,1,0,0,1,1,1,0,1,1,1,0,1,0.6717135761589405,0.685,0.2989833333333333,0.029208892471244145,0.905591188193212,1.0,0.74375,24.0,False,
255,1,20286426,0.2,B1346/S0124568,0,1,0,1,1,0,1,0,0,1,1,1,0,1,1,1,0,1,0.674217715231788,0.675,0.29642916666666663,0.02036227779714109,0.905871675553221,1.0,0.749375,21.4,False,
255,2,20286427,0.3,B1346/S0124568,0,1,0,1,1,0,1,0,0,1,1,1,0,1,1,1,0,1,0.6758650662251655,0.653125,0.29531666666666667,0.011833282502613828,0.905477541919833,1.0,0.744375,15.0,False,
255,3,20286428,0.4,B1346/S0124568,0,1,0,1,1,0,1,0,0,1,1,1,0,1,1,1,0,1,0.6759602649006622,0.6975,0.29684166666666667,0.011865632624607787,0.9066468543989401,1.0,0.740625,6.4,False,
255,4,20286429,0.5,B1346/S0124568,0,1,0,1,1,0,1,0,0,1,1,1,0,1,1,1,0,1,0.676717715231788,0.701875,0.2987958333333333,0.008133604914603495,0.9069701737040624,1.0,0.749375,2.2,False,
256,0,20286525,0.1,B012367/S4678,1,1,1,1,0,0,1,1,0,0,0,0,0,1,0,1,1,1,0.9531912251655632,0.96125,0.018775000000000003,0.04926923579644389,0.24728446912684957,1.0,0.99875,19.0,False,
256,1,20286526,0.2,B012367/S4678,1,1,1,1,0,0,1,1,0,0,0,0,0,1,0,1,1,1,0.9104884105960264,0.97125,0.079225,0.2091866721854295,0.3922130336052533,1.0,0.998125,23.0,False,
256,2,20286527,0.3,B012367/S4678,1,1,1,1,0,0,1,1,0,0,0,0,0,1,0,1,1,1,0.6755132450331126,0.77,0.3539958333333333,0.1955169484140808,0.8961283695616558,1.0,0.79125,17.4,False,
256,3,20286528,0.4,B012367/S4678,1,1,1,1,0,0,1,1,0,0,0,0,0,1,0,1,1,1,0.6010223509933775,0.655,0.43802083333333336,0.11832498257232463,0.9653319136288998,1.0,0.674375,10.4,False,
256,4,20286529,0.5,B012367/S4678,1,1,1,1,0,0,1,1,0,0,0,0,0,1,0,1,1,1,0.5966887417218543,0.644375,0.44149999999999995,0.12380228302544403,0.9679187023775446,1.0,0.66625,5.8,False,
257,0,20286625,0.1,B1246/S01246,0,1,1,0,1,0,1,0,0,1,1,1,0,1,0,1,0,0,0.5145364238410597,0.51375,0.49900416666666664,0.011828707737887384,0.9944546364246467,1.0,0.571875,25.0,False,
257,1,20286626,0.2,B1246/S01246,0,1,1,0,1,0,1,0,0,1,1,1,0,1,0,1,0,0,0.5188576158940397,0.504375,0.5018208333333333,0.005828577030323688,0.9951933415772533,1.0,0.563125,29.2,False,
257,2,20286627,0.3,B1246/S01246,0,1,1,0,1,0,1,0,0,1,1,1,0,1,0,1,0,0,0.5187334437086093,0.51875,0.5002083333333334,0.0028131535378178984,0.9967052736431237,1.0,0.57125,21.8,False,
257,3,20286628,0.4,B1246/S01246,0,1,1,0,1,0,1,0,0,1,1,1,0,1,0,1,0,0,0.5180380794701986,0.49875,0.4996499999999999,0.0003166390728474178,0.9981159691331808,1.0,0.555625,9.6,False,
257,4,20286629,0.5,B1246/S01246,0,1,1,0,1,0,1,0,0,1,1,1,0,1,0,1,0,0,0.5185223509933776,0.508125,0.4994875,0.00211844283722574,0.9985767335752151,1.0,0.5475,7.0,False,
258,0,20286725,0.1,B1237/S1235,0,1,1,1,0,0,0,1,0,0,1,1,1,0,1,0,0,0,0.49304221854304636,0.45375,0.5096958333333333,0.012364608748692555,0.992660328564964,1.0,0.68875,30.4,False,
258,1,20286726,0.2,B1237/S1235,0,1,1,1,0,0,0,1,0,0,1,1,1,0,1,0,0,0,0.49372930463576153,0.450625,0.5154333333333333,0.012732550540257785,0.9861396479669465,1.0,0.694375,38.0,False,
258,2,20286727,0.3,B1237/S1235,0,1,1,1,0,0,0,1,0,0,1,1,1,0,1,0,0,0,0.4954346026490065,0.49125,0.5077625,0.004197673405367107,0.9932141470299511,1.0,0.703125,31.4,False,
258,3,20286728,0.4,B1237/S1235,0,1,1,1,0,0,0,1,0,0,1,1,1,0,1,0,0,0,0.4965935430463577,0.485625,0.5141791666666666,0.003622886894387416,0.9908255491740006,1.0,0.69,17.4,False,
258,4,20286729,0.5,B1237/S1235,0,1,1,1,0,0,0,1,0,0,1,1,1,0,1,0,0,0,0.49666390728476834,0.55375,0.5073708333333333,0.0016256753224119312,0.9955628761973124,1.0,0.7175,12.6,False,
259,0,20286825,0.1,B167/S012457,0,1,0,0,0,0,1,1,0,1,1,1,0,1,1,0,1,0,0.3164362582781457,0.31625,0.011545833333333332,-0.0006522307424193786,0.8987003986589709,1.0,1.0,188.6,False,
259,1,20286826,0.2,B167/S012457,0,1,0,0,0,0,1,1,0,1,1,1,0,1,1,0,1,0,0.3240645695364239,0.323125,0.013858333333333332,-0.003999978215406441,0.9080048299006126,1.0,1.0,186.8,False,
259,2,20286827,0.3,B167/S012457,0,1,0,0,0,0,1,1,0,1,1,1,0,1,1,0,1,0,0.31537251655629134,0.315,0.008470833333333332,-0.007885914081561833,0.8990870913596734,1.0,1.0,182.0,False,
259,3,20286828,0.4,B167/S012457,0,1,0,0,0,0,1,1,0,1,1,1,0,1,1,0,1,0,0.3192922185430464,0.316875,0.011233333333333333,-0.01128333042872085,0.9033381517445388,1.0,1.0,186.8,False,
259,4,20286829,0.5,B167/S012457,0,1,0,0,0,0,1,1,0,1,1,1,0,1,1,0,1,0,0.3226034768211921,0.319375,0.010158333333333332,-0.017451420355524893,0.9061761804701401,1.0,1.0,157.8,False,
260,0,20286925,0.1,B3/S023468,0,0,0,1,0,0,0,0,0,1,0,1,1,1,0,1,0,1,0.45880380794701986,0.5075,0.02809166666666666,0.24418133495991579,0.956689323681881,1.0,0.99875,20.2,False,
260,1,20286926,0.2,B3/S023468,0,0,0,1,0,0,0,0,0,1,0,1,1,1,0,1,0,1,0.49649420529801314,0.51,0.023587499999999994,0.07305703206692161,0.993827621097961,1.0,1.0,23.8,False,
260,2,20286927,0.3,B3/S023468,0,0,0,1,0,0,0,0,0,1,0,1,1,1,0,1,0,1,0.5029428807947018,0.51,0.022891666666666664,0.031216560648309178,0.9986127067862234,1.0,1.0,15.4,False,
260,3,20286928,0.4,B3/S023468,0,0,0,1,0,0,0,0,0,1,0,1,1,1,0,1,0,1,0.4993956953642382,0.50375,0.018270833333333333,0.019303219762983898,0.999674283569223,1.0,1.0,5.4,False,
260,4,20286929,0.5,B3/S023468,0,0,0,1,0,0,0,0,0,1,0,1,1,1,0,1,0,1,0.4988327814569536,0.50125,0.018179166666666666,0.0069608313001042295,0.9998884525916446,1.0,0.999375,3.6,False,
261,0,20287025,0.1,B345/S4567,0,0,0,1,1,1,0,0,0,0,0,0,0,1,1,1,1,0,0.0057740066225165565,0.005,0.010995833333333333,-0.004557445974207047,0.049381441272071926,1.0,1.0,22.0,False,
261,1,20287026,0.2,B345/S4567,0,0,0,1,1,1,0,0,0,0,0,0,0,1,1,1,1,0,0.157669701986755,0.16125,0.09759583333333331,0.0237345329383059,0.6276529876390633,1.0,1.0,39.6,False,
261,2,20287027,0.3,B345/S4567,0,0,0,1,1,1,0,0,0,0,0,0,0,1,1,1,1,0,0.7389528145695364,0.75875,0.022054166666666666,0.1102573849773441,0.8115648757178142,1.0,1.0,17.0,False,
261,3,20287028,0.4,B345/S4567,0,0,0,1,1,1,0,0,0,0,0,0,0,1,1,1,1,0,0.7538038079470197,0.76,0.013599999999999998,0.03603117375392077,0.8004253133682493,1.0,1.0,5.8,False,
261,4,20287029,0.5,B345/S4567,0,0,0,1,1,1,0,0,0,0,0,0,0,1,1,1,1,0,0.7607243377483444,0.76125,0.011783333333333333,0.01762950941094437,0.7919787102385755,1.0,1.0,1.8,False,
262,0,20287125,0.1,B0137/S56,1,1,0,1,0,0,0,1,0,0,0,0,0,0,1,1,0,0,0.37433774834437084,0.3725,0.5890416666666667,-0.0038682903450681675,0.9479258779936683,1.0,0.683125,48.8,False,
262,1,20287126,0.2,B0137/S56,1,1,0,1,0,0,0,1,0,0,0,0,0,0,1,1,0,0,0.3735430463576159,0.38125,0.5850375000000001,-0.0006617070407808689,0.9513214685315818,1.0,0.6018749999999999,47.6,False,
262,2,20287127,0.3,B0137/S56,1,1,0,1,0,0,0,1,0,0,0,0,0,0,1,1,0,0,0.3720488410596027,0.3525,0.58745,0.0034379356918781785,0.9511638371316261,1.0,0.615,49.0,False,
262,3,20287128,0.4,B0137/S56,1,1,0,1,0,0,0,1,0,0,0,0,0,0,1,1,0,0,0.373646523178808,0.348125,0.5874333333333334,-0.0028138070756364795,0.9523892744671023,1.0,0.5900000000000001,29.4,False,
262,4,20287129,0.5,B0137/S56,1,1,0,1,0,0,0,1,0,0,0,0,0,0,1,1,0,0,0.3745943708609271,0.39375,0.5864416666666666,-0.004295050540258272,0.9527355849678588,1.0,0.594375,32.0,False,
263,0,20287225,0.1,B0235678/S013568,1,0,1,1,0,1,1,1,1,1,1,0,1,0,1,1,0,1,0.7011672185430463,0.71125,0.4987791666666667,0.025886306204251485,0.8714033559351652,1.0,0.639375,21.4,False,
263,1,20287226,0.2,B0235678/S013568,1,0,1,1,0,1,1,1,1,1,1,0,1,0,1,1,0,1,0.7027566225165564,0.70625,0.4986791666666666,0.02028614064133819,0.8720433031761263,1.0,0.6375,26.0,False,
263,2,20287227,0.3,B0235678/S013568,1,0,1,1,0,1,1,1,1,1,1,0,1,0,1,1,0,1,0.7023675496688742,0.701875,0.5009375,0.011515009585220394,0.8744886103894295,1.0,0.643125,17.0,False,
263,3,20287228,0.4,B0235678/S013568,1,0,1,1,0,1,1,1,1,1,1,0,1,0,1,1,0,1,0.7032615894039734,0.71,0.5004583333333333,0.01147089578250185,0.8749530161183765,1.0,0.6325000000000001,6.0,False,
263,4,20287229,0.5,B0235678/S013568,1,0,1,1,0,1,1,1,1,1,1,0,1,0,1,1,0,1,0.703373344370861,0.7175,0.5012958333333334,0.012432249912860962,0.8753987407830708,1.0,0.63375,1.8,False,
264,0,20287325,0.1,B2367/S148,0,0,1,1,0,0,1,1,0,0,1,0,0,1,0,0,0,1,0.42509933774834435,0.435625,0.5893833333333334,0.03683567880794683,0.9781146514665704,1.0,0.79375,34.4,False,
264,1,20287326,0.2,B2367/S148,0,0,1,1,0,0,1,1,0,0,1,0,0,1,0,0,0,1,0.42708195364238405,0.385625,0.5929666666666666,0.012798231090972261,0.9828525095490737,1.0,0.571875,45.8,False,
264,2,20287327,0.3,B2367/S148,0,0,1,1,0,0,1,1,0,0,1,0,0,1,0,0,0,1,0.4282491721854304,0.420625,0.5932624999999999,0.005051520564656419,0.9840051333789571,1.0,0.568125,34.0,False,
264,3,20287328,0.4,B2367/S148,0,0,1,1,0,0,1,1,0,0,1,0,0,1,0,0,0,1,0.4308526490066225,0.401875,0.5963416666666665,-0.0006617070407811814,0.9852704954784998,1.0,0.5643750000000001,22.4,False,
264,4,20287329,0.5,B2367/S148,0,0,1,1,0,0,1,1,0,0,1,0,0,1,0,0,0,1,0.4301407284768212,0.405,0.5942625,-0.003153646741025031,0.9852090111532305,1.0,0.56375,16.0,False,
265,0,20287425,0.1,B13468/S478,0,1,0,1,1,0,1,0,1,0,0,0,0,1,0,0,1,1,0.47521523178807945,0.4975,0.6605625,0.024993573544788903,0.9942751973192305,1.0,0.596875,25.0,False,
265,1,20287426,0.2,B13468/S478,0,1,0,1,1,0,1,0,1,0,0,0,0,1,0,0,1,1,0.47531456953642387,0.490625,0.6641750000000001,0.008825047926106496,0.9962843081081587,1.0,0.59625,28.2,False,
265,2,20287427,0.3,B13468/S478,0,1,0,1,1,0,1,0,1,0,0,0,0,1,0,0,1,1,0.47721026490066226,0.47875,0.6644375,0.004969501568490225,0.9974638563751262,1.0,0.5762499999999999,16.8,False,
265,3,20287428,0.4,B13468/S478,0,1,0,1,1,0,1,0,1,0,0,0,0,1,0,0,1,1,0.47917632450331127,0.485,0.6620250000000001,0.009969392645520351,0.9981955251564781,1.0,0.576875,7.4,False,
265,4,20287429,0.5,B13468/S478,0,1,0,1,1,0,1,0,1,0,0,0,0,1,0,0,1,1,0.47801738410596023,0.481875,0.6629291666666667,-0.00101331038689482,0.9982579255772299,1.0,0.57875,7.6,False,
266,0,20287525,0.1,B03457/S012347,1,0,0,1,1,1,0,1,0,1,1,1,1,1,0,0,1,0,0.5832615894039735,0.54375,0.5785458333333333,0.018876786336701958,0.9719648431814762,1.0,0.63625,28.2,False,
266,1,20287526,0.2,B03457/S012347,1,0,0,1,1,1,0,1,0,1,1,1,1,1,0,0,1,0,0.5844370860927153,0.5975,0.5791291666666666,0.014747734402230506,0.9742235917311415,1.0,0.70375,26.8,False,
266,2,20287527,0.3,B03457/S012347,1,0,0,1,1,1,0,1,0,1,1,1,1,1,0,0,1,0,0.5860182119205298,0.6,0.5796666666666668,0.013781805507145075,0.9753783367496724,1.0,0.625,19.6,False,
266,3,20287528,0.4,B03457/S012347,1,0,0,1,1,1,0,1,0,1,1,1,1,1,0,0,1,0,0.5851614238410596,0.565,0.5805458333333333,0.007232703032415083,0.9753328767551902,1.0,0.60875,9.0,False,
266,4,20287529,0.5,B03457/S012347,1,0,0,1,1,1,0,1,0,1,1,1,1,1,0,0,1,0,0.5871605960264902,0.591875,0.5823583333333334,0.0006744510282320155,0.9757018159986739,1.0,0.60625,6.6,False,
267,0,20287625,0.1,B03568/S1348,1,0,0,1,0,1,1,0,1,0,1,0,1,1,0,0,0,1,0.4900165562913908,0.5125,0.5181083333333334,0.017669048448936346,0.9956370126343524,1.0,0.54,26.6,False,
267,1,20287626,0.2,B03568/S1348,1,0,0,1,0,1,1,0,1,0,1,0,1,1,0,0,0,1,0.4916556291390729,0.505625,0.5181375,0.0220644170442659,0.9973365749767528,1.0,0.635625,31.2,False,
267,2,20287627,0.3,B03568/S1348,1,0,0,1,0,1,1,0,1,0,1,0,1,1,0,0,0,1,0.49059188741721854,0.50375,0.5170708333333334,0.0076218848030667665,0.9981571431593861,1.0,0.635,22.0,False,
267,3,20287628,0.4,B03568/S1348,1,0,0,1,0,1,1,0,1,0,1,0,1,1,0,0,0,1,0.49314155629139067,0.493125,0.5187541666666666,-0.0013440005228304217,0.9990161391594624,1.0,0.555625,11.8,False,
267,4,20287629,0.5,B03568/S1348,1,0,0,1,0,1,1,0,1,0,1,0,1,1,0,0,0,1,0.49295529801324506,0.47875,0.5187583333333333,-0.0015044440571629256,0.999076500481003,1.0,0.5375,8.6,False,
268,0,20287725,0.1,B35/S123468,0,0,0,1,0,1,0,0,0,0,1,1,1,1,0,1,0,1,0.5259809602649007,0.553125,0.3377208333333333,0.17090569449285448,0.9681082457282549,1.0,0.964375,25.2,False,
268,1,20287726,0.2,B35/S123468,0,0,0,1,0,1,0,0,0,0,1,1,1,1,0,1,0,1,0.5482450331125828,0.558125,0.35007499999999997,0.06016926629487573,0.9856992031822601,1.0,0.840625,28.6,False,
268,2,20287727,0.3,B35/S123468,0,0,0,1,0,1,0,0,0,0,1,1,1,1,0,1,0,1,0.5559892384105961,0.5475,0.3530708333333333,0.012536815963749583,0.9891628964577215,1.0,0.746875,15.4,False,
268,3,20287728,0.4,B35/S123468,0,0,0,1,0,1,0,0,0,0,1,1,1,1,0,1,0,1,0.5574668874172186,0.57875,0.3523791666666667,0.007320603868943383,0.9890420053353084,1.0,0.7050000000000001,7.8,False,
268,4,20287729,0.5,B35/S123468,0,0,0,1,0,1,0,0,0,0,1,1,1,1,0,1,0,1,0.5581332781456954,0.555,0.357375,0.0026703555245731502,0.9895925033022236,1.0,0.678125,5.4,False,
269,0,20287825,0.1,B147/S048,0,1,0,0,1,0,0,1,0,1,0,0,0,1,0,0,0,1,0.3025331125827815,0.279375,0.4810958333333334,0.008291107528755445,0.8824354104582136,1.0,0.6975,79.8,False,
269,1,20287826,0.2,B147/S048,0,1,0,0,1,0,0,1,0,1,0,0,0,1,0,0,0,1,0.3013327814569537,0.29375,0.4806916666666668,0.00665203468107338,0.8818910988760045,1.0,0.651875,76.8,False,
269,2,20287827,0.3,B147/S048,0,1,0,0,1,0,0,1,0,1,0,0,0,1,0,0,0,1,0.3017177152317881,0.3125,0.4797208333333333,0.0009979522481699424,0.8828647663862396,1.0,0.6174999999999999,66.4,False,
269,3,20287828,0.4,B147/S048,0,1,0,0,1,0,0,1,0,1,0,0,0,1,0,0,0,1,0.30295529801324506,0.31,0.48069583333333327,-0.00586517514813558,0.8839905977859156,1.0,0.6331249999999999,60.2,False,
269,4,20287829,0.5,B147/S048,0,1,0,0,1,0,0,1,0,1,0,0,0,1,0,0,0,1,0.302512417218543,0.301875,0.48007500000000003,-0.010860818229348616,0.8828144839128906,1.0,0.635625,54.4,False,
270,0,20287925,0.1,B012456/S02378,1,1,1,0,1,1,1,0,0,1,0,1,1,0,0,0,1,1,0.5381456953642384,0.521875,0.6850291666666667,-0.027762613279889384,0.9836291328298451,1.0,0.84125,28.4,False,
270,1,20287926,0.2,B012456/S02378,1,1,1,0,1,1,1,0,0,1,0,1,1,0,0,0,1,1,0.5339403973509934,0.551875,0.6905916666666667,-0.00482212879051997,0.9922714909603139,1.0,0.5862499999999999,29.4,False,
270,2,20287927,0.3,B012456/S02378,1,1,1,0,1,1,1,0,0,1,0,1,1,0,0,0,1,1,0.5325041390728477,0.528125,0.6908333333333332,0.0032510238759145093,0.9942343567290174,1.0,0.59875,23.6,False,
270,3,20287928,0.4,B012456/S02378,1,1,1,0,1,1,1,0,0,1,0,1,1,0,0,0,1,1,0.5327980132450332,0.5375,0.6895666666666667,-0.00011861711397786788,0.9955510633970941,1.0,0.596875,11.6,False,
270,4,20287929,0.5,B012456/S02378,1,1,1,0,1,1,1,0,0,1,0,1,1,0,0,0,1,1,0.5327855960264901,0.530625,0.6922166666666667,0.001516534506796116,0.9963008111807794,1.0,0.6168750000000001,8.8,False,
271,0,20288025,0.1,B01245678/S2348,1,1,1,0,1,1,1,1,1,0,0,1,1,1,0,0,0,1,0.5633650662251656,0.609375,0.6826041666666666,0.012070843499476605,0.980550943690974,1.0,0.624375,31.2,False,
271,1,20288026,0.2,B01245678/S2348,1,1,1,0,1,1,1,1,1,0,0,1,1,1,0,0,0,1,0.5626283112582782,0.544375,0.6812291666666668,0.010182772743115623,0.9833966273960111,1.0,0.6125,33.4,False,
271,2,20288027,0.3,B01245678/S2348,1,1,1,0,1,1,1,1,1,0,0,1,1,1,0,0,0,1,0.561862582781457,0.528125,0.6828541666666669,0.008888441094457624,0.9854263082483783,1.0,0.579375,27.2,False,
271,3,20288028,0.4,B01245678/S2348,1,1,1,0,1,1,1,1,1,0,0,1,1,1,0,0,0,1,0.5635099337748344,0.5575,0.6803750000000001,0.006743856744509512,0.9857734208633975,1.0,0.571875,14.6,False,
271,4,20288029,0.5,B01245678/S2348,1,1,1,0,1,1,1,1,1,0,0,1,1,1,0,0,0,1,0.5637748344370861,0.585625,0.6820208333333333,0.0022354261066569675,0.9860652169065028,1.0,0.5675,11.8,False,
272,0,20288125,0.1,B1238/S068,0,1,1,1,0,0,0,0,1,1,0,0,0,0,0,1,0,1,0.4091266556291391,0.440625,0.6881416666666667,0.011845372952247706,0.9710472017391055,1.0,0.6637500000000001,33.0,False,
272,1,20288126,0.2,B1238/S068,0,1,1,1,0,0,0,0,1,1,0,0,0,0,0,1,0,1,0.41084850993377486,0.3825,0.6886208333333333,0.0038336528407105497,0.9731993199973937,1.0,0.64625,43.8,False,
272,2,20288127,0.3,B1238/S068,0,1,1,1,0,0,0,0,1,1,0,0,0,0,0,1,0,1,0.41072019867549675,0.426875,0.6906958333333333,0.0003904888462876591,0.9753399194100452,1.0,0.631875,32.6,False,
272,3,20288128,0.4,B1238/S068,0,1,1,1,0,0,0,0,1,1,0,0,0,0,0,1,0,1,0.4104759933774835,0.39875,0.6891458333333333,0.00386698326943188,0.9746758796437271,1.0,0.641875,24.6,False,
272,4,20288129,0.5,B1238/S068,0,1,1,1,0,0,0,0,1,1,0,0,0,0,0,1,0,1,0.41096026490066223,0.389375,0.6879083333333333,0.002140989891948105,0.9732167872463682,1.0,0.63375,25.6,False,
273,0,20288225,0.1,B0148/S0146,1,1,0,0,1,0,0,0,1,1,1,0,0,1,0,1,0,0,0.37240066225165563,0.374375,0.4583833333333333,-0.014375871383757599,0.9421526734880596,1.0,0.806875,58.4,False,
273,1,20288226,0.2,B0148/S0146,1,1,0,0,1,0,0,0,1,1,1,0,0,1,0,1,0,0,0.36879139072847683,0.374375,0.45240416666666666,0.003866329731613424,0.9484713418386452,1.0,0.6025,56.0,False,
273,2,20288227,0.3,B0148/S0146,1,1,0,0,1,0,0,0,1,1,1,0,0,1,0,1,0,0,0.3689279801324503,0.381875,0.4499250000000001,0.008015641338445144,0.9490121429834552,1.0,0.5818749999999999,46.2,False,
273,3,20288228,0.4,B0148/S0146,1,1,0,0,1,0,0,0,1,1,1,0,0,1,0,1,0,0,0.36961920529801323,0.378125,0.4520208333333333,0.0019612669919832045,0.9498186982189133,1.0,0.583125,37.6,False,
273,4,20288229,0.5,B0148/S0146,1,1,0,0,1,0,0,0,1,1,1,0,0,1,0,1,0,0,0.37083609271523177,0.37875,0.4515083333333334,-0.003832672533984053,0.9502903575874755,1.0,0.5856250000000001,32.0,False,
274,0,20288325,0.1,B1348/S145,0,1,0,1,1,0,0,0,1,0,1,0,0,1,1,0,0,0,0.5057657284768213,0.499375,0.4745874999999999,0.020951115371209028,0.9951462962701374,1.0,0.589375,22.6,False,
274,1,20288326,0.2,B1348/S145,0,1,0,1,1,0,0,0,1,0,1,0,0,1,1,0,0,0,0.5079842715231788,0.513125,0.47504166666666675,0.01287502178459362,0.9972636245179818,1.0,0.58125,27.6,False,
274,2,20288327,0.3,B1348/S145,0,1,0,1,1,0,0,0,1,0,1,0,0,1,1,0,0,0,0.5093377483443708,0.518125,0.4762416666666667,0.006202400662251337,0.9983767120038299,1.0,0.5825,17.0,False,
274,3,20288328,0.4,B1348/S145,0,1,0,1,1,0,0,0,1,0,1,0,0,1,1,0,0,0,0.5105753311258279,0.524375,0.47315416666666665,0.006272982746601548,0.9989898189563107,1.0,0.57375,10.0,False,
274,4,20288329,0.5,B1348/S145,0,1,0,1,1,0,0,0,1,0,1,0,0,1,1,0,0,0,0.5105629139072848,0.51375,0.4763125,0.0005231570233525861,0.9992226694316653,1.0,0.5725,5.8,False,
275,0,20288425,0.1,B278/S2367,0,0,1,0,0,0,0,1,1,0,0,1,1,0,0,1,1,0,0.3541349337748344,0.356875,0.2797166666666666,0.03552500871383733,0.933372271614781,1.0,0.7887500000000001,61.8,False,
275,1,20288426,0.2,B278/S2367,0,0,1,0,0,0,0,1,1,0,0,1,1,0,0,1,1,0,0.35881622516556294,0.368125,0.27837916666666673,0.015517928720808484,0.940736824206478,1.0,0.76375,63.2,False,
275,2,20288427,0.3,B278/S2367,0,0,1,0,0,0,0,1,1,0,0,1,1,0,0,1,1,0,0.3619495033112583,0.34625,0.27221666666666666,0.0005012635064479899,0.9438886102663503,1.0,0.76875,54.6,False,
275,3,20288428,0.4,B278/S2367,0,0,1,0,0,0,0,1,1,0,0,1,1,0,0,1,1,0,0.3629097682119205,0.35625,0.27199166666666663,-0.003739870163820706,0.9447607927134196,1.0,0.770625,44.8,False,
275,4,20288429,0.5,B278/S2367,0,0,1,0,0,0,0,1,1,0,0,1,1,0,0,1,1,0,0.3618956953642384,0.363125,0.278875,-0.0012567532241201402,0.9435312964047423,1.0,0.764375,37.6,False,
276,0,20288525,0.1,B0235678/S023578,1,0,1,1,0,1,1,1,1,1,0,1,1,0,1,0,1,1,0.6400579470198676,0.64,0.5800749999999999,0.02721788950853912,0.9360024022083208,1.0,0.61875,23.2,False,
276,1,20288526,0.2,B0235678/S023578,1,0,1,1,0,1,1,1,1,1,0,1,1,0,1,0,1,1,0.6406539735099337,0.635,0.582325,0.019547969675844566,0.9378052354139597,1.0,0.61375,26.0,False,
276,2,20288527,0.3,B0235678/S023578,1,0,1,1,0,1,1,1,1,1,0,1,1,0,1,0,1,1,0.6439279801324503,0.63,0.5788541666666667,0.00710199546880415,0.9368412156799333,1.0,0.6174999999999999,13.6,False,
276,3,20288528,0.4,B0235678/S023578,1,0,1,1,0,1,1,1,1,1,0,1,1,0,1,0,1,1,0.6437582781456953,0.63125,0.5790291666666667,0.00971778058556958,0.9379512956559773,1.0,0.615,6.0,False,
276,4,20288529,0.5,B0235678/S023578,1,0,1,1,0,1,1,1,1,1,0,1,1,0,1,0,1,1,0.6451490066225166,0.65625,0.5784750000000001,0.0071993726036942525,0.9374704371415264,1.0,0.60875,2.6,False,
277,0,20288625,0.1,B01478/S13458,1,1,0,0,1,0,0,1,1,0,1,0,1,1,1,0,0,1,0.5528890728476821,0.54625,0.2996916666666667,0.010724555594283086,0.9859263901597347,1.0,0.743125,22.6,False,
277,1,20288626,0.2,B01478/S13458,1,1,0,0,1,0,0,1,1,0,1,0,1,1,1,0,0,1,0.5506663907284768,0.545,0.29938333333333333,0.02047076507493845,0.9897395347058542,1.0,0.74,26.6,False,
277,2,20288627,0.3,B01478/S13458,1,1,0,0,1,0,0,1,1,0,1,0,1,1,1,0,0,1,0.5503932119205298,0.543125,0.2969375,0.013511567619378925,0.9909606939479293,1.0,0.745625,17.8,False,
277,3,20288628,0.4,B01478/S13458,1,1,0,0,1,0,0,1,1,0,1,0,1,1,1,0,0,1,0.552694536423841,0.561875,0.2988625,0.009288079470198359,0.9910505400089583,1.0,0.7424999999999999,5.6,False,
277,4,20288629,0.5,B01478/S13458,1,1,0,0,1,0,0,1,1,0,1,0,1,1,1,0,0,1,0.5548468543046358,0.5475,0.2961375,0.003939199198326793,0.9906886937175562,1.0,0.74,2.6,False,
278,0,20288725,0.1,B012378/S023456,1,1,1,1,0,0,0,1,1,1,0,1,1,1,1,1,0,0,0.4985140728476822,0.001875,0.9956333333333334,-0.008432925235273695,0.03461043544797545,1.0,1.0,21.4,False,
278,1,20288726,0.2,B012378/S023456,1,1,1,1,0,0,0,1,1,1,0,1,1,1,1,1,0,0,0.514739238410596,0.0675,0.8781249999999996,-0.028855001742767596,0.35667590800903115,1.0,0.999375,24.6,False,
278,2,20288727,0.3,B012378/S023456,1,1,1,1,0,0,0,1,1,1,0,1,1,1,1,1,0,0,0.5667218543046358,0.55875,0.1192125,-0.027703794876263697,0.9733323096014804,1.0,1.0,17.2,False,
278,3,20288728,0.4,B012378/S023456,1,1,1,1,0,0,0,1,1,1,0,1,1,1,1,1,0,0,0.5709064569536424,0.57,0.060683333333333325,-0.020085177762287337,0.9839286436192811,1.0,0.995,5.0,False,
278,4,20288729,0.5,B012378/S023456,1,1,1,1,0,0,0,1,1,1,0,1,1,1,1,1,0,0,0.5671688741721853,0.5625,0.04485,-0.01257145346810795,0.9864938622690168,1.0,0.99875,2.0,False,
279,0,20288825,0.1,B23/S02467,0,0,1,1,0,0,0,0,0,1,0,1,0,1,0,1,1,0,0.45846440397350996,0.4575,0.4317625,0.030001960613454216,0.9901894088358282,1.0,0.776875,34.0,False,
279,1,20288826,0.2,B23/S02467,0,0,1,1,0,0,0,0,0,1,0,1,0,1,0,1,1,0,0.4624461920529801,0.485,0.43345000000000006,0.01095460090623893,0.9939445554692297,1.0,0.609375,33.8,False,
279,2,20288827,0.3,B23/S02467,0,0,1,1,0,0,0,0,0,1,0,1,0,1,0,1,1,0,0.46199089403973514,0.455625,0.43280833333333335,0.0035790998605779115,0.9943919622671177,1.0,0.611875,28.4,False,
279,3,20288828,0.4,B23/S02467,0,0,1,1,0,0,0,0,0,1,0,1,0,1,0,1,1,0,0.46254139072847683,0.46875,0.43608749999999996,0.006197499128615854,0.9951810940379568,1.0,0.608125,18.4,False,
279,4,20288829,0.5,B23/S02467,0,0,1,1,0,0,0,0,0,1,0,1,0,1,0,1,1,0,0.463683774834437,0.4775,0.4342666666666667,0.0021387025095850084,0.9952170260550554,1.0,0.62625,12.6,False,
280,0,20288925,0.1,B134567/S238,0,1,0,1,1,1,1,1,0,0,0,1,1,0,0,0,0,1,0.5178600993377482,0.48625,0.7789583333333333,0.015564329905890377,0.9938356878765586,1.0,0.659375,34.6,False,
280,1,20288926,0.2,B134567/S238,0,1,0,1,1,1,1,1,0,0,0,1,1,0,0,0,0,1,0.5186837748344371,0.50875,0.7791541666666668,0.007843434123387491,0.9962184019495953,1.0,0.6543749999999999,32.6,False,
280,2,20288927,0.3,B134567/S238,0,1,0,1,1,1,1,1,0,0,0,1,1,0,0,0,0,1,0.5188203642384106,0.5225,0.7788375,0.00517438567445019,0.9966399843611446,1.0,0.6543749999999999,27.0,False,
280,3,20288928,0.4,B134567/S238,0,1,0,1,1,1,1,1,0,0,0,1,1,0,0,0,0,1,0.5212789735099337,0.4875,0.7789958333333333,0.002788972638549768,0.9967286824048582,1.0,0.669375,20.8,False,
280,4,20288929,0.5,B134567/S238,0,1,0,1,1,1,1,1,0,0,0,1,1,0,0,0,0,1,0.5201407284768211,0.51125,0.7800291666666668,-0.0013093630184738039,0.9975406102505436,1.0,0.65875,17.0,False,
281,0,20289025,0.1,B0157/S1568,1,1,0,0,0,1,0,1,0,0,1,0,0,0,1,1,0,1,0.36526903973509933,0.331875,0.4578083333333333,-0.019828990937609495,0.9394807000826613,1.0,0.643125,64.2,False,
281,1,20289026,0.2,B0157/S1568,1,1,0,0,0,1,0,1,0,0,1,0,0,0,1,1,0,1,0.3615355960264901,0.341875,0.4609125,-0.0011028450679682609,0.9416622421628936,1.0,0.615625,64.2,False,
281,2,20289027,0.3,B0157/S1568,1,1,0,0,0,1,0,1,0,0,1,0,0,0,1,1,0,1,0.3610844370860928,0.358125,0.45817916666666664,0.0032435081910072,0.9418694473159265,1.0,0.59625,54.6,False,
281,3,20289028,0.4,B0157/S1568,1,1,0,0,0,1,0,1,0,0,1,0,0,0,1,1,0,1,0.3630670529801325,0.389375,0.45752916666666654,-0.001572738759149664,0.9432500034842679,1.0,0.596875,42.2,False,
281,4,20289029,0.5,B0157/S1568,1,1,0,0,0,1,0,1,0,0,1,0,0,0,1,1,0,1,0.36435430463576157,0.35,0.4603583333333333,-0.004689787382363459,0.9441958643426852,1.0,0.60625,38.6,False,
282,0,20289125,0.1,B01345678/S013578,1,1,0,1,1,1,1,1,1,1,1,0,1,0,1,0,1,1,0.6832615894039734,0.683125,0.6232166666666665,0.0034693055071447648,0.8929987027240543,1.0,0.72875,26.0,False,
282,1,20289126,0.2,B01345678/S013578,1,1,0,1,1,1,1,1,1,1,1,0,1,0,1,0,1,1,0.6795157284768212,0.68625,0.6307791666666667,0.015494728128267226,0.899999758061351,1.0,0.6956249999999999,25.2,False,
282,2,20289127,0.3,B01345678/S013578,1,1,0,1,1,1,1,1,1,1,1,0,1,0,1,0,1,1,0.6825289735099337,0.691875,0.6258916666666666,0.01620708434994739,0.8983493984165705,1.0,0.6975,16.0,False,
282,3,20289128,0.4,B01345678/S013578,1,1,0,1,1,1,1,1,1,1,1,0,1,0,1,0,1,1,0.6827317880794702,0.671875,0.6270208333333332,0.007030106308817902,0.8993877644320951,1.0,0.6893750000000001,5.8,False,
282,4,20289129,0.5,B01345678/S013578,1,1,0,1,1,1,1,1,1,1,1,0,1,0,1,0,1,1,0.6840314569536423,0.6825,0.62515,0.011115044440570933,0.8986392605740344,1.0,0.6993750000000001,2.0,False,
283,0,20289225,0.1,B0134/S04678,1,1,0,1,1,0,0,0,0,1,0,0,0,1,0,1,1,1,0.4847019867549669,0.4875,0.5626916666666667,-0.0533329339491116,0.9875515054159282,1.0,0.824375,23.6,False,
283,1,20289226,0.2,B0134/S04678,1,1,0,1,1,0,0,0,0,1,0,0,0,1,0,1,1,1,0.47428394039735094,0.459375,0.5756041666666666,-0.0034549276751490404,0.9957576094165022,1.0,0.583125,32.4,False,
283,2,20289227,0.3,B0134/S04678,1,1,0,1,1,0,0,0,0,1,0,0,0,1,0,1,1,1,0.47386175496688737,0.480625,0.5777541666666667,0.00407578860230027,0.996957859227422,1.0,0.5525,24.6,False,
283,3,20289228,0.4,B0134/S04678,1,1,0,1,1,0,0,0,0,1,0,0,0,1,0,1,1,1,0.4729842715231788,0.489375,0.5799291666666666,0.002933731265248573,0.9972505068268533,1.0,0.54375,10.4,False,
283,4,20289229,0.5,B0134/S04678,1,1,0,1,1,0,0,0,0,1,0,0,0,1,0,1,1,1,0.4737872516556292,0.476875,0.5778666666666668,-0.006004051934472497,0.9973975534600908,1.0,0.540625,8.2,False,
284,0,20289325,0.1,B0347/S134,1,0,0,1,1,0,0,1,0,0,1,0,1,1,0,0,0,0,0.47548841059602637,0.5225,0.5101125,0.017567096549320114,0.9937144994359814,1.0,0.639375,24.2,False,
284,1,20289326,0.2,B0347/S134,1,0,0,1,1,0,0,1,0,0,1,0,1,1,0,0,0,0,0.47605960264900654,0.469375,0.5056875000000001,0.01126241721854275,0.9954744018632644,1.0,0.62625,30.4,False,
284,2,20289327,0.3,B0347/S134,1,0,0,1,1,0,0,1,0,0,1,0,1,1,0,0,0,0,0.4762996688741722,0.50375,0.5065083333333333,0.00977333130010442,0.9967946436191916,1.0,0.5575,19.0,False,
284,3,20289328,0.4,B0347/S134,1,0,0,1,1,0,0,1,0,0,1,0,1,1,0,0,0,0,0.4785347682119206,0.4775,0.5085083333333333,0.004705799058905324,0.9974413499663417,1.0,0.55625,13.6,False,
284,4,20289329,0.5,B0347/S134,1,0,0,1,1,0,0,1,0,0,1,0,1,1,0,0,0,0,0.47864652317880796,0.4575,0.5069416666666668,-0.003999324677588079,0.9976208747134138,1.0,0.544375,6.8,False,
285,0,20289425,0.1,B3456/S012348,0,0,0,1,1,1,1,0,0,1,1,1,1,1,0,0,0,1,0.5484105960264901,0.555,0.6086500000000001,0.11649442314395204,0.9707884568833111,1.0,0.97375,26.4,False,
285,1,20289426,0.2,B3456/S012348,0,0,0,1,1,1,1,0,0,1,1,1,1,1,0,0,0,1,0.5634809602649006,0.5575,0.6270458333333334,0.024247886894387845,0.9830888422231061,1.0,0.81,28.2,False,
285,2,20289427,0.3,B3456/S012348,0,0,0,1,1,1,1,0,0,1,1,1,1,1,0,0,0,1,0.565716059602649,0.61,0.6294875,0.00928350470547179,0.9839352937463427,1.0,0.65125,23.6,False,
285,3,20289428,0.4,B3456/S012348,0,0,0,1,1,1,1,0,0,1,1,1,1,1,0,0,0,1,0.56846440397351,0.5275,0.6334708333333333,-0.0042930899268045905,0.9835320339956425,1.0,0.611875,9.6,False,
285,4,20289429,0.5,B3456/S012348,0,0,0,1,1,1,1,0,0,1,1,1,1,1,0,0,0,1,0.5716639072847681,0.57375,0.6348583333333334,-6.175932380648857e-05,0.9826012593346678,1.0,0.6287499999999999,7.8,False,
286,0,20289525,0.1,B67/S3568,0,0,0,0,0,0,1,1,0,0,0,0,1,0,1,1,0,1,0.0005339403973509934,0.0,0.0005333333333333334,-0.003161162425932392,0.0027134635952737788,0.013333333333333334,1.0,17.0,True,2.0
286,1,20289526,0.2,B67/S3568,0,0,0,0,0,0,1,1,0,0,0,0,1,0,1,1,0,1,0.003981788079470199,0.0025,0.0012791666666666665,-0.008752178459393547,0.031184153201776747,1.0,1.0,22.8,False,
286,2,20289527,0.3,B67/S3568,0,0,0,0,0,0,1,1,0,0,0,0,1,0,1,1,0,1,0.002843543046357616,0.0,0.0021249999999999993,-0.016751154583478606,0.010350378082199048,0.03333333333333333,1.0,16.4,True,5.0
286,3,20289528,0.4,B67/S3568,0,0,0,0,0,0,1,1,0,0,0,0,1,0,1,1,0,1,0.007152317880794703,0.0025,0.003070833333333334,-0.027321475252701347,0.03970330608881408,1.0,1.0,6.0,False,
286,4,20289529,0.5,B67/S3568,0,0,0,0,0,0,1,1,0,0,0,0,1,0,1,1,0,1,0.01092301324503311,0.0025,0.005054166666666667,-0.04918166172882545,0.04761521994960872,1.0,1.0,1.6,False,
287,0,20289625,0.1,B1234/S123467,0,1,1,1,1,0,0,0,0,0,1,1,1,1,0,1,1,0,0.5428849337748345,0.525625,0.10008750000000001,-0.0398412992331829,0.9892476802962638,1.0,0.985,22.6,False,
287,1,20289626,0.2,B1234/S123467,0,1,1,1,1,0,0,0,0,0,1,1,1,1,0,1,1,0,0.5371937086092714,0.5225,0.09932916666666668,-0.07009323806204312,0.9896516349841046,1.0,0.9975,25.0,False,
287,2,20289627,0.3,B1234/S123467,0,1,1,1,1,0,0,0,0,0,1,1,1,1,0,1,1,0,0.5456208609271523,0.525625,0.11747916666666666,-0.07093924276751533,0.9877739402404336,1.0,0.99,17.6,False,
287,3,20289628,0.4,B1234/S123467,0,1,1,1,1,0,0,0,0,0,1,1,1,1,0,1,1,0,0.5449668874172184,0.518125,0.11549999999999999,-0.06784800888811438,0.9900736109544913,1.0,0.98125,7.4,False,
287,4,20289629,0.5,B1234/S123467,0,1,1,1,1,0,0,0,0,0,1,1,1,1,0,1,1,0,0.5416556291390728,0.526875,0.0952375,-0.07693316486580763,0.9925070648229558,1.0,0.99125,2.6,False,
288,0,20289725,0.1,B456/S1234,0,0,0,0,1,1,1,0,0,0,1,1,1,1,0,0,0,0,0.06283940397350993,0.06,0.0049625,-0.004981592018124829,0.33845521336073053,1.0,1.0,46.8,False,
288,1,20289726,0.2,B456/S1234,0,0,0,0,1,1,1,0,0,0,1,1,1,1,0,0,0,0,0.23768625827814568,0.1975,0.12605000000000002,-0.040023309515510676,0.7898620996574368,1.0,0.94375,54.0,False,
288,2,20289727,0.3,B456/S1234,0,0,0,0,1,1,1,0,0,0,1,1,1,1,0,0,0,0,0.36973509933774834,0.33625,0.27518750000000003,-0.053159746427326765,0.9484061701526478,1.0,0.8200000000000001,26.2,False,
288,3,20289728,0.4,B456/S1234,0,0,0,0,1,1,1,0,0,0,1,1,1,1,0,0,0,0,0.34345612582781465,0.380625,0.24387083333333331,-0.047237386720111914,0.9252809695115296,1.0,0.836875,19.4,False,
288,4,20289729,0.5,B456/S1234,0,0,0,0,1,1,1,0,0,0,1,1,1,1,0,0,0,0,0.3745198675496688,0.35625,0.2816083333333333,0.047950723248518574,0.9504075845664076,1.0,0.8225,14.2,False,
289,0,20289825,0.1,B023568/S03458,1,0,1,1,0,1,1,0,1,1,0,0,1,1,1,0,0,1,0.605989238410596,0.6125,0.5230166666666666,0.01586887852910404,0.9607442116201697,1.0,0.5800000000000001,21.4,False,
289,1,20289826,0.2,B023568/S03458,1,0,1,1,0,1,1,0,1,1,0,0,1,1,1,0,0,1,0.6064652317880794,0.5875,0.5241916666666666,0.01647568839316815,0.9627043378229316,1.0,0.61375,26.8,False,
289,2,20289827,0.3,B023568/S03458,1,0,1,1,0,1,1,0,1,1,0,0,1,1,1,0,0,1,0.6076821192052981,0.65875,0.5233333333333333,0.010396806378528163,0.9632024437200346,1.0,0.6056250000000001,19.4,False,
289,3,20289828,0.4,B023568/S03458,1,0,1,1,0,1,1,0,1,1,0,0,1,1,1,0,0,1,0.6075041390728478,0.614375,0.5229958333333333,0.008050932380620155,0.9641497079092739,1.0,0.595,11.4,False,
289,4,20289829,0.5,B023568/S03458,1,0,1,1,0,1,1,0,1,1,0,0,1,1,1,0,0,1,0.6069867549668874,0.634375,0.5237624999999999,0.004710373823631393,0.9652504346120774,1.0,0.58875,3.8,False,
290,0,20289925,0.1,B23567/S0348,0,0,1,1,0,1,1,1,0,1,0,0,1,1,0,0,0,1,0.5243584437086092,0.535,0.6400833333333332,0.041690484489368795,0.9907416388847594,1.0,0.785625,25.8,False,
290,1,20289926,0.2,B23567/S0348,0,0,1,1,0,1,1,1,0,1,0,0,1,1,0,0,0,1,0.5287210264900661,0.555625,0.6446750000000001,0.01945124607877261,0.9942398919928976,1.0,0.561875,29.0,False,
290,2,20289927,0.3,B23567/S0348,0,0,1,1,0,1,1,1,0,1,0,0,1,1,0,0,0,1,0.5304842715231789,0.529375,0.6460208333333334,0.0061256099686301056,0.9954000743343651,1.0,0.5643750000000001,21.2,False,
290,3,20289928,0.4,B23567/S0348,0,0,1,1,0,1,1,1,0,1,0,0,1,1,0,0,0,1,0.5322971854304636,0.528125,0.647675,0.004203555245729337,0.9956943627719762,1.0,0.56375,9.8,False,
290,4,20289929,0.5,B23567/S0348,0,0,1,1,0,1,1,1,0,1,0,0,1,1,0,0,0,1,0.5325951986754967,0.531875,0.6499375,0.0002588009759492916,0.9959371531540655,1.0,0.575,6.2,False,
291,0,20290025,0.1,B023456/S13467,1,0,1,1,1,1,1,0,0,0,1,0,1,1,0,1,1,0,0.695455298013245,0.71,0.44845833333333324,0.026621863018472726,0.8782057986125908,1.0,0.6268750000000001,19.0,False,
291,1,20290026,0.2,B023456/S13467,1,0,1,1,1,1,1,0,0,0,1,0,1,1,0,1,1,0,0.6957905629139074,0.675625,0.44925833333333337,0.022283025444405195,0.8804229275133257,1.0,0.631875,25.4,False,
291,2,20290027,0.3,B023456/S13467,1,0,1,1,1,1,1,0,0,0,1,0,1,1,0,1,1,0,0.6978311258278146,0.71875,0.44840833333333335,0.012988737364935565,0.880043066879422,1.0,0.63625,15.0,False,
291,3,20290028,0.4,B023456/S13467,1,0,1,1,1,1,1,0,0,0,1,0,1,1,0,1,1,0,0.6991266556291391,0.701875,0.44622500000000004,0.012427675148135142,0.8798551661761209,1.0,0.70875,2.6,False,
291,4,20290029,0.5,B023456/S13467,1,0,1,1,1,1,1,0,0,0,1,0,1,1,0,1,1,0,0.6979263245033112,0.6975,0.4510958333333332,0.00839077204600852,0.8821210454560591,1.0,0.6581250000000001,1.6,False,
292,0,20290125,0.1,B1235678/S123678,0,1,1,1,0,1,1,1,1,0,1,1,1,0,0,1,1,1,0.9555380794701984,0.99,0.0698,0.18451431247821534,0.17471993935479826,1.0,1.0,19.8,False,
292,1,20290126,0.2,B1235678/S123678,0,1,1,1,0,1,1,1,1,0,1,1,1,0,0,1,1,1,0.9854759933774837,0.9975,0.021029166666666668,0.06809994771697368,0.06277258781807508,1.0,1.0,25.4,False,
292,2,20290127,0.3,B1235678/S123678,0,1,1,1,0,1,1,1,1,0,1,1,1,0,0,1,1,1,0.9822723509933778,0.995,0.02736666666666667,0.07238029365632526,0.08458236652885215,1.0,1.0,14.4,False,
292,3,20290128,0.4,B1235678/S123678,0,1,1,1,0,1,1,1,1,0,1,1,1,0,0,1,1,1,0.9750372516556294,0.995,0.04026250000000001,0.11009988236319246,0.11092700263205318,1.0,1.0,7.4,False,
292,4,20290129,0.5,B1235678/S123678,0,1,1,1,0,1,1,1,1,0,1,1,1,0,0,1,1,1,0.9523758278145698,0.9975,0.07507916666666664,0.23098967410247437,0.16398955091014,1.0,1.0,2.0,False,
293,0,20290225,0.1,B0145678/S035,1,1,0,0,1,1,1,1,1,1,0,0,1,0,1,0,0,0,0.5407615894039736,0.551875,0.6427708333333334,0.0267414604391769,0.9865615990102327,1.0,0.735625,23.2,False,
293,1,20290226,0.2,B0145678/S035,1,1,0,0,1,1,1,1,1,1,0,0,1,0,1,0,0,0,0.5402152317880794,0.539375,0.64025,0.01730960264900661,0.9919257542619849,1.0,0.61375,25.2,False,
293,2,20290227,0.3,B0145678/S035,1,1,0,0,1,1,1,1,1,1,0,0,1,0,1,0,0,0,0.5413824503311259,0.53,0.6367375000000001,0.01762591495294461,0.9928594504303511,1.0,0.588125,17.4,False,
293,3,20290228,0.4,B0145678/S035,1,1,0,0,1,1,1,1,1,1,0,0,1,0,1,0,0,0,0.5446937086092716,0.550625,0.6403833333333333,0.01376938828860197,0.9929677146031474,1.0,0.5875,10.0,False,
293,4,20290229,0.5,B0145678/S035,1,1,0,0,1,1,1,1,1,1,0,0,1,0,1,0,0,0,0.5455422185430463,0.5475,0.64045,-0.0030464665388644594,0.9932139085794339,1.0,0.586875,4.4,False,
294,0,20290325,0.1,B0467/S13568,1,0,0,0,1,0,1,1,0,0,1,0,1,0,1,1,0,1,0.4010844370860927,0.38875,0.34178333333333333,-0.036129531195538876,0.9672078770556347,1.0,0.740625,42.0,False,
294,1,20290326,0.2,B0467/S13568,1,0,0,0,1,0,1,1,0,0,1,0,1,0,1,1,0,1,0.4032077814569537,0.395625,0.3410625000000001,0.045688502091320714,0.9698060422855801,1.0,0.7424999999999999,48.4,False,
294,2,20290327,0.3,B0467/S13568,1,0,0,0,1,0,1,1,0,0,1,0,1,0,1,1,0,1,0.4010596026490066,0.40125,0.33923749999999997,0.0510903189264548,0.969287573465652,1.0,0.71625,42.4,False,
294,3,20290328,0.4,B0467/S13568,1,0,0,0,1,0,1,1,0,0,1,0,1,0,1,1,0,1,0.4045736754966887,0.41375,0.3411125,0.010385042697803826,0.9726466439771552,1.0,0.69,33.6,False,
294,4,20290329,0.5,B0467/S13568,1,0,0,0,1,0,1,1,0,0,1,0,1,0,1,1,0,1,0.41342715231788074,0.420625,0.3447,-0.06492538776577261,0.975553183794075,1.0,0.6893750000000001,22.2,False,
295,0,20290425,0.1,B01367/S0134578,1,1,0,1,0,0,1,1,0,1,1,0,1,1,1,0,1,1,0.6284975165562915,0.645,0.329375,-0.01057456866504032,0.9431867080754953,1.0,0.794375,20.8,False,
295,1,20290426,0.2,B01367/S0134578,1,1,0,1,0,0,1,1,0,1,1,0,1,1,1,0,1,1,0.624739238410596,0.64125,0.3285375,0.014481417741372968,0.9503294236802546,1.0,0.708125,22.8,False,
295,2,20290427,0.3,B01367/S0134578,1,1,0,1,0,0,1,1,0,1,1,0,1,1,1,0,1,1,0.6262624172185431,0.631875,0.3312833333333334,0.017405345939351072,0.9507599084538217,1.0,0.72125,20.2,False,
295,3,20290428,0.4,B01367/S0134578,1,1,0,1,0,0,1,1,0,1,1,0,1,1,1,0,1,1,0.6274089403973511,0.63,0.33058750000000003,0.019852191530149752,0.9511635273704551,1.0,0.698125,5.6,False,
295,4,20290429,0.5,B01367/S0134578,1,1,0,1,0,0,1,1,0,1,1,0,1,1,1,0,1,1,0.6271523178807947,0.63875,0.32580833333333337,0.005653428895084793,0.9521549444010066,1.0,0.7068749999999999,2.6,False,
296,0,20290525,0.1,B1678/S05,0,1,0,0,0,0,1,1,1,1,0,0,0,0,1,0,0,0,0.24572019867549671,0.275625,0.4193166666666667,0.005139094632275742,0.8018601729381805,1.0,0.7625,71.6,False,
296,1,20290526,0.2,B1678/S05,0,1,0,0,0,0,1,1,1,1,0,0,0,0,1,0,0,0,0.2494536423841059,0.270625,0.4231875,0.0038473771348898804,0.8090150265648189,1.0,0.684375,77.6,False,
296,2,20290527,0.3,B1678/S05,0,1,0,0,0,0,1,1,1,1,0,0,0,0,1,0,0,0,0.24721440397350994,0.264375,0.42259583333333334,0.0007809776925755369,0.8054645266844286,1.0,0.6856249999999999,68.0,False,
296,3,20290528,0.4,B1678/S05,0,1,0,0,0,0,1,1,1,1,0,0,0,0,1,0,0,0,0.25088990066225164,0.231875,0.42474166666666663,0.0008022176716623643,0.8111057778320069,1.0,0.7075,59.2,False,
296,4,20290529,0.5,B1678/S05,0,1,0,0,0,0,1,1,1,1,0,0,0,0,1,0,0,0,0.2501365894039735,0.245,0.42405416666666673,-0.010019388288602535,0.808668210155779,1.0,0.685,58.0,False,
297,0,20290625,0.1,B1267/S01235,0,1,1,0,0,0,1,1,0,1,1,1,1,0,1,0,0,0,0.43134933774834433,0.42125,0.1881625,-0.0056253267689091125,0.9825352779816258,1.0,0.863125,55.4,False,
297,1,20290626,0.2,B1267/S01235,0,1,1,0,0,0,1,1,0,1,1,1,1,0,1,0,0,0,0.4287582781456954,0.41625,0.17640833333333336,-0.03003071627744904,0.9816483306144751,1.0,0.9125,62.0,False,
297,2,20290627,0.3,B1267/S01235,0,1,1,0,0,0,1,1,0,1,1,1,1,0,1,0,0,0,0.43126655629139077,0.42125,0.17664583333333334,-0.018110840013942194,0.9849832814668102,1.0,0.8981250000000001,45.0,False,
297,3,20290628,0.4,B1267/S01235,0,1,1,0,0,0,1,1,0,1,1,1,1,0,1,0,0,0,0.42713990066225166,0.4175,0.1592958333333333,-0.028386088358313376,0.9840184743810959,1.0,0.91875,49.8,False,
297,4,20290629,0.5,B1267/S01235,0,1,1,0,0,0,1,1,0,1,1,1,1,0,1,0,0,0,0.4290728476821192,0.43,0.1648666666666667,-0.0117398265946329,0.9848147587764352,1.0,0.896875,38.8,False,
298,0,20290725,0.1,B2457/S0145678,0,0,1,0,1,1,0,1,0,1,1,0,0,1,1,1,1,1,0.9363948675496693,0.961875,0.013408333333333333,0.1462601298361792,0.263521331489357,1.0,1.0,21.4,False,
298,1,20290726,0.2,B2457/S0145678,0,0,1,0,1,1,0,1,0,1,1,0,0,1,1,1,1,1,0.9385471854304637,0.95375,0.011029166666666668,0.08818675932380572,0.29263740577235203,1.0,1.0,24.6,False,
298,2,20290727,0.3,B2457/S0145678,0,0,1,0,1,1,0,1,0,1,1,0,0,1,1,1,1,1,0.9376779801324504,0.949375,0.010270833333333333,0.06814667567096493,0.3075568394524328,1.0,1.0,16.0,False,
298,3,20290728,0.4,B2457/S0145678,0,0,1,0,1,1,0,1,0,1,1,0,0,1,1,1,1,1,0.9388369205298015,0.948125,0.008916666666666668,0.05415410421749685,0.31169636015557334,1.0,1.0,6.0,False,
298,4,20290729,0.5,B2457/S0145678,0,0,1,0,1,1,0,1,0,1,1,0,0,1,1,1,1,1,0.9346274834437084,0.94125,0.006720833333333333,0.03874041477866782,0.335908965216928,1.0,1.0,2.4,False,
299,0,20290825,0.1,B023458/S0257,1,0,1,1,1,1,0,0,1,1,0,1,0,0,1,0,1,0,0.5587086092715232,0.581875,0.6696291666666667,0.016065266643429887,0.9847139615476362,1.0,0.5856250000000001,24.2,False,
299,1,20290826,0.2,B023458/S0257,1,0,1,1,1,1,0,0,1,1,0,1,0,0,1,0,1,0,0.5596895695364239,0.565,0.6689708333333334,0.012708696409898385,0.9861145361283867,1.0,0.596875,27.6,False,
299,2,20290827,0.3,B023458/S0257,1,0,1,1,1,1,0,0,1,1,0,1,0,0,1,0,1,0,0.5616763245033113,0.54875,0.669725,0.008428350470547128,0.9868307434523405,1.0,0.603125,16.6,False,
299,3,20290828,0.4,B023458/S0257,1,0,1,1,1,1,0,0,1,1,0,1,0,0,1,0,1,0,0.5608899006622515,0.540625,0.6708000000000001,0.00325004356918745,0.9876675027426678,1.0,0.5875,10.6,False,
299,4,20290829,0.5,B023458/S0257,1,0,1,1,1,1,0,0,1,1,0,1,0,0,1,0,1,0,0.5621771523178808,0.56625,0.6714375,0.002944841408155516,0.9881824093477704,1.0,0.5900000000000001,4.8,False,
300,0,20290925,0.1,B013468/S048,1,1,0,1,1,0,1,0,1,1,0,0,0,1,0,0,0,1,0.47430463576158943,0.474375,0.6715541666666667,-0.0037085003485534947,0.991638242738302,1.0,0.58875,26.6,False,
300,1,20290926,0.2,B013468/S048,1,1,0,1,1,0,1,0,1,1,0,0,0,1,0,0,0,1,0.47456125827814566,0.4675,0.6743083333333334,0.008481940571627352,0.9955200388154278,1.0,0.599375,33.2,False,
300,2,20290927,0.3,B013468/S048,1,1,0,1,1,0,1,0,1,1,0,0,0,1,0,0,0,1,0.4738741721854305,0.448125,0.6750833333333333,0.005056748867201131,0.996884550122637,1.0,0.593125,20.2,False,
300,3,20290928,0.4,B013468/S048,1,1,0,1,1,0,1,0,1,1,0,0,0,1,0,0,0,1,0.4739859271523178,0.485625,0.6735666666666666,0.0005721723597069282,0.9973737195092759,1.0,0.593125,11.6,False,
300,4,20290929,0.5,B013468/S048,1,1,0,1,1,0,1,0,1,1,0,0,0,1,0,0,0,1,0.4755960264900662,0.4625,0.6740083333333334,-0.0009691965841758996,0.9977012007317662,1.0,0.596875,6.6,False,
301,0,20291025,0.1,B3468/S12567,0,0,0,1,1,0,1,0,1,0,1,1,0,0,1,1,1,0,0.5892011589403975,0.639375,0.3572333333333333,0.3407196540606479,0.9110924867357456,1.0,0.89125,23.2,False,
301,1,20291026,0.2,B3468/S12567,0,0,0,1,1,0,1,0,1,0,1,1,0,0,1,1,1,0,0.6384519867549668,0.671875,0.3854041666666666,0.09323207127919061,0.9290411684411625,1.0,0.765625,23.6,False,
301,2,20291027,0.3,B3468/S12567,0,0,0,1,1,0,1,0,1,0,1,1,0,0,1,1,1,0,0.6520529801324504,0.646875,0.38559166666666667,0.03452869031021228,0.9279402696573102,1.0,0.6699999999999999,16.6,False,
301,3,20291028,0.4,B3468/S12567,0,0,0,1,1,0,1,0,1,0,1,1,0,0,1,1,1,0,0.6535306291390728,0.633125,0.3863416666666667,0.025832716103171262,0.9283248487021853,1.0,0.66625,8.4,False,
301,4,20291029,0.5,B3468/S12567,0,0,0,1,1,0,1,0,1,0,1,1,0,0,1,1,1,0,0.6503228476821192,0.656875,0.3905708333333333,0.010903624956430281,0.9323539786545466,1.0,0.659375,1.4,False,
302,0,20291125,0.1,B04578/S0134567,1,0,0,0,1,1,0,1,1,1,1,0,1,1,1,1,1,0,0.7172309602649006,0.72375,0.2371666666666667,0.04079350383408769,0.8479172577079012,1.0,0.875,19.8,False,
302,1,20291126,0.2,B04578/S0134567,1,0,0,0,1,1,0,1,1,1,1,0,1,1,1,1,1,0,0.7171233443708609,0.72125,0.23297916666666665,0.06352060822586184,0.8466786989484179,1.0,0.876875,23.6,False,
302,2,20291127,0.3,B04578/S0134567,1,0,0,0,1,1,0,1,1,1,1,0,1,1,1,1,1,0,0.7184685430463577,0.7575,0.23506666666666665,0.04890292784942405,0.8488603846399818,1.0,0.8725,14.0,False,
302,3,20291128,0.4,B04578/S0134567,1,0,0,0,1,1,0,1,1,1,1,0,1,1,1,1,1,0,0.7220985099337749,0.733125,0.27163333333333334,0.024201158940396976,0.8483392539662773,1.0,0.838125,5.8,False,
302,4,20291129,0.5,B04578/S0134567,1,0,0,0,1,1,0,1,1,1,1,0,1,1,1,1,1,0,0.7244908940397351,0.72875,0.24270416666666667,0.0021965406064823846,0.8471913482469393,1.0,0.846875,2.4,False,
303,0,20291225,0.1,B0257/S247,1,0,1,0,0,1,0,1,0,0,0,1,0,1,0,0,1,0,0.3919122516556291,0.359375,0.4371791666666667,0.002071388114325017,0.9625430327486245,1.0,0.62625,41.2,False,
303,1,20291226,0.2,B0257/S247,1,0,1,0,0,1,0,1,0,0,0,1,0,1,0,0,1,0,0.39350993377483445,0.38875,0.43456666666666666,0.004842061693969698,0.9656190009234963,1.0,0.593125,53.6,False,
303,2,20291227,0.3,B0257/S247,1,0,1,0,0,1,0,1,0,0,0,1,0,1,0,0,1,0,0.39432119205298016,0.409375,0.43563750000000007,0.007512090449633495,0.9669379018282993,1.0,0.59625,36.2,False,
303,3,20291228,0.4,B0257/S247,1,0,1,0,0,1,0,1,0,0,0,1,0,1,0,0,1,0,0.39517798013245026,0.3725,0.43631666666666663,-0.0004999564308123274,0.9675848000374545,1.0,0.603125,31.8,False,
303,4,20291229,0.5,B0257/S247,1,0,1,0,0,1,0,1,0,0,0,1,0,1,0,0,1,0,0.39580298013245035,0.42125,0.43508333333333343,-0.0005143342628097394,0.9677387172220823,1.0,0.59375,20.2,False,
304,0,20291325,0.1,B12468/S12357,0,1,1,0,1,0,1,0,1,0,1,1,1,0,1,0,1,0,0.5442880794701986,0.546875,0.4683125,0.015201943185778772,0.9898820733064917,1.0,0.558125,23.4,False,
304,1,20291326,0.2,B12468/S12357,0,1,1,0,1,0,1,0,1,0,1,1,1,0,1,0,1,0,0.5472682119205298,0.551875,0.46901666666666664,0.010356287033809001,0.99004827757803,1.0,0.5625,26.4,False,
304,2,20291327,0.3,B12468/S12357,0,1,1,0,1,0,1,0,1,0,1,1,1,0,1,0,1,0,0.5475248344370861,0.545,0.4680791666666666,0.004977670791216365,0.991248769127863,1.0,0.5625,17.0,False,
304,3,20291328,0.4,B12468/S12357,0,1,1,0,1,0,1,0,1,0,1,1,1,0,1,0,1,0,0.5481953642384106,0.534375,0.46472916666666675,0.004972769257580944,0.9918458328781926,1.0,0.573125,12.4,False,
304,4,20291329,0.5,B12468/S12357,0,1,1,0,1,0,1,0,1,0,1,1,1,0,1,0,1,0,0.5497019867549668,0.53875,0.4673166666666667,0.0004146697455551647,0.9922382721879988,1.0,0.5775,3.2,False,
305,0,20291425,0.1,B012456/S012478,1,1,1,0,1,1,1,0,0,1,1,1,0,1,0,0,1,1,0.571510761589404,0.54125,0.6455625,-0.06286935779017144,0.9664996456887203,1.0,0.946875,24.6,False,
305,1,20291426,0.2,B012456/S012478,1,1,1,0,1,1,1,0,0,1,1,1,0,1,0,0,1,1,0.5616059602649007,0.561875,0.6572,-0.013154082432903615,0.9830051397702229,1.0,0.7068749999999999,26.2,False,
305,2,20291427,0.3,B012456/S012478,1,1,1,0,1,1,1,0,0,1,1,1,0,1,0,0,1,1,0.5595736754966889,0.544375,0.658475,0.0033578773091665405,0.9873390476656527,1.0,0.605,19.0,False,
305,3,20291428,0.4,B012456/S012478,1,1,1,0,1,1,1,0,0,1,1,1,0,1,0,0,1,1,0.5601821192052979,0.564375,0.6602416666666666,0.0036585047054721554,0.9884018607769692,1.0,0.60375,6.8,False,
305,4,20291429,0.5,B012456/S012478,1,1,1,0,1,1,1,0,0,1,1,1,0,1,0,0,1,1,0.5597144039735099,0.575,0.6598916666666665,0.00027742680376366917,0.9889145647367207,1.0,0.5918749999999999,4.4,False,
306,0,20291525,0.1,B4678/S02458,0,0,0,0,1,0,1,1,1,1,0,1,0,1,1,0,0,1,0.049081125827814584,0.04875,0.0003083333333333333,-0.001957345765074952,0.28232075859256694,1.0,1.0,80.4,False,
306,1,20291526,0.2,B4678/S02458,0,0,0,0,1,0,1,1,1,1,0,1,0,1,1,0,0,1,0.06718956953642384,0.065625,0.0015916666666666666,-0.009178938654583552,0.3541676899547453,1.0,1.0,87.8,False,
306,2,20291527,0.3,B4678/S02458,0,0,0,0,1,0,1,1,1,1,0,1,0,1,1,0,0,1,0.052611754966887414,0.046875,0.004804166666666667,-0.032848117811084106,0.2907285024593689,1.0,1.0,64.8,False,
306,3,20291528,0.4,B4678/S02458,0,0,0,0,1,0,1,1,1,1,0,1,0,1,1,0,0,1,0.06277731788079471,0.045,0.0176125,-0.09939689351690495,0.3087449243460351,1.0,1.0,39.8,False,
306,4,20291529,0.5,B4678/S02458,0,0,0,0,1,0,1,1,1,1,0,1,0,1,1,0,0,1,0.0703228476821192,0.043125,0.0230125,-0.15031859968630218,0.3151446798444197,1.0,1.0,42.0,False,
307,0,20291625,0.1,B1257/S037,0,1,1,0,0,1,0,1,0,1,0,0,1,0,0,0,1,0,0.39707367549668876,0.4375,0.5766291666666667,0.007750631753223831,0.965639695674728,1.0,0.635,51.4,False,
307,1,20291626,0.2,B1257/S037,0,1,1,0,0,1,0,1,0,1,0,0,1,0,0,0,1,0,0.3991473509933775,0.390625,0.5802958333333333,-0.00022122255141174588,0.9681292896958881,1.0,0.634375,54.0,False,
307,2,20291627,0.3,B1257/S037,0,1,1,0,0,1,0,1,0,1,0,0,1,0,0,0,1,0,0.4001365894039735,0.420625,0.5811083333333332,0.0034264987800625693,0.9697249105783158,1.0,0.6112500000000001,39.4,False,
307,3,20291628,0.4,B1257/S037,0,1,1,0,0,1,0,1,0,1,0,0,1,0,0,0,1,0,0.39970198675496693,0.411875,0.5813583333333332,-0.0014178502962705378,0.9699938827934937,1.0,0.608125,39.2,False,
307,4,20291629,0.5,B1257/S037,0,1,1,0,0,1,0,1,0,1,0,0,1,0,0,0,1,0,0.3998799668874172,0.416875,0.5793541666666667,-0.003145477518299328,0.9691147648691298,1.0,0.6125,22.8,False,
308,0,20291725,0.1,B0258/S024568,1,0,1,0,0,1,0,0,1,1,0,1,0,1,1,1,0,1,0.6109230132450332,0.61625,0.23526250000000004,0.026733291216451075,0.9584908724465552,1.0,0.795625,22.0,False,
308,1,20291726,0.2,B0258/S024568,1,0,1,0,0,1,0,0,1,1,0,1,0,1,1,1,0,1,0.6067466887417219,0.615625,0.24013749999999998,0.03138321279191358,0.9623673426780661,1.0,0.795625,23.6,False,
308,2,20291727,0.3,B0258/S024568,1,0,1,0,0,1,0,0,1,1,0,1,0,1,1,1,0,1,0.6083485099337749,0.60625,0.23679583333333334,0.028845525444405294,0.962482281908629,1.0,0.795625,17.2,False,
308,3,20291728,0.4,B0258/S024568,1,0,1,0,0,1,0,0,1,1,0,1,0,1,1,1,0,1,0.6126200331125827,0.605,0.2343083333333333,0.020763550017427215,0.9612665463393165,1.0,0.8049999999999999,5.8,False,
308,4,20291729,0.5,B0258/S024568,1,0,1,0,0,1,0,0,1,1,0,1,0,1,1,1,0,1,0.6129346026490066,0.643125,0.23590416666666664,0.01806639944231486,0.961894086826394,1.0,0.798125,3.4,False,
309,0,20291825,0.1,B015/S137,1,1,0,0,0,1,0,0,0,0,1,0,1,0,0,0,1,0,0.33984685430463574,0.3375,0.4113833333333333,-0.0037228781805505942,0.918713961949532,1.0,0.655625,79.6,False,
309,1,20291826,0.2,B015/S137,1,1,0,0,0,1,0,0,0,0,1,0,1,0,0,0,1,0,0.33882450331125824,0.331875,0.40691666666666665,-9.410944580025937e-05,0.9216444553680585,1.0,0.659375,84.8,False,
309,2,20291827,0.3,B015/S137,1,1,0,0,0,1,0,0,0,0,1,0,1,0,0,0,1,0,0.33855132450331127,0.33875,0.4061916666666666,0.0025510848727776383,0.9223627549156932,1.0,0.6487499999999999,69.8,False,
309,3,20291828,0.4,B015/S137,1,1,0,0,0,1,0,0,0,0,1,0,1,0,0,0,1,0,0.3390562913907285,0.343125,0.40714166666666673,0.0012139464970371322,0.9225159526898978,1.0,0.6481250000000001,62.6,False,
309,4,20291829,0.5,B015/S137,1,1,0,0,0,1,0,0,0,0,1,0,1,0,0,0,1,0,0.34045529801324503,0.375,0.41073333333333334,-0.005276337574067862,0.9240168606581625,1.0,0.655625,58.2,False,
310,0,20291925,0.1,B12358/S01578,0,1,1,1,0,1,0,0,1,1,1,0,0,0,1,0,1,1,0.4956291390728477,0.48375,0.6390500000000001,0.008923078598814868,0.9951281244260505,1.0,0.5643750000000001,30.0,False,
310,1,20291926,0.2,B12358/S01578,0,1,1,1,0,1,0,0,1,1,1,0,0,0,1,0,1,1,0.49767798013245046,0.50625,0.6390958333333334,-0.0035549189613107808,0.9954063401891062,1.0,0.6487499999999999,33.4,False,
310,2,20291927,0.3,B12358/S01578,0,1,1,1,0,1,0,0,1,1,1,0,0,0,1,0,1,1,0.49535596026490064,0.510625,0.6413791666666667,0.0002532459044962261,0.9978880223935632,1.0,0.563125,20.0,False,
310,3,20291928,0.4,B12358/S01578,0,1,1,1,0,1,0,0,1,1,1,0,0,0,1,0,1,1,0.4953311258278146,0.514375,0.6417625,0.00294157371906536,0.9990924275109979,1.0,0.5587500000000001,12.2,False,
310,4,20291929,0.5,B12358/S01578,0,1,1,1,0,1,0,0,1,1,1,0,0,0,1,0,1,1,0.4963741721854304,0.50125,0.6399875000000002,0.00078457215057489,0.998822962919857,1.0,0.555625,9.2,False,
311,0,20292025,0.1,B4578/S01247,0,0,0,0,1,1,0,1,1,1,1,1,0,1,0,0,1,0,0.08913907284768212,0.08875,0.003029166666666667,-0.0022449024050192547,0.433553174528195,1.0,1.0,99.8,False,
311,1,20292026,0.2,B4578/S01247,0,0,0,0,1,1,0,1,1,1,1,1,0,1,0,0,1,0,0.1447930463576159,0.140625,0.009083333333333336,-0.023109097246427384,0.5955275467705684,1.0,1.0,137.0,False,
311,2,20292027,0.3,B4578/S01247,0,0,0,0,1,1,0,1,1,1,1,1,0,1,0,0,1,0,0.1379759933774834,0.119375,0.026325,-0.09688077291739307,0.5679666563064198,1.0,1.0,111.2,False,
311,3,20292028,0.4,B4578/S01247,0,0,0,0,1,1,0,1,1,1,1,1,0,1,0,0,1,0,0.1522475165562914,0.126875,0.03558333333333332,-0.1326743856744513,0.5966707369508949,1.0,1.0,105.6,False,
311,4,20292029,0.5,B4578/S01247,0,0,0,0,1,1,0,1,1,1,1,1,0,1,0,0,1,0,0.14488824503311257,0.11,0.04722083333333334,-0.17955984227954017,0.5649644651712622,1.0,1.0,83.8,False,
312,0,20292125,0.1,B1247/S3457,0,1,1,0,1,0,0,1,0,0,0,0,1,1,1,0,1,0,0.5873344370860927,0.559375,0.2829125,0.022824481526663994,0.9722266906552425,1.0,0.75875,21.6,False,
312,1,20292126,0.2,B1247/S3457,0,1,1,0,1,0,0,1,0,0,0,0,1,1,1,0,1,0,0.5897971854304636,0.598125,0.2844,0.01320146392471207,0.9732116911057761,1.0,0.759375,24.2,False,
312,2,20292127,0.3,B1247/S3457,0,1,1,0,1,0,0,1,0,0,0,0,1,1,1,0,1,0,0.5893584437086092,0.565,0.28170000000000006,0.011711070930637326,0.9748352948713147,1.0,0.766875,14.8,False,
312,3,20292128,0.4,B1247/S3457,0,1,1,0,1,0,0,1,0,0,0,0,1,1,1,0,1,0,0.5910637417218544,0.5725,0.2796,0.010803306901358438,0.9748244970908404,1.0,0.755625,5.2,False,
312,4,20292129,0.5,B1247/S3457,0,1,1,0,1,0,0,1,0,0,0,0,1,1,1,0,1,0,0.5926490066225166,0.59,0.27579999999999993,0.000917240327639567,0.9745913350234189,1.0,0.765625,3.4,False,
313,0,20292225,0.1,B045678/S0247,1,0,0,0,1,1,1,1,1,1,0,1,0,1,0,0,1,0,0.4800620860927153,0.50125,0.5708875,0.0732387155803412,0.9927331652553733,1.0,0.69875,32.2,False,
313,1,20292226,0.2,B045678/S0247,1,0,0,0,1,1,1,1,1,1,0,1,0,1,0,0,1,0,0.4775786423841059,0.501875,0.566375,0.0743748910770306,0.9924229199908344,1.0,0.6956249999999999,32.2,False,
313,2,20292227,0.3,B045678/S0247,1,0,0,0,1,1,1,1,1,1,0,1,0,1,0,0,1,0,0.4716763245033113,0.494375,0.5553916666666667,0.09716734925060987,0.9925167350210924,1.0,0.6725,22.2,False,
313,3,20292228,0.4,B045678/S0247,1,0,0,0,1,1,1,1,1,1,0,1,0,1,0,0,1,0,0.48767384105960265,0.46,0.5791375,0.025210221331474016,0.9985133038856159,1.0,0.625625,15.8,False,
313,4,20292229,0.5,B045678/S0247,1,0,0,0,1,1,1,1,1,1,0,1,0,1,0,0,1,0,0.49060844370860934,0.505,0.5817375,-0.0133805332868602,0.9985412352682168,1.0,0.6268750000000001,9.8,False,
314,0,20292325,0.1,B046/S14567,1,0,0,0,1,0,1,0,0,0,1,0,0,1,1,1,1,0,0.7527897350993379,0.775,0.0231375,0.11806029975601173,0.7861938727768177,1.0,1.0,20.6,False,
314,1,20292326,0.2,B046/S14567,1,0,0,0,1,0,1,0,0,0,1,0,0,1,1,1,1,0,0.7402069536423842,0.776875,0.03271666666666666,0.20352344022307348,0.786161975544892,1.0,1.0,22.8,False,
314,2,20292327,0.3,B046/S14567,1,0,0,0,1,0,1,0,0,0,1,0,0,1,1,1,1,0,0.7378849337748347,0.773125,0.02981666666666667,0.1856367636807241,0.7961987629948392,1.0,1.0,15.6,False,
314,3,20292328,0.4,B046/S14567,1,0,0,0,1,0,1,0,0,0,1,0,0,1,1,1,1,0,0.7555298013245033,0.776875,0.022825000000000005,0.1231229304635756,0.783406423799932,1.0,1.0,5.6,False,
314,4,20292329,0.5,B046/S14567,1,0,0,0,1,0,1,0,0,0,1,0,0,1,1,1,1,0,0.7627897350993378,0.773125,0.014491666666666667,0.0578975688393165,0.7848573518955779,1.0,1.0,2.0,False,
315,0,20292425,0.1,B2467/S0134,0,0,1,0,1,0,1,1,0,1,1,0,1,1,0,0,0,0,0.4878890728476821,0.48,0.5075833333333334,0.038411358487277544,0.9932141657421136,1.0,0.84375,27.2,False,
315,1,20292426,0.2,B2467/S0134,0,0,1,0,1,0,1,1,0,1,1,0,1,1,0,0,0,0,0.4921150662251655,0.518125,0.5136333333333334,0.022709785639595362,0.9969968109653907,1.0,0.675,28.0,False,
315,2,20292427,0.3,B2467/S0134,0,0,1,0,1,0,1,1,0,1,1,0,1,1,0,0,0,0,0.4949544701986755,0.51125,0.5157875000000002,0.009321736667828042,0.998636154127274,1.0,0.55625,17.6,False,
315,3,20292428,0.4,B2467/S0134,0,0,1,0,1,0,1,1,0,1,1,0,1,1,0,0,0,0,0.4949627483443708,0.484375,0.5148583333333333,0.0024837704775175218,0.9990007846952267,1.0,0.5475,10.8,False,
315,4,20292429,0.5,B2467/S0134,0,0,1,0,1,0,1,1,0,1,1,0,1,1,0,0,0,0,0.49485927152317877,0.489375,0.5149875,0.002969349076333187,0.9991570191587581,1.0,0.5393749999999999,9.0,False,
316,0,20292525,0.1,B0123457/S257,1,1,1,1,1,1,0,1,0,0,0,1,0,0,1,0,1,0,0.580351821192053,0.58,0.6909125,0.010674559951202122,0.9723825277450604,1.0,0.6912499999999999,23.0,False,
316,1,20292526,0.2,B0123457/S257,1,1,1,1,1,1,0,1,0,0,0,1,0,0,1,0,1,0,0.5791473509933774,0.565625,0.6910208333333334,0.006098161380271569,0.9758849150705747,1.0,0.65375,25.2,False,
316,2,20292527,0.3,B0123457/S257,1,1,1,1,1,1,0,1,0,0,0,1,0,0,1,0,1,0,0.5808733443708609,0.569375,0.6879291666666667,0.003955537643777761,0.9780334977173119,1.0,0.61,17.8,False,
316,3,20292528,0.4,B0123457/S257,1,1,1,1,1,1,0,1,0,0,0,1,0,0,1,0,1,0,0.5811630794701987,0.5625,0.6887708333333333,0.0024955341582427342,0.9793814148998679,1.0,0.604375,8.2,False,
316,4,20292529,0.5,B0123457/S257,1,1,1,1,1,1,0,1,0,0,0,1,0,0,1,0,1,0,0.5808443708609271,0.589375,0.6888875000000001,0.001438109968630056,0.9802181258761041,1.0,0.614375,2.8,False,
317,0,20292625,0.1,B2348/S03478,0,0,1,1,1,0,0,0,1,1,0,0,1,1,0,0,1,1,0.5104139072847683,0.543125,0.5401875,0.04031936214708938,0.9917841635505933,1.0,0.818125,25.0,False,
317,1,20292626,0.2,B2348/S03478,0,0,1,1,1,0,0,0,1,1,0,0,1,1,0,0,1,1,0.5137789735099337,0.50375,0.5445541666666666,0.015679679330776526,0.996046852280681,1.0,0.5575,27.4,False,
317,2,20292627,0.3,B2348/S03478,0,0,1,1,1,0,0,0,1,1,0,0,1,1,0,0,1,1,0.5162913907284769,0.519375,0.5467541666666667,0.009641970198675218,0.9961906538371641,1.0,0.57375,17.8,False,
317,3,20292628,0.4,B2348/S03478,0,0,1,1,1,0,0,0,1,1,0,0,1,1,0,0,1,1,0.5171399006622516,0.51625,0.5472166666666667,0.0023314961659110334,0.9971500651580392,1.0,0.558125,11.8,False,
317,4,20292629,0.5,B2348/S03478,0,0,1,1,1,0,0,0,1,1,0,0,1,1,0,0,1,1,0.5176779801324504,0.5275,0.5449375,-0.0007630054025800218,0.9979717846691907,1.0,0.5706249999999999,6.6,False,
318,0,20292725,0.1,B0345678/S458,1,0,0,1,1,1,1,1,1,0,0,0,0,1,1,0,0,1,0.6192798013245032,0.659375,0.6674333333333334,0.03140608661554536,0.9509704308094274,1.0,0.645625,23.4,False,
318,1,20292726,0.2,B0345678/S458,1,0,0,1,1,1,1,1,1,0,0,0,0,1,1,0,0,1,0.6173096026490067,0.575625,0.6692541666666666,0.03475742854653196,0.9531002658543815,1.0,0.6487499999999999,27.8,False,
318,2,20292727,0.3,B0345678/S458,1,0,0,1,1,1,1,1,1,0,0,0,0,1,1,0,0,1,0.6178228476821191,0.6125,0.6710375,0.025085722377134294,0.9548877598793776,1.0,0.6543749999999999,22.2,False,
318,3,20292728,0.4,B0345678/S458,1,0,0,1,1,1,1,1,1,0,0,0,0,1,1,0,0,1,0.6214693708609272,0.620625,0.6714166666666667,0.013194275008712989,0.9551427723752703,1.0,0.669375,11.8,False,
318,4,20292729,0.5,B0345678/S458,1,0,0,1,1,1,1,1,1,0,0,0,0,1,1,0,0,1,0.6244619205298012,0.635625,0.6715083333333333,0.004347333565701958,0.9536928059031273,1.0,0.651875,3.2,False,
319,0,20292825,0.1,B012467/S2357,1,1,1,0,1,0,1,1,0,0,0,1,1,0,1,0,1,0,0.5563783112582782,0.553125,0.5035958333333334,0.00521457825026106,0.9828515906211222,1.0,0.643125,21.8,False,
319,1,20292826,0.2,B012467/S2357,1,1,1,0,1,0,1,1,0,0,0,1,1,0,1,0,1,0,0.5568129139072847,0.559375,0.5045999999999999,0.004366612931335042,0.9868911891724946,1.0,0.55375,25.0,False,
319,2,20292827,0.3,B012467/S2357,1,1,1,0,1,0,1,1,0,0,0,1,1,0,1,0,1,0,0.5566307947019868,0.5525,0.5017375000000001,0.005917784942488087,0.988779442465626,1.0,0.544375,18.2,False,
319,3,20292828,0.4,B012467/S2357,1,1,1,0,1,0,1,1,0,0,0,1,1,0,1,0,1,0,0.5573799668874172,0.55625,0.5008,0.004607114848378246,0.9894977854536207,1.0,0.54125,6.0,False,
319,4,20292829,0.5,B012467/S2357,1,1,1,0,1,0,1,1,0,0,0,1,1,0,1,0,1,0,0.5558609271523179,0.585,0.5007541666666666,0.004942052980131938,0.9904387991172512,1.0,0.541875,3.2,False,
320,0,20292925,0.1,B4567/S14,0,0,0,0,1,1,1,1,0,0,1,0,0,1,0,0,0,0,0.02930463576158941,0.02875,0.0005083333333333333,-0.003277165388637149,0.19034312471258316,1.0,1.0,40.0,False,
320,1,20292926,0.2,B4567/S14,0,0,0,0,1,1,1,1,0,0,1,0,0,1,0,0,0,0,0.03598096026490066,0.03375,0.0022624999999999998,-0.013061933600557756,0.22057750431995116,1.0,1.0,43.4,False,
320,2,20292927,0.3,B4567/S14,0,0,0,0,1,1,1,1,0,0,1,0,0,1,0,0,0,0,0.034838576158940406,0.02875,0.0075375,-0.0353116286162427,0.20631921700723635,1.0,1.0,30.2,False,
320,3,20292928,0.4,B4567/S14,0,0,0,0,1,1,1,1,0,0,1,0,0,1,0,0,0,0,0.023828642384105963,0.0125,0.013570833333333334,-0.06483748692924379,0.13128655993245616,1.0,1.0,12.8,False,
320,4,20292929,0.5,B4567/S14,0,0,0,0,1,1,1,1,0,0,1,0,0,1,0,0,0,0,0.0367591059602649,0.02,0.0216,-0.09542861188567457,0.18298117553283738,1.0,1.0,14.2,False,
321,0,20293025,0.1,B3457/S1236,0,0,0,1,1,1,0,1,0,0,1,1,1,0,0,1,0,0,0.5148261589403973,0.54,0.5959916666666667,0.1763516251307075,0.9677360699137642,1.0,0.935,20.4,False,
321,1,20293026,0.2,B3457/S1236,0,0,0,1,1,1,0,1,0,0,1,1,1,0,0,1,0,0,0.5390066225165564,0.53,0.6247874999999999,0.038612974904147356,0.9907166008818576,1.0,0.759375,27.8,False,
321,2,20293027,0.3,B3457/S1236,0,0,0,1,1,1,0,1,0,0,1,1,1,0,0,1,0,0,0.5430918874172185,0.570625,0.6284958333333334,0.01880195625653503,0.9918977637941353,1.0,0.635,18.6,False,
321,3,20293028,0.4,B3457/S1236,0,0,0,1,1,1,0,1,0,0,1,1,1,0,0,1,0,0,0.5475745033112583,0.56,0.6317958333333333,0.00699220111537094,0.9916240045097497,1.0,0.599375,8.8,False,
321,4,20293029,0.5,B3457/S1236,0,0,0,1,1,1,0,1,0,0,1,1,1,0,0,1,0,0,0.5472061258278145,0.54875,0.6340875,0.002002113105611344,0.9925665314455793,1.0,0.60375,3.4,False,
322,0,20293125,0.1,B13678/S457,0,1,0,1,0,0,1,1,1,0,0,0,0,1,1,0,1,0,0.4253600993377484,0.421875,0.48648749999999996,0.018298078598814528,0.980825590480236,1.0,0.5856250000000001,39.8,False,
322,1,20293126,0.2,B13678/S457,0,1,0,1,0,0,1,1,1,0,0,0,0,1,1,0,1,0,0.4237582781456954,0.42125,0.4863083333333333,0.0188914909376086,0.9813919942635524,1.0,0.58375,37.6,False,
322,2,20293127,0.3,B13678/S457,0,1,0,1,0,0,1,1,1,0,0,0,0,1,1,0,1,0,0.42475993377483434,0.4175,0.4886333333333334,0.011837857267340334,0.982556831128422,1.0,0.5900000000000001,31.2,False,
322,3,20293128,0.4,B13678/S457,0,1,0,1,0,0,1,1,1,0,0,0,0,1,1,0,1,0,0.42376655629139076,0.405625,0.4855541666666666,0.006863127396305335,0.9824691413621532,1.0,0.57125,25.4,False,
322,4,20293129,0.5,B13678/S457,0,1,0,1,0,0,1,1,1,0,0,0,0,1,1,0,1,0,0.4236506622516556,0.44875,0.48745000000000005,-0.007430724991286695,0.9824849418740863,1.0,0.58375,20.4,False,
323,0,20293225,0.1,B136/S0145678,0,1,0,1,0,0,1,0,0,1,1,0,0,1,1,1,1,1,0.8869081125827815,0.905625,0.012895833333333334,0.10694264116416817,0.4753988628414447,1.0,1.0,24.6,False,
323,1,20293226,0.2,B136/S0145678,0,1,0,1,0,0,1,0,0,1,1,0,0,1,1,1,1,1,0.8775165562913905,0.89375,0.0120375,0.0926618595329385,0.511563564310327,1.0,1.0,26.4,False,
323,2,20293227,0.3,B136/S0145678,0,1,0,1,0,0,1,0,0,1,1,0,0,1,1,1,1,1,0.8856415562913907,0.904375,0.014825,0.10654300278842731,0.48324128724300014,1.0,1.0,13.6,False,
323,3,20293228,0.4,B136/S0145678,0,1,0,1,0,0,1,0,0,1,1,0,0,1,1,1,1,1,0.8892839403973509,0.908125,0.014979166666666668,0.1067759890205642,0.47335619377793947,1.0,1.0,9.8,False,
323,4,20293229,0.5,B136/S0145678,0,1,0,1,0,0,1,0,0,1,1,0,0,1,1,1,1,1,0.8916970198675497,0.905625,0.010262499999999999,0.07921303154409112,0.47670179274815255,1.0,1.0,2.0,False,
324,0,20293325,0.1,B245/S1368,0,0,1,0,1,1,0,0,0,0,1,0,1,0,0,1,0,1,0.47374172185430463,0.48875,0.5993041666666666,0.04215514987800593,0.9908979474142129,1.0,0.815625,27.2,False,
324,1,20293326,0.2,B245/S1368,0,0,1,0,1,1,0,0,0,0,1,0,1,0,0,1,0,1,0.4784023178807948,0.4975,0.6039666666666667,0.019625740676193795,0.9962336060797129,1.0,0.615,30.6,False,
324,2,20293327,0.3,B245/S1368,0,0,1,0,1,1,0,0,0,0,1,0,1,0,0,1,0,1,0.48018211920529796,0.4825,0.6068374999999999,0.007164735099337697,0.9976904760851709,1.0,0.56125,22.0,False,
324,3,20293328,0.4,B245/S1368,0,0,1,0,1,1,0,0,0,0,1,0,1,0,0,1,0,1,0.48045115894039736,0.481875,0.6074166666666667,0.0035594937260368495,0.9981828848480978,1.0,0.563125,12.6,False,
324,4,20293329,0.5,B245/S1368,0,0,1,0,1,1,0,0,0,0,1,0,1,0,0,1,0,1,0.48032284768211925,0.465625,0.6083958333333334,-0.0004996296619037242,0.9982871218101588,1.0,0.56,10.4,False,
325,0,20293425,0.1,B23467/S18,0,0,1,1,1,0,1,1,0,0,1,0,0,0,0,0,0,1,0.4371192052980133,0.415625,0.8180208333333334,0.04225742854653133,0.9816958043122425,1.0,0.821875,40.4,False,
325,1,20293426,0.2,B23467/S18,0,0,1,1,1,0,1,1,0,0,1,0,0,0,0,0,0,1,0.44214403973509925,0.4325,0.8232041666666667,0.012941355873126488,0.9881716067706873,1.0,0.763125,38.8,False,
325,2,20293427,0.3,B23467/S18,0,0,1,1,1,0,1,1,0,0,1,0,0,0,0,0,0,1,0.44232201986754954,0.431875,0.8231499999999999,-0.0006283766120602888,0.9875841576974472,1.0,0.755625,35.8,False,
325,3,20293428,0.4,B23467/S18,0,0,1,1,1,0,1,1,0,0,1,0,0,0,0,0,0,1,0.44462334437086093,0.43625,0.8259416666666666,-0.0016276359358667373,0.9901337411531586,1.0,0.753125,25.6,False,
325,4,20293429,0.5,B23467/S18,0,0,1,1,1,0,1,1,0,0,1,0,0,0,0,0,0,1,0.44420529801324493,0.423125,0.8265499999999999,-0.0028219762983623074,0.9901726705475954,1.0,0.76125,22.8,False,
326,0,20293525,0.1,B0234678/S157,1,0,1,1,1,0,1,1,1,0,1,0,0,0,1,0,1,0,0.5160223509933775,0.535,0.7154375000000001,0.013457977518298327,0.9945003626156677,1.0,0.610625,26.2,False,
326,1,20293526,0.2,B0234678/S157,1,0,1,1,1,0,1,1,1,0,1,0,0,0,1,0,1,0,0.515885761589404,0.525625,0.7162541666666666,0.009436105785987381,0.9964557274368937,1.0,0.615,27.6,False,
326,2,20293527,0.3,B0234678/S157,1,0,1,1,1,0,1,1,1,0,1,0,0,0,1,0,1,0,0.5170985099337748,0.530625,0.71635,0.007221592889508014,0.9976219894733228,1.0,0.61875,19.4,False,
326,3,20293528,0.4,B0234678/S157,1,0,1,1,1,0,1,1,1,0,1,0,0,0,1,0,1,0,0.5175662251655629,0.525,0.71715,0.0022190876612053745,0.9982538740140041,1.0,0.615625,14.4,False,
326,4,20293529,0.5,B0234678/S157,1,0,1,1,1,0,1,1,1,0,1,0,0,0,1,0,1,0,0.5176821192052979,0.509375,0.7172083333333332,-0.00010946758452479322,0.998700094825187,1.0,0.60375,4.6,False,
327,0,20293625,0.1,B234568/S1237,0,0,1,1,1,1,1,0,1,0,1,1,1,0,0,0,1,0,0.5747350993377484,0.578125,0.7793458333333334,0.04090754618333892,0.9750669274685135,1.0,0.8356250000000001,24.6,False,
327,1,20293626,0.2,B234568/S1237,0,0,1,1,1,1,1,0,1,0,1,1,1,0,0,0,1,0,0.578841059602649,0.57875,0.7837208333333333,0.02408123475078382,0.9780384877602244,1.0,0.84625,26.0,False,
327,2,20293627,0.3,B234568/S1237,0,0,1,1,1,1,1,0,1,0,1,1,1,0,0,0,1,0,0.5817135761589405,0.593125,0.7841583333333333,0.006843521261763211,0.9767983789864063,1.0,0.839375,15.4,False,
327,3,20293628,0.4,B234568/S1237,0,0,1,1,1,1,1,0,1,0,1,1,1,0,0,0,1,0,0.582280629139073,0.571875,0.7816708333333333,0.006695168177064522,0.9780086406349304,1.0,0.816875,7.4,False,
327,4,20293629,0.5,B234568/S1237,0,0,1,1,1,1,1,0,1,0,1,1,1,0,0,0,1,0,0.58130380794702,0.560625,0.7881833333333333,0.001973030672707792,0.9797685321578383,1.0,0.841875,3.0,False,
328,0,20293725,0.1,B38/S05,0,0,0,1,0,0,0,0,1,1,0,0,0,0,1,0,0,0,0.04699089403973511,0.04625,0.0011833333333333335,-0.004344065876612137,0.2730879111118855,1.0,1.0,81.4,False,
328,1,20293726,0.2,B38/S05,0,0,0,1,0,0,0,0,1,1,0,0,0,0,1,0,0,0,0.04335264900662252,0.040625,0.004595833333333334,-0.015890772046009177,0.2543488230563033,1.0,1.0,76.2,False,
328,2,20293727,0.3,B38/S05,0,0,0,1,0,0,0,0,1,1,0,0,0,0,1,0,0,0,0.0423841059602649,0.0375,0.008041666666666667,-0.028356025618682567,0.24546222511090401,1.0,1.0,63.4,False,
328,3,20293728,0.4,B38/S05,0,0,0,1,0,0,0,0,1,1,0,0,0,0,1,0,0,0,0.03823675496688742,0.0325,0.008741666666666667,-0.03338336528407118,0.2230537386759422,1.0,1.0,46.2,False,
328,4,20293729,0.5,B38/S05,0,0,0,1,0,0,0,0,1,1,0,0,0,0,1,0,0,0,0.04052152317880794,0.034375,0.011933333333333334,-0.03587465144649712,0.23127250183957337,1.0,1.0,43.6,False,
329,0,20293825,0.1,B134/S1357,0,1,0,1,1,0,0,0,0,0,1,0,1,0,1,0,1,0,0.5012210264900663,0.501875,0.5069625,0.024231875217845356,0.9952999281146485,1.0,0.580625,26.6,False,
329,1,20293826,0.2,B134/S1357,0,1,0,1,1,0,0,0,0,0,1,0,1,0,1,0,1,0,0.5044701986754967,0.501875,0.5044708333333333,0.010010238759149116,0.9973894586139029,1.0,0.5525,29.2,False,
329,2,20293827,0.3,B134/S1357,0,1,0,1,1,0,0,0,0,0,1,0,1,0,1,0,1,0,0.5055753311258278,0.510625,0.5057041666666667,0.005550496688741562,0.9982785227922202,1.0,0.569375,24.6,False,
329,3,20293828,0.4,B134/S1357,0,1,0,1,1,0,0,0,0,0,1,0,1,0,1,0,1,0,0.5042922185430463,0.504375,0.5070541666666668,0.001189112059950733,0.9991165591362772,1.0,0.5449999999999999,15.0,False,
329,4,20293829,0.5,B134/S1357,0,1,0,1,1,0,0,0,0,0,1,0,1,0,1,0,1,0,0.5050331125827814,0.495,0.5063,0.00017906936214688167,0.9992487852953369,1.0,0.55625,8.2,False,
330,0,20293925,0.1,B124568/S056,0,1,1,0,1,1,1,0,1,1,0,0,0,0,1,1,0,0,0.4975538079470199,0.49625,0.9123541666666665,-0.0025076246078773617,0.9959453830831448,1.0,0.938125,21.8,False,
330,1,20293926,0.2,B124568/S056,0,1,1,0,1,1,1,0,1,1,0,0,0,0,1,1,0,0,0.4999254966887418,0.500625,0.9185833333333331,-0.014291565005228745,0.9971478583842327,1.0,0.954375,27.2,False,
330,2,20293927,0.3,B124568/S056,0,1,1,0,1,1,1,0,1,1,0,0,0,0,1,1,0,0,0.5006539735099338,0.49,0.9188583333333334,-0.018194166085744427,0.998740212664977,1.0,0.955625,16.4,False,
330,3,20293928,0.4,B124568/S056,0,1,1,0,1,1,1,0,1,1,0,0,0,0,1,1,0,0,0.4981663907284769,0.4975,0.9439208333333333,-0.004623126524921674,0.9996222783411445,1.0,0.97375,8.4,False,
330,4,20293929,0.5,B124568/S056,0,1,1,0,1,1,1,0,1,1,0,0,0,0,1,1,0,0,0.5003435430463575,0.5,0.9132333333333335,-0.014577161031718617,0.9995937658053703,1.0,0.946875,3.6,False,
331,0,20294025,0.1,B358/S2478,0,0,0,1,0,1,0,0,1,0,0,1,0,1,0,0,1,1,0.0033692052980132453,0.001875,0.0041333333333333335,-0.008602845067967952,0.028393182241792186,1.0,1.0,20.0,False,
331,1,20294026,0.2,B358/S2478,0,0,0,1,0,1,0,0,1,0,0,1,0,1,0,0,1,1,0.025165562913907282,0.01375,0.027583333333333335,-0.062281173753921386,0.15206194968926456,1.0,1.0,27.6,False,
331,2,20294027,0.3,B358/S2478,0,0,0,1,0,1,0,0,1,0,0,1,0,1,0,0,1,1,0.10258278145695363,0.00625,0.11360833333333333,-0.3371970852213318,0.38985567645638175,1.0,1.0,24.6,False,
331,3,20294028,0.4,B358/S2478,0,0,0,1,0,1,0,0,1,0,0,1,0,1,0,0,1,1,0.11467301324503312,0.006875,0.12614583333333335,-0.40841277448588365,0.3934960203704711,1.0,1.0,12.4,False,
331,4,20294029,0.5,B358/S2478,0,0,0,1,0,1,0,0,1,0,0,1,0,1,0,0,1,1,0.09771523178807948,0.009375,0.10553333333333334,-0.3785055768560476,0.3361857600500999,1.0,1.0,7.8,False,
332,0,20294125,0.1,B234/S23567,0,0,1,1,1,0,0,0,0,0,0,1,1,0,1,1,1,0,0.6309478476821192,0.6375,0.2453125,0.05920856570233482,0.9351873785484734,1.0,0.815625,23.8,False,
332,1,20294126,0.2,B234/S23567,0,0,1,1,1,0,0,0,0,0,0,1,1,0,1,1,1,0,0.6376614238410596,0.6525,0.24902083333333336,0.02938665475775474,0.9398827733098191,1.0,0.823125,22.2,False,
332,2,20294127,0.3,B234/S23567,0,0,1,1,1,0,0,0,0,0,0,1,1,0,1,1,1,0,0.6433402317880794,0.66,0.24244166666666672,0.01662926978041055,0.9368352641737547,1.0,0.821875,17.2,False,
332,3,20294128,0.4,B234/S23567,0,0,1,1,1,0,0,0,0,0,0,1,1,0,1,1,1,0,0.6396192052980133,0.6375,0.24960416666666665,0.007108530846984774,0.9410954871525805,1.0,0.831875,8.0,False,
332,4,20294129,0.5,B234/S23567,0,0,1,1,1,0,0,0,0,0,0,1,1,0,1,1,1,0,0.6450869205298014,0.648125,0.23943750000000003,0.012574721157197606,0.9373310502833324,1.0,0.84125,3.2,False,
333,0,20294225,0.1,B038/S023678,1,0,0,1,0,0,0,0,1,1,0,1,1,0,0,1,1,1,0.3938617549668874,0.403125,0.34850833333333336,0.0037330080167302907,0.9641723133634639,1.0,0.686875,44.4,False,
333,1,20294226,0.2,B038/S023678,1,0,0,1,0,0,0,0,1,1,0,1,1,0,0,1,1,1,0.3941432119205298,0.39,0.35178333333333334,0.013739325548971545,0.9659892818428183,1.0,0.68875,57.0,False,
333,2,20294227,0.3,B038/S023678,1,0,0,1,0,0,0,0,1,1,0,1,1,0,0,1,1,1,0.3935182119205298,0.424375,0.346475,0.0022674494597416353,0.9663138183071128,1.0,0.685,35.4,False,
333,3,20294228,0.4,B038/S023678,1,0,0,1,0,0,0,0,1,1,0,1,1,0,0,1,1,1,0.39472268211920525,0.40375,0.3495666666666667,0.00450124172185415,0.967200938929044,1.0,0.688125,33.2,False,
333,4,20294229,0.5,B038/S023678,1,0,0,1,0,0,0,0,1,1,0,1,1,0,0,1,1,1,0.39482201986754967,0.418125,0.3514791666666666,0.0005287120948060265,0.9670526426599841,1.0,0.68625,22.4,False,
334,0,20294325,0.1,B2356/S56,0,0,1,1,0,1,1,0,0,0,0,0,0,0,1,1,0,0,0.46488824503311255,0.464375,0.6898291666666667,0.04461212530498399,0.9882445642614952,1.0,0.805625,27.0,False,
334,1,20294326,0.2,B2356/S56,0,0,1,1,0,1,1,0,0,0,0,0,0,0,1,1,0,0,0.474648178807947,0.46875,0.6946666666666668,0.006202727431160191,0.9963553685985677,1.0,0.64625,34.2,False,
334,2,20294327,0.3,B2356/S56,0,0,1,1,0,1,1,0,0,0,0,0,0,0,1,1,0,0,0.4689031456953644,0.47375,0.7000416666666667,0.016409027535726237,0.9961370573548476,1.0,0.666875,24.8,False,
334,3,20294328,0.4,B2356/S56,0,0,1,1,0,1,1,0,0,0,0,0,0,0,1,1,0,0,0.47322019867549675,0.461875,0.696675,0.009627265597768766,0.9973072764460092,1.0,0.6543749999999999,19.6,False,
334,4,20294329,0.5,B2356/S56,0,0,1,1,0,1,1,0,0,0,0,0,0,0,1,1,0,0,0.4719495033112583,0.4975,0.6991708333333333,-0.00108519954688088,0.9972630572566734,1.0,0.6625,12.2,False,
335,0,20294425,0.1,B3468/S0134578,0,0,0,1,1,0,1,0,1,1,1,0,1,1,1,0,1,1,0.6328311258278146,0.63625,0.35992916666666674,0.1550492331822931,0.9159217613232505,1.0,0.948125,22.4,False,
335,1,20294426,0.2,B3468/S0134578,0,0,0,1,1,0,1,0,1,1,1,0,1,1,1,0,1,1,0.652003311258278,0.68125,0.37094583333333325,0.06530051847333525,0.922349899889072,1.0,0.7875,24.8,False,
335,2,20294427,0.3,B3468/S0134578,0,0,0,1,1,0,1,0,1,1,1,0,1,1,1,0,1,1,0.6556084437086092,0.655625,0.37394583333333337,0.028525618682467342,0.9250574945037442,1.0,0.6637500000000001,16.2,False,
335,3,20294428,0.4,B3468/S0134578,0,0,0,1,1,0,1,0,1,1,1,0,1,1,1,0,1,1,0.6589735099337748,0.659375,0.37532916666666677,0.013195255315440798,0.9237943281041353,1.0,0.6575,8.8,False,
335,4,20294429,0.5,B3468/S0134578,0,0,0,1,1,0,1,0,1,1,1,0,1,1,1,0,1,1,0.658671357615894,0.675,0.37442499999999995,0.009088423666782168,0.9248958744501479,1.0,0.6675,2.6,False,
336,0,20294525,0.1,B4578/S023468,0,0,0,0,1,1,0,1,1,1,0,1,1,1,0,1,0,1,0.06960678807947021,0.069375,0.0002833333333333333,-0.0013694884977344646,0.36439061119541977,1.0,1.0,93.2,False,
336,1,20294526,0.2,B4578/S023468,0,0,0,0,1,1,0,1,1,1,0,1,1,1,0,1,0,1,0.13200331125827816,0.079375,0.039683333333333334,-0.14176673056814235,0.5516681514195164,1.0,0.996875,64.4,False,
336,2,20294527,0.3,B4578/S023468,0,0,0,0,1,1,0,1,1,1,0,1,1,1,0,1,0,1,0.48997930463576156,0.58875,0.35825416666666665,0.2416956038689434,0.9845781875617109,1.0,0.803125,20.2,False,
336,3,20294528,0.4,B4578/S023468,0,0,0,0,1,1,0,1,1,1,0,1,1,1,0,1,0,1,0.5979677152317882,0.601875,0.4595916666666667,0.041805833914255325,0.9696630464113803,1.0,0.67625,8.4,False,
336,4,20294529,0.5,B4578/S023468,0,0,0,0,1,1,0,1,1,1,0,1,1,1,0,1,0,1,0.604375,0.611875,0.46598333333333336,0.003083718194491715,0.9675825534329879,1.0,0.5818749999999999,2.4,False,
337,0,20294625,0.1,B023567/S0245678,1,0,1,1,0,1,1,1,0,1,0,1,0,1,1,1,1,1,0.9694246688741724,0.979375,0.007754166666666666,0.05842987539212173,0.15826450777087073,1.0,1.0,22.0,False,
337,1,20294626,0.2,B023567/S0245678,1,0,1,1,0,1,1,1,0,1,0,1,0,1,1,1,1,1,0.9590976821192052,0.968125,0.007666666666666668,0.05302184994771531,0.21655404359308114,1.0,1.0,25.4,False,
337,2,20294627,0.3,B023567/S0245678,1,0,1,1,0,1,1,1,0,1,0,1,0,1,1,1,1,1,0.9607988410596027,0.968125,0.0070666666666666655,0.04307729173928123,0.21600397057524554,1.0,1.0,16.6,False,
337,3,20294628,0.4,B023567/S0245678,1,0,1,1,0,1,1,1,0,1,0,1,0,1,1,1,1,1,0.9640107615894037,0.97125,0.00715,0.04250838706866446,0.20192226894748533,1.0,1.0,9.0,False,
337,4,20294629,0.5,B023567/S0245678,1,0,1,1,0,1,1,1,0,1,0,1,0,1,1,1,1,1,0.970020695364238,0.975,0.0048875,0.02929908069013479,0.18013108024189964,1.0,1.0,1.6,False,
338,0,20294725,0.1,B0156/S037,1,1,0,0,0,1,1,0,0,1,0,0,1,0,0,0,1,0,0.340703642384106,0.333125,0.49669166666666664,-0.007046117985361017,0.9192077603506673,1.0,0.721875,78.4,False,
338,1,20294726,0.2,B0156/S037,1,1,0,0,0,1,1,0,0,1,0,0,1,0,0,0,1,0,0.3388203642384106,0.36625,0.4945416666666667,0.0002983400139419559,0.9213907615448732,1.0,0.656875,70.8,False,
338,2,20294727,0.3,B0156/S037,1,1,0,0,0,1,1,0,0,1,0,0,1,0,0,0,1,0,0.3397764900662252,0.34125,0.49443750000000003,0.0016596592889505928,0.9233678441034391,1.0,0.620625,65.4,False,
338,3,20294728,0.4,B0156/S037,1,1,0,0,0,1,1,0,0,1,0,0,1,0,0,0,1,0,0.33910596026490075,0.315,0.4922125,-0.003530738062042713,0.9227443800049934,1.0,0.620625,58.0,False,
338,4,20294729,0.5,B0156/S037,1,1,0,0,0,1,1,0,0,1,0,0,1,0,0,0,1,0,0.34046357615894035,0.316875,0.49690416666666665,-0.0057547272568843205,0.9228076279611173,1.0,0.62625,49.2,False,
339,0,20294825,0.1,B023567/S124,1,0,1,1,0,1,1,1,0,0,1,1,0,1,0,0,0,0,0.5130960264900661,0.491875,0.6856749999999999,0.012424407459044362,0.9942152317813674,1.0,0.599375,25.6,False,
339,1,20294826,0.2,B023567/S124,1,0,1,1,0,1,1,1,0,0,1,1,0,1,0,0,0,0,0.5133153973509934,0.504375,0.685575,0.011423187521784419,0.9961392044741157,1.0,0.593125,24.4,False,
339,2,20294827,0.3,B023567/S124,1,0,1,1,0,1,1,1,0,0,1,1,0,1,0,0,0,0,0.5148344370860928,0.50875,0.6861208333333333,0.006476886545834641,0.9965375768455715,1.0,0.6,22.2,False,
339,3,20294828,0.4,B023567/S124,1,0,1,1,0,1,1,1,0,0,1,1,0,1,0,0,0,0,0.514751655629139,0.50875,0.6832875,0.0025141599860574867,0.9978378211655844,1.0,0.59625,8.6,False,
339,4,20294829,0.5,B023567/S124,1,0,1,1,0,1,1,1,0,0,1,1,0,1,0,0,0,0,0.5158195364238409,0.520625,0.6861125,-0.0014113149180906006,0.9984607795214003,1.0,0.59375,4.2,False,
340,0,20294925,0.1,B12357/S26,0,1,1,1,0,1,0,1,0,0,0,1,0,0,0,1,0,0,0.47912251655629134,0.49625,0.7058166666666666,0.015358792262111893,0.9941733658607678,1.0,0.63,27.2,False,
340,1,20294926,0.2,B12357/S26,0,1,1,1,0,1,0,1,0,0,0,1,0,0,0,1,0,0,0.48000000000000004,0.495,0.7062624999999999,0.0066856918787029694,0.9955484618990776,1.0,0.62375,34.2,False,
340,2,20294927,0.3,B12357/S26,0,1,1,1,0,1,0,1,0,0,0,1,0,0,0,1,0,0,0.4807574503311257,0.48625,0.70585,0.0020481875217844454,0.9968696989551465,1.0,0.63125,24.8,False,
340,3,20294928,0.4,B12357/S26,0,1,1,1,0,1,0,1,0,0,0,1,0,0,0,1,0,0,0.4807284768211921,0.47375,0.7068833333333333,0.0025363802718711232,0.9980470736153675,1.0,0.63,14.0,False,
340,4,20294929,0.5,B12357/S26,0,1,1,1,0,1,0,1,0,0,0,1,0,0,0,1,0,0,0.4820033112582781,0.495625,0.7062124999999999,-0.0007192183687699546,0.9979711450723036,1.0,0.6275,10.2,False,
341,0,20295025,0.1,B35/S024568,0,0,0,1,0,1,0,0,0,1,0,1,0,1,1,1,0,1,0.03841059602649007,0.036875,0.004029166666666667,-0.008704143429766515,0.23418099001699536,1.0,1.0,65.8,False,
341,1,20295026,0.2,B35/S024568,0,0,0,1,0,1,0,0,0,1,0,1,0,1,1,1,0,1,0.6649999999999999,0.7075,0.08540416666666667,0.17808676803764345,0.8977349026679164,1.0,0.989375,23.6,False,
341,2,20295027,0.3,B35/S024568,0,0,0,1,0,1,0,0,0,1,0,1,0,1,1,1,0,1,0.6763410596026489,0.69875,0.092725,0.10372396741024716,0.9008585143463774,1.0,0.96875,13.8,False,
341,3,20295028,0.4,B35/S024568,0,0,0,1,0,1,0,0,0,1,0,1,0,1,1,1,0,1,0.6799586092715233,0.695,0.08473333333333334,0.07428927762286465,0.9002847686563235,1.0,0.98,10.2,False,
341,4,20295029,0.5,B35/S024568,0,0,0,1,0,1,0,0,0,1,0,1,0,1,1,1,0,1,0.6923178807947021,0.709375,0.05267083333333334,0.06757156239107613,0.8881774482008857,1.0,1.0,1.8,False,
342,0,20295125,0.1,B01257/S014567,1,1,1,0,0,1,0,1,0,1,1,0,0,1,1,1,1,0,0.767694536423841,0.784375,0.07875,0.09638147002439862,0.7597629487416689,1.0,0.99875,21.4,False,
342,1,20295126,0.2,B01257/S014567,1,1,1,0,0,1,0,1,0,1,1,0,0,1,1,1,1,0,0.7814362582781457,0.7975,0.07334166666666665,0.08833478563959556,0.7463004261692269,1.0,1.0,22.8,False,
342,2,20295127,0.3,B01257/S014567,1,1,1,0,0,1,0,1,0,1,1,0,0,1,1,1,1,0,0.7729221854304636,0.778125,0.07459166666666667,0.06781794614848308,0.7643726169907448,1.0,0.995625,14.8,False,
342,3,20295128,0.4,B01257/S014567,1,1,1,0,0,1,0,1,0,1,1,0,0,1,1,1,1,0,0.7752814569536424,0.789375,0.05090833333333333,0.06715656587661187,0.7609135487150265,1.0,1.0,5.2,False,
342,4,20295129,0.5,B01257/S014567,1,1,1,0,0,1,0,1,0,1,1,0,0,1,1,1,1,0,0.7770985099337749,0.78875,0.06670833333333334,0.06916390728476718,0.7605722236815641,1.0,1.0,1.2,False,
343,0,20295225,0.1,B0378/S25,1,0,0,1,0,0,0,1,1,0,0,1,0,0,1,0,0,0,0.32502897350993376,0.315625,0.4284958333333333,0.003212465144649342,0.9074446706099032,1.0,0.680625,60.0,False,
343,1,20295226,0.2,B0378/S25,1,0,0,1,0,0,0,1,1,0,0,1,0,0,1,0,0,0,0.3223509933774834,0.336875,0.4263083333333333,0.008075113279888099,0.9059220171724653,1.0,0.621875,74.2,False,
343,2,20295227,0.3,B0378/S25,1,0,0,1,0,0,0,1,1,0,0,1,0,0,1,0,0,0,0.3242508278145696,0.34375,0.4254416666666667,0.0007757493900309497,0.9083184131767815,1.0,0.60875,60.2,False,
343,3,20295228,0.4,B0378/S25,1,0,0,1,0,0,0,1,1,0,0,1,0,0,1,0,0,0,0.32664735099337744,0.350625,0.4269625,-0.0005332868595332826,0.9107974582425313,1.0,0.6025,45.6,False,
343,4,20295229,0.5,B0378/S25,1,0,0,1,0,0,0,1,1,0,0,1,0,0,1,0,0,0,0.32607201986754963,0.343125,0.427675,-0.005834458870686856,0.9095303366826608,1.0,0.6012500000000001,49.0,False,
344,0,20295325,0.1,B0234/S0237,1,0,1,1,1,0,0,0,0,1,0,1,1,0,0,0,1,0,0.47475579470198687,0.455,0.637525,0.009773658069013274,0.9801497862085363,1.0,0.6625,39.8,False,
344,1,20295326,0.2,B0234/S0237,1,0,1,1,1,0,0,0,0,1,0,1,1,0,0,0,1,0,0.47449089403973504,0.421875,0.6377458333333333,0.017920006971069477,0.9813857650960034,1.0,0.645,40.0,False,
344,2,20295327,0.3,B0234/S0237,1,0,1,1,1,0,0,0,0,1,0,1,1,0,0,0,1,0,0.47565811258278146,0.528125,0.6384666666666667,0.0034287861624257288,0.9831005615550783,1.0,0.6575,27.6,False,
344,3,20295328,0.4,B0234/S0237,1,0,1,1,1,0,0,0,0,1,0,1,1,0,0,0,1,0,0.47636175496688726,0.50375,0.6355125000000001,0.0011815963750434863,0.9880978456535491,1.0,0.6425000000000001,21.8,False,
344,4,20295329,0.5,B0234/S0237,1,0,1,1,1,0,0,0,0,1,0,1,1,0,0,0,1,0,0.4768418874172186,0.490625,0.6380875,7.875130707485066e-05,0.9943267537051876,1.0,0.665,21.4,False,
345,0,20295425,0.1,B0156/S1,1,1,0,0,0,1,1,0,0,0,1,0,0,0,0,0,0,0,0.41343129139072854,0.181875,0.8183583333333334,-0.004008147438132738,0.7881576678993567,1.0,1.0,35.6,False,
345,1,20295426,0.2,B0156/S1,1,1,0,0,0,1,1,0,0,0,1,0,0,0,0,0,0,0,0.3942259933774835,0.310625,0.7806958333333334,0.020283526490066116,0.9423605982294262,1.0,1.0,33.8,False,
345,2,20295427,0.3,B0156/S1,1,1,0,0,0,1,1,0,0,0,1,0,0,0,0,0,0,0,0.3791432119205298,0.41375,0.7499625000000001,0.017924581735796294,0.9542096259688649,1.0,1.0,26.0,False,
345,3,20295428,0.4,B0156/S1,1,1,0,0,0,1,1,0,0,0,1,0,0,0,0,0,0,0,0.38838576158940397,0.458125,0.7646500000000002,0.01847780149877968,0.9498667454827647,1.0,1.0,18.0,False,
345,4,20295429,0.5,B0156/S1,1,1,0,0,0,1,1,0,0,0,1,0,0,0,0,0,0,0,0.385794701986755,0.491875,0.7649333333333332,0.01611101429069345,0.9295102826655763,1.0,1.0,10.8,False,
346,0,20295525,0.1,B0135678/S01234568,1,1,0,1,0,1,1,1,1,1,1,1,1,1,1,1,0,1,0.7552317880794702,0.77125,0.41200833333333337,0.01789811345416463,0.7919967112664211,1.0,0.7475,19.0,False,
346,1,20295526,0.2,B0135678/S01234568,1,1,0,1,0,1,1,1,1,1,1,1,1,1,1,1,0,1,0.7548096026490065,0.76875,0.4112875,0.022058208434993627,0.7959231975987544,1.0,0.7,25.6,False,
346,2,20295527,0.3,B0135678/S01234568,1,1,0,1,0,1,1,1,1,1,1,1,1,1,1,1,0,1,0.7553890728476821,0.751875,0.4102625,0.01943229348204925,0.7974422747758868,1.0,0.6825,15.4,False,
346,3,20295528,0.4,B0135678/S01234568,1,1,0,1,0,1,1,1,1,1,1,1,1,1,1,1,0,1,0.7558402317880796,0.733125,0.4106666666666666,0.01386774573021907,0.7981186381711693,1.0,0.683125,7.6,False,
346,4,20295529,0.5,B0135678/S01234568,1,1,0,1,0,1,1,1,1,1,1,1,1,1,1,1,0,1,0.7582367549668875,0.740625,0.4097791666666667,0.009138746078772799,0.7958045484165709,1.0,0.6856249999999999,3.4,False,
347,0,20295625,0.1,B3578/S12345,0,0,0,1,0,1,0,1,1,0,1,1,1,1,1,0,0,0,0.5291721854304635,0.565,0.36672499999999997,0.202990153363541,0.9612458262689545,1.0,0.968125,22.6,False,
347,1,20295626,0.2,B3578/S12345,0,0,0,1,0,1,0,1,1,0,1,1,1,1,1,0,0,0,0.555298013245033,0.550625,0.3867041666666666,0.05122952248170066,0.9840132279889436,1.0,0.84,26.8,False,
347,2,20295627,0.3,B3578/S12345,0,0,0,1,0,1,0,1,1,0,1,1,1,1,1,0,0,0,0.5626076158940396,0.57625,0.3918541666666666,0.019860687521784246,0.9861453217977615,1.0,0.765625,17.6,False,
347,3,20295628,0.4,B3578/S12345,0,0,0,1,0,1,0,1,1,0,1,1,1,1,1,0,0,0,0.564114238410596,0.57375,0.3929083333333334,0.005719436214708497,0.9865764711332277,1.0,0.733125,8.4,False,
347,4,20295629,0.5,B3578/S12345,0,0,0,1,0,1,0,1,1,0,1,1,1,1,1,0,0,0,0.5660264900662253,0.56875,0.3945541666666667,-0.0012838750435694485,0.9862854603479402,1.0,0.69,4.2,False,
348,0,20295725,0.1,B14/S012367,0,1,0,0,1,0,0,0,0,1,1,1,1,0,0,1,1,0,0.43798013245033107,0.455625,0.35403333333333337,0.014297120076681562,0.9855178052836915,1.0,0.6925,32.0,False,
348,1,20295726,0.2,B14/S012367,0,1,0,0,1,0,0,0,0,1,1,1,1,0,0,1,1,0,0.44165562913907286,0.44875,0.35432499999999995,0.004690440920180853,0.9883806085296203,1.0,0.698125,39.0,False,
348,2,20295727,0.3,B14/S012367,0,1,0,0,1,0,0,0,0,1,1,1,1,0,0,1,1,0,0.4411630794701987,0.443125,0.3514291666666667,0.008282284768211535,0.9888248398102064,1.0,0.71625,30.4,False,
348,3,20295728,0.4,B14/S012367,0,1,0,0,1,0,0,0,0,1,1,1,1,0,0,1,1,0,0.44223923841059604,0.4475,0.35734166666666667,0.0013848466364579984,0.9897263806731957,1.0,0.678125,19.6,False,
348,4,20295729,0.5,B14/S012367,0,1,0,0,1,0,0,0,0,1,1,1,1,0,0,1,1,0,0.44242963576158933,0.46,0.3537291666666666,-0.0016825331125832482,0.9896649072709289,1.0,0.69,17.8,False,
349,0,20295825,0.1,B0124568/S024568,1,1,1,0,1,1,1,0,1,1,0,1,0,1,1,1,0,1,0.7173096026490066,0.705625,0.4187458333333333,0.003915018299058288,0.8478741015255166,1.0,0.81875,20.2,False,
349,1,20295826,0.2,B0124568/S024568,1,1,1,0,1,1,1,0,1,1,0,1,0,1,1,1,0,1,0.7155339403973509,0.730625,0.418775,0.014371296619030718,0.8547656862213833,1.0,0.678125,25.6,False,
349,2,20295827,0.3,B0124568/S024568,1,1,1,0,1,1,1,0,1,1,0,1,0,1,1,1,0,1,0.7159850993377485,0.720625,0.4180875,0.01600220024398649,0.8567247060278259,1.0,0.66625,17.2,False,
349,3,20295828,0.4,B0124568/S024568,1,1,1,0,1,1,1,0,1,1,0,1,0,1,1,1,0,1,0.716043046357616,0.70375,0.42005,0.010928459393515805,0.8579824278627955,1.0,0.674375,4.6,False,
349,4,20295829,0.5,B0124568/S024568,1,1,1,0,1,1,1,0,1,1,0,1,0,1,1,1,0,1,0.7170033112582782,0.6925,0.4189958333333333,0.005182554897176143,0.8577931028533997,1.0,0.669375,2.8,False,
350,0,20295925,0.1,B13478/S0134678,0,1,0,1,1,0,0,1,1,1,1,0,1,1,0,1,1,1,0.6607740066225166,0.700625,0.31242499999999995,0.028804679330776527,0.9147375190576091,1.0,0.7475,20.4,False,
350,1,20295926,0.2,B13478/S0134678,0,1,0,1,1,0,0,1,1,1,1,0,1,1,0,1,1,1,0.6493667218543048,0.648125,0.3262375,0.0372902143604042,0.9295095605080809,1.0,0.73125,21.0,False,
350,2,20295927,0.3,B13478/S0134678,0,1,0,1,1,0,0,1,1,1,1,0,1,1,0,1,1,1,0.661432119205298,0.665,0.31671249999999995,0.03571584175670921,0.9201108447384748,1.0,0.72875,13.2,False,
350,3,20295928,0.4,B13478/S0134678,0,1,0,1,1,0,0,1,1,1,1,0,1,1,0,1,1,1,0.6748137417218543,0.665,0.3037166666666667,0.04484641861275668,0.9069289804213211,1.0,0.7481249999999999,6.0,False,
350,4,20295929,0.5,B13478/S0134678,0,1,0,1,1,0,0,1,1,1,1,0,1,1,0,1,1,1,0.6539362582781456,0.668125,0.32692916666666666,0.0550171009062388,0.9284056737532973,1.0,0.7375,2.8,False,
351,0,20296025,0.1,B0148/S24568,1,1,0,0,1,0,0,0,1,0,0,1,0,1,1,1,0,1,0.5868336092715232,0.576875,0.1838875,0.020829230568142378,0.9719374924389783,1.0,0.863125,22.8,False,
351,1,20296026,0.2,B0148/S24568,1,1,0,0,1,0,0,0,1,0,0,1,0,1,1,1,0,1,0.5802028145695364,0.589375,0.19337500000000002,0.035304439700243946,0.9777055516980733,1.0,0.860625,24.4,False,
351,2,20296027,0.3,B0148/S24568,1,1,0,0,1,0,0,0,1,0,0,1,0,1,1,1,0,1,0.5783443708609273,0.609375,0.19517083333333332,0.04280509323806139,0.9793721691094727,1.0,0.846875,17.8,False,
351,3,20296028,0.4,B0148/S24568,1,1,0,0,1,0,0,0,1,0,0,1,0,1,1,1,0,1,0.5761341059602649,0.584375,0.19746666666666665,0.015390488846287268,0.9816464139747813,1.0,0.853125,6.4,False,
351,4,20296029,0.5,B0148/S24568,1,1,0,0,1,0,0,0,1,0,0,1,0,1,1,1,0,1,0.5778807947019867,0.56,0.19444999999999998,-0.0066206648658070745,0.9815381538400366,1.0,0.8575,2.8,False,
352,0,20296125,0.1,B01458/S03578,1,1,0,0,1,1,0,0,1,1,0,0,1,0,1,0,1,1,0.5001490066225166,0.48875,0.5195375,-0.008550562042524567,0.993433687842587,1.0,0.680625,25.0,False,
352,1,20296126,0.2,B01458/S03578,1,1,0,0,1,1,0,0,1,1,0,0,1,0,1,0,1,1,0.49783526490066227,0.50375,0.5199083333333334,0.002733095155106198,0.997320013601419,1.0,0.5393749999999999,25.6,False,
352,2,20296127,0.3,B01458/S03578,1,1,0,0,1,1,0,0,1,1,0,0,1,0,1,0,1,1,0.4990562913907284,0.48625,0.5210708333333334,0.011434297664691175,0.9983782682712969,1.0,0.5475,22.4,False,
352,3,20296128,0.4,B01458/S03578,1,1,0,0,1,1,0,0,1,1,0,0,1,0,1,0,1,1,0.5013658940397352,0.515625,0.52045,0.004462356221679567,0.999268838216329,1.0,0.5387500000000001,8.4,False,
352,4,20296129,0.5,B01458/S03578,1,1,0,0,1,1,0,0,1,1,0,0,1,0,1,0,1,1,0.49977649006622515,0.50625,0.5223916666666666,-0.004863628441966441,0.9994111396749544,1.0,0.56,7.6,False,
353,0,20296225,0.1,B23457/S045678,0,0,1,1,1,1,0,1,0,1,0,0,0,1,1,1,1,1,0.9186920529801322,0.940625,0.01455,0.12631775008713836,0.34865857847137116,1.0,1.0,22.6,False,
353,1,20296226,0.2,B23457/S045678,0,0,1,1,1,1,0,1,0,1,0,0,0,1,1,1,1,1,0.9448923841059601,0.95625,0.010308333333333334,0.06634944667131418,0.2759556592239418,1.0,1.0,27.0,False,
353,2,20296227,0.3,B23457/S045678,0,0,1,1,1,1,0,1,0,1,0,0,0,1,1,1,1,1,0.9302359271523178,0.93875,0.009837499999999999,0.04984794353433238,0.3458549956632151,1.0,1.0,16.0,False,
353,3,20296228,0.4,B23457/S045678,0,0,1,1,1,1,0,1,0,1,0,0,0,1,1,1,1,1,0.9370488410596022,0.94375,0.007858333333333335,0.03932206343673649,0.3243011139014895,1.0,1.0,9.2,False,
353,4,20296229,0.5,B23457/S045678,0,0,1,1,1,1,0,1,0,1,0,0,0,1,1,1,1,1,0.9355711920529798,0.940625,0.007179166666666665,0.029692510456604315,0.33513840742043394,1.0,1.0,1.8,False,
354,0,20296325,0.1,B0246/S12457,1,0,1,0,1,0,1,0,0,0,1,1,0,1,1,0,1,0,0.5819619205298013,0.595,0.4071541666666667,0.02659278058556961,0.9748097083019107,1.0,0.6268750000000001,22.6,False,
354,1,20296326,0.2,B0246/S12457,1,0,1,0,1,0,1,0,0,0,1,1,0,1,1,0,1,0,0.5807740066225165,0.585625,0.40478333333333333,0.01710863976995463,0.9777452573061769,1.0,0.6225,24.2,False,
354,2,20296327,0.3,B0246/S12457,1,0,1,0,1,0,1,0,0,0,1,1,0,1,1,0,1,0,0.5822640728476821,0.56125,0.4048666666666667,0.015316965841756382,0.9782335502345569,1.0,0.634375,16.8,False,
354,3,20296328,0.4,B0246/S12457,1,0,1,0,1,0,1,0,0,0,1,1,0,1,1,0,1,0,0.5833899006622517,0.574375,0.40599999999999997,0.005588401882188274,0.9787440815097025,1.0,0.638125,7.2,False,
354,4,20296329,0.5,B0246/S12457,1,0,1,0,1,0,1,0,0,0,1,1,0,1,1,0,1,0,0.5826945364238411,0.58875,0.4043291666666667,0.003146131056116597,0.9795690450865423,1.0,0.631875,2.8,False,
355,0,20296425,0.1,B1378/S01234578,0,1,0,1,0,0,0,1,1,1,1,1,1,1,1,0,1,1,0.5284105960264902,0.53,0.018704166666666664,0.013505685779016818,0.9934426539523911,1.0,1.0,20.6,False,
355,1,20296426,0.2,B1378/S01234578,0,1,0,1,0,0,0,1,1,1,1,1,1,1,1,0,1,1,0.526469370860927,0.52625,0.011795833333333334,0.0012423753921221032,0.9956280725762312,1.0,1.0,26.0,False,
355,2,20296427,0.3,B1378/S01234578,0,1,0,1,0,0,0,1,1,1,1,1,1,1,1,0,1,1,0.5275993377483443,0.5275,0.01376666666666667,-0.0008571148483795314,0.9964299979008766,1.0,1.0,16.6,False,
355,3,20296428,0.4,B1378/S01234578,0,1,0,1,0,0,0,1,1,1,1,1,1,1,1,0,1,1,0.5287127483443708,0.5275,0.014658333333333336,-0.009941617288253775,0.9970570199584555,1.0,1.0,3.0,False,
355,4,20296429,0.5,B1378/S01234578,0,1,0,1,0,0,0,1,1,1,1,1,1,1,1,0,1,1,0.5178600993377483,0.51625,0.0145375,-0.010816377657720937,0.998863941043244,1.0,1.0,4.4,False,
356,0,20296525,0.1,B345678/S012478,0,0,0,1,1,1,1,1,1,1,1,1,0,1,0,0,1,1,0.5953600993377485,0.638125,0.6993250000000001,0.1493843673753919,0.9461234268075226,1.0,0.961875,21.4,False,
356,1,20296526,0.2,B345678/S012478,0,0,0,1,1,1,1,1,1,1,1,1,0,1,0,0,1,1,0.6151365894039734,0.655625,0.7231749999999999,0.04614499825723214,0.954272831242174,1.0,0.81875,26.6,False,
356,2,20296527,0.3,B345678/S012478,0,0,0,1,1,1,1,1,1,1,1,1,0,1,0,0,1,1,0.619126655629139,0.635625,0.7297291666666667,0.02047566660857412,0.9558946593340576,1.0,0.705625,16.0,False,
356,3,20296528,0.4,B345678/S012478,0,0,0,1,1,1,1,1,1,1,1,1,0,1,0,0,1,1,0.6205422185430461,0.644375,0.7322291666666666,0.010146174625304762,0.9562130510905368,1.0,0.701875,6.4,False,
356,4,20296529,0.5,B345678/S012478,0,0,0,1,1,1,1,1,1,1,1,1,0,1,0,0,1,1,0.6219412251655629,0.640625,0.7328375,0.0065847202858135435,0.9558225900743715,1.0,0.6993750000000001,2.2,False,
357,0,20296625,0.1,B013568/S134678,1,1,0,1,0,1,1,0,1,0,1,0,1,1,0,1,1,1,0.9715024834437088,0.98125,0.015295833333333333,0.05659768211920407,0.15206241561998238,1.0,1.0,19.2,False,
357,1,20296626,0.2,B013568/S134678,1,1,0,1,0,1,1,0,1,0,1,0,1,1,0,1,1,1,0.9611175496688743,0.983125,0.02812083333333333,0.1218397089578253,0.1832029023396168,1.0,1.0,22.8,False,
357,2,20296627,0.3,B013568/S134678,1,1,0,1,0,1,1,0,1,0,1,0,1,1,0,1,1,1,0.9540107615894037,0.97375,0.030899999999999993,0.1104449503311256,0.22568060383529215,1.0,1.0,14.6,False,
357,3,20296628,0.4,B013568/S134678,1,1,0,1,0,1,1,0,1,0,1,0,1,1,0,1,1,1,0.9547185430463572,0.973125,0.027674999999999995,0.10282567967932939,0.22788038107823105,1.0,1.0,5.2,False,
357,4,20296629,0.5,B013568/S134678,1,1,0,1,0,1,1,0,1,0,1,0,1,1,0,1,1,1,0.9592673841059604,0.97875,0.028608333333333333,0.1078785073196226,0.2049536188351982,1.0,1.0,2.4,False,
358,0,20296725,0.1,B0145678/S02378,1,1,0,0,1,1,1,1,1,1,0,1,1,0,0,0,1,1,0.5320860927152318,0.5275,0.6531333333333333,-0.015334611362844199,0.9897208709694425,1.0,0.666875,23.6,False,
358,1,20296726,0.2,B0145678/S02378,1,1,0,0,1,1,1,1,1,1,0,1,1,0,0,0,1,1,0.5294950331125827,0.525625,0.6526916666666667,0.003647721331474003,0.9947855977191273,1.0,0.5856250000000001,27.8,False,
358,2,20296727,0.3,B0145678/S02378,1,1,0,0,1,1,1,1,1,1,0,1,1,0,0,0,1,1,0.5288493377483444,0.54125,0.6525625,0.01253093412338779,0.9962891306256021,1.0,0.59875,16.0,False,
358,3,20296728,0.4,B0145678/S02378,1,1,0,0,1,1,1,1,1,1,0,1,1,0,0,0,1,1,0.5288948675496689,0.504375,0.653225,0.004589796096200469,0.9965279831936549,1.0,0.584375,9.8,False,
358,4,20296729,0.5,B0145678/S02378,1,1,0,0,1,1,1,1,1,1,0,1,1,0,0,0,1,1,0.5308236754966889,0.52375,0.6546041666666668,-0.004439482398048348,0.9966913193871411,1.0,0.5800000000000001,6.8,False,
359,0,20296825,0.1,B0258/S12378,1,0,1,0,0,1,0,0,1,0,1,1,1,0,0,0,1,1,0.42767384105960266,0.445625,0.4130041666666666,0.007956496165910982,0.9813852897810493,1.0,0.6375,34.8,False,
359,1,20296826,0.2,B0258/S12378,1,0,1,0,0,1,0,0,1,0,1,1,1,0,0,0,1,1,0.4278145695364238,0.3975,0.4110125,0.004327400662251231,0.9827374709706966,1.0,0.635625,35.6,False,
359,2,20296827,0.3,B0258/S12378,1,0,1,0,0,1,0,0,1,0,1,1,1,0,0,0,1,1,0.42865894039735103,0.443125,0.41060416666666666,0.004218586615544831,0.983907411013174,1.0,0.6387499999999999,30.0,False,
359,3,20296828,0.4,B0258/S12378,1,0,1,0,0,1,0,0,1,0,1,1,1,0,0,0,1,1,0.427942880794702,0.4275,0.41032916666666663,0.0006760848727777186,0.983987221885183,1.0,0.6487499999999999,23.0,False,
359,4,20296829,0.5,B0258/S12378,1,0,1,0,0,1,0,0,1,0,1,1,1,0,0,0,1,1,0.4293460264900662,0.433125,0.4112041666666666,-0.002740610840014257,0.9845234219600665,1.0,0.6331249999999999,17.0,False,
360,0,20296925,0.1,B05/S37,1,0,0,0,0,1,0,0,0,0,0,0,1,0,0,0,1,0,0.2642425496688741,0.2625,0.4247416666666667,0.007458500348553397,0.8285222327187998,1.0,0.79375,71.2,False,
360,1,20296926,0.2,B05/S37,1,0,0,0,0,1,0,0,0,0,0,0,1,0,0,0,1,0,0.2645819536423841,0.269375,0.42668750000000005,0.001698218020216104,0.8295463014156474,1.0,0.7481249999999999,83.0,False,
360,2,20296927,0.3,B05/S37,1,0,0,0,0,1,0,0,0,0,0,0,1,0,0,0,1,0,0.26438327814569534,0.2425,0.42340833333333333,-0.002887330080167649,0.8293862878794033,1.0,0.78125,70.6,False,
360,3,20296928,0.4,B05/S37,1,0,0,0,0,1,0,0,0,0,0,0,1,0,0,0,1,0,0.2647599337748344,0.26625,0.4230333333333333,-0.0013279888462880253,0.8304984126380496,1.0,0.7324999999999999,56.0,False,
360,4,20296929,0.5,B05/S37,1,0,0,0,0,1,0,0,0,0,0,0,1,0,0,0,1,0,0.2653476821192053,0.270625,0.4214708333333333,-0.007706844719414764,0.830027998704136,1.0,0.75625,63.4,False,
361,0,20297025,0.1,B03578/S0123478,1,0,0,1,0,1,0,1,1,1,1,1,1,1,0,0,1,1,0.539581953642384,0.535,0.44399166666666673,0.02122919571279159,0.9907976438075888,1.0,0.600625,24.0,False,
361,1,20297026,0.2,B03578/S0123478,1,0,0,1,0,1,0,1,1,1,1,1,1,1,0,0,1,1,0.5390149006622516,0.554375,0.4426083333333333,0.016217214186127087,0.9922736458463344,1.0,0.7112499999999999,26.4,False,
361,2,20297027,0.3,B03578/S0123478,1,0,0,1,0,1,0,1,1,1,1,1,1,1,0,0,1,1,0.5402317880794703,0.551875,0.4415750000000001,0.009739347333565384,0.9936116865631892,1.0,0.744375,20.6,False,
361,3,20297028,0.4,B03578/S0123478,1,0,0,1,0,1,0,1,1,1,1,1,1,1,0,0,1,1,0.5407367549668874,0.5275,0.44473333333333337,0.0012806073544784176,0.9941924286834988,1.0,0.675,10.6,False,
361,4,20297029,0.5,B03578/S0123478,1,0,0,1,0,1,0,1,1,1,1,1,1,1,0,0,1,1,0.542384105960265,0.565625,0.4440958333333333,-0.0017854653189269167,0.9941778039506405,1.0,0.6012500000000001,6.6,False,
362,0,20297125,0.1,B12367/S0145,0,1,1,1,0,0,1,1,0,1,1,0,0,1,1,0,0,0,0.5168294701986754,0.541875,0.5221083333333333,0.021070059254095497,0.9942033539506997,1.0,0.579375,25.0,False,
362,1,20297126,0.2,B12367/S0145,0,1,1,1,0,0,1,1,0,1,1,0,0,1,1,0,0,0,0.5184188741721855,0.5275,0.5250916666666666,0.012588772220285229,0.9944352237687533,1.0,0.6225,29.2,False,
362,2,20297127,0.3,B12367/S0145,0,1,1,1,0,0,1,1,0,1,1,0,0,1,1,0,0,0,0.5200745033112583,0.5275,0.5221750000000001,0.012381600731962103,0.996246010520532,1.0,0.56375,21.8,False,
362,3,20297128,0.4,B12367/S0145,0,1,1,1,0,0,1,1,0,1,1,0,0,1,1,0,0,0,0.5192342715231789,0.52375,0.5217666666666666,0.004110752875566116,0.9978769152108801,1.0,0.55,11.4,False,
362,4,20297129,0.5,B12367/S0145,0,1,1,1,0,0,1,1,0,1,1,0,0,1,1,0,0,0,0.5193501655629139,0.513125,0.5200666666666667,-0.000963314743813356,0.9983217261260823,1.0,0.5606249999999999,5.6,False,
363,0,20297225,0.1,B0458/S2368,1,0,0,0,1,1,0,0,1,0,0,1,1,0,0,1,0,1,0.4108319536423841,0.416875,0.41871250000000004,-0.005835112408505374,0.9739201933608898,1.0,0.63625,40.2,False,
363,1,20297226,0.2,B0458/S2368,1,0,0,0,1,1,0,0,1,0,0,1,1,0,0,1,0,1,0.4056043046357616,0.394375,0.41447083333333334,0.017414168699895167,0.972023396572953,1.0,0.7106250000000001,39.2,False,
363,2,20297227,0.3,B0458/S2368,1,0,0,0,1,1,0,0,1,0,0,1,1,0,0,1,0,1,0.4112086092715232,0.420625,0.4179708333333334,0.006521327117462289,0.9760092750131107,1.0,0.6756249999999999,32.4,False,
363,3,20297228,0.4,B0458/S2368,1,0,0,0,1,1,0,0,1,0,0,1,1,0,0,1,0,1,0.4163534768211921,0.4,0.4258458333333333,0.008176411641686815,0.9788687854659294,1.0,0.6131249999999999,29.2,False,
363,4,20297229,0.5,B0458/S2368,1,0,0,0,1,1,0,0,1,0,0,1,1,0,0,1,0,1,0.41090231788079473,0.401875,0.42050000000000004,-0.009897176716626377,0.9760659134082722,1.0,0.6375,18.8,False,
364,0,20297325,0.1,B0346/S1257,1,0,0,1,1,0,1,0,0,0,1,1,0,0,1,0,1,0,0.49756622516556287,0.5025,0.6009499999999999,0.018235992506099502,0.9960306413761516,1.0,0.56,26.8,False,
364,1,20297326,0.2,B0346/S1257,1,0,0,1,1,0,1,0,0,0,1,1,0,0,1,0,1,0,0.49800082781456956,0.500625,0.6001791666666667,0.016083565702334976,0.9974884644325858,1.0,0.634375,28.6,False,
364,2,20297327,0.3,B0346/S1257,1,0,0,1,1,0,1,0,0,0,1,1,0,0,1,0,1,0,0.4985596026490066,0.506875,0.5994666666666666,0.007403276402927283,0.9986142468682794,1.0,0.5525,23.0,False,
364,3,20297328,0.4,B0346/S1257,1,0,0,1,1,0,1,0,0,0,1,1,0,0,1,0,1,0,0.5003849337748344,0.501875,0.6017625,0.0031484184384800687,0.9993874158708742,1.0,0.555625,10.0,False,
364,4,20297329,0.5,B0346/S1257,1,0,0,1,1,0,1,0,0,0,1,1,0,0,1,0,1,0,0.4999958609271524,0.49375,0.6025875,0.0008806422098288931,0.9995030894722523,1.0,0.565625,7.0,False,
365,0,20297425,0.1,B157/S3468,0,1,0,0,0,1,0,1,0,0,0,0,1,1,0,1,0,1,0.3437913907284768,0.34875,0.3244666666666666,0.011211114499825623,0.9260790108260007,1.0,0.7068749999999999,55.6,False,
365,1,20297426,0.2,B157/S3468,0,1,0,0,0,1,0,1,0,0,0,0,1,1,0,1,0,1,0.3474544701986754,0.34125,0.32443333333333335,0.005899159114673772,0.9306992520847313,1.0,0.703125,55.0,False,
365,2,20297427,0.3,B157/S3468,0,1,0,0,0,1,0,1,0,0,0,0,1,1,0,1,0,1,0.34521937086092713,0.35875,0.32393333333333335,0.008149616591146547,0.9288730787018104,1.0,0.7112499999999999,57.0,False,
365,3,20297428,0.4,B157/S3468,0,1,0,0,0,1,0,1,0,0,0,0,1,1,0,1,0,1,0.34819122516556283,0.34,0.3271833333333333,0.0044051716625999595,0.9315587704707116,1.0,0.705625,43.0,False,
365,4,20297429,0.5,B157/S3468,0,1,0,0,0,1,0,1,0,0,0,0,1,1,0,1,0,1,0.3498261589403973,0.3575,0.3252041666666667,-0.015021239979087312,0.9325399212559327,1.0,0.71625,39.2,False,
366,0,20297525,0.1,B05678/S23578,1,0,0,0,0,1,1,1,1,0,0,1,1,0,1,0,1,1,0.31587748344370864,0.315625,0.19188333333333332,-0.024276642558382952,0.8958318710121251,1.0,0.855625,94.4,False,
366,1,20297526,0.2,B05678/S23578,1,0,0,0,0,1,1,1,1,0,0,1,1,0,1,0,1,1,0.31464403973509936,0.303125,0.1949125,-0.0017779496340188576,0.8969256171972068,1.0,0.836875,95.2,False,
366,2,20297527,0.3,B05678/S23578,1,0,0,0,0,1,1,1,1,0,0,1,1,0,1,0,1,1,0.31580298013245034,0.32625,0.19688333333333335,0.003594784768211642,0.899019093641313,1.0,0.85375,81.8,False,
366,3,20297528,0.4,B05678/S23578,1,0,0,0,0,1,1,1,1,0,0,1,1,0,1,0,1,1,0.3169205298013245,0.314375,0.18121666666666666,-0.008596636458697043,0.9001103539166815,1.0,0.865625,84.6,False,
366,4,20297529,0.5,B05678/S23578,1,0,0,0,0,1,1,1,1,0,0,1,1,0,1,0,1,1,0.32018211920529793,0.316875,0.20477083333333332,-0.023777666434297684,0.9020425087270598,1.0,0.8362499999999999,66.6,False,
367,0,20297625,0.1,B023458/S0,1,0,1,1,1,1,0,0,1,1,0,0,0,0,0,0,0,0,0.4689652317880796,0.48125,0.9395750000000002,0.023927653363540857,0.9930834425776809,1.0,0.99875,21.4,False,
367,1,20297626,0.2,B023458/S0,1,0,1,1,1,1,0,0,1,1,0,0,0,0,0,0,0,0,0.4669205298013245,0.46125,0.9351041666666663,0.02006067009410929,0.9943159171653121,1.0,1.0,23.4,False,
367,2,20297627,0.3,B023458/S0,1,0,1,1,1,1,0,0,1,1,0,0,0,0,0,0,0,0,0.4712293046357615,0.453125,0.9433375,0.019604173928197365,0.9946710645660825,1.0,1.0,17.4,False,
367,3,20297628,0.4,B023458/S0,1,0,1,1,1,1,0,0,1,1,0,0,0,0,0,0,0,0,0.4694370860927152,0.471875,0.9390374999999999,0.010998387940048558,0.9968681784303893,1.0,0.998125,4.8,False,
367,4,20297629,0.5,B023458/S0,1,0,1,1,1,1,0,0,1,1,0,0,0,0,0,0,0,0,0.47443708609271523,0.481875,0.9485583333333333,0.01285901010805138,0.9977381792970698,1.0,1.0,2.8,False,
368,0,20297725,0.1,B2457/S2457,0,0,1,0,1,1,0,1,0,0,0,1,0,1,1,0,1,0,0.6120157284768212,0.625,0.462825,0.08866678285116744,0.9454735431979353,1.0,0.814375,18.0,False,
368,1,20297726,0.2,B2457/S2457,0,0,1,0,1,1,0,1,0,0,0,1,0,1,1,0,1,0,0.6206788079470198,0.635625,0.46697083333333333,0.04025335482746568,0.9505789437737955,1.0,0.6275,22.6,False,
368,2,20297727,0.3,B2457/S2457,0,0,1,0,1,1,0,1,0,0,0,1,0,1,1,0,1,0,0.6231084437086093,0.63625,0.46857499999999996,0.020412273440222867,0.9528640061422247,1.0,0.58125,13.8,False,
368,3,20297728,0.4,B2457/S2457,0,0,1,0,1,1,0,1,0,0,0,1,0,1,1,0,1,0,0.6258319536423842,0.635625,0.46762916666666665,0.010429810038340077,0.9523533690363278,1.0,0.5862499999999999,4.2,False,
368,4,20297729,0.5,B2457/S2457,0,0,1,0,1,1,0,1,0,0,0,1,0,1,1,0,1,0,0.6274710264900661,0.616875,0.46886666666666665,0.005660291042174396,0.951723785357663,1.0,0.5825,2.4,False,
369,0,20297825,0.1,B01258/S01456,1,1,1,0,0,1,0,0,1,1,1,0,0,1,1,1,0,0,0.5740066225165563,0.584375,0.33397083333333333,0.04243355698849728,0.9530303056500944,1.0,0.928125,23.8,False,
369,1,20297826,0.2,B01258/S01456,1,1,1,0,0,1,0,0,1,1,1,0,0,1,1,1,0,0,0.573932119205298,0.60625,0.3034041666666667,0.021336702683861827,0.9802176233838766,1.0,0.760625,25.0,False,
369,2,20297827,0.3,B01258/S01456,1,1,1,0,0,1,0,0,1,1,1,0,0,1,1,1,0,0,0.5744039735099339,0.5725,0.30127499999999996,0.008312347507842648,0.9818396277903679,1.0,0.745,16.4,False,
369,3,20297828,0.4,B01258/S01456,1,1,1,0,0,1,0,0,1,1,1,0,0,1,1,1,0,0,0.5771233443708609,0.57625,0.2971208333333333,0.010530128093412172,0.9813155042056058,1.0,0.755,10.4,False,
369,4,20297829,0.5,B01258/S01456,1,1,1,0,0,1,0,0,1,1,1,0,0,1,1,1,0,0,0.5738245033112582,0.58375,0.30217916666666667,0.0002820015684901752,0.9831251074043921,1.0,0.755,4.4,False,
370,0,20297925,0.1,B012345678/S013457,1,1,1,1,1,1,1,1,1,1,1,0,1,1,1,0,1,0,0.5291721854304636,0.070625,0.9356791666666667,-0.004732594109446029,0.2274816318362647,1.0,1.0,25.2,False,
370,1,20297926,0.2,B012345678/S013457,1,1,1,1,1,1,1,1,1,1,1,0,1,1,1,0,1,0,0.6561382450331126,0.593125,0.6842333333333332,0.0623027405019164,0.8294780823080691,1.0,0.941875,25.6,False,
370,2,20297927,0.3,B012345678/S013457,1,1,1,1,1,1,1,1,1,1,1,0,1,1,1,0,1,0,0.668344370860927,0.740625,0.6613208333333334,0.051401729696757874,0.8677618182631168,1.0,0.884375,17.4,False,
370,3,20297928,0.4,B012345678/S013457,1,1,1,1,1,1,1,1,1,1,1,0,1,1,1,0,1,0,0.6760885761589404,0.663125,0.6459458333333333,0.01990839578250199,0.8808908384744457,1.0,0.85625,7.4,False,
370,4,20297929,0.5,B012345678/S013457,1,1,1,1,1,1,1,1,1,1,1,0,1,1,1,0,1,0,0.6749420529801324,0.74375,0.6494208333333333,0.010455298013244496,0.8850075483628538,1.0,0.87125,1.8,False,
371,0,20298025,0.1,B1257/S7,0,1,1,0,0,1,0,1,0,0,0,0,0,0,0,0,1,0,0.36096026490066224,0.36,0.7020791666666666,0.011272547054722571,0.9395147944253643,1.0,0.744375,59.6,False,
371,1,20298026,0.2,B1257/S7,0,1,1,0,0,1,0,1,0,0,0,0,0,0,0,0,1,0,0.36103890728476823,0.366875,0.7020624999999999,0.0029598727779711342,0.9397304402353397,1.0,0.745,61.8,False,
371,2,20298027,0.3,B1257/S7,0,1,1,0,0,1,0,1,0,0,0,0,0,0,0,0,1,0,0.36129552980132457,0.3325,0.7017708333333333,0.002184450156848819,0.9418930590291409,1.0,0.745625,56.8,False,
371,3,20298028,0.4,B1257/S7,0,1,1,0,0,1,0,1,0,0,0,0,0,0,0,0,1,0,0.36145281456953643,0.345625,0.7025458333333333,0.0012521784593933216,0.9419319841076004,1.0,0.734375,42.0,False,
371,4,20298029,0.5,B1257/S7,0,1,1,0,0,1,0,1,0,0,0,0,0,0,0,0,1,0,0.3621647350993378,0.341875,0.7033583333333333,-0.0036522960962014463,0.941481277163358,1.0,0.745,38.8,False,
372,0,20298125,0.1,B023568/S1457,1,0,1,1,0,1,1,0,1,0,1,0,0,1,1,0,1,0,0.6223882450331126,0.640625,0.5032083333333333,0.025641883060298794,0.9499018509655969,1.0,0.568125,22.8,False,
372,1,20298126,0.2,B023568/S1457,1,0,1,1,0,1,1,0,1,0,1,0,0,1,1,0,1,0,0.624842715231788,0.595625,0.5016458333333333,0.019102583652840146,0.950325069845143,1.0,0.583125,25.8,False,
372,2,20298127,0.3,B023568/S1457,1,0,1,1,0,1,1,0,1,0,1,0,0,1,1,0,1,0,0.6242301324503311,0.616875,0.5027375000000001,0.011181705298013093,0.9521530408224139,1.0,0.5743750000000001,14.4,False,
372,3,20298128,0.4,B023568/S1457,1,0,1,1,0,1,1,0,1,0,1,0,0,1,1,0,1,0,0.6256043046357616,0.62,0.5019666666666667,0.012627330951550584,0.9523696325531905,1.0,0.5762499999999999,5.8,False,
372,4,20298129,0.5,B023568/S1457,1,0,1,1,0,1,1,0,1,0,1,0,0,1,1,0,1,0,0.6258816225165561,0.624375,0.5035458333333334,0.0023501219937259107,0.952917782014079,1.0,0.5762499999999999,3.2,False,
373,0,20298225,0.1,B012/S0248,1,1,1,0,0,0,0,0,0,1,0,1,0,1,0,0,0,1,0.4393170529801325,0.41875,0.5511083333333334,-0.02081648658069048,0.9755878419259927,1.0,0.754375,44.6,False,
373,1,20298226,0.2,B012/S0248,1,1,1,0,0,0,0,0,0,1,0,1,0,1,0,0,0,1,0.4355504966887417,0.420625,0.5510124999999999,-0.006681770651795107,0.979099719500499,1.0,0.68125,66.8,False,
373,2,20298227,0.3,B012/S0248,1,1,1,0,0,0,0,0,0,1,0,1,0,1,0,0,0,1,0.43546357615894044,0.41875,0.5482166666666667,0.007712399790867642,0.9812954660423021,1.0,0.66625,52.4,False,
373,3,20298228,0.4,B012/S0248,1,1,1,0,0,0,0,0,0,1,0,1,0,1,0,0,0,1,0.43293046357615894,0.4625,0.5455958333333335,0.0029402666434298224,0.982561723227941,1.0,0.655625,38.4,False,
373,4,20298229,0.5,B012/S0248,1,1,1,0,0,0,0,0,0,1,0,1,0,1,0,0,0,1,0.4339610927152317,0.415625,0.5454000000000001,0.0010619989543389967,0.9830677930810677,1.0,0.675,43.2,False,
374,0,20298325,0.1,B1257/S01248,0,1,1,0,0,1,0,1,0,1,1,1,0,1,0,0,0,1,0.4480298013245033,0.449375,0.4806,0.011357506971070193,0.9880757245894827,1.0,0.6681250000000001,33.8,False,
374,1,20298326,0.2,B1257/S01248,0,1,1,0,0,1,0,1,0,1,1,1,0,1,0,0,0,1,0.4497019867549669,0.435,0.4825458333333334,0.0009845547228998085,0.9888706993855922,1.0,0.5974999999999999,38.4,False,
374,2,20298327,0.3,B1257/S01248,0,1,1,0,0,1,0,1,0,1,1,1,0,1,0,0,0,1,0.4496605960264901,0.445625,0.4774499999999999,0.0018459175670961804,0.9908482871837831,1.0,0.6074999999999999,29.6,False,
374,3,20298328,0.4,B1257/S01248,0,1,1,0,0,1,0,1,0,1,1,1,0,1,0,0,0,1,0.449544701986755,0.424375,0.4793624999999999,0.003525836528406666,0.9914088619963696,1.0,0.5974999999999999,22.0,False,
374,4,20298329,0.5,B1257/S01248,0,1,1,0,0,1,0,1,0,1,1,1,0,1,0,0,0,1,0.4509685430463576,0.473125,0.48231666666666667,-0.0016361319275011682,0.9920943879827313,1.0,0.596875,14.2,False,
375,0,20298425,0.1,B01234/S18,1,1,1,1,1,0,0,0,0,0,1,0,0,0,0,0,0,1,0.5013576158940397,0.47125,0.8678833333333333,-0.002766752352736319,0.9908904108015563,1.0,0.8049999999999999,40.4,False,
375,1,20298426,0.2,B01234/S18,1,1,1,1,1,0,0,0,0,0,1,0,0,0,0,0,0,1,0.5013451986754967,0.48125,0.8689583333333334,-0.0008783548274667337,0.9922332441688224,1.0,0.83,43.6,False,
375,2,20298427,0.3,B01234/S18,1,1,1,1,1,0,0,0,0,0,1,0,0,0,0,0,0,1,0.5008899006622517,0.511875,0.8719500000000001,0.00042316573719022063,0.9950960246439938,1.0,0.815625,32.0,False,
375,3,20298428,0.4,B01234/S18,1,1,1,1,1,0,0,0,0,0,1,0,0,0,0,0,0,1,0.5007119205298013,0.490625,0.8699166666666668,0.004453533461135657,0.9977156252059609,1.0,0.8225,24.0,False,
375,4,20298429,0.5,B01234/S18,1,1,1,1,1,0,0,0,0,0,1,0,0,0,0,0,0,1,0.5001945364238409,0.46625,0.8731083333333334,-2.810212617668029e-05,0.9976080540787612,1.0,0.81875,20.0,False,
376,0,20298525,0.1,B01237/S01346,1,1,1,1,0,0,0,1,0,1,1,0,1,1,0,1,0,0,0.4996937086092714,0.01125,0.9792625,-0.004070560299756245,0.11033847061503801,1.0,1.0,22.4,False,
376,1,20298526,0.2,B01237/S01346,1,1,1,1,0,0,0,1,0,1,1,0,1,1,0,1,0,0,0.5037086092715232,0.015,0.9589374999999999,-0.016474054548624197,0.1868941378906727,1.0,1.0,26.2,False,
376,2,20298527,0.3,B01237/S01346,1,1,1,1,0,0,0,1,0,1,1,0,1,1,0,1,0,0,0.5091597682119205,0.05625,0.78625,-0.01998747385848763,0.6246450516547393,1.0,0.953125,19.8,False,
376,3,20298528,0.4,B01237/S01346,1,1,1,1,0,0,0,1,0,1,1,0,1,1,0,1,0,0,0.513112582781457,0.489375,0.5088666666666667,-0.001477322237714242,0.9890199011231778,1.0,0.7050000000000001,13.2,False,
376,4,20298529,0.5,B01237/S01346,1,1,1,1,0,0,0,1,0,1,1,0,1,1,0,1,0,0,0.5125662251655629,0.4425,0.5110208333333334,-0.0011146087486935978,0.9904220716192523,1.0,0.7275,12.2,False,
377,0,20298625,0.1,B1368/S234567,0,1,0,1,0,0,1,0,1,0,0,1,1,1,1,1,1,0,0.7017756622516557,0.700625,0.048370833333333335,0.030208151795050153,0.8689864442820974,1.0,0.995,22.0,False,
377,1,20298626,0.2,B1368/S234567,0,1,0,1,0,0,1,0,1,0,0,1,1,1,1,1,1,0,0.6963245033112584,0.7025,0.05009583333333333,0.023890728476820517,0.879583474454674,1.0,0.994375,23.8,False,
377,2,20298627,0.3,B1368/S234567,0,1,0,1,0,0,1,0,1,0,0,1,1,1,1,1,1,0,0.709010761589404,0.71625,0.054691666666666666,0.014868965667479386,0.865858378861613,1.0,0.994375,17.4,False,
377,3,20298628,0.4,B1368/S234567,0,1,0,1,0,0,1,0,1,0,0,1,1,1,1,1,1,0,0.7080836092715231,0.71375,0.04638333333333334,0.010788929069361524,0.8683636879404771,1.0,1.0,7.8,False,
377,4,20298629,0.5,B1368/S234567,0,1,0,1,0,0,1,0,1,0,0,1,1,1,1,1,1,0,0.702851821192053,0.7025,0.04560416666666667,0.0018093194492850692,0.8766622709510808,1.0,0.998125,1.8,False,
378,0,20298725,0.1,B012356/S0234578,1,1,1,1,0,1,1,0,0,1,0,1,1,1,1,0,1,1,0.6903600993377483,0.674375,0.3846791666666666,-0.014667022481701037,0.8807513192822674,1.0,0.9137500000000001,22.4,False,
378,1,20298726,0.2,B012356/S0234578,1,1,1,1,0,1,1,0,0,1,0,1,1,1,1,0,1,1,0.6880173841059603,0.69875,0.3872291666666667,0.0030660726734052716,0.888374614159549,1.0,0.829375,22.4,False,
378,2,20298727,0.3,B012356/S0234578,1,1,1,1,0,1,1,0,0,1,0,1,1,1,1,0,1,1,0.6903394039735098,0.69125,0.38281666666666664,0.006289974729870847,0.8878955151309094,1.0,0.774375,17.4,False,
378,3,20298728,0.4,B012356/S0234578,1,1,1,1,0,1,1,0,0,1,0,1,1,1,1,0,1,1,0.686978476821192,0.685,0.38471666666666665,0.006011894388288472,0.893846458919878,1.0,0.673125,8.6,False,
378,4,20298729,0.5,B012356/S0234578,1,1,1,1,0,1,1,0,0,1,0,1,1,1,1,0,1,1,0.688841059602649,0.683125,0.38277500000000003,0.0008643037643773625,0.8926827749211982,1.0,0.686875,2.6,False,
379,0,20298825,0.1,B2/S47,0,0,1,0,0,0,0,0,0,0,0,0,0,1,0,0,1,0,0.2371895695364238,0.263125,0.4337291666666666,0.0239766686998952,0.7884819425716593,1.0,0.7975,88.8,False,
379,1,20298826,0.2,B2/S47,0,0,1,0,0,0,0,0,0,0,0,0,0,1,0,0,1,0,0.2437955298013245,0.275625,0.44403750000000003,0.0023792044266292755,0.800707244925937,1.0,0.6737500000000001,94.0,False,
379,2,20298827,0.3,B2/S47,0,0,1,0,0,0,0,0,0,0,0,0,0,1,0,0,1,0,0.24245860927152316,0.251875,0.4405583333333334,-0.00023462007668203605,0.7984116666860946,1.0,0.6775,82.8,False,
379,3,20298828,0.4,B2/S47,0,0,1,0,0,0,0,0,0,0,0,0,0,1,0,0,1,0,0.24185844370860923,0.231875,0.4382916666666667,-0.004502222028581584,0.7968671037171063,1.0,0.678125,78.4,False,
379,4,20298829,0.5,B2/S47,0,0,1,0,0,0,0,0,0,0,0,0,0,1,0,0,1,0,0.24327400662251655,0.23375,0.44015833333333326,-0.003944754269780577,0.7983264267899268,1.0,0.6725,72.4,False,
380,0,20298925,0.1,B134/S146,0,1,0,1,1,0,0,0,0,0,1,0,0,1,0,1,0,0,0.47314569536423834,0.489375,0.5633749999999998,0.018537600209132175,0.9941074153869007,1.0,0.54625,27.4,False,
380,1,20298926,0.2,B134/S146,0,1,0,1,1,0,0,0,0,0,1,0,0,1,0,1,0,0,0.474271523178808,0.47875,0.5661249999999999,0.006897438131752912,0.9960875108049515,1.0,0.54375,29.8,False,
380,2,20298927,0.3,B134/S146,0,1,0,1,1,0,0,0,0,0,1,0,0,1,0,1,0,0,0.475260761589404,0.468125,0.5672291666666667,0.006593869815265993,0.9970276475836392,1.0,0.54625,25.2,False,
380,3,20298928,0.4,B134/S146,0,1,0,1,1,0,0,0,0,0,1,0,0,1,0,1,0,0,0.4761713576158941,0.483125,0.5652791666666667,0.003910116765422929,0.9976135607247779,1.0,0.538125,15.6,False,
380,4,20298929,0.5,B134/S146,0,1,0,1,1,0,0,0,0,0,1,0,0,1,0,1,0,0,0.47715645695364234,0.5,0.5654916666666667,0.001510325897524907,0.9978725200582,1.0,0.544375,7.6,False,
381,0,20299025,0.1,B01578/S0467,1,1,0,0,0,1,0,1,1,1,0,0,0,1,0,1,1,0,0.36353476821192054,0.436875,0.4778083333333332,-0.006383430637853088,0.9380405262147844,1.0,0.64625,49.2,False,
381,1,20299026,0.2,B01578/S0467,1,1,0,0,0,1,0,1,1,1,0,0,0,1,0,1,1,0,0.3625289735099338,0.38875,0.47459166666666663,-0.0011861711397701173,0.9425746514159148,1.0,0.6225,56.0,False,
381,2,20299027,0.3,B01578/S0467,1,1,0,0,0,1,0,1,1,1,0,0,0,1,0,1,1,0,0.3627028145695364,0.3575,0.47165833333333335,0.0038052239456253913,0.943195524027388,1.0,0.6125,52.6,False,
381,3,20299028,0.4,B01578/S0467,1,1,0,0,0,1,0,1,1,1,0,0,0,1,0,1,1,0,0.3624751655629139,0.346875,0.4719208333333334,-0.003938218891600109,0.9432213737047253,1.0,0.5875,45.0,False,
381,4,20299029,0.5,B01578/S0467,1,1,0,0,0,1,0,1,1,1,0,0,0,1,0,1,1,0,0.36378725165562914,0.35,0.4721583333333333,-0.004991395085396259,0.9438927796877473,1.0,0.594375,33.0,False,
382,0,20299125,0.1,B0567/S125678,1,0,0,0,0,1,1,1,0,0,1,1,0,0,1,1,1,1,0.2938451986754967,0.276875,0.051104166666666666,-0.08775640467061754,0.8661106633881537,1.0,1.0,165.6,False,
382,1,20299126,0.2,B0567/S125678,1,0,0,0,0,1,1,1,0,0,1,1,0,0,1,1,1,1,0.26840231788079466,0.2675,0.0405625,-0.010623584001394348,0.8387180256001443,1.0,0.99875,167.0,False,
382,2,20299127,0.3,B0567/S125678,1,0,0,0,0,1,1,1,0,0,1,1,0,0,1,1,1,1,0.27055463576158945,0.261875,0.050325,-0.009638048971767326,0.842048691679898,1.0,0.996875,162.2,False,
382,3,20299128,0.4,B0567/S125678,1,0,0,0,0,1,1,1,0,0,1,1,0,0,1,1,1,1,0.27444122516556296,0.269375,0.04132916666666667,-0.014969937260370061,0.8471629292715733,1.0,1.0,155.0,False,
382,4,20299129,0.5,B0567/S125678,1,0,0,0,0,1,1,1,0,0,1,1,0,0,1,1,1,1,0.27043460264900665,0.263125,0.051879166666666664,-0.047056029975601654,0.8392581092236453,1.0,1.0,146.6,False,
383,0,20299225,0.1,B024/S48,1,0,1,0,1,0,0,0,0,0,0,0,0,1,0,0,0,1,0.37033940397350995,0.396875,0.5915375,0.009398200592540483,0.9484309161019948,1.0,0.66875,47.4,False,
383,1,20299226,0.2,B024/S48,1,0,1,0,1,0,0,0,0,0,0,0,0,1,0,0,0,1,0.37128311258278146,0.40375,0.590825,0.008360382537469117,0.9506274859498346,1.0,0.60875,47.8,False,
383,2,20299227,0.3,B024/S48,1,0,1,0,1,0,0,0,0,0,0,0,0,1,0,0,0,1,0.37251241721854306,0.361875,0.5910083333333334,0.0027000914952938463,0.9521046592243397,1.0,0.598125,37.6,False,
383,3,20299228,0.4,B024/S48,1,0,1,0,1,0,0,0,0,0,0,0,0,1,0,0,0,1,0.3721647350993378,0.385625,0.59125,-0.0010950026141513486,0.9519245312654615,1.0,0.5925,30.6,False,
383,4,20299229,0.5,B024/S48,1,0,1,0,1,0,0,0,0,0,0,0,0,1,0,0,0,1,0.37217715231788084,0.375625,0.5903583333333334,0.0004623780062738443,0.9515624979130516,1.0,0.59375,28.2,False,
384,0,20299325,0.1,B2/S14,0,0,1,0,0,0,0,0,0,0,1,0,0,1,0,0,0,0,0.293216059602649,0.301875,0.39007083333333337,0.01656783722551382,0.8708023586693734,1.0,0.8043750000000001,74.4,False,
384,1,20299326,0.2,B2/S14,0,0,1,0,0,0,0,0,0,0,1,0,0,1,0,0,0,0,0.2968046357615894,0.2975,0.3962083333333334,0.003070647438131434,0.8764460518706658,1.0,0.635625,71.6,False,
384,2,20299327,0.3,B2/S14,0,0,1,0,0,0,0,0,0,0,1,0,0,1,0,0,0,0,0.2982326158940397,0.29,0.3964666666666667,-0.008896283548274975,0.8784170521388465,1.0,0.640625,73.6,False,
384,3,20299328,0.4,B2/S14,0,0,1,0,0,0,0,0,0,0,1,0,0,1,0,0,0,0,0.29814983443708604,0.281875,0.3964333333333333,-0.004570843499477425,0.87817093784282,1.0,0.64375,62.0,False,
384,4,20299329,0.5,B2/S14,0,0,1,0,0,0,0,0,0,0,1,0,0,1,0,0,0,0,0.29797185430463574,0.304375,0.3963416666666667,-0.0034278058556992943,0.8772891649826785,1.0,0.6387499999999999,57.8,False,
385,0,20299425,0.1,B1368/S145,0,1,0,1,0,0,1,0,1,0,1,0,0,1,1,0,0,0,0.43276490066225165,0.435,0.4480499999999999,0.011230720634367248,0.9839396315049377,1.0,0.593125,34.4,False,
385,1,20299426,0.2,B1368/S145,0,1,0,1,0,0,1,0,1,0,1,0,0,1,1,0,0,0,0.4343004966887417,0.41,0.4480833333333334,0.012177370163820157,0.9857487129860382,1.0,0.59125,38.4,False,
385,2,20299427,0.3,B1368/S145,0,1,0,1,0,0,1,0,1,0,1,0,0,1,1,0,0,0,0.43351821192052975,0.44125,0.44897916666666676,0.006138027187172836,0.9864121971416117,1.0,0.5862499999999999,27.4,False,
385,3,20299428,0.4,B1368/S145,0,1,0,1,0,0,1,0,1,0,1,0,0,1,1,0,0,0,0.4347723509933774,0.438125,0.44824166666666665,0.010593848030672154,0.9871390472971953,1.0,0.59125,17.6,False,
385,4,20299429,0.5,B1368/S145,0,1,0,1,0,0,1,0,1,0,1,0,0,1,1,0,0,0,0.4371978476821192,0.433125,0.447575,0.0003042218543045619,0.9880168289027923,1.0,0.595,15.8,False,
386,0,20299525,0.1,B016/S01247,1,1,0,0,0,0,1,0,0,1,1,1,0,1,0,0,1,0,0.31359685430463574,0.308125,0.023824999999999995,-0.024938349599163696,0.8894505262718178,1.0,1.0,204.6,False,
386,1,20299526,0.2,B016/S01247,1,1,0,0,0,0,1,0,0,1,1,1,0,1,0,0,1,0,0.31021523178807947,0.306875,0.015187500000000001,-0.011298035029627208,0.8915943332898838,1.0,1.0,206.2,False,
386,2,20299527,0.3,B016/S01247,1,1,0,0,0,0,1,0,0,1,1,1,0,1,0,0,1,0,0.31556705298013243,0.315,0.011975,-0.006036728825374933,0.8992793020707335,1.0,1.0,187.0,False,
386,3,20299528,0.4,B016/S01247,1,1,0,0,0,0,1,0,0,1,1,1,0,1,0,0,1,0,0.3142135761589404,0.311875,0.009045833333333333,-0.008646958870686767,0.8977365374669676,1.0,1.0,188.8,False,
386,4,20299529,0.5,B016/S01247,1,1,0,0,0,0,1,0,0,1,1,1,0,1,0,0,1,0,0.31803394039735094,0.31625,0.015112500000000001,-0.011612713489020914,0.9013157130852049,1.0,1.0,181.0,False,
387,0,20299625,0.1,B23/S01358,0,0,1,1,0,0,0,0,0,1,1,0,1,0,1,0,0,1,0.4440273178807947,0.475625,0.46420000000000006,0.025593848030672262,0.9860447548030752,1.0,0.818125,36.6,False,
387,1,20299626,0.2,B23/S01358,0,0,1,1,0,0,0,0,0,1,1,0,1,0,1,0,0,1,0.44774834437086103,0.46125,0.46710416666666676,0.008951834262809192,0.9894574706819315,1.0,0.5856250000000001,43.4,False,
387,2,20299627,0.3,B23/S01358,0,0,1,1,0,0,0,0,0,1,1,0,1,0,1,0,0,1,0.44805049668874175,0.41,0.46697083333333333,0.0013541303590099308,0.9900641861130487,1.0,0.5856250000000001,39.6,False,
387,3,20299628,0.4,B23/S01358,0,0,1,1,0,0,0,0,0,1,1,0,1,0,1,0,0,1,0.4499668874172185,0.436875,0.46790000000000004,-0.0009273701638205134,0.9914903382006703,1.0,0.589375,26.4,False,
387,4,20299629,0.5,B23/S01358,0,0,1,1,0,0,0,0,0,1,1,0,1,0,1,0,0,1,0.4486051324503311,0.406875,0.46550416666666666,0.0019004879749037755,0.9911753945128888,1.0,0.5875,20.4,False,
388,0,20299725,0.1,B0134/S123567,1,1,0,1,1,0,0,0,0,0,1,1,1,0,1,1,1,0,0.6130256622516556,0.605625,0.27075,0.020653102126175674,0.9553103599428563,1.0,0.786875,21.4,False,
388,1,20299726,0.2,B0134/S123567,1,1,0,1,1,0,0,0,0,0,1,1,1,0,1,1,1,0,0.6144453642384106,0.61125,0.2661375,0.009390358138723945,0.9577057786828382,1.0,0.801875,21.6,False,
388,2,20299727,0.3,B0134/S123567,1,1,0,1,1,0,0,0,0,0,1,1,1,0,1,1,1,0,0.6179014900662252,0.63875,0.26034583333333333,0.010750043569187129,0.9566678458218004,1.0,0.7975,20.6,False,
388,3,20299728,0.4,B0134/S123567,1,1,0,1,1,0,0,0,0,0,1,1,1,0,1,1,1,0,0.6179470198675496,0.590625,0.26009583333333336,0.012315920181247128,0.9579186592402916,1.0,0.796875,4.4,False,
388,4,20299729,0.5,B0134/S123567,1,1,0,1,1,0,0,0,0,0,1,1,1,0,1,1,1,0,0.6163824503311259,0.633125,0.2637041666666667,0.013574307249912411,0.959657888269123,1.0,0.8,2.6,False,
389,0,20299825,0.1,B038/S0128,1,0,0,1,0,0,0,0,1,1,1,1,0,0,0,0,0,1,0.34548841059602653,0.340625,0.42815,0.0017197847682115658,0.9267860114871074,1.0,0.7424999999999999,56.0,False,
389,1,20299826,0.2,B038/S0128,1,0,0,1,0,0,0,0,1,1,1,1,0,0,0,0,0,1,0.34521937086092713,0.33375,0.4289083333333334,0.0057740066225166545,0.9281478042564547,1.0,0.72375,55.4,False,
389,2,20299827,0.3,B038/S0128,1,0,0,1,0,0,0,0,1,1,1,1,0,0,0,0,0,1,0.3450082781456954,0.37375,0.42491666666666666,0.002765445277099844,0.9277565980352425,1.0,0.67875,50.2,False,
389,3,20299828,0.4,B038/S0128,1,0,0,1,0,0,0,0,1,1,1,1,0,0,0,0,0,1,0.3463907284768212,0.3725,0.4310708333333334,-0.0009731178110842619,0.9295500860125376,1.0,0.6643749999999999,41.8,False,
389,4,20299829,0.5,B038/S0128,1,0,0,1,0,0,0,0,1,1,1,1,0,0,0,0,0,1,0.3462582781456953,0.355,0.4286583333333333,-0.002032175845242518,0.927692105336016,1.0,0.7224999999999999,42.8,False,
390,0,20299925,0.1,B037/S12345678,1,0,0,1,0,0,0,1,0,0,1,1,1,1,1,1,1,1,0.7774048013245033,0.78625,0.0052,0.05174385674451077,0.7513840071762539,1.0,1.0,23.8,False,
390,1,20299926,0.2,B037/S12345678,1,0,0,1,0,0,0,1,0,0,1,1,1,1,1,1,1,1,0.7881167218543047,0.7975,0.0044666666666666665,0.05459785639595588,0.7330747192854761,1.0,1.0,23.2,False,
390,2,20299927,0.3,B037/S12345678,1,0,0,1,0,0,0,1,0,0,1,1,1,1,1,1,1,1,0.7673551324503312,0.774375,0.0034333333333333334,0.04090983356570202,0.7755231992004278,1.0,1.0,14.8,False,
390,3,20299928,0.4,B037/S12345678,1,0,0,1,0,0,0,1,0,0,1,1,1,1,1,1,1,1,0.755716059602649,0.760625,0.002591666666666667,0.028695865284070567,0.7981115326390136,1.0,1.0,6.6,False,
390,4,20299929,0.5,B037/S12345678,1,0,0,1,0,0,0,1,0,0,1,1,1,1,1,1,1,1,0.7387086092715233,0.741875,0.0015666666666666665,0.01848204949459727,0.8270787604168239,1.0,1.0,1.2,False,
391,0,20300025,0.1,B25678/S123456,0,0,1,0,0,1,1,1,1,0,1,1,1,1,1,1,0,0,0.6190438741721855,0.61125,0.38640416666666666,0.04191268734750704,0.9484223638146921,1.0,0.819375,24.4,False,
391,1,20300026,0.2,B25678/S123456,0,0,1,0,0,1,1,1,1,0,1,1,1,1,1,1,0,0,0.6215273178807947,0.671875,0.3850125,0.013654692401533339,0.9511258977866472,1.0,0.766875,21.6,False,
391,2,20300027,0.3,B25678/S123456,0,0,1,0,0,1,1,1,1,0,1,1,1,1,1,1,0,0,0.6167549668874173,0.62125,0.37578749999999994,0.011821845590798344,0.9565281711557984,1.0,0.739375,16.2,False,
391,3,20300028,0.4,B25678/S123456,0,0,1,0,0,1,1,1,1,0,1,1,1,1,1,1,0,0,0.6231953642384106,0.620625,0.3878833333333333,0.0033663733008009716,0.9533030665554858,1.0,0.760625,4.6,False,
391,4,20300029,0.5,B25678/S123456,0,0,1,0,0,1,1,1,1,0,1,1,1,1,1,1,0,0,0.6141846026490065,0.569375,0.3685083333333333,-0.021942859010108166,0.9597514747478643,1.0,0.744375,2.8,False,
392,0,20300125,0.1,B01234567/S12567,1,1,1,1,1,1,1,1,0,0,1,1,0,0,1,1,1,0,0.7493418874172185,0.77625,0.4328916666666667,0.04052620686650346,0.7949742838846114,1.0,0.86625,19.8,False,
392,1,20300126,0.2,B01234567/S12567,1,1,1,1,1,1,1,1,0,0,1,1,0,0,1,1,1,0,0.7510099337748345,0.779375,0.4274583333333334,0.027708696409898932,0.7983319491473485,1.0,0.82625,21.0,False,
392,2,20300127,0.3,B01234567/S12567,1,1,1,1,1,1,1,1,0,0,1,1,0,0,1,1,1,0,0.7532615894039736,0.765,0.42348749999999996,0.016524376960613013,0.7989253970830346,1.0,0.765625,16.4,False,
392,3,20300128,0.4,B01234567/S12567,1,1,1,1,1,1,1,1,0,0,1,1,0,0,1,1,1,0,0.7543087748344371,0.73125,0.423475,0.010979435343325265,0.8005749967644223,1.0,0.7581249999999999,6.0,False,
392,4,20300129,0.5,B01234567/S12567,1,1,1,1,1,1,1,1,0,0,1,1,0,0,1,1,1,0,0.7536837748344372,0.72875,0.42487499999999995,0.008123475078424421,0.8022509479842646,1.0,0.756875,2.4,False,
393,0,20300225,0.1,B02358/S013458,1,0,1,1,0,1,0,0,1,1,1,0,1,1,1,0,0,1,0.5736465231788079,0.5475,0.39877916666666663,0.017274965144648928,0.9787422802847549,1.0,0.651875,24.4,False,
393,1,20300226,0.2,B02358/S013458,1,0,1,1,0,1,0,0,1,1,1,0,1,1,1,0,0,1,0.5750579470198676,0.59625,0.3985416666666667,0.017657284768211573,0.9796477588716409,1.0,0.641875,27.2,False,
393,2,20300227,0.3,B02358/S013458,1,0,1,1,0,1,0,0,1,1,1,0,1,1,1,0,0,1,0.5740190397350994,0.561875,0.40184166666666665,0.007561759323806294,0.9813740973511942,1.0,0.640625,17.8,False,
393,3,20300228,0.4,B02358/S013458,1,0,1,1,0,1,0,0,1,1,1,0,1,1,1,0,0,1,0.5762872516556291,0.594375,0.3982833333333333,0.0024190702335310428,0.9815246969729837,1.0,0.650625,7.8,False,
393,4,20300229,0.5,B02358/S013458,1,0,1,1,0,1,0,0,1,1,1,0,1,1,1,0,0,1,0.5768667218543047,0.58125,0.39699166666666663,0.00046858661554480355,0.981662524068485,1.0,0.656875,4.0,False,
394,0,20300325,0.1,B125/S015678,0,1,1,0,0,1,0,0,0,1,1,0,0,0,1,1,1,1,0.7543046357615893,0.913125,0.17583333333333334,0.3266048710352032,0.7630144466193894,1.0,0.96875,23.6,False,
394,1,20300326,0.2,B125/S015678,0,1,1,0,0,1,0,0,0,1,1,0,0,0,1,1,1,1,0.8380877483443706,0.940625,0.090625,0.3643208652840708,0.5702604230497569,1.0,1.0,27.4,False,
394,2,20300327,0.3,B125/S015678,0,1,1,0,0,1,0,0,0,1,1,0,0,0,1,1,1,1,0.6624337748344371,0.829375,0.2701125,0.3716698980481002,0.8825359704983373,1.0,0.885625,18.8,False,
394,3,20300328,0.4,B125/S015678,0,1,1,0,0,1,0,0,0,1,1,0,0,0,1,1,1,1,0.6840397350993377,0.893125,0.24449583333333333,0.41275259236667794,0.8484039037246388,1.0,0.961875,9.8,False,
394,4,20300329,0.5,B125/S015678,0,1,1,0,0,1,0,0,0,1,1,0,0,0,1,1,1,1,0.5798178807947021,0.778125,0.34852083333333334,0.30650727605437383,0.9552592188085306,1.0,0.85875,10.2,False,
395,0,20300425,0.1,B012348/S02458,1,1,1,1,1,0,0,0,1,1,0,1,0,1,1,0,0,1,0.5671523178807946,0.583125,0.5772125,-0.008761001219937848,0.9721741134930705,1.0,0.7525,26.4,False,
395,1,20300426,0.2,B012348/S02458,1,1,1,1,1,0,0,0,1,1,0,1,0,1,1,0,0,1,0.565612582781457,0.523125,0.5849874999999999,-0.0010675540257933745,0.9724770421683566,1.0,0.6637500000000001,33.6,False,
395,2,20300427,0.3,B012348/S02458,1,1,1,1,1,0,0,0,1,1,0,1,0,1,1,0,0,1,0.5662086092715232,0.56875,0.5835833333333333,0.0030039865806899923,0.9735457410098398,1.0,0.66125,22.2,False,
395,3,20300428,0.4,B012348/S02458,1,1,1,1,1,0,0,0,1,1,0,1,0,1,1,0,0,1,0.5674089403973509,0.574375,0.5805625,-0.003587269083304364,0.9793482068290997,1.0,0.684375,17.0,False,
395,4,20300429,0.5,B012348/S02458,1,1,1,1,1,0,0,0,1,1,0,1,0,1,1,0,0,1,0.565782284768212,0.559375,0.5782125,0.006259585221330882,0.9854165326481298,1.0,0.6368750000000001,13.2,False,
396,0,20300525,0.1,B23678/S12468,0,0,1,1,0,0,1,1,1,0,1,1,0,1,0,1,0,1,0.49744205298013233,0.485625,0.47479166666666667,0.03644290257929564,0.9931936464072251,1.0,0.798125,26.0,False,
396,1,20300526,0.2,B23678/S12468,0,0,1,1,0,0,1,1,1,0,1,1,0,1,0,1,0,1,0.5038327814569536,0.494375,0.47651250000000006,0.011234641861275423,0.9975833901086154,1.0,0.5762499999999999,28.8,False,
396,2,20300527,0.3,B23678/S12468,0,0,1,1,0,0,1,1,1,0,1,1,0,1,0,1,0,1,0.5037996688741722,0.49375,0.4788083333333333,0.003936258278145552,0.9984500749884928,1.0,0.55375,20.2,False,
396,3,20300528,0.4,B23678/S12468,0,0,1,1,0,0,1,1,1,0,1,1,0,1,0,1,0,1,0.5063493377483445,0.516875,0.4766166666666667,-0.000701899616591677,0.9990302347576004,1.0,0.5575,10.8,False,
396,4,20300529,0.5,B23678/S12468,0,0,1,1,0,0,1,1,1,0,1,1,0,1,0,1,0,1,0.5048302980132451,0.4875,0.477425,0.0015992070407803288,0.9995280042193321,1.0,0.5575,7.0,False,
397,0,20300625,0.1,B013678/S3456,1,1,0,1,0,0,1,1,1,0,0,0,1,1,1,1,0,0,0.6303807947019867,0.663125,0.3458,0.030353890728476142,0.941171980528836,1.0,0.7125,20.8,False,
397,1,20300626,0.2,B013678/S3456,1,1,0,1,0,0,1,1,1,0,0,0,1,1,1,1,0,0,0.6323923841059602,0.64375,0.35,0.024438719937259754,0.9439384507989124,1.0,0.7125,26.2,False,
397,2,20300627,0.3,B013678/S3456,1,1,0,1,0,0,1,1,1,0,0,0,1,1,1,1,0,0,0.6320488410596027,0.61875,0.3484541666666667,0.01626165475775461,0.9455151355694952,1.0,0.696875,18.2,False,
397,3,20300628,0.4,B013678/S3456,1,1,0,1,0,0,1,1,1,0,0,0,1,1,1,1,0,0,0.6331332781456954,0.6625,0.3468624999999999,0.011226145869640054,0.94589693179261,1.0,0.696875,7.4,False,
397,4,20300629,0.5,B013678/S3456,1,1,0,1,0,0,1,1,1,0,0,0,1,1,1,1,0,0,0.6335264900662251,0.65125,0.34286666666666665,0.004872451202509037,0.9464080228583112,1.0,0.73,2.6,False,
398,0,20300725,0.1,B024578/S0345,1,0,1,0,1,1,0,1,1,1,0,0,1,1,1,0,0,0,0.5746026490066226,0.581875,0.5252208333333335,0.019013375740676058,0.9779550763414756,1.0,0.5775,24.2,False,
398,1,20300726,0.2,B024578/S0345,1,0,1,0,1,1,0,1,1,1,0,0,1,1,1,0,0,0,0.5762293046357616,0.57375,0.5240708333333334,0.014553960439177109,0.9788394817425794,1.0,0.565625,25.2,False,
398,2,20300727,0.3,B024578/S0345,1,0,1,0,1,1,0,1,1,1,0,0,1,1,1,0,0,0,0.5777938741721855,0.579375,0.5227833333333333,0.012106461310560469,0.9796202529849035,1.0,0.563125,18.6,False,
398,3,20300728,0.4,B024578/S0345,1,0,1,0,1,1,0,1,1,1,0,0,1,1,1,0,0,0,0.5773758278145695,0.555,0.5249791666666667,0.00651642558382643,0.9806250525834298,1.0,0.5662499999999999,6.4,False,
398,4,20300729,0.5,B024578/S0345,1,0,1,0,1,1,0,1,1,1,0,0,1,1,1,0,0,0,0.5787913907284769,0.5875,0.5216,0.0009535116765417627,0.9806017158344073,1.0,0.5700000000000001,3.6,False,
399,0,20300825,0.1,B13467/S356,0,1,0,1,1,0,1,1,0,0,0,0,1,0,1,1,0,0,0.6180546357615894,0.616875,0.4998916666666667,0.03876884367375323,0.951717205090627,1.0,0.57375,22.0,False,
399,1,20300826,0.2,B13467/S356,0,1,0,1,1,0,1,1,0,0,0,0,1,0,1,1,0,0,0.6199379139072848,0.6075,0.4980000000000001,0.02569906761937915,0.9535037816860544,1.0,0.578125,21.6,False,
399,2,20300827,0.3,B13467/S356,0,1,0,1,1,0,1,1,0,0,0,0,1,0,1,1,0,0,0.622239238410596,0.623125,0.4994333333333333,0.018731700941094737,0.9533034149696802,1.0,0.578125,20.2,False,
399,3,20300828,0.4,B13467/S356,0,1,0,1,1,0,1,1,0,0,0,0,1,0,1,1,0,0,0.6213990066225165,0.62625,0.4991208333333333,0.011535922795398619,0.9553662932095787,1.0,0.575,7.0,False,
399,4,20300829,0.5,B13467/S356,0,1,0,1,1,0,1,1,0,0,0,0,1,0,1,1,0,0,0.6236879139072847,0.649375,0.49933750000000005,0.0039016207737883725,0.9544943643372297,1.0,0.584375,2.4,False,
400,0,20300925,0.1,B123457/S05,0,1,1,1,1,1,0,1,0,1,0,0,0,0,1,0,0,0,0.5299461920529801,0.521875,0.7809958333333334,0.012597921749738365,0.9927646289269096,1.0,0.666875,25.6,False,
400,1,20300926,0.2,B123457/S05,0,1,1,1,1,1,0,1,0,1,0,0,0,0,1,0,0,0,0.5302649006622517,0.514375,0.7840333333333332,0.008154844893690946,0.993399501695017,1.0,0.6643749999999999,26.2,False,
400,2,20300927,0.3,B123457/S05,0,1,1,1,1,1,0,1,0,1,0,0,0,0,1,0,0,0,0.5307077814569536,0.535625,0.784425,0.005755380794701277,0.9949367590624705,1.0,0.6675,17.2,False,
400,3,20300928,0.4,B123457/S05,0,1,1,1,1,1,0,1,0,1,0,0,0,0,1,0,0,0,0.5313824503311259,0.5325,0.7852625,0.0034702858138723866,0.9959751140302663,1.0,0.66875,7.0,False,
400,4,20300929,0.5,B123457/S05,0,1,1,1,1,1,0,1,0,1,0,0,0,0,1,0,0,0,0.5329511589403974,0.55375,0.7829333333333334,0.0024863846287900967,0.9962414816334414,1.0,0.663125,4.6,False,
401,0,20301025,0.1,B0123568/S256,1,1,1,1,0,1,1,0,1,0,0,1,0,0,1,1,0,0,0.5809023178807947,0.6025,0.5795333333333332,0.019406151969327066,0.9651135764624752,1.0,0.84125,22.4,False,
401,1,20301026,0.2,B0123568/S256,1,1,1,1,0,1,1,0,1,0,0,1,0,0,1,1,0,0,0.5840521523178808,0.5675,0.5726708333333332,0.007024878006273439,0.9737180178918055,1.0,0.665625,25.4,False,
401,2,20301027,0.3,B0123568/S256,1,1,1,1,0,1,1,0,1,0,0,1,0,0,1,1,0,0,0.582396523178808,0.5725,0.5731583333333333,0.009346244336005526,0.9776830466256581,1.0,0.58375,14.4,False,
401,3,20301028,0.4,B0123568/S256,1,1,1,1,0,1,1,0,1,0,0,1,0,0,1,1,0,0,0.5833816225165565,0.585,0.5695208333333333,0.014352997560125069,0.9788358519258454,1.0,0.579375,5.2,False,
401,4,20301029,0.5,B0123568/S256,1,1,1,1,0,1,1,0,1,0,0,1,0,0,1,1,0,0,0.5839652317880795,0.5975,0.5682,0.008511023004530903,0.978959117646358,1.0,0.5762499999999999,2.2,False,
402,0,20301125,0.1,B012357/S025,1,1,1,1,0,1,0,1,0,1,0,1,0,0,1,0,0,0,0.4972930463576159,0.02625,0.9992833333333332,-0.0025484707215058136,0.1786004797659412,1.0,1.0,30.4,False,
402,1,20301126,0.2,B012357/S025,1,1,1,1,0,1,0,1,0,1,0,1,0,0,1,0,0,0,0.49793046357615883,0.02875,0.988075,-0.006015162077379628,0.22442964450020997,1.0,1.0,30.2,False,
402,2,20301127,0.3,B012357/S025,1,1,1,1,0,1,0,1,0,1,0,1,0,0,1,0,0,0,0.4983609271523179,0.01875,0.9805166666666666,-0.00871198588358338,0.22740902591191195,1.0,1.0,19.8,False,
402,3,20301128,0.4,B012357/S025,1,1,1,1,0,1,0,1,0,1,0,1,0,0,1,0,0,0,0.5001117549668874,0.005,0.9359625,-0.011566312303938708,0.536013592448434,1.0,1.0,9.4,False,
402,4,20301129,0.5,B012357/S025,1,1,1,1,0,1,0,1,0,1,0,1,0,0,1,0,0,0,0.5031870860927153,0.5525,0.9219125,0.00045257493900212597,0.9953875723227873,1.0,0.96,6.0,False,
403,0,20301225,0.1,B123468/S123578,0,1,1,1,1,0,1,0,1,0,1,1,1,0,1,0,1,1,0.6147144039735097,0.613125,0.5023958333333334,0.023617876437782917,0.9552292685106035,1.0,0.5775,21.6,False,
403,1,20301226,0.2,B123468/S123578,0,1,1,1,1,0,1,0,1,0,1,1,1,0,1,0,1,1,0.6180132450331125,0.620625,0.49801666666666655,0.006792872080863541,0.9538445360880712,1.0,0.715625,26.6,False,
403,2,20301227,0.3,B123468/S123578,0,1,1,1,1,0,1,0,1,0,1,1,1,0,1,0,1,1,0.6190190397350994,0.6225,0.5008916666666666,-0.01001808121296634,0.9537384573833386,1.0,0.76375,19.4,False,
403,3,20301228,0.4,B123468/S123578,0,1,1,1,1,0,1,0,1,0,1,1,1,0,1,0,1,1,0.6187417218543045,0.624375,0.5001083333333334,-0.0028089055420012455,0.9565477129115285,1.0,0.659375,8.8,False,
403,4,20301229,0.5,B123468/S123578,0,1,1,1,1,0,1,0,1,0,1,1,1,0,1,0,1,1,0.6182119205298013,0.604375,0.5009583333333332,0.0031137809341225137,0.9579204162246069,1.0,0.575625,4.2,False,
404,0,20301325,0.1,B23578/S14568,0,0,1,1,0,1,0,1,1,0,1,0,0,1,1,1,0,1,0.6721274834437085,0.703125,0.3551916666666667,0.07825690571627684,0.8964704070261584,1.0,0.780625,20.6,False,
404,1,20301326,0.2,B23578/S14568,0,0,1,1,0,1,0,1,1,0,1,0,0,1,1,1,0,1,0.6806705298013245,0.698125,0.35717916666666666,0.032286402056465276,0.8969974274937491,1.0,0.671875,25.0,False,
404,2,20301327,0.3,B23578/S14568,0,0,1,1,0,1,0,1,1,0,1,0,0,1,1,1,0,1,0.6833278145695365,0.68875,0.35617916666666666,0.018466691355872675,0.8972913619117505,1.0,0.6793750000000001,12.0,False,
404,3,20301328,0.4,B23578/S14568,0,0,1,1,0,1,0,1,1,0,1,0,0,1,1,1,0,1,0.6821440397350993,0.66375,0.359375,0.01223912948762602,0.8997775467042318,1.0,0.67875,4.4,False,
404,4,20301329,0.5,B23578/S14568,0,0,1,1,0,1,0,1,1,0,1,0,0,1,1,1,0,1,0.6837086092715232,0.66875,0.35543749999999996,0.00844174799581698,0.8991593637780008,1.0,0.674375,2.4,False,
405,0,20301425,0.1,B013458/S0126,1,1,0,1,1,1,0,0,1,1,1,1,0,0,0,1,0,0,0.5015645695364238,0.503125,0.7433875000000001,0.006455319797838523,0.987731246762125,1.0,0.7737499999999999,24.2,False,
405,1,20301426,0.2,B013458/S0126,1,1,0,1,1,1,0,0,1,1,1,1,0,0,0,1,0,0,0.5006456953642384,0.495,0.7379999999999999,0.005770738933426561,0.9952893832586805,1.0,0.7068749999999999,26.6,False,
405,2,20301427,0.3,B013458/S0126,1,1,0,1,1,1,0,0,1,1,1,1,0,0,0,1,0,0,0.5010306291390729,0.475625,0.7391541666666667,0.0024965144649699185,0.9972589510146863,1.0,0.704375,28.0,False,
405,3,20301428,0.4,B013458/S0126,1,1,0,1,1,1,0,0,1,1,1,1,0,0,0,1,0,0,0.5016846026490067,0.49125,0.7391249999999999,0.0021233443708604744,0.9988431879526705,1.0,0.7025,11.2,False,
405,4,20301429,0.5,B013458/S0126,1,1,0,1,1,1,0,0,1,1,1,1,0,0,0,1,0,0,0.5017880794701988,0.50375,0.7437625,-0.0014773222377139923,0.9993478504409558,1.0,0.7168749999999999,7.0,False,
406,0,20301525,0.1,B0167/S023458,1,1,0,0,0,0,1,1,0,1,0,1,1,1,1,0,0,1,0.4384023178807948,0.434375,0.03935,-0.02006067009410998,0.9827526286325126,1.0,0.99875,30.4,False,
406,1,20301526,0.2,B0167/S023458,1,1,0,0,0,0,1,1,0,1,0,1,1,1,1,0,0,1,0.4281705298013244,0.423125,0.03045833333333333,-0.009147242070408354,0.9833261482491736,1.0,1.0,36.0,False,
406,2,20301527,0.3,B0167/S023458,1,1,0,0,0,0,1,1,0,1,0,1,1,1,1,0,0,1,0.4295529801324504,0.428125,0.034741666666666664,-0.0032180202161034696,0.9851548744361605,1.0,0.998125,41.2,False,
406,3,20301528,0.4,B0167/S023458,1,1,0,0,0,0,1,1,0,1,0,1,1,1,1,0,0,1,0.4260389072847682,0.425625,0.0223625,-0.004734554722900399,0.9840854360684557,1.0,0.999375,16.6,False,
406,4,20301529,0.5,B0167/S023458,1,1,0,0,0,0,1,1,0,1,0,1,1,1,1,0,0,1,0.4336216887417219,0.428125,0.0300375,-0.0160508888114326,0.9869478297994478,1.0,0.9975,14.6,False,
407,0,20301625,0.1,B01235678/S2468,1,1,1,1,0,1,1,1,1,0,0,1,0,1,0,1,0,1,0.6079180463576159,0.61125,0.6116416666666666,0.011101320146391539,0.9587475444236854,1.0,0.620625,24.0,False,
407,1,20301626,0.2,B01235678/S2468,1,1,1,1,0,1,1,1,1,0,0,1,0,1,0,1,0,1,0.6089403973509933,0.60125,0.6124916666666667,0.005909942488672113,0.9605323892260166,1.0,0.62,25.6,False,
407,2,20301627,0.3,B01235678/S2468,1,1,1,1,0,1,1,1,1,0,0,1,0,1,0,1,0,1,0.6095157284768212,0.608125,0.6107583333333333,0.004485883583129741,0.9624790856597801,1.0,0.610625,17.2,False,
407,3,20301628,0.4,B01235678/S2468,1,1,1,1,0,1,1,1,1,0,0,1,0,1,0,1,0,1,0.6068046357615894,0.5975,0.6082291666666667,0.013530846985011821,0.9655337936187671,1.0,0.604375,5.8,False,
407,4,20301629,0.5,B01235678/S2468,1,1,1,1,0,1,1,1,1,0,0,1,0,1,0,1,0,1,0.6074751655629138,0.605,0.61125,0.003179134715928449,0.965679390663239,1.0,0.605,2.6,False,
408,0,20301725,0.1,B024567/S012468,1,0,1,0,1,1,1,1,0,1,1,1,0,1,0,1,0,1,0.6351986754966887,0.62,0.6333749999999999,0.021839600034855206,0.939969777442261,1.0,0.645,20.2,False,
408,1,20301726,0.2,B024567/S012468,1,0,1,0,1,1,1,1,0,1,1,1,0,1,0,1,0,1,0.6355629139072848,0.643125,0.6332333333333333,0.01675867026838582,0.9422852942616473,1.0,0.6368750000000001,23.2,False,
408,2,20301727,0.3,B024567/S012468,1,0,1,0,1,1,1,1,0,1,1,1,0,1,0,1,0,1,0.6365976821192054,0.638125,0.6312916666666667,0.011650618682467938,0.9428260600973991,1.0,0.63125,14.4,False,
408,3,20301728,0.4,B024567/S012468,1,0,1,0,1,1,1,1,0,1,1,1,0,1,0,1,0,1,0.6374337748344371,0.645625,0.6329583333333333,0.010279496340187707,0.9431534269939745,1.0,0.63375,6.8,False,
408,4,20301729,0.5,B024567/S012468,1,0,1,0,1,1,1,1,0,1,1,1,0,1,0,1,0,1,0.6397019867549668,0.644375,0.6323833333333333,0.004642405890553445,0.9422279311697418,1.0,0.64,1.8,False,
409,0,20301825,0.1,B246/S37,0,0,1,0,1,0,1,0,0,0,0,0,1,0,0,0,1,0,0.39206953642384107,0.399375,0.5655874999999999,0.03952302631578928,0.9607108205934483,1.0,0.7887500000000001,39.0,False,
409,1,20301826,0.2,B246/S37,0,0,1,0,1,0,1,0,0,0,0,0,1,0,0,0,1,0,0.3955794701986755,0.38625,0.569075,0.021411532764029066,0.9665148638494782,1.0,0.65625,42.2,False,
409,2,20301827,0.3,B246/S37,0,0,1,0,1,0,1,0,0,0,0,0,1,0,0,0,1,0,0.40003311258278146,0.390625,0.5713083333333333,0.004266621645172051,0.9704388045402046,1.0,0.56875,34.0,False,
409,3,20301828,0.4,B246/S37,0,0,1,0,1,0,1,0,0,0,0,0,1,0,0,0,1,0,0.39974751655629137,0.430625,0.5730083333333335,0.00040029191355837754,0.9702832098311731,1.0,0.568125,31.2,False,
409,4,20301829,0.5,B246/S37,0,0,1,0,1,0,1,0,0,0,0,0,1,0,0,0,1,0,0.4001490066225165,0.400625,0.5720333333333332,-0.0013773309515514392,0.9704274011552241,1.0,0.571875,26.2,False,
410,0,20301925,0.1,B012378/S147,1,1,1,1,0,0,0,1,1,0,1,0,0,1,0,0,1,0,0.4864776490066226,0.463125,0.6421333333333333,-8.397960962006288e-05,0.9892103576487341,1.0,0.66875,36.6,False,
410,1,20301926,0.2,B012378/S147,1,1,1,1,0,0,0,1,1,0,1,0,0,1,0,0,1,0,0.4872226821192053,0.509375,0.6397,-0.002038711223422893,0.9922722213475754,1.0,0.6018749999999999,36.4,False,
410,2,20301927,0.3,B012378/S147,1,1,1,1,0,0,0,1,1,0,1,0,0,1,0,0,1,0,0.48616307947019877,0.474375,0.6405708333333333,0.000947303067269866,0.9955301325893653,1.0,0.595,28.4,False,
410,3,20301928,0.4,B012378/S147,1,1,1,1,0,0,0,1,1,0,1,0,0,1,0,0,1,0,0.4869784768211921,0.480625,0.6372791666666667,0.003621579818751816,0.9968553803736682,1.0,0.590625,19.4,False,
410,4,20301929,0.5,B012378/S147,1,1,1,1,0,0,0,1,1,0,1,0,0,1,0,0,1,0,0.4864942052980132,0.4775,0.6372208333333333,-0.000614979086790311,0.9971409351030424,1.0,0.59375,14.2,False,
411,0,20302025,0.1,B0456/S1,1,0,0,0,1,1,1,0,0,0,1,0,0,0,0,0,0,0,0.2544205298013245,0.2725,0.3745833333333333,-0.0036052413733010354,0.8162455076835291,1.0,0.76125,104.8,False,
411,1,20302026,0.2,B0456/S1,1,0,0,0,1,1,1,0,0,0,1,0,0,0,0,0,0,0,0.25516142384105955,0.238125,0.3735625,0.006571649529452669,0.8184858409449373,1.0,0.703125,106.2,False,
411,2,20302027,0.3,B0456/S1,1,0,0,0,1,1,1,0,0,0,1,0,0,0,0,0,0,0,0.253853476821192,0.228125,0.3745333333333334,-0.004109772568839681,0.8164279943980696,1.0,0.7112499999999999,102.4,False,
411,3,20302028,0.4,B0456/S1,1,0,0,0,1,1,1,0,0,0,1,0,0,0,0,0,0,0,0.25575331125827816,0.26,0.37427499999999997,-0.009538384454514031,0.8191313093897503,1.0,0.6956249999999999,87.6,False,
411,4,20302029,0.5,B0456/S1,1,0,0,0,1,1,1,0,0,0,1,0,0,0,0,0,0,0,0.2573592715231788,0.23,0.37763749999999996,-0.01624466277448609,0.8203575994751751,1.0,0.698125,87.6,False,
412,0,20302125,0.1,B158/S01357,0,1,0,0,0,1,0,0,1,1,1,0,1,0,1,0,1,0,0.33319950331125825,0.343125,0.28898749999999995,0.00569427500871362,0.9160658352981971,1.0,0.7424999999999999,81.6,False,
412,1,20302126,0.2,B158/S01357,0,1,0,0,0,1,0,0,1,1,1,0,1,0,1,0,1,0,0.33232201986754967,0.321875,0.28691666666666665,0.002324307249912577,0.9163035501127846,1.0,0.745,90.8,False,
412,2,20302127,0.3,B158/S01357,0,1,0,0,0,1,0,0,1,1,1,0,1,0,1,0,1,0,0.3349337748344371,0.349375,0.2867416666666667,0.001158395782501978,0.9193748418313032,1.0,0.75,78.8,False,
412,3,20302128,0.4,B158/S01357,0,1,0,0,0,1,0,0,1,1,1,0,1,0,1,0,1,0,0.33471440397350993,0.325625,0.2870791666666667,-0.0027161031718372112,0.9191628993159321,1.0,0.7418750000000001,71.4,False,
412,4,20302129,0.5,B158/S01357,0,1,0,0,0,1,0,0,1,1,1,0,1,0,1,0,1,0,0.33578228476821187,0.326875,0.2838791666666667,-0.010629139072847977,0.9196412159807196,1.0,0.74875,68.8,False,
413,0,20302225,0.1,B1234/S5678,0,1,1,1,1,0,0,0,0,0,0,0,0,0,1,1,1,1,0.7752442052980132,0.848125,0.11665416666666668,0.2662450984663638,0.7339383673582339,1.0,1.0,20.6,False,
413,1,20302226,0.2,B1234/S5678,0,1,1,1,1,0,0,0,0,0,0,0,0,0,1,1,1,1,0.7869163907284766,0.86125,0.10820416666666667,0.29478150052282975,0.7064083787301713,1.0,1.0,25.4,False,
413,2,20302227,0.3,B1234/S5678,0,1,1,1,1,0,0,0,0,0,0,0,0,0,1,1,1,1,0.7877028145695364,0.849375,0.10025,0.24485284506796712,0.7174288083569913,1.0,1.0,16.2,False,
413,3,20302228,0.4,B1234/S5678,0,1,1,1,1,0,0,0,0,0,0,0,0,0,1,1,1,1,0.7928062913907284,0.84875,0.0888,0.23468837138375695,0.7088860852759971,1.0,1.0,4.8,False,
413,4,20302229,0.5,B1234/S5678,0,1,1,1,1,0,0,0,0,0,0,0,0,0,1,1,1,1,0.7803849337748345,0.854375,0.11366666666666667,0.27142798013245,0.7287933479574247,1.0,1.0,2.4,False,
414,0,20302325,0.1,B2358/S0123467,0,0,1,1,0,1,0,0,1,1,1,1,1,1,0,1,1,0,0.6007077814569536,0.61375,0.35052083333333334,0.04693545224816982,0.9604083944437656,1.0,0.860625,22.2,False,
414,1,20302326,0.2,B2358/S0123467,0,0,1,1,0,1,0,0,1,1,1,1,1,1,0,1,1,0,0.6049917218543047,0.614375,0.3525416666666667,0.016137482572324113,0.9643440615540135,1.0,0.680625,21.8,False,
414,2,20302327,0.3,B2358/S0123467,0,0,1,1,0,1,0,0,1,1,1,1,1,1,0,1,1,0,0.6059478476821191,0.61125,0.3536958333333334,0.009254422272568614,0.9650558276092884,1.0,0.68125,15.0,False,
414,3,20302328,0.4,B2358/S0123467,0,0,1,1,0,1,0,0,1,1,1,1,1,1,0,1,1,0,0.6074586092715232,0.593125,0.35301666666666665,0.006389639247124109,0.964643739350028,1.0,0.700625,6.4,False,
414,4,20302329,0.5,B2358/S0123467,0,0,1,1,0,1,0,0,1,1,1,1,1,1,0,1,1,0,0.6069246688741722,0.63125,0.35353333333333337,0.0034565615196923685,0.9659461929829483,1.0,0.6737500000000001,2.4,False,
415,0,20302425,0.1,B045678/S5,1,0,0,0,1,1,1,1,1,0,0,0,0,0,1,0,0,0,0.26858857615894033,0.286875,0.4704500000000001,0.0013041347159288418,0.8367648145381191,1.0,0.7268749999999999,73.0,False,
415,1,20302426,0.2,B045678/S5,1,0,0,0,1,1,1,1,1,0,0,0,0,0,1,0,0,0,0.2673427152317881,0.279375,0.4692291666666667,0.009715166434297285,0.8357238938310609,1.0,0.684375,73.8,False,
415,2,20302427,0.3,B045678/S5,1,0,0,0,1,1,1,1,1,0,0,0,0,0,1,0,0,0,0.2670985099337748,0.256875,0.4680125,-0.0012227692575811037,0.8358902390996483,1.0,0.713125,65.8,False,
415,3,20302428,0.4,B045678/S5,1,0,0,0,1,1,1,1,1,0,0,0,0,0,1,0,0,0,0.26796357615894034,0.27125,0.471125,-0.009981809864064427,0.8365440334687436,1.0,0.721875,59.8,False,
415,4,20302429,0.5,B045678/S5,1,0,0,0,1,1,1,1,1,0,0,0,0,0,1,0,0,0,0.2733029801324503,0.285625,0.4795166666666667,-0.02407862059951218,0.8426180158516476,1.0,0.783125,56.6,False,
416,0,20302525,0.1,B135/S02458,0,1,0,1,0,1,0,0,0,1,0,1,0,1,1,0,0,1,0.5257615894039736,0.553125,0.42293333333333333,0.021177892994074587,0.9937005651680964,1.0,0.615625,25.4,False,
416,1,20302526,0.2,B135/S02458,0,1,0,1,0,1,0,0,0,1,0,1,0,1,1,0,0,1,0.5271564569536424,0.528125,0.4232208333333334,0.013935713663296892,0.9951310096012649,1.0,0.6112500000000001,27.6,False,
416,2,20302527,0.3,B135/S02458,0,1,0,1,0,1,0,0,0,1,0,1,0,1,1,0,0,1,0.5295281456953643,0.555625,0.42062916666666667,0.011204252352735396,0.9957436623953656,1.0,0.6168750000000001,20.4,False,
416,3,20302528,0.4,B135/S02458,0,1,0,1,0,1,0,0,0,1,0,1,0,1,1,0,0,1,0.5302773178807947,0.53375,0.4226375,0.0019115981178102189,0.99643582874804,1.0,0.61625,9.0,False,
416,4,20302529,0.5,B135/S02458,0,1,0,1,0,1,0,0,0,1,0,1,0,1,1,0,0,1,0.5318832781456952,0.54125,0.4232583333333333,0.00026337574067592266,0.9965623333008617,1.0,0.62,4.0,False,
417,0,20302625,0.1,B234578/S378,0,0,1,1,1,1,0,1,1,0,0,0,1,0,0,0,1,1,0.5047185430463577,0.508125,0.8123374999999998,0.03974392209829149,0.9917307505634233,1.0,0.7475,39.2,False,
417,1,20302626,0.2,B234578/S378,0,0,1,1,1,1,0,1,1,0,0,0,1,0,0,0,1,1,0.5093377483443711,0.5125,0.8153041666666667,0.020125697107005937,0.9965916584636951,1.0,0.74375,40.6,False,
417,2,20302627,0.3,B234578/S378,0,0,1,1,1,1,0,1,1,0,0,0,1,0,0,0,1,1,0.5108650662251656,0.533125,0.8184208333333334,0.007756513593586687,0.9967225884583369,1.0,0.755,33.8,False,
417,3,20302628,0.4,B234578/S378,0,0,1,1,1,1,0,1,1,0,0,0,1,0,0,0,1,1,0.5118915562913907,0.5075,0.8195625,0.004765924538166173,0.9970838392442101,1.0,0.76,23.2,False,
417,4,20302629,0.5,B234578/S378,0,0,1,1,1,1,0,1,1,0,0,0,1,0,0,0,1,1,0.5129718543046358,0.52375,0.8201375000000001,8.822760543096675e-06,0.9979410691124583,1.0,0.749375,15.8,False,
418,0,20302725,0.1,B378/S24567,0,0,0,1,0,0,0,1,1,0,0,1,0,1,1,1,1,0,0.009304635761589406,0.008125,0.011195833333333332,-0.0068778319972115885,0.07410296023736003,1.0,1.0,22.0,False,
418,1,20302726,0.2,B378/S24567,0,0,0,1,0,0,0,1,1,0,0,1,0,1,1,1,1,0,0.409726821192053,0.658125,0.10744583333333334,0.48907665998605787,0.9130942876059139,1.0,0.92625,27.2,False,
418,2,20302727,0.3,B378/S24567,0,0,0,1,0,0,0,1,1,0,0,1,0,1,1,1,1,0,0.5998344370860927,0.6375,0.11711666666666666,0.23366525792959197,0.9480031884359721,1.0,0.92375,18.2,False,
418,3,20302728,0.4,B378/S24567,0,0,0,1,0,0,0,1,1,0,0,1,0,1,1,1,1,0,0.6349048013245033,0.668125,0.10016666666666668,0.11233008016730484,0.9406429681971036,1.0,0.975625,6.0,False,
418,4,20302729,0.5,B378/S24567,0,0,0,1,0,0,0,1,1,0,0,1,0,1,1,1,1,0,0.6288203642384106,0.646875,0.12215833333333334,0.07999629661903022,0.9489949582271455,1.0,0.935,2.4,False,
419,0,20302825,0.1,B458/S47,0,0,0,0,1,1,0,0,1,0,0,0,0,1,0,0,1,0,0.0006912251655629139,0.0,0.000725,-0.004090493203206711,0.003374690398792168,0.013333333333333334,1.0,20.6,True,2.0
419,1,20302826,0.2,B458/S47,0,0,0,0,1,1,0,0,1,0,0,0,0,1,0,0,1,0,0.0016100993377483443,0.0,0.0018291666666666669,-0.009499172185430496,0.006934312005675275,0.02666666666666667,1.0,22.2,True,4.0
419,2,20302827,0.3,B458/S47,0,0,0,0,1,1,0,0,1,0,0,0,0,1,0,0,1,0,0.0038493377483443713,0.0,0.0047125,-0.022574830080167356,0.014203955080779143,0.03333333333333333,1.0,14.8,True,5.0
419,3,20302828,0.4,B458/S47,0,0,0,0,1,1,0,0,1,0,0,0,0,1,0,0,1,0,0.006399006622516557,0.0,0.008037500000000001,-0.037282045137678764,0.02200800381659075,0.06,1.0,7.4,True,9.0
419,4,20302829,0.5,B458/S47,0,0,0,0,1,1,0,0,1,0,0,0,0,1,0,0,1,0,0.010492549668874172,0.0,0.012766666666666667,-0.06085776838619738,0.029982498734208055,0.05333333333333334,1.0,1.2,True,8.0
420,0,20302925,0.1,B478/S01578,0,0,0,0,1,0,0,1,1,1,1,0,0,0,1,0,1,1,0.09019867549668872,0.09,0.001466666666666667,-0.0011737539212269491,0.43709775459432665,1.0,1.0,113.6,False,
420,1,20302926,0.2,B478/S01578,0,0,0,0,1,0,0,1,1,1,1,0,0,0,1,0,1,1,0.11144039735099338,0.110625,0.0024041666666666664,-0.004810691878703471,0.5038668051048536,1.0,1.0,142.4,False,
420,2,20302927,0.3,B478/S01578,0,0,0,0,1,0,0,1,1,1,1,0,0,0,1,0,1,1,0.10509105960264901,0.1025,0.005358333333333333,-0.013392950505402667,0.4830995451740456,1.0,1.0,123.6,False,
420,3,20302928,0.4,B478/S01578,0,0,0,0,1,0,0,1,1,1,1,0,0,0,1,0,1,1,0.11856374172185427,0.115625,0.004658333333333333,-0.017273331300104694,0.5223892251109272,1.0,1.0,132.2,False,
420,4,20302929,0.5,B478/S01578,0,0,0,0,1,0,0,1,1,1,1,0,0,0,1,0,1,1,0.11182947019867552,0.1075,0.0061625000000000004,-0.025409223597072313,0.5000012282092463,1.0,1.0,115.8,False,
421,0,20303025,0.1,B256/S1578,0,0,1,0,0,1,1,0,0,0,1,0,0,0,1,0,1,1,0.31461092715231787,0.321875,0.47414583333333343,0.02161576333217117,0.895570306268456,1.0,0.815625,65.4,False,
421,1,20303026,0.2,B256/S1578,0,0,1,0,0,1,1,0,0,0,1,0,0,0,1,0,1,1,0.3171399006622517,0.309375,0.47653333333333325,-0.0018119336005580188,0.9004367280407304,1.0,0.62,70.2,False,
421,2,20303027,0.3,B256/S1578,0,0,1,0,0,1,1,0,0,0,1,0,0,0,1,0,1,1,0.3168460264900662,0.310625,0.4769875,0.0003669614848375787,0.9003737672588868,1.0,0.61,56.4,False,
421,3,20303028,0.4,B256/S1578,0,0,1,0,0,1,1,0,0,0,1,0,0,0,1,0,1,1,0.31882450331125833,0.32625,0.47851249999999995,-0.0016021479609623194,0.9025540645158455,1.0,0.60625,48.8,False,
421,4,20303029,0.5,B256/S1578,0,0,1,0,0,1,1,0,0,0,1,0,0,0,1,0,1,1,0.31999586092715226,0.325625,0.4788166666666666,-0.011689504182642052,0.9031035507804409,1.0,0.608125,49.8,False,
422,0,20303125,0.1,B01268/S0125,1,1,1,0,0,0,1,0,1,1,1,1,0,0,1,0,0,0,0.4971440397350993,0.0,0.9973583333333332,-0.0027144693272919455,0.01456517946334722,0.13333333333333333,1.0,19.6,True,20.0
422,1,20303126,0.2,B01268/S0125,1,1,1,0,0,0,1,0,1,1,1,1,0,0,1,0,0,0,0.49274006622516536,0.019375,0.9504333333333334,0.0012165606483094571,0.21723719337742234,1.0,1.0,30.2,False,
422,2,20303127,0.3,B01268/S0125,1,1,1,0,0,0,1,0,1,1,1,1,0,0,1,0,0,0,0.48591887417218527,0.00375,0.875604166666667,0.035731853433251824,0.45260852653719924,1.0,1.0,18.4,False,
422,3,20303128,0.4,B01268/S0125,1,1,1,0,0,0,1,0,1,1,1,1,0,0,1,0,0,0,0.489896523178808,0.966875,0.8752291666666667,0.045688175322411546,0.593961468929567,1.0,0.984375,10.2,False,
422,4,20303129,0.5,B01268/S0125,1,1,1,0,0,0,1,0,1,1,1,1,0,0,1,0,0,0,0.48981374172185427,0.87375,0.8654458333333336,0.036183774834436806,0.7976198132712469,1.0,0.966875,8.6,False,
423,0,20303225,0.1,B0134567/S1257,1,1,0,1,1,1,1,1,0,0,1,1,0,0,1,0,1,0,0.6112251655629138,0.5875,0.7415458333333333,0.011799952073893123,0.9576637267475568,1.0,0.718125,23.4,False,
423,1,20303226,0.2,B0134567/S1257,1,1,0,1,1,1,1,1,0,0,1,1,0,0,1,0,1,0,0.6124999999999999,0.595,0.7393500000000001,0.012125413907284074,0.9590733129450528,1.0,0.7275,20.8,False,
423,2,20303227,0.3,B0134567/S1257,1,1,0,1,1,1,1,1,0,0,1,1,0,0,1,0,1,0,0.6120074503311259,0.60875,0.7417416666666667,0.011545725862669212,0.9612950556091849,1.0,0.7306250000000001,15.8,False,
423,3,20303228,0.4,B0134567/S1257,1,1,0,1,1,1,1,1,0,0,1,1,0,0,1,0,1,0,0.6126076158940397,0.61625,0.7428374999999999,0.005253463750435206,0.9618276569905683,1.0,0.725,8.8,False,
423,4,20303229,0.5,B0134567/S1257,1,1,0,1,1,1,1,1,0,0,1,1,0,0,1,0,1,0,0.6144039735099338,0.611875,0.7401249999999999,0.004682925235272981,0.9614362393793306,1.0,0.71875,2.0,False,
424,0,20303325,0.1,B1567/S3578,0,1,0,0,0,1,1,1,0,0,0,0,1,0,1,0,1,1,0.29445778145695367,0.280625,0.3927916666666667,0.0050593630184730815,0.8726572966116426,1.0,0.708125,78.4,False,
424,1,20303326,0.2,B1567/S3578,0,1,0,0,0,1,1,1,0,0,0,0,1,0,1,0,1,1,0.29574503311258266,0.30125,0.3943666666666667,0.0016946235622165636,0.8752474822106633,1.0,0.64,75.6,False,
424,2,20303327,0.3,B1567/S3578,0,1,0,0,0,1,1,1,0,0,0,0,1,0,1,0,1,1,0.2954594370860927,0.275625,0.39198333333333335,-0.0052005271871735015,0.8751732647446234,1.0,0.63625,71.6,False,
424,3,20303328,0.4,B1567/S3578,0,1,0,0,0,1,1,1,0,0,0,0,1,0,1,0,1,1,0.296341059602649,0.285625,0.39346250000000005,-0.008748910770303533,0.8758306745427616,1.0,0.635,56.0,False,
424,4,20303329,0.5,B1567/S3578,0,1,0,0,0,1,1,1,0,0,0,0,1,0,1,0,1,1,0.29783526490066226,0.305625,0.394975,-0.026432010282328503,0.8762223912350096,1.0,0.630625,57.4,False,
425,0,20303425,0.1,B014578/S02378,1,1,0,0,1,1,0,1,1,1,0,1,1,0,0,0,1,1,0.46538079470198673,0.456875,0.5427,-0.01556367636807242,0.9893983371475631,1.0,0.625625,34.2,False,
425,1,20303426,0.2,B014578/S02378,1,1,0,0,1,1,0,1,1,1,0,1,1,0,0,0,1,1,0.46227235099337743,0.49375,0.5419458333333333,0.0063536946671310796,0.9933131586670665,1.0,0.5487500000000001,32.2,False,
425,2,20303427,0.3,B014578/S02378,1,1,0,0,1,1,0,1,1,1,0,1,1,0,0,0,1,1,0.46111341059602656,0.475,0.5392541666666667,0.0028089055420004332,0.9943277024471616,1.0,0.573125,23.4,False,
425,3,20303428,0.4,B014578/S02378,1,1,0,0,1,1,0,1,1,1,0,1,1,0,0,0,1,1,0.4615645695364238,0.470625,0.5408916666666667,-0.0028187086092722764,0.995073462447597,1.0,0.5475,13.4,False,
425,4,20303429,0.5,B014578/S02378,1,1,0,0,1,1,0,1,1,1,0,1,1,0,0,0,1,1,0.4625827814569536,0.455625,0.5421416666666666,0.0025592540955034038,0.9952870111913572,1.0,0.5449999999999999,9.6,False,
426,0,20303525,0.1,B058/S0235,1,0,0,0,0,1,0,0,1,1,0,1,1,0,1,0,0,0,0.23911837748344372,0.23375,0.03389583333333333,-0.014474555594283865,0.7922545976800344,1.0,1.0,206.6,False,
426,1,20303526,0.2,B058/S0235,1,0,0,0,0,1,0,0,1,1,0,1,1,0,1,0,0,0,0.24974751655629138,0.25,0.0213375,-0.007842780585570065,0.8106420004126818,1.0,1.0,206.6,False,
426,2,20303527,0.3,B058/S0235,1,0,0,0,0,1,0,0,1,1,0,1,1,0,1,0,0,0,0.2369246688741722,0.233125,0.035887499999999996,-0.01614891948414097,0.7896010245915134,1.0,1.0,203.6,False,
426,3,20303528,0.4,B058/S0235,1,0,0,0,0,1,0,0,1,1,0,1,1,0,1,0,0,0,0.26268625827814573,0.26,0.030766666666666668,-0.015391142384106132,0.8301101722119649,1.0,1.0,174.4,False,
426,4,20303529,0.5,B058/S0235,1,0,0,0,0,1,0,0,1,1,0,1,1,0,1,0,0,0,0.25622930463576155,0.249375,0.03963333333333333,-0.0305120468804463,0.818958254101114,1.0,1.0,184.6,False,
427,0,20303625,0.1,B0123567/S2358,1,1,1,1,0,1,1,1,0,0,0,1,1,0,1,0,0,1,0.5801945364238411,0.5775,0.6323500000000001,0.009597529627047071,0.9725768784331184,1.0,0.7,24.0,False,
427,1,20303626,0.2,B0123567/S2358,1,1,1,1,0,1,1,1,0,0,0,1,1,0,1,0,0,1,0.5799503311258277,0.574375,0.6336458333333334,0.0068686824677586505,0.9745182238655105,1.0,0.6799999999999999,23.0,False,
427,2,20303627,0.3,B0123567/S2358,1,1,1,1,0,1,1,1,0,0,0,1,1,0,1,0,0,1,0.5804387417218543,0.61125,0.6324375,0.004181008191007036,0.9770810847434058,1.0,0.634375,15.4,False,
427,3,20303628,0.4,B0123567/S2358,1,1,1,1,0,1,1,1,0,0,0,1,1,0,1,0,0,1,0.5794205298013245,0.574375,0.6315,0.005855045311955289,0.9790186904190301,1.0,0.5956250000000001,9.4,False,
427,4,20303629,0.5,B0123567/S2358,1,1,1,1,0,1,1,1,0,0,0,1,1,0,1,0,0,1,0.5822971854304635,0.6,0.6294125,0.002603367898222262,0.9796748522224455,1.0,0.59625,4.2,False,
428,0,20303725,0.1,B01268/S018,1,1,1,0,0,0,1,0,1,1,1,0,0,0,0,0,0,1,0.4375041390728478,0.4275,0.6757541666666668,-0.04112746165911507,0.971830384979959,1.0,0.86375,43.6,False,
428,1,20303726,0.2,B01268/S018,1,1,1,0,0,0,1,0,1,1,1,0,0,0,0,0,0,1,0.4294412251655628,0.4175,0.6869375,-0.003728433252004847,0.9808711462546456,1.0,0.73,47.0,False,
428,2,20303727,0.3,B01268/S018,1,1,1,0,0,0,1,0,1,1,1,0,0,0,0,0,0,1,0.42850579470198674,0.411875,0.6887125,0.004233291216451534,0.9821661775057524,1.0,0.7381249999999999,36.4,False,
428,3,20303728,0.4,B01268/S018,1,1,1,0,0,0,1,0,1,1,1,0,0,0,0,0,0,1,0.4286589403973509,0.46625,0.6872833333333334,0.000108487277796859,0.9814772818668703,1.0,0.7268749999999999,28.2,False,
428,4,20303729,0.5,B01268/S018,1,1,1,0,0,0,1,0,1,1,1,0,0,0,0,0,0,1,0.4330132450331125,0.445,0.6832166666666667,-0.019456147612409092,0.9769388014951303,1.0,0.718125,23.6,False,
429,0,20303825,0.1,B258/S25,0,0,1,0,0,1,0,0,1,0,0,1,0,0,1,0,0,0,0.33189983443708604,0.3475,0.4398875,0.05108607093063761,0.9106951171486803,1.0,0.8425,58.8,False,
429,1,20303826,0.2,B258/S25,0,0,1,0,0,1,0,0,1,0,0,1,0,0,1,0,0,0,0.3393460264900662,0.351875,0.4483041666666668,0.002150792959219386,0.923345380050388,1.0,0.615,58.6,False,
429,2,20303827,0.3,B258/S25,0,0,1,0,0,1,0,0,1,0,0,1,0,0,1,0,0,0,0.3397764900662252,0.34,0.44815416666666674,-0.00843913384454528,0.9239954694502494,1.0,0.5956250000000001,62.2,False,
429,3,20303828,0.4,B258/S25,0,0,1,0,0,1,0,0,1,0,0,1,0,0,1,0,0,0,0.34160182119205296,0.343125,0.4495875,-5.162948762660453e-05,0.9258602888383424,1.0,0.595,47.8,False,
429,4,20303829,0.5,B258/S25,0,0,1,0,0,1,0,0,1,0,0,1,0,0,1,0,0,0,0.33984271523178805,0.3275,0.4488249999999999,-0.00666216451725392,0.9237032377301064,1.0,0.593125,45.6,False,
430,0,20303925,0.1,B4678/S167,0,0,0,0,1,0,1,1,1,0,1,0,0,0,0,1,1,0,0.03301738410596027,0.0325,0.0004958333333333333,-0.0030539822237713506,0.2088781755697877,1.0,1.0,39.6,False,
430,1,20303926,0.2,B4678/S167,0,0,0,0,1,0,1,1,1,0,1,0,0,0,0,1,1,0,0.041647350993377484,0.04,0.0016541666666666666,-0.009694253224120005,0.24773295360022396,1.0,1.0,46.2,False,
430,2,20303927,0.3,B4678/S167,0,0,0,0,1,0,1,1,1,0,1,0,0,0,0,1,1,0,0.03401076158940398,0.03125,0.0030708333333333334,-0.016226690484489423,0.2091059299018854,1.0,1.0,37.6,False,
430,3,20303928,0.4,B4678/S167,0,0,0,0,1,0,1,1,1,0,1,0,0,0,0,1,1,0,0.03855546357615894,0.03375,0.0059625,-0.028150161205995193,0.2255684664889123,1.0,1.0,25.4,False,
430,4,20303929,0.5,B4678/S167,0,0,0,0,1,0,1,1,1,0,1,0,0,0,0,1,1,0,0.039946192052980126,0.03375,0.007750000000000001,-0.036264159986057976,0.2276350448517502,1.0,1.0,22.8,False,
431,0,20304025,0.1,B0378/S567,1,0,0,1,0,0,0,1,1,0,0,0,0,0,1,1,1,0,0.2700869205298013,0.2575,0.46796666666666664,-0.003897372777971438,0.8384678768585075,1.0,0.6975,94.4,False,
431,1,20304026,0.2,B0378/S567,1,0,0,1,0,0,0,1,1,0,0,0,0,0,1,1,1,0,0.2680877483443709,0.2525,0.46691666666666665,0.002971309689787181,0.8377930442567013,1.0,0.6643749999999999,102.4,False,
431,2,20304027,0.3,B0378/S567,1,0,0,1,0,0,0,1,1,0,0,0,0,0,1,1,1,0,0.2684147350993378,0.265625,0.46853333333333336,-0.0033467671662602847,0.8383222435981919,1.0,0.681875,83.0,False,
431,3,20304028,0.4,B0378/S567,1,0,0,1,0,0,0,1,1,0,0,0,0,0,1,1,1,0,0.26833195364238416,0.26125,0.4673124999999999,-0.007503921226908761,0.8377046741906282,1.0,0.660625,68.2,False,
431,4,20304029,0.5,B0378/S567,1,0,0,1,0,0,0,1,1,0,0,0,0,0,1,1,1,0,0.2710885761589404,0.284375,0.46602916666666666,-0.013632145346811099,0.8410142285700309,1.0,0.663125,62.8,False,
432,0,20304125,0.1,B037/S04567,1,0,0,1,0,0,0,1,0,1,0,0,0,1,1,1,1,0,0.6603187086092717,0.730625,0.09790833333333335,0.2676479173928194,0.8965455299064811,1.0,0.999375,23.0,False,
432,1,20304126,0.2,B037/S04567,1,0,0,1,0,0,0,1,0,1,0,0,0,1,1,1,1,0,0.6344412251655629,0.72125,0.12642916666666668,0.36280955907981827,0.9010873272412125,1.0,0.9975,24.0,False,
432,2,20304127,0.3,B037/S04567,1,0,0,1,0,0,0,1,0,1,0,0,0,1,1,1,1,0,0.6184188741721854,0.716875,0.1338791666666667,0.39107278232833736,0.909639426686122,1.0,0.99875,17.0,False,
432,3,20304128,0.4,B037/S04567,1,0,0,1,0,0,0,1,0,1,0,0,0,1,1,1,1,0,0.5972971854304635,0.716875,0.1575125,0.4297612408504705,0.9176322537223814,1.0,0.990625,11.8,False,
432,4,20304129,0.5,B037/S04567,1,0,0,1,0,0,0,1,0,1,0,0,0,1,1,1,1,0,0.6439031456953642,0.708125,0.10599583333333333,0.26805605176019487,0.9151221028575683,1.0,1.0,4.2,False,
433,0,20304225,0.1,B125/S023567,0,1,1,0,0,1,0,0,0,1,0,1,1,0,1,1,1,0,0.5945405629139073,0.5925,0.25584583333333333,0.04800333304287211,0.9674424243236567,1.0,0.795,21.4,False,
433,1,20304226,0.2,B125/S023567,0,1,1,0,0,1,0,0,0,1,0,1,1,0,1,1,1,0,0.6019205298013246,0.614375,0.24898749999999997,-0.0023089491111888557,0.9649165825343351,1.0,0.80375,25.2,False,
433,2,20304227,0.3,B125/S023567,0,1,1,0,0,1,0,0,0,1,0,1,1,0,1,1,1,0,0.5938700331125828,0.601875,0.2573875,0.03662327901707912,0.9718831293410698,1.0,0.78,17.6,False,
433,3,20304228,0.4,B125/S023567,0,1,1,0,0,1,0,0,0,1,0,1,1,0,1,1,1,0,0.5970736754966888,0.610625,0.25653333333333334,0.039288733008016156,0.970968608534297,1.0,0.7875,6.8,False,
433,4,20304229,0.5,B125/S023567,0,1,1,0,0,1,0,0,0,1,0,1,1,0,1,1,1,0,0.588476821192053,0.603125,0.26313333333333333,0.020983138724293884,0.9757562737396183,1.0,0.783125,2.4,False,
434,0,20304325,0.1,B158/S0157,0,1,0,0,0,1,0,0,1,1,1,0,0,0,1,0,1,0,0.29542632450331124,0.3025,0.3897791666666667,0.0015845024398741575,0.8730684173456128,1.0,0.7112499999999999,75.4,False,
434,1,20304326,0.2,B158/S0157,0,1,0,0,0,1,0,0,1,1,1,0,0,0,1,0,1,0,0.2977235099337749,0.310625,0.39199583333333343,-0.001901141512722419,0.8772302422022663,1.0,0.68125,80.8,False,
434,2,20304327,0.3,B158/S0157,0,1,0,0,0,1,0,0,1,1,1,0,0,0,1,0,1,0,0.2964900662251656,0.315,0.3877916666666667,0.0026337574067617263,0.8760153670722698,1.0,0.6643749999999999,70.4,False,
434,3,20304328,0.4,B158/S0157,0,1,0,0,0,1,0,0,1,1,1,0,0,0,1,0,1,0,0.2981539735099337,0.279375,0.38715416666666663,-0.0002483443708609919,0.8778579225154178,1.0,0.670625,70.0,False,
434,4,20304329,0.5,B158/S0157,0,1,0,0,0,1,0,0,1,1,1,0,0,0,1,0,1,0,0.29840231788079474,0.285625,0.3900416666666667,-0.007960744161729165,0.8776360393051093,1.0,0.6675,66.8,False,
435,0,20304425,0.1,B067/S0146,1,0,0,0,0,0,1,1,0,1,1,0,0,1,0,1,0,0,0.21278559602649008,0.21,0.018720833333333332,-0.009366830777274585,0.7446667320759922,1.0,1.0,244.8,False,
435,1,20304426,0.2,B067/S0146,1,0,0,0,0,0,1,1,0,1,1,0,0,1,0,1,0,0,0.2131622516556292,0.209375,0.02552083333333334,-0.0021537338794007203,0.7473322111578373,1.0,1.0,242.6,False,
435,2,20304427,0.3,B067/S0146,1,0,0,0,0,0,1,1,0,1,1,0,0,1,0,1,0,0,0.21468129139072847,0.215625,0.02298333333333334,-0.005343978738236425,0.7498033316746509,1.0,1.0,231.8,False,
435,3,20304428,0.4,B067/S0146,1,0,0,0,0,0,1,1,0,1,1,0,0,1,0,1,0,0,0.21446192052980131,0.211875,0.013029166666666665,-0.011451289647961162,0.7488471220106213,1.0,1.0,225.8,False,
435,4,20304429,0.5,B067/S0146,1,0,0,0,0,0,1,1,0,1,1,0,0,1,0,1,0,0,0.224635761589404,0.22125,0.022575,-0.01616525792959247,0.7667418885730483,1.0,1.0,229.6,False,
436,0,20304525,0.1,B0135/S2578,1,1,0,1,0,1,0,0,0,0,0,1,0,0,1,0,1,1,0.4373096026490066,0.445,0.564625,-0.012422120076682202,0.9827504251084552,1.0,0.65375,33.8,False,
436,1,20304526,0.2,B0135/S2578,1,1,0,1,0,1,0,0,0,0,0,1,0,0,1,0,1,1,0.43459437086092717,0.440625,0.5649458333333334,-0.0036173318229356004,0.9853467131850154,1.0,0.55375,37.0,False,
436,2,20304527,0.3,B0135/S2578,1,1,0,1,0,1,0,0,0,0,0,1,0,0,1,0,1,1,0.4335306291390728,0.43625,0.5650291666666667,0.003471592889508049,0.9861810057628394,1.0,0.5506249999999999,25.4,False,
436,3,20304528,0.4,B0135/S2578,1,1,0,1,0,1,0,0,0,0,0,1,0,0,1,0,1,1,0.4345902317880795,0.443125,0.5643833333333333,0.0028075984663642707,0.9870633664387285,1.0,0.546875,18.0,False,
436,4,20304529,0.5,B0135/S2578,1,1,0,1,0,1,0,0,0,0,0,1,0,0,1,0,1,1,0.43345612582781456,0.438125,0.5643250000000001,-0.0009548187521788626,0.9865858449180347,1.0,0.55375,14.0,False,
437,0,20304625,0.1,B123678/S134678,0,1,1,1,0,0,1,1,1,0,1,0,1,1,0,1,1,1,0.9533402317880793,0.985,0.04244166666666667,0.1778635848727779,0.1922770798305045,1.0,0.9975,19.0,False,
437,1,20304626,0.2,B123678/S134678,0,1,1,1,0,0,1,1,1,0,1,0,1,1,0,1,1,1,0.9737665562913905,0.991875,0.026700000000000005,0.10015826507493804,0.12235134540652431,1.0,0.999375,24.8,False,
437,2,20304627,0.3,B123678/S134678,0,1,1,1,0,0,1,1,1,0,1,0,1,1,0,1,1,1,0.964904801324503,0.99125,0.033320833333333334,0.13846473074241794,0.15986972632799834,1.0,0.998125,13.2,False,
437,3,20304628,0.4,B123678/S134678,0,1,1,1,0,0,1,1,1,0,1,0,1,1,0,1,1,1,0.9635761589403977,0.99375,0.03616666666666666,0.16287012025095848,0.14947928440623892,1.0,0.999375,6.0,False,
437,4,20304629,0.5,B123678/S134678,0,1,1,1,0,0,1,1,1,0,1,0,1,1,0,1,1,1,0.9637955298013245,1.0,0.0351875,0.1899386763680719,0.12029669989769534,1.0,1.0,2.2,False,
438,0,20304725,0.1,B015678/S01678,1,1,0,0,0,1,1,1,1,1,1,0,0,0,0,1,1,1,0.4077897350993377,0.3825,0.4642125,-0.15535214796096244,0.9507452289603737,1.0,0.868125,59.4,False,
438,1,20304726,0.2,B015678/S01678,1,1,0,0,0,1,1,1,1,1,1,0,0,0,0,1,1,1,0.379010761589404,0.3875,0.4824874999999999,-0.004463009759498148,0.9543557501114102,1.0,0.635,51.6,False,
438,2,20304727,0.3,B015678/S01678,1,1,0,0,0,1,1,1,1,1,1,0,0,0,0,1,1,1,0.3763576158940397,0.3525,0.48332916666666675,-0.004602540083653053,0.9533647551457615,1.0,0.600625,50.4,False,
438,3,20304728,0.4,B015678/S01678,1,1,0,0,0,1,1,1,1,1,1,0,0,0,0,1,1,1,0.3758360927152318,0.326875,0.48385416666666664,-0.0019423143952601615,0.9526928333932149,1.0,0.6112500000000001,45.6,False,
438,4,20304729,0.5,B015678/S01678,1,1,0,0,0,1,1,1,1,1,1,0,0,0,0,1,1,1,0.37911009933774836,0.321875,0.4838041666666667,-0.01093728215406115,0.9551222611505669,1.0,0.5918749999999999,38.0,False,
439,0,20304825,0.1,B047/S14678,1,0,0,0,1,0,0,1,0,0,1,0,0,1,0,1,1,1,0.27530629139072843,0.27125,0.32356666666666667,-0.018760129836180084,0.8456818980586783,1.0,0.715625,88.0,False,
439,1,20304826,0.2,B047/S14678,1,0,0,0,1,0,0,1,0,0,1,0,0,1,0,1,1,1,0.269908940397351,0.264375,0.32261249999999997,0.0003989848379224963,0.8404680274896444,1.0,0.7168749999999999,98.8,False,
439,2,20304827,0.3,B047/S14678,1,0,0,0,1,0,0,1,0,0,1,0,0,1,0,1,1,1,0.2734147350993377,0.27625,0.32579583333333334,-0.003835940223074584,0.8455741999355718,1.0,0.72125,88.4,False,
439,3,20304828,0.4,B047/S14678,1,0,0,0,1,0,0,1,0,0,1,0,0,1,0,1,1,1,0.275625,0.261875,0.325975,-0.003727779714186578,0.848210122726114,1.0,0.719375,78.4,False,
439,4,20304829,0.5,B047/S14678,1,0,0,0,1,0,0,1,0,0,1,0,0,1,0,1,1,1,0.2740604304635761,0.27125,0.3239708333333333,-0.010700374695015894,0.8451604474613404,1.0,0.713125,76.4,False,
440,0,20304925,0.1,B12468/S2345,0,1,1,0,1,0,1,0,1,0,0,1,1,1,1,0,0,0,0.5765976821192053,0.61625,0.4587583333333333,0.019969828337399687,0.9762763698814226,1.0,0.624375,23.6,False,
440,1,20304926,0.2,B12468/S2345,0,1,1,0,1,0,1,0,1,0,0,1,1,1,1,0,0,0,0.5785306291390728,0.56625,0.4573,0.013910879226210617,0.9774938603009534,1.0,0.635,25.6,False,
440,2,20304927,0.3,B12468/S2345,0,1,1,0,1,0,1,0,1,0,0,1,1,1,1,0,0,0,0.5799337748344371,0.579375,0.45667916666666675,0.008422795399093562,0.9782787888215012,1.0,0.62625,18.2,False,
440,3,20304928,0.4,B12468/S2345,0,1,1,0,1,0,1,0,1,0,0,1,1,1,1,0,0,0,0.5796150662251656,0.615,0.45588749999999995,0.006196518821888919,0.979186290816463,1.0,0.634375,5.8,False,
440,4,20304929,0.5,B12468/S2345,0,1,1,0,1,0,1,0,1,0,0,1,1,1,1,0,0,0,0.5803725165562913,0.565625,0.45455,-0.0017308949111193841,0.9797430524231573,1.0,0.653125,4.2,False,
441,0,20305025,0.1,B345/S01235,0,0,0,1,1,1,0,0,0,1,1,1,1,0,1,0,0,0,0.49789321192052977,0.495,0.5305458333333333,0.08288591408156125,0.9873436168656067,1.0,0.95375,26.6,False,
441,1,20305026,0.2,B345/S01235,0,0,0,1,1,1,0,0,0,1,1,1,1,0,1,0,0,0,0.5075041390728477,0.52375,0.5436291666666667,0.03215504095503645,0.9954887069896359,1.0,0.8512500000000001,26.8,False,
441,2,20305027,0.3,B345/S01235,0,0,0,1,1,1,0,0,0,1,1,1,1,0,1,0,0,0,0.5096895695364239,0.556875,0.5443625,0.006507929592191562,0.9970616002322316,1.0,0.65125,18.2,False,
441,3,20305028,0.4,B345/S01235,0,0,0,1,1,1,0,0,0,1,1,1,1,0,1,0,0,0,0.5101614238410596,0.48,0.5487375,0.006090972464273051,0.9974579445226907,1.0,0.6,11.8,False,
441,4,20305029,0.5,B345/S01235,0,0,0,1,1,1,0,0,0,1,1,1,1,0,1,0,0,0,0.512578642384106,0.5275,0.5464708333333335,0.006156979783896692,0.9976504848920745,1.0,0.5643750000000001,6.6,False,
442,0,20305125,0.1,B0456/S01458,1,0,0,0,1,1,1,0,0,1,1,0,0,1,1,0,0,1,0.450819536423841,0.449375,0.43609999999999993,-0.026287578424538112,0.988931608582248,1.0,0.674375,50.0,False,
442,1,20305126,0.2,B0456/S01458,1,0,0,0,1,1,1,0,0,1,1,0,0,1,1,0,0,1,0.40675910596026493,0.4125,0.3828916666666667,0.027490088009759512,0.9717402162600471,1.0,0.7375,67.2,False,
442,2,20305127,0.3,B0456/S01458,1,0,0,0,1,1,1,0,0,1,1,0,0,1,1,0,0,1,0.414830298013245,0.40625,0.38824583333333335,0.016623061171139278,0.9750955541322452,1.0,0.740625,64.6,False,
442,3,20305128,0.4,B0456/S01458,1,0,0,0,1,1,1,0,0,1,1,0,0,1,1,0,0,1,0.45470198675496687,0.4325,0.44026250000000006,0.010049451028232678,0.993195415136887,1.0,0.655625,35.8,False,
442,4,20305129,0.5,B0456/S01458,1,0,0,0,1,1,1,0,0,1,1,0,0,1,1,0,0,1,0.46877483443708606,0.449375,0.45870000000000005,-0.037813698152666574,0.9944063658337923,1.0,0.665,21.4,False,
443,0,20305225,0.1,B14/S014567,0,1,0,0,1,0,0,0,0,1,1,0,0,1,1,1,1,0,0.7391059602649008,0.76375,0.024991666666666662,0.13525945451376722,0.8057040976052547,1.0,1.0,21.2,False,
443,1,20305226,0.2,B14/S014567,0,1,0,0,1,0,0,0,0,1,1,0,0,1,1,1,1,0,0.7253683774834436,0.751875,0.02977083333333333,0.14307740066225205,0.827385556610584,1.0,1.0,23.6,False,
443,2,20305227,0.3,B14/S014567,0,1,0,0,1,0,0,0,0,1,1,0,0,1,1,1,1,0,0.7367756622516557,0.756875,0.024645833333333325,0.11156348030672668,0.8152019676183466,1.0,1.0,17.2,False,
443,3,20305228,0.4,B14/S014567,0,1,0,0,1,0,0,0,0,1,1,0,0,1,1,1,1,0,0.7253269867549669,0.745,0.030108333333333334,0.10927969240153357,0.8347842466231009,1.0,1.0,6.6,False,
443,4,20305229,0.5,B14/S014567,0,1,0,0,1,0,0,0,0,1,1,0,0,1,1,1,1,0,0.7313576158940399,0.74875,0.02217083333333333,0.09420420878354775,0.8303928059229984,1.0,1.0,2.0,False,
444,0,20305325,0.1,B01347/S345678,1,1,0,1,1,0,0,1,0,0,0,0,1,1,1,1,1,1,0.9219246688741719,0.929375,0.006995833333333335,0.04382461223422755,0.3746183301774543,1.0,1.0,21.8,False,
444,1,20305326,0.2,B01347/S345678,1,1,0,1,1,0,0,1,0,0,0,0,1,1,1,1,1,1,0.9048758278145693,0.913125,0.007275,0.048341865632623875,0.43563503915663265,1.0,1.0,20.8,False,
444,2,20305327,0.3,B01347/S345678,1,1,0,1,1,0,0,1,0,0,0,0,1,1,1,1,1,1,0.8972475165562914,0.905625,0.0071875,0.04897514377831934,0.4625640641110895,1.0,1.0,15.0,False,
444,3,20305328,0.4,B01347/S345678,1,1,0,1,1,0,0,1,0,0,0,0,1,1,1,1,1,1,0.8955670529801328,0.901875,0.005337499999999999,0.03697455559428284,0.4726346670497196,1.0,1.0,6.6,False,
444,4,20305329,0.5,B01347/S345678,1,1,0,1,1,0,0,1,0,0,0,0,1,1,1,1,1,1,0.9128435430463577,0.91875,0.004108333333333334,0.0344940528058556,0.4182941632095971,1.0,1.0,1.8,False,
445,0,20305425,0.1,B4568/S01247,0,0,0,0,1,1,1,0,1,1,1,1,0,1,0,0,1,0,0.09322847682119204,0.093125,0.0026041666666666665,-0.0006055027884281958,0.44715065123467074,1.0,1.0,94.8,False,
445,1,20305426,0.2,B4568/S01247,0,0,0,0,1,1,1,0,1,1,1,1,0,1,0,0,1,0,0.13435016556291388,0.1275,0.0157125,-0.036808883757406735,0.5670865497791776,1.0,1.0,115.2,False,
445,2,20305427,0.3,B4568/S01247,0,0,0,0,1,1,1,0,1,1,1,1,0,1,0,0,1,0,0.14490066225165568,0.116875,0.041479166666666664,-0.14011556727082633,0.5788109430716357,1.0,1.0,99.4,False,
445,3,20305428,0.4,B4568/S01247,0,0,0,0,1,1,1,0,1,1,1,1,0,1,0,0,1,0,0.15295115894039735,0.1025,0.07073333333333334,-0.24144889334262828,0.5751300556019904,1.0,1.0,84.8,False,
445,4,20305429,0.5,B4568/S01247,0,0,0,0,1,1,1,0,1,1,1,1,0,1,0,0,1,0,0.17306291390728476,0.115625,0.0853166666666667,-0.27264748170094166,0.6165278178687119,1.0,1.0,78.2,False,
446,0,20305525,0.1,B013567/S01268,1,1,0,1,0,1,1,1,0,1,1,1,0,0,0,1,0,1,0.4620985099337749,0.464375,0.6225125000000001,-0.0204397220285819,0.9861456637455235,1.0,0.65375,33.6,False,
446,1,20305526,0.2,B013567/S01268,1,1,0,1,0,1,1,1,0,1,1,1,0,0,0,1,0,1,0.4596647350993378,0.464375,0.6271458333333334,-0.00396272655977703,0.9922403231523563,1.0,0.575625,33.8,False,
446,2,20305527,0.3,B013567/S01268,1,1,0,1,0,1,1,1,0,1,1,1,0,0,0,1,0,1,0.45870860927152307,0.460625,0.6263333333333333,0.0012459698501216749,0.9940100172619617,1.0,0.5506249999999999,24.8,False,
446,3,20305528,0.4,B013567/S01268,1,1,0,1,0,1,1,1,0,1,1,1,0,0,0,1,0,1,0.4596937086092715,0.421875,0.628275,-0.0048123257232485644,0.9947765282268928,1.0,0.5425,21.0,False,
446,4,20305529,0.5,B013567/S01268,1,1,0,1,0,1,1,1,0,1,1,1,0,0,0,1,0,1,0.45882864238410603,0.454375,0.6277,-0.004478041129313578,0.9945642679029831,1.0,0.5425,12.8,False,
447,0,20305625,0.1,B01347/S012458,1,1,0,1,1,0,0,1,0,1,1,1,0,1,1,0,0,1,0.5547144039735099,0.536875,0.44937083333333333,-0.004295377309166938,0.9823437858428549,1.0,0.69,20.4,False,
447,1,20305626,0.2,B01347/S012458,1,1,0,1,1,0,0,1,0,1,1,1,0,1,1,0,0,1,0.5522806291390728,0.546875,0.4518875,0.009501459567792943,0.9877767446700334,1.0,0.5875,27.0,False,
447,2,20305627,0.3,B01347/S012458,1,1,0,1,1,0,0,1,0,1,1,1,0,1,1,0,0,1,0.5524627483443708,0.52875,0.4503666666666667,0.010033439351690624,0.9897765957244894,1.0,0.5918749999999999,16.8,False,
447,3,20305628,0.4,B01347/S012458,1,1,0,1,1,0,0,1,0,1,1,1,0,1,1,0,0,1,0.5537789735099337,0.59625,0.45140833333333336,0.002108639769954209,0.9899248049247695,1.0,0.6012500000000001,8.8,False,
447,4,20305629,0.5,B01347/S012458,1,1,0,1,1,0,0,1,0,1,1,1,0,1,1,0,0,1,0.5534147350993376,0.565625,0.44895416666666677,-6.535378185811556e-07,0.9905776943805558,1.0,0.596875,5.2,False,
448,0,20305725,0.1,B578/S02,0,0,0,0,0,1,0,1,1,1,0,1,0,0,0,0,0,0,0.05088162251655632,0.050625,0.00025,-0.0015188218891600174,0.2900155208154014,1.0,1.0,82.8,False,
448,1,20305726,0.2,B578/S02,0,0,0,0,0,1,0,1,1,1,0,1,0,0,0,0,0,0,0.06507036423841057,0.06375,0.0010625,-0.007778733879400582,0.34608512705566224,1.0,1.0,85.8,False,
448,2,20305727,0.3,B578/S02,0,0,0,0,0,1,0,1,1,1,0,1,0,0,0,0,0,0,0.06964817880794702,0.0675,0.0020625,-0.012654779539909471,0.36204152697570535,1.0,1.0,91.2,False,
448,3,20305728,0.4,B578/S02,0,0,0,0,0,1,0,1,1,1,0,1,0,0,0,0,0,0,0.05902731788079471,0.055625,0.0035,-0.020027339665388694,0.31779151828253316,1.0,1.0,68.8,False,
448,4,20305729,0.5,B578/S02,0,0,0,0,0,1,0,1,1,1,0,1,0,0,0,0,0,0,0.06947847682119206,0.065625,0.004583333333333333,-0.02272547054722911,0.35655067314720784,1.0,1.0,82.2,False,
449,0,20305825,0.1,B034678/S012567,1,0,0,1,1,0,1,1,1,1,1,1,0,0,1,1,1,0,0.6814403973509934,0.7,0.43297916666666664,0.04163231962356207,0.8936551493480852,1.0,0.63375,24.2,False,
449,1,20305826,0.2,B034678/S012567,1,0,0,1,1,0,1,1,1,1,1,1,0,0,1,1,1,0,0.6805173841059603,0.693125,0.4360708333333334,0.04568065963750411,0.8963412229624292,1.0,0.656875,24.4,False,
449,2,20305827,0.3,B034678/S012567,1,0,0,1,1,0,1,1,1,1,1,1,0,0,1,1,1,0,0.6843129139072848,0.710625,0.4327125,0.023072172359706593,0.8944873729993902,1.0,0.63375,13.6,False,
449,3,20305828,0.4,B034678/S012567,1,0,0,1,1,0,1,1,1,1,1,1,0,0,1,1,1,0,0.6860637417218542,0.68375,0.4334375,0.02506252178459366,0.8943145591143875,1.0,0.6331249999999999,5.6,False,
449,4,20305829,0.5,B034678/S012567,1,0,0,1,1,0,1,1,1,1,1,1,0,0,1,1,1,0,0.6865438741721855,0.7,0.43452499999999994,0.01765140292784878,0.8948810250276319,1.0,0.6331249999999999,1.8,False,
450,0,20305925,0.1,B23467/S012468,0,0,1,1,1,0,1,1,0,1,1,1,0,1,0,1,0,1,0.5836009933774835,0.596875,0.5745125,0.03801531456953645,0.971625461753198,1.0,0.82875,22.0,False,
450,1,20305926,0.2,B23467/S012468,0,0,1,1,1,0,1,1,0,1,1,1,0,1,0,1,0,1,0.5892673841059602,0.588125,0.5752416666666668,0.015620207389333446,0.9734911616188456,1.0,0.563125,26.0,False,
450,2,20305927,0.3,B23467/S012468,0,0,1,1,1,0,1,1,0,1,1,1,0,1,0,1,0,1,0.591523178807947,0.598125,0.5771416666666667,0.010843172708260454,0.9732657656538496,1.0,0.5662499999999999,19.2,False,
450,3,20305928,0.4,B23467/S012468,0,0,1,1,1,0,1,1,0,1,1,1,0,1,0,1,0,1,0.5901076158940397,0.59375,0.5803958333333333,0.00565996427326573,0.9749724964009445,1.0,0.58125,7.8,False,
450,4,20305929,0.5,B23467/S012468,0,0,1,1,1,0,1,1,0,1,1,1,0,1,0,1,0,1,0.5909271523178807,0.585625,0.5781166666666667,0.0024602431160676602,0.9751881490661669,1.0,0.5706249999999999,2.4,False,
451,0,20306025,0.1,B1367/S01578,0,1,0,1,0,0,1,1,0,1,1,0,0,0,1,0,1,1,0.3741639072847682,0.381875,0.5452625,0.004720176890902612,0.9513057931386136,1.0,0.615,46.0,False,
451,1,20306026,0.2,B1367/S01578,0,1,0,1,0,0,1,1,0,1,1,0,0,0,1,0,1,1,0.3747185430463576,0.353125,0.5471541666666667,0.005526642558382472,0.9526316570301053,1.0,0.599375,56.8,False,
451,2,20306027,0.3,B1367/S01578,0,1,0,1,0,0,1,1,0,1,1,0,0,0,1,0,1,1,0.37424254966887416,0.3625,0.5465208333333333,0.001373082955732974,0.9530419680077341,1.0,0.59125,39.2,False,
451,3,20306028,0.4,B1367/S01578,0,1,0,1,0,0,1,1,0,1,1,0,0,0,1,0,1,1,0.37495447019867545,0.334375,0.5472833333333332,0.0019021218194491035,0.9537226517349988,1.0,0.5825,32.0,False,
451,4,20306029,0.5,B1367/S01578,0,1,0,1,0,0,1,1,0,1,1,0,0,0,1,0,1,1,0.37582367549668877,0.378125,0.5492458333333333,-0.0006139987800629393,0.9540466816904473,1.0,0.57875,30.8,False,
452,0,20306125,0.1,B012/S34,1,1,1,0,0,0,0,0,0,0,0,0,1,1,0,0,0,0,0.49644039735099343,0.0,0.998525,0.0013828860230036923,0.008988694341870088,0.04,1.0,21.0,True,6.0
452,1,20306126,0.2,B012/S34,1,1,1,0,0,0,0,0,0,0,0,0,1,1,0,0,0,0,0.4947102649006623,0.0,0.989825,0.01082225949808248,0.041978041947571786,0.12,1.0,21.6,True,18.0
452,2,20306127,0.3,B012/S34,1,1,1,0,0,0,0,0,0,0,0,0,1,1,0,0,0,0,0.49268625827814566,0.0,0.9793916666666667,0.021560212617636482,0.07216860199582446,0.16,1.0,16.6,True,24.0
452,3,20306128,0.4,B012/S34,1,1,1,0,0,0,0,0,0,0,0,0,1,1,0,0,0,0,0.4790024834437087,0.7625,0.9180875,0.04048013245033049,0.8818274203107628,1.0,0.99375,5.4,False,
452,4,20306129,0.5,B012/S34,1,1,1,0,0,0,0,0,0,0,0,0,1,1,0,0,0,0,0.4878228476821192,1.0,0.9439708333333334,0.05268266382014633,0.45764856476265087,0.8066666666666666,1.0,1.8,True,121.0
453,0,20306225,0.1,B345678/S014567,0,0,0,1,1,1,1,1,1,1,1,0,0,1,1,1,1,0,0.634283940397351,0.6775,0.40922500000000006,0.2875291913558732,0.8815130580375289,1.0,0.946875,23.0,False,
453,1,20306226,0.2,B345678/S014567,0,0,0,1,1,1,1,1,1,1,1,0,0,1,1,1,1,0,0.6861837748344369,0.73875,0.44199166666666667,0.06080156413384407,0.8850722942677508,1.0,0.7050000000000001,21.8,False,
453,2,20306227,0.3,B345678/S014567,0,0,0,1,1,1,1,1,1,1,1,0,0,1,1,1,1,0,0.687942880794702,0.7025,0.445,0.013710896653885824,0.887917341024137,1.0,0.6825,15.2,False,
453,3,20306228,0.4,B345678/S014567,0,0,0,1,1,1,1,1,1,1,1,0,0,1,1,1,1,0,0.6910347682119206,0.69,0.44691250000000005,0.01559341233879374,0.8870142338296284,1.0,0.680625,7.0,False,
453,4,20306229,0.5,B345678/S014567,0,0,0,1,1,1,1,1,1,1,1,0,0,1,1,1,1,0,0.6933857615894039,0.729375,0.4463583333333334,-0.0010015467061710451,0.8862891666854559,1.0,0.6756249999999999,1.6,False,
454,0,20306325,0.1,B036/S0158,1,0,0,1,0,0,1,0,0,1,1,0,0,0,1,0,0,1,0.31506208609271524,0.3125,0.44263749999999996,-0.003301999825723814,0.8965695730661953,1.0,0.6637500000000001,71.2,False,
454,1,20306326,0.2,B036/S0158,1,0,0,1,0,0,1,0,0,1,1,0,0,0,1,0,0,1,0.31394867549668876,0.315,0.4390166666666667,0.003614064133844257,0.8967952532014054,1.0,0.65625,73.2,False,
454,2,20306327,0.3,B036/S0158,1,0,0,1,0,0,1,0,0,1,1,0,0,0,1,0,0,1,0.3142342715231788,0.29875,0.44095,-0.0010976167654235798,0.8975215076117969,1.0,0.60875,65.4,False,
454,3,20306328,0.4,B036/S0158,1,0,0,1,0,0,1,0,0,1,1,0,0,0,1,0,0,1,0.3152152317880795,0.305,0.4412833333333333,-0.006045878354827696,0.8983446649351422,1.0,0.6131249999999999,64.6,False,
454,4,20306329,0.5,B036/S0158,1,0,0,1,0,0,1,0,0,1,1,0,0,0,1,0,0,1,0.31612168874172186,0.33,0.44271250000000006,-0.008849555594284074,0.8989638861054018,1.0,0.609375,59.2,False,
455,0,20306425,0.1,B148/S0168,0,1,0,0,1,0,0,0,1,1,1,0,0,0,0,1,0,1,0.3132367549668874,0.29875,0.4704333333333333,0.005331888288602079,0.8939211786352225,1.0,0.76,74.6,False,
455,1,20306426,0.2,B148/S0168,0,1,0,0,1,0,0,0,1,1,1,0,0,0,0,1,0,1,0.314375,0.330625,0.46924999999999994,0.0005898178807944027,0.8969518987427656,1.0,0.64125,74.0,False,
455,2,20306427,0.3,B148/S0168,0,1,0,0,1,0,0,0,1,1,1,0,0,0,0,1,0,1,0.3134230132450331,0.289375,0.4698124999999999,0.003461136284419343,0.8963634491467227,1.0,0.6225,70.2,False,
455,3,20306428,0.4,B148/S0168,0,1,0,0,1,0,0,0,1,1,1,0,0,0,0,1,0,1,0.3130422185430464,0.296875,0.47034166666666666,-0.001113301673057123,0.8953501768154933,1.0,0.6275,57.4,False,
455,4,20306429,0.5,B148/S0168,0,1,0,0,1,0,0,0,1,1,1,0,0,0,0,1,0,1,0.3143501655629139,0.3125,0.46963749999999993,-0.006719675845242412,0.8963448724488879,1.0,0.629375,54.4,False,
456,0,20306525,0.1,B35/S124678,0,0,0,1,0,1,0,0,0,0,1,1,0,1,0,1,1,1,0.3771026490066225,0.50625,0.3247416666666667,0.4705423274660162,0.8728226812396039,1.0,0.96625,26.6,False,
456,1,20306526,0.2,B35/S124678,0,0,0,1,0,1,0,0,0,0,1,1,0,1,0,1,1,1,0.478853476821192,0.4925,0.41735416666666664,0.07244368682467726,0.9913125914389987,1.0,0.80875,28.6,False,
456,2,20306527,0.3,B35/S124678,0,0,0,1,0,1,0,0,0,0,1,1,0,1,0,1,1,1,0.49431291390728466,0.508125,0.42860833333333337,0.01541695712791881,0.9983305031931002,1.0,0.67625,22.4,False,
456,3,20306528,0.4,B35/S124678,0,0,0,1,0,1,0,0,0,0,1,1,0,1,0,1,1,1,0.4922599337748345,0.501875,0.42845,0.012534528581386987,0.9989605002938836,1.0,0.61625,12.0,False,
456,4,20306529,0.5,B35/S124678,0,0,0,1,0,1,0,0,0,0,1,1,0,1,0,1,1,1,0.4954925496688741,0.49,0.4289958333333333,0.0012325723248514473,0.9993966016794833,1.0,0.6025,6.2,False,
457,0,20306625,0.1,B123/S013578,0,1,1,1,0,0,0,0,0,1,1,0,1,0,1,0,1,1,0.5017342715231788,0.511875,0.45790000000000003,0.009605372080864295,0.9947924390518039,1.0,0.64,30.4,False,
457,1,20306626,0.2,B123/S013578,0,1,1,1,0,0,0,0,0,1,1,0,1,0,1,0,1,1,0.5030298013245034,0.49875,0.4589041666666666,-0.0032082171488329383,0.9961250306390753,1.0,0.704375,37.6,False,
457,2,20306627,0.3,B123/S013578,0,1,1,1,0,0,0,0,0,1,1,0,1,0,1,0,1,1,0.5017177152317881,0.496875,0.46092083333333334,-0.0044456910073201825,0.9970628498898291,1.0,0.691875,29.0,False,
457,3,20306628,0.4,B123/S013578,0,1,1,1,0,0,0,0,0,1,1,0,1,0,1,0,1,1,0.5019412251655629,0.543125,0.46061250000000004,0.0033830385151617927,0.9983074085835616,1.0,0.59875,15.8,False,
457,4,20306629,0.5,B123/S013578,0,1,1,1,0,0,0,0,0,1,1,0,1,0,1,0,1,1,0.5017632450331125,0.48,0.45932499999999993,0.002884062391076212,0.9989614951511412,1.0,0.588125,13.2,False,
458,0,20306725,0.1,B25/S04678,0,0,1,0,0,1,0,0,0,1,0,0,0,1,0,1,1,1,0.3004635761589404,0.299375,0.4654666666666668,0.024541978912512773,0.8795896207139197,1.0,0.795625,78.8,False,
458,1,20306726,0.2,B25/S04678,0,0,1,0,0,1,0,0,0,1,0,0,0,1,0,1,1,1,0.302408940397351,0.320625,0.4686291666666667,0.003919266294875941,0.8833362850369288,1.0,0.66625,82.4,False,
458,2,20306727,0.3,B25/S04678,0,0,1,0,0,1,0,0,0,1,0,0,0,1,0,1,1,1,0.3047599337748344,0.29,0.4712708333333334,0.005920725862669516,0.886535347587432,1.0,0.6168750000000001,72.8,False,
458,3,20306728,0.4,B25/S04678,0,0,1,0,0,1,0,0,0,1,0,0,0,1,0,1,1,1,0.3023468543046357,0.325,0.46785000000000004,-0.0038483574416175335,0.8834238481627186,1.0,0.625,57.0,False,
458,4,20306729,0.5,B25/S04678,0,0,1,0,0,1,0,0,0,1,0,0,0,1,0,1,1,1,0.30518625827814566,0.2975,0.4690666666666666,-0.011548013245033403,0.8858228034947642,1.0,0.62625,56.4,False,
459,0,20306825,0.1,B01567/S12367,1,1,0,0,0,1,1,1,0,0,1,1,1,0,0,1,1,0,0.4182077814569536,0.391875,0.28062499999999996,-0.012087181944928322,0.975040414790328,1.0,0.775,46.4,False,
459,1,20306826,0.2,B01567/S12367,1,1,0,0,0,1,1,1,0,0,1,1,1,0,0,1,1,0,0.41808774834437085,0.415,0.28245833333333337,0.005787077378877654,0.9786501391269805,1.0,0.791875,51.0,False,
459,2,20306827,0.3,B01567/S12367,1,1,0,0,0,1,1,1,0,0,1,1,1,0,0,1,1,0,0.4175745033112583,0.393125,0.27694583333333334,-3.692488672058935e-05,0.9792382883001285,1.0,0.790625,40.4,False,
459,3,20306828,0.4,B01567/S12367,1,1,0,0,0,1,1,1,0,0,1,1,1,0,0,1,1,0,0.41664735099337746,0.41,0.27393749999999994,-0.004976036946671662,0.9793348907464283,1.0,0.776875,30.2,False,
459,4,20306829,0.5,B01567/S12367,1,1,0,0,0,1,1,1,0,0,1,1,1,0,0,1,1,0,0.41579470198675494,0.415625,0.27065416666666664,0.010419353433251715,0.9787740143134768,1.0,0.8043750000000001,30.4,False,
460,0,20306925,0.1,B013478/S01345,1,1,0,1,1,0,0,1,1,1,1,0,1,1,1,0,0,0,0.5704635761589405,0.585625,0.4404375,0.03195244423143908,0.9674556700024018,1.0,0.82875,23.6,False,
460,1,20306926,0.2,B013478/S01345,1,1,0,1,1,0,0,1,1,1,1,0,1,1,1,0,0,0,0.5739279801324504,0.54875,0.4230625,0.01222181073544737,0.9792862659812719,1.0,0.641875,29.0,False,
460,2,20306927,0.3,B013478/S01345,1,1,0,1,1,0,0,1,1,1,1,0,1,1,1,0,0,0,0.5733319536423841,0.5925,0.4276083333333333,0.012297294353432875,0.9817933718379125,1.0,0.639375,16.8,False,
460,3,20306928,0.4,B013478/S01345,1,1,0,1,1,0,0,1,1,1,1,0,1,1,1,0,0,0,0.5743584437086093,0.56375,0.4215,0.006354021436039557,0.9821510959035036,1.0,0.6368750000000001,6.2,False,
460,4,20306929,0.5,B013478/S01345,1,1,0,1,1,0,0,1,1,1,1,0,1,1,1,0,0,0,0.5762541390728477,0.558125,0.4216416666666666,-0.004555158591844476,0.9820017119844789,1.0,0.64,5.0,False,
461,0,20307025,0.1,B4678/S02346,0,0,0,0,1,0,1,1,1,1,0,1,1,1,0,1,0,0,0.05316639072847683,0.0525,0.0004625,-0.0038065310212618115,0.299519156468829,1.0,1.0,70.8,False,
461,1,20307026,0.2,B4678/S02346,0,0,0,0,1,0,1,1,1,1,0,1,1,1,0,1,0,0,0.10945778145695366,0.103125,0.011462500000000002,-0.03846756273963061,0.4966018655410574,1.0,1.0,83.0,False,
461,2,20307027,0.3,B4678/S02346,0,0,0,0,1,0,1,1,1,1,0,1,1,1,0,1,0,0,0.1615273178807947,0.065625,0.06925833333333334,-0.3060805158591845,0.5930206326377079,1.0,1.0,36.2,False,
461,3,20307028,0.4,B4678/S02346,0,0,0,0,1,0,1,1,1,1,0,1,1,1,0,1,0,0,0.3274586092715232,0.13,0.20453333333333337,-0.37313937783199735,0.870759720161698,1.0,0.9625,16.8,False,
461,4,20307029,0.5,B4678/S02346,0,0,0,0,1,0,1,1,1,1,0,1,1,1,0,1,0,0,0.33984271523178805,0.135625,0.21723333333333333,-0.44366329731613807,0.8690548350767195,1.0,0.9375,11.4,False,
462,0,20307125,0.1,B01358/S0237,1,1,0,1,0,1,0,0,1,1,0,1,1,0,0,0,1,0,0.45271937086092706,0.4475,0.5647375,0.004156500522830051,0.9853283577493782,1.0,0.7150000000000001,34.6,False,
462,1,20307126,0.2,B01358/S0237,1,1,0,1,0,1,0,0,1,1,0,1,1,0,0,0,1,0,0.4527814569536424,0.436875,0.5604083333333333,0.0054890641338439265,0.9899677899672342,1.0,0.6375,36.6,False,
462,2,20307127,0.3,B01358/S0237,1,1,0,1,0,1,0,0,1,1,0,1,1,0,0,0,1,0,0.4535182119205298,0.4625,0.5583458333333334,-0.0019001612059952348,0.9914822149401005,1.0,0.589375,27.6,False,
462,3,20307128,0.4,B01358/S0237,1,1,0,1,0,1,0,0,1,1,0,1,1,0,0,0,1,0,0.45300496688741726,0.41375,0.5587666666666666,0.0011044789125124015,0.99179667796031,1.0,0.5956250000000001,16.4,False,
462,4,20307129,0.5,B01358/S0237,1,1,0,1,0,1,0,0,1,1,0,1,1,0,0,0,1,0,0.4549048013245034,0.461875,0.5609541666666668,-0.0025474904147790665,0.9933181760993001,1.0,0.59125,15.2,False,
463,0,20307225,0.1,B023457/S0134578,1,0,1,1,1,1,0,1,0,1,1,0,1,1,1,0,1,1,0.7023096026490067,0.695,0.4023958333333333,0.028080886197280632,0.870169142611399,1.0,0.6425000000000001,21.4,False,
463,1,20307226,0.2,B023457/S0134578,1,0,1,1,1,1,0,1,0,1,1,0,1,1,1,0,1,1,0.701875,0.696875,0.40445833333333336,0.0240933252004177,0.8734281350972234,1.0,0.6325000000000001,23.8,False,
463,2,20307227,0.3,B023457/S0134578,1,0,1,1,1,1,0,1,0,1,1,0,1,1,1,0,1,1,0.7045860927152319,0.71875,0.4010875,0.010043895956778424,0.8714411052157397,1.0,0.639375,18.4,False,
463,3,20307228,0.4,B023457/S0134578,1,0,1,1,1,1,0,1,0,1,1,0,1,1,1,0,1,1,0.7054966887417219,0.6925,0.40170416666666675,0.007631034332519279,0.8713297215538995,1.0,0.7050000000000001,4.4,False,
463,4,20307229,0.5,B023457/S0134578,1,0,1,1,1,1,0,1,0,1,1,0,1,1,1,0,1,1,0.7067301324503311,0.690625,0.39918333333333333,-0.0028464839665394786,0.8709224714846503,1.0,0.71875,2.2,False,
464,0,20307325,0.1,B2458/S02345678,0,0,1,0,1,1,0,0,1,1,0,1,1,1,1,1,1,1,0.9127980132450334,0.93,0.006725,0.09983018909027526,0.3827365084137419,1.0,1.0,25.2,False,
464,1,20307326,0.2,B2458/S02345678,0,0,1,0,1,1,0,0,1,1,0,1,1,1,1,1,1,1,0.9185844370860924,0.92875,0.0059375,0.059508539560822235,0.3828885194926684,1.0,1.0,24.6,False,
464,2,20307327,0.3,B2458/S02345678,0,0,1,0,1,1,0,0,1,1,0,1,1,1,1,1,1,1,0.9143667218543047,0.921875,0.005183333333333333,0.044101385500173514,0.4053513199401886,1.0,1.0,20.4,False,
464,3,20307328,0.4,B2458/S02345678,0,0,1,0,1,1,0,0,1,1,0,1,1,1,1,1,1,1,0.9239362582781458,0.93,0.004266666666666667,0.03564395259672246,0.37570615940762886,1.0,1.0,6.6,False,
464,4,20307329,0.5,B2458/S02345678,0,0,1,0,1,1,0,0,1,1,0,1,1,1,1,1,1,1,0.9121605960264904,0.91625,0.0031958333333333335,0.024108356570232442,0.422081548001833,1.0,1.0,2.8,False,
465,0,20307425,0.1,B0257/S456,1,0,1,0,0,1,0,1,0,0,0,0,0,1,1,1,0,0,0.478658940397351,0.489375,0.3962166666666667,0.02903505141164166,0.9941897625372413,1.0,0.63375,32.4,False,
465,1,20307426,0.2,B0257/S456,1,0,1,0,0,1,0,1,0,0,0,0,0,1,1,1,0,0,0.4747806291390728,0.4775,0.39864166666666667,0.014953598814917781,0.9949331530294201,1.0,0.65125,33.8,False,
465,2,20307427,0.3,B0257/S456,1,0,1,0,0,1,0,1,0,0,0,0,0,1,1,1,0,0,0.47712334437086096,0.483125,0.39697916666666666,0.03473324764726333,0.9956750213778538,1.0,0.6425000000000001,27.8,False,
465,3,20307428,0.4,B0257/S456,1,0,1,0,0,1,0,1,0,0,0,0,0,1,1,1,0,0,0.47318708609271515,0.509375,0.39970833333333333,0.005334829208783007,0.9967534309469698,1.0,0.640625,13.8,False,
465,4,20307429,0.5,B0257/S456,1,0,1,0,0,1,0,1,0,0,0,0,0,1,1,1,0,0,0.48160182119205297,0.478125,0.39321666666666666,-0.024114238410596296,0.9982502284544444,1.0,0.651875,12.6,False,
466,0,20307525,0.1,B5/S0357,0,0,0,0,0,1,0,0,0,1,0,0,1,0,1,0,1,0,0.04792218543046357,0.0475,0.00043333333333333337,-0.0024997821540606604,0.2771905819895379,1.0,1.0,79.6,False,
466,1,20307526,0.2,B5/S0357,0,0,0,0,0,1,0,0,0,1,0,0,1,0,1,0,1,0,0.04262417218543046,0.04125,0.0011916666666666666,-0.008106809864064179,0.2523879274338213,1.0,1.0,76.0,False,
466,2,20307527,0.3,B5/S0357,0,0,0,0,0,1,0,0,0,1,0,0,1,0,1,0,1,0,0.03501241721854305,0.0325,0.002120833333333333,-0.014790867898222437,0.21432591659094483,1.0,1.0,51.4,False,
466,3,20307528,0.4,B5/S0357,0,0,0,0,0,1,0,0,0,1,0,0,1,0,1,0,1,0,0.034168046357615896,0.02875,0.0044624999999999995,-0.03172435953293833,0.2022146694301199,1.0,1.0,40.0,False,
466,4,20307529,0.5,B5/S0357,0,0,0,0,0,1,0,0,0,1,0,0,1,0,1,0,1,0,0.03976821192052981,0.0325,0.005733333333333334,-0.04248551324503318,0.2233465527574957,1.0,1.0,40.2,False,
467,0,20307625,0.1,B268/S367,0,0,1,0,0,0,1,0,1,0,0,0,1,0,0,1,1,0,0.2854884105960265,0.29375,0.42472916666666666,0.031386153712094474,0.8593966136459672,1.0,0.80875,81.8,False,
467,1,20307626,0.2,B268/S367,0,0,1,0,0,0,1,0,1,0,0,0,1,0,0,1,1,0,0.28928394039735095,0.295625,0.4281583333333334,0.007383997037295262,0.8671194581018378,1.0,0.6543749999999999,77.0,False,
467,2,20307627,0.3,B268/S367,0,0,1,0,0,0,1,0,1,0,0,0,1,0,0,1,1,0,0.29066225165562914,0.283125,0.42886666666666673,-0.0016171793307775313,0.8691261537939966,1.0,0.6331249999999999,81.8,False,
467,3,20307628,0.4,B268/S367,0,0,1,0,0,0,1,0,1,0,0,0,1,0,0,1,1,0,0.28927152317880794,0.280625,0.42892083333333336,-0.007052980132450619,0.8669172040357518,1.0,0.63125,66.6,False,
467,4,20307629,0.5,B268/S367,0,0,1,0,0,0,1,0,1,0,0,0,1,0,0,1,1,0,0.29285182119205294,0.291875,0.4314291666666666,-0.006255990763332436,0.8709401486614985,1.0,0.638125,69.6,False,
468,0,20307725,0.1,B0134678/S0123678,1,1,0,1,1,0,1,1,1,1,1,1,1,0,0,1,1,1,0.9821978476821195,0.995,0.021958333333333333,0.07020989456256486,0.08258936334086044,1.0,1.0,21.0,False,
468,1,20307726,0.2,B0134678/S0123678,1,1,0,1,1,0,1,1,1,1,1,1,1,0,0,1,1,1,0.9238410596026492,0.994375,0.1035875,0.29700450941094414,0.2881014046960232,1.0,1.0,24.0,False,
468,2,20307727,0.3,B0134678/S0123678,1,1,0,1,1,0,1,1,1,1,1,1,1,0,0,1,1,1,0.9003766556291393,0.994375,0.1362125,0.35128997472987056,0.36629544038437967,1.0,1.0,16.4,False,
468,3,20307728,0.4,B0134678/S0123678,1,1,0,1,1,0,1,1,1,1,1,1,1,0,0,1,1,1,0.8982036423841061,0.9925,0.1398875,0.37620022220285804,0.35839229941337863,1.0,1.0,5.0,False,
468,4,20307729,0.5,B0134678/S0123678,1,1,0,1,1,0,1,1,1,1,1,1,1,0,0,1,1,1,0.8521440397350996,0.995,0.20507083333333334,0.46253322150575055,0.47740968555345603,1.0,1.0,2.6,False,
469,0,20307825,0.1,B05/S2358,1,0,0,0,0,1,0,0,0,0,0,1,1,0,1,0,0,1,0.30386589403973513,0.295625,0.16062916666666666,-0.008435539386546115,0.8834589271954106,1.0,0.880625,103.2,False,
469,1,20307826,0.2,B05/S2358,1,0,0,0,0,1,0,0,0,0,0,1,1,0,1,0,0,1,0.30282698675496694,0.296875,0.14971666666666666,-0.0031324067619382663,0.8836762959981128,1.0,0.896875,108.8,False,
469,2,20307827,0.3,B05/S2358,1,0,0,0,0,1,0,0,0,0,0,1,1,0,1,0,0,1,0.30341473509933775,0.300625,0.18550416666666664,-0.004517580167305899,0.8846938399077184,1.0,0.863125,91.8,False,
469,3,20307828,0.4,B05/S2358,1,0,0,0,0,1,0,0,0,0,0,1,1,0,1,0,0,1,0.30282284768211926,0.284375,0.1777875,-0.005571736667828889,0.8838951423666166,1.0,0.868125,82.8,False,
469,4,20307829,0.5,B05/S2358,1,0,0,0,0,1,0,0,0,0,0,1,1,0,1,0,0,1,0.30258278145695366,0.2975,0.17416666666666666,-0.02000806029975616,0.8824840264510193,1.0,0.87375,77.4,False,
470,0,20307925,0.1,B01235/S036,1,1,1,1,0,1,0,0,0,1,0,0,1,0,0,1,0,0,0.5003559602649007,0.5175,0.7136291666666666,-0.0028938654583483677,0.9165652724469009,1.0,0.925,28.4,False,
470,1,20307926,0.2,B01235/S036,1,1,1,1,0,1,0,0,0,1,0,0,1,0,0,1,0,0,0.49851821192052975,0.54,0.685575,0.003046139769954044,0.9827305910564078,1.0,0.7175,30.6,False,
470,2,20307927,0.3,B01235/S036,1,1,1,1,0,1,0,0,0,1,0,0,1,0,0,1,0,0,0.49772350993377484,0.488125,0.6776791666666666,0.003062478215405575,0.9952409857496058,1.0,0.638125,26.2,False,
470,3,20307928,0.4,B01235/S036,1,1,1,1,0,1,0,0,0,1,0,0,1,0,0,1,0,0,0.497955298013245,0.5,0.6734416666666667,0.002136415127221349,0.9977418302194686,1.0,0.618125,16.0,False,
470,4,20307929,0.5,B01235/S036,1,1,1,1,0,1,0,0,0,1,0,0,1,0,0,1,0,0,0.49848096026490074,0.505625,0.6728624999999999,0.0018923187521784476,0.9989712922790956,1.0,0.6131249999999999,12.8,False,
471,0,20308025,0.1,B13468/S2358,0,1,0,1,1,0,1,0,1,0,0,1,1,0,1,0,0,1,0.5397557947019869,0.5475,0.5571875,0.025001742767514542,0.9899303011574773,1.0,0.563125,22.8,False,
471,1,20308026,0.2,B13468/S2358,0,1,0,1,1,0,1,0,1,0,0,1,1,0,1,0,0,1,0.5415521523178808,0.5475,0.5578333333333333,0.018066399442313735,0.9917961903429161,1.0,0.5725,26.2,False,
471,2,20308027,0.3,B13468/S2358,0,1,0,1,1,0,1,0,1,0,0,1,1,0,1,0,0,1,0.541626655629139,0.54625,0.5583708333333334,0.006383103868943172,0.9928510274074243,1.0,0.573125,20.8,False,
471,3,20308028,0.4,B13468/S2358,0,1,0,1,1,0,1,0,1,0,0,1,1,0,1,0,0,1,0.5422475165562914,0.55875,0.5590166666666666,0.0020945887068657128,0.9932743234756702,1.0,0.5775,9.0,False,
471,4,20308029,0.5,B13468/S2358,0,1,0,1,1,0,1,0,1,0,0,1,1,0,1,0,0,1,0.5445240066225167,0.5175,0.5601708333333333,-0.0031902448588359547,0.9934783538252859,1.0,0.56125,4.0,False,
472,0,20308125,0.1,B12467/S12345,0,1,1,0,1,0,1,1,0,0,1,1,1,1,1,0,0,0,0.5798468543046357,0.55375,0.5047041666666666,0.016840035726733683,0.9755105697946619,1.0,0.59125,25.0,False,
472,1,20308126,0.2,B12467/S12345,0,1,1,0,1,0,1,1,0,0,1,1,1,1,1,0,0,0,0.5815645695364238,0.588125,0.5020374999999999,0.012720786859532261,0.9758850396063357,1.0,0.585,25.2,False,
472,2,20308127,0.3,B12467/S12345,0,1,1,0,1,0,1,1,0,0,1,1,1,1,1,0,0,0,0.5814817880794703,0.6075,0.5051041666666667,0.011492789299407195,0.9772305799101946,1.0,0.586875,16.0,False,
472,3,20308128,0.4,B12467/S12345,0,1,1,0,1,0,1,1,0,0,1,1,1,1,1,0,0,0,0.5824254966887417,0.57875,0.5027125,0.006968020216102748,0.9775592061789071,1.0,0.614375,7.2,False,
472,4,20308129,0.5,B12467/S12345,0,1,1,0,1,0,1,1,0,0,1,1,1,1,1,0,0,0,0.5830298013245033,0.619375,0.5008208333333335,0.0015822150575111544,0.9783074575688937,1.0,0.6331249999999999,3.2,False,
473,0,20308225,0.1,B01346/S0268,1,1,0,1,1,0,1,0,0,1,0,1,0,0,0,1,0,1,0.4632077814569535,0.461875,0.692125,-0.010371971941443764,0.9889344391158943,1.0,0.69,28.6,False,
473,1,20308226,0.2,B01346/S0268,1,1,0,1,1,0,1,0,0,1,0,1,0,0,0,1,0,1,0.46028973509933774,0.454375,0.6946333333333333,0.004395695364238031,0.9931382897066255,1.0,0.635625,32.0,False,
473,2,20308227,0.3,B01346/S0268,1,1,0,1,1,0,1,0,0,1,0,1,0,0,0,1,0,1,0.4599793046357616,0.42625,0.6940291666666667,-0.0012966190310215325,0.9937460936580487,1.0,0.6275,27.0,False,
473,3,20308228,0.4,B01346/S0268,1,1,0,1,1,0,1,0,0,1,0,1,0,0,0,1,0,1,0.46151490066225176,0.44625,0.6942499999999999,0.0017269736842098968,0.9949842883627953,1.0,0.63,16.0,False,
473,4,20308229,0.5,B01346/S0268,1,1,0,1,1,0,1,0,0,1,0,1,0,0,0,1,0,1,0.4613286423841059,0.453125,0.6948416666666667,1.6338445444531666e-06,0.995224305087072,1.0,0.625,11.8,False,
474,0,20308325,0.1,B1267/S023456,0,1,1,0,0,0,1,1,0,1,0,1,1,1,1,1,0,0,0.5641183774834436,0.55125,0.08851666666666666,-0.015389181770652294,0.9826804877109068,1.0,0.9825,20.4,False,
474,1,20308326,0.2,B1267/S023456,0,1,1,0,0,0,1,1,0,1,0,1,1,1,1,1,0,0,0.5752980132450332,0.5775,0.09170833333333334,-0.011113083827118127,0.980115296984762,1.0,0.99625,25.8,False,
474,2,20308327,0.3,B1267/S023456,0,1,1,0,0,0,1,1,0,1,0,1,1,1,1,1,0,0,0.5656539735099337,0.565625,0.0844,-0.015268604043221057,0.9855760498145163,1.0,0.98625,17.0,False,
474,3,20308328,0.4,B1267/S023456,0,1,1,0,0,0,1,1,0,1,0,1,1,1,1,1,0,0,0.5662458609271523,0.555625,0.0751,-0.031900161205994954,0.985606095960181,1.0,0.994375,5.6,False,
474,4,20308329,0.5,B1267/S023456,0,1,1,0,0,0,1,1,0,1,0,1,1,1,1,1,0,0,0.5586423841059603,0.549375,0.07149583333333334,-0.02763353956082328,0.9892228167794179,1.0,0.98875,2.0,False,
475,0,20308425,0.1,B0123467/S12578,1,1,1,1,1,0,1,1,0,0,1,1,0,0,1,0,1,1,0.5882408940397351,0.56625,0.6076250000000001,-0.057331605088881785,0.9605787342334877,1.0,0.95125,25.0,False,
475,1,20308426,0.2,B0123467/S12578,1,1,1,1,1,0,1,1,0,0,1,1,0,0,1,0,1,1,0.5841928807947019,0.578125,0.6127083333333333,-0.03027808034158297,0.9695126842685279,1.0,0.87875,26.8,False,
475,2,20308427,0.3,B0123467/S12578,1,1,1,1,1,0,1,1,0,0,1,1,0,0,1,0,1,1,0.5814321192052981,0.58875,0.6166999999999999,-0.014064133844545728,0.9754895480036458,1.0,0.746875,21.2,False,
475,3,20308428,0.4,B0123467/S12578,1,1,1,1,1,0,1,1,0,0,1,1,0,0,1,0,1,1,0.5792342715231789,0.573125,0.6201125,-0.001495621296619454,0.9797882133040979,1.0,0.593125,9.4,False,
475,4,20308429,0.5,B0123467/S12578,1,1,1,1,1,0,1,1,0,0,1,1,0,0,1,0,1,1,0.5777193708609272,0.57,0.6245624999999999,0.0008414299407450821,0.9816113190248229,1.0,0.565,3.6,False,
476,0,20308525,0.1,B123678/S02456,0,1,1,1,0,0,1,1,1,1,0,1,0,1,1,1,0,0,0.624010761589404,0.6175,0.40672499999999995,0.02441453903799206,0.9479759893781011,1.0,0.6425000000000001,20.6,False,
476,1,20308526,0.2,B123678/S02456,0,1,1,1,0,0,1,1,1,1,0,1,0,1,1,1,0,0,0.6279801324503312,0.618125,0.40765416666666665,0.016743965667479807,0.9473589172868384,1.0,0.64,25.2,False,
476,2,20308527,0.3,B123678/S02456,0,1,1,1,0,0,1,1,1,1,0,1,0,1,1,1,0,0,0.6274048013245033,0.63375,0.4040916666666666,0.011136937957476467,0.9496085899804505,1.0,0.64125,16.2,False,
476,3,20308528,0.4,B123678/S02456,0,1,1,1,0,0,1,1,1,1,0,1,0,1,1,1,0,0,0.6296109271523178,0.62875,0.4049916666666667,0.009861558905541825,0.9492180777713979,1.0,0.64125,7.8,False,
476,4,20308529,0.5,B123678/S02456,0,1,1,1,0,0,1,1,1,1,0,1,0,1,1,1,0,0,0.6288907284768213,0.64125,0.40442083333333334,0.005297577553154127,0.9501623374536291,1.0,0.63125,3.6,False,
477,0,20308625,0.1,B1234678/S3458,0,1,1,1,1,0,1,1,1,0,0,0,1,1,1,0,0,1,0.6163327814569536,0.616875,0.6101708333333333,0.021791891774137276,0.9525633511296364,1.0,0.6675,25.0,False,
477,1,20308626,0.2,B1234678/S3458,0,1,1,1,1,0,1,1,1,0,0,0,1,1,1,0,0,1,0.6186175496688742,0.59125,0.60735,0.01498529539909322,0.9539839687298638,1.0,0.6675,29.4,False,
477,2,20308627,0.3,B1234678/S3458,0,1,1,1,1,0,1,1,1,0,0,0,1,1,1,0,0,1,0.6172640728476821,0.6325,0.6191875000000001,0.00995240066225124,0.9556620730862612,1.0,0.683125,19.2,False,
477,3,20308628,0.4,B1234678/S3458,0,1,1,1,1,0,1,1,1,0,0,0,1,1,1,0,0,1,0.619023178807947,0.595,0.6148833333333332,0.010305637852909643,0.9504204403192659,1.0,0.7106250000000001,15.0,False,
477,4,20308629,0.5,B1234678/S3458,0,1,1,1,1,0,1,1,1,0,0,0,1,1,1,0,0,1,0.6199627483443708,0.616875,0.6125041666666665,0.0036774573021951364,0.9542088952132208,1.0,0.690625,7.0,False,
478,0,20308725,0.1,B03578/S01234567,1,0,0,1,0,1,0,1,1,1,1,1,1,1,1,1,1,0,0.7099172185430463,0.716875,0.12227916666666666,0.020973662425932016,0.8593903951084831,1.0,0.995625,18.6,False,
478,1,20308726,0.2,B03578/S01234567,1,0,0,1,0,1,0,1,1,1,1,1,1,1,1,1,1,0,0.7024130794701987,0.704375,0.09852083333333334,0.010917349250609549,0.8714974906291564,1.0,0.993125,24.6,False,
478,2,20308727,0.3,B03578/S01234567,1,0,0,1,0,1,0,1,1,1,1,1,1,1,1,1,1,0,0.7076117549668874,0.703125,0.11017916666666668,0.0032859881491802924,0.8673129134693474,1.0,0.99625,15.4,False,
478,3,20308728,0.4,B03578/S01234567,1,0,0,1,0,1,0,1,1,1,1,1,1,1,1,1,1,0,0.7071564569536424,0.6975,0.12115833333333333,-0.010152383234577034,0.8698173821990811,1.0,0.993125,5.8,False,
478,4,20308729,0.5,B03578/S01234567,1,0,0,1,0,1,0,1,1,1,1,1,1,1,1,1,1,0,0.7097433774834436,0.703125,0.11732083333333333,-0.014142558382712288,0.8672920277298228,1.0,0.998125,2.2,False,
479,0,20308825,0.1,B128/S123,0,1,1,0,0,0,0,0,1,0,1,1,1,0,0,0,0,0,0.43153559602649005,0.44375,0.163675,0.06416499651446499,0.9782207728540481,1.0,0.999375,55.2,False,
479,1,20308826,0.2,B128/S123,0,1,1,0,0,0,0,0,1,0,1,1,1,0,0,0,0,0,0.4412665562913909,0.45875,0.13373749999999998,0.06537436824677542,0.9827561809560688,1.0,1.0,55.2,False,
479,2,20308827,0.3,B128/S123,0,1,1,0,0,0,0,0,1,0,1,1,1,0,0,0,0,0,0.4440273178807947,0.46625,0.13383333333333333,0.066391273091669,0.9868297975157391,1.0,1.0,40.6,False,
479,3,20308828,0.4,B128/S123,0,1,1,0,0,0,0,0,1,0,1,1,1,0,0,0,0,0,0.43969784768211917,0.448125,0.12530000000000002,0.04600350731962337,0.9884753028348698,1.0,1.0,39.8,False,
479,4,20308829,0.5,B128/S123,0,1,1,0,0,0,0,0,1,0,1,1,1,0,0,0,0,0,0.438592715231788,0.444375,0.15100416666666666,0.05603988759149455,0.9839112774116088,1.0,1.0,36.8,False,
480,0,20308925,0.1,B124578/S035,0,1,1,0,1,1,0,1,1,1,0,0,1,0,1,0,0,0,0.5350869205298013,0.5425,0.6159416666666666,0.019739456256534803,0.9915511761917338,1.0,0.5743750000000001,24.0,False,
480,1,20308926,0.2,B124578/S035,0,1,1,0,1,1,0,1,1,1,0,0,1,0,1,0,0,0,0.5355256622516557,0.548125,0.6186208333333334,0.008141447368420719,0.993610432628581,1.0,0.5587500000000001,27.8,False,
480,2,20308927,0.3,B124578/S035,0,1,1,0,1,1,0,1,1,1,0,0,1,0,1,0,0,0,0.537628311258278,0.5375,0.6164166666666667,0.008370185604740149,0.9942432771514615,1.0,0.5675,15.2,False,
480,3,20308928,0.4,B124578/S035,0,1,1,0,1,1,0,1,1,1,0,0,1,0,1,0,0,0,0.537826986754967,0.556875,0.61735,0.005591669571279054,0.994868569213535,1.0,0.5725,8.4,False,
480,4,20308929,0.5,B124578/S035,0,1,1,0,1,1,0,1,1,1,0,0,1,0,1,0,0,0,0.5375455298013245,0.54,0.6167958333333332,-0.0019504836179858019,0.9953336381949174,1.0,0.56375,4.2,False,
481,0,20309025,0.1,B46/S012578,0,0,0,0,1,0,1,0,0,1,1,1,0,0,1,0,1,1,0.09817466887417216,0.098125,0.002554166666666667,-0.0002918046357617373,0.46318105848984426,1.0,1.0,103.2,False,
481,1,20309026,0.2,B46/S012578,0,0,0,0,1,0,1,0,0,1,1,1,0,0,1,0,1,1,0.14556291390728474,0.144375,0.004579166666666667,-0.006836005576856168,0.5984214450413802,1.0,1.0,116.2,False,
481,2,20309027,0.3,B46/S012578,0,0,0,0,1,0,1,0,0,1,1,1,0,0,1,0,1,1,0.16121274834437085,0.1575,0.010599999999999998,-0.019556792436389147,0.6358263527086692,1.0,1.0,131.8,False,
481,3,20309028,0.4,B46/S012578,0,0,0,0,1,0,1,0,0,1,1,1,0,0,1,0,1,1,0.16913907284768215,0.163125,0.014129166666666665,-0.037150030498431935,0.6519518172904375,1.0,1.0,119.2,False,
481,4,20309029,0.5,B46/S012578,0,0,0,0,1,0,1,0,0,1,1,1,0,0,1,0,1,1,0.16502897350993373,0.15625,0.0200375,-0.04820625653537835,0.639838373139772,1.0,1.0,111.6,False,
482,0,20309125,0.1,B047/S012457,1,0,0,0,1,0,0,1,0,1,1,1,0,1,1,0,1,0,0.4235761589403973,0.410625,0.26412083333333336,0.005720089752526953,0.9798662451066018,1.0,0.775,45.6,False,
482,1,20309126,0.2,B047/S012457,1,0,0,0,1,0,0,1,0,1,1,1,0,1,1,0,1,0,0.4202483443708609,0.383125,0.25895416666666665,0.006339643604042646,0.9792984473762698,1.0,0.823125,54.6,False,
482,2,20309127,0.3,B047/S012457,1,0,0,0,1,0,0,1,0,1,1,1,0,1,1,0,1,0,0.42124172185430464,0.435,0.25995,0.04702760108051528,0.9807786798830483,1.0,0.796875,40.4,False,
482,3,20309128,0.4,B047/S012457,1,0,0,0,1,0,0,1,0,1,1,1,0,1,1,0,1,0,0.4209105960264901,0.41125,0.2608125,-0.03512112234227973,0.9805121417549704,1.0,0.795,27.8,False,
482,4,20309129,0.5,B047/S012457,1,0,0,0,1,0,0,1,0,1,1,1,0,1,1,0,1,0,0.42892384105960274,0.413125,0.26397916666666665,-0.019866569362147417,0.9845940545290968,1.0,0.7737499999999999,25.4,False,
483,0,20309225,0.1,B02478/S013568,1,0,1,0,1,0,0,1,1,1,1,0,1,0,1,1,0,1,0.5070198675496689,0.49,0.41442083333333335,0.009091691355872763,0.995399482086318,1.0,0.649375,27.4,False,
483,1,20309226,0.2,B02478/S013568,1,0,1,0,1,0,0,1,1,1,1,0,1,0,1,1,0,1,0.5096895695364237,0.483125,0.4136583333333333,0.009866787208086099,0.9972300674386895,1.0,0.630625,29.0,False,
483,2,20309227,0.3,B02478/S013568,1,0,1,0,1,0,0,1,1,1,1,0,1,0,1,1,0,1,0.5078600993377482,0.491875,0.41467916666666665,0.016325701463924258,0.9983497269210139,1.0,0.6231249999999999,25.2,False,
483,3,20309228,0.4,B02478/S013568,1,0,1,0,1,0,0,1,1,1,1,0,1,0,1,1,0,1,0.5122061258278147,0.5,0.40967499999999996,0.0018370948065521463,0.9987408978847925,1.0,0.628125,12.6,False,
483,4,20309229,0.5,B02478/S013568,1,0,1,0,1,0,0,1,1,1,1,0,1,0,1,1,0,1,0.510430463576159,0.513125,0.41212916666666666,-0.004667893865458988,0.9991603200120028,1.0,0.6375,4.2,False,
484,0,20309325,0.1,B124578/S357,0,1,1,0,1,1,0,1,1,0,0,0,1,0,1,0,1,0,0.5597889072847682,0.573125,0.5811833333333332,0.021008953468107154,0.984872481753833,1.0,0.551875,23.0,False,
484,1,20309326,0.2,B124578/S357,0,1,1,0,1,1,0,1,1,0,0,0,1,0,1,0,1,0,0.5637127483443708,0.553125,0.5794041666666667,0.015588184036249028,0.9852073466642394,1.0,0.5525,25.4,False,
484,2,20309327,0.3,B124578/S357,0,1,1,0,1,1,0,1,1,0,0,0,1,0,1,0,1,0,0.5636341059602649,0.575625,0.5809958333333333,0.01137842018124748,0.9863658324685635,1.0,0.558125,16.8,False,
484,3,20309328,0.4,B124578/S357,0,1,1,0,1,1,0,1,1,0,0,0,1,0,1,0,1,0,0.5644039735099338,0.57125,0.5806916666666667,0.008920791216451271,0.9870338449591024,1.0,0.5525,9.2,False,
484,4,20309329,0.5,B124578/S357,0,1,1,0,1,1,0,1,1,0,0,0,1,0,1,0,1,0,0.5667135761589404,0.571875,0.582125,0.0013426934471939466,0.98666161546909,1.0,0.56375,3.4,False,
485,0,20309425,0.1,B0123478/S4678,1,1,1,1,1,0,0,1,1,0,0,0,0,1,0,1,1,1,0.9400372516556292,0.890625,0.06001249999999999,-0.06179951638201492,0.29259368784123063,1.0,0.990625,23.0,False,
485,1,20309426,0.2,B0123478/S4678,1,1,1,1,1,0,0,1,1,0,0,0,0,1,0,1,1,1,0.6931043046357618,0.6525,0.35828750000000004,-0.1864082650749395,0.8690054065702958,1.0,0.824375,25.2,False,
485,2,20309427,0.3,B0123478/S4678,1,1,1,1,1,0,0,1,1,0,0,0,0,1,0,1,1,1,0.6742549668874173,0.69,0.3822583333333333,0.05189645782502599,0.9059681113271072,1.0,0.70875,19.4,False,
485,3,20309428,0.4,B0123478/S4678,1,1,1,1,1,0,0,1,1,0,0,0,0,1,0,1,1,1,0.6351903973509934,0.6625,0.43462916666666673,0.03669516817706499,0.9442617453642613,1.0,0.649375,4.4,False,
485,4,20309429,0.5,B0123478/S4678,1,1,1,1,1,0,0,1,1,0,0,0,0,1,0,1,1,1,0.6340935430463576,0.650625,0.43539583333333326,0.03172599337748306,0.9453226938668587,1.0,0.673125,3.2,False,
486,0,20309525,0.1,B1245678/S124568,0,1,1,0,1,1,1,1,1,0,1,1,0,1,1,1,0,1,0.7446026490066227,0.755,0.46703749999999994,0.03567826333217091,0.8085393966373349,1.0,0.704375,21.6,False,
486,1,20309526,0.2,B1245678/S124568,0,1,1,0,1,1,1,1,1,0,1,1,0,1,1,1,0,1,0.7468667218543047,0.76625,0.4674250000000001,0.024319776054374156,0.8084717851501271,1.0,0.705625,24.0,False,
486,2,20309527,0.3,B1245678/S124568,0,1,1,0,1,1,1,1,1,0,1,1,0,1,1,1,0,1,0.7480918874172185,0.765625,0.46646666666666664,0.018655237016381672,0.8087745695245284,1.0,0.724375,16.4,False,
486,3,20309528,0.4,B1245678/S124568,0,1,1,0,1,1,1,1,1,0,1,1,0,1,1,1,0,1,0.7489942052980133,0.763125,0.46642500000000003,0.013455690135935417,0.8094981372291364,1.0,0.6875,6.0,False,
486,4,20309529,0.5,B1245678/S124568,0,1,1,0,1,1,1,1,1,0,1,1,0,1,1,1,0,1,0.7481746688741722,0.76625,0.469275,0.00787088271174609,0.8118846849595185,1.0,0.705625,2.6,False,
487,0,20309625,0.1,B168/S1246,0,1,0,0,0,0,1,0,1,0,1,1,0,1,0,1,0,0,0.3315811258278145,0.333125,0.02970416666666667,0.011797664691529994,0.9151113255781935,1.0,1.0,142.2,False,
487,1,20309626,0.2,B168/S1246,0,1,0,0,0,0,1,0,1,0,1,1,0,1,0,1,0,0,0.3356539735099338,0.338125,0.0276875,0.008400901882188717,0.9200127260959813,1.0,1.0,143.0,False,
487,2,20309627,0.3,B168/S1246,0,1,0,0,0,0,1,0,1,0,1,1,0,1,0,1,0,0,0.33706953642384113,0.34,0.029875000000000002,0.013665802544440376,0.9219048325992427,1.0,0.999375,132.6,False,
487,3,20309628,0.4,B168/S1246,0,1,0,0,0,0,1,0,1,0,1,1,0,1,0,1,0,0,0.3370985099337748,0.34,0.02987916666666667,0.010922250784245127,0.9218200743311077,1.0,1.0,129.8,False,
487,4,20309629,0.5,B168/S1246,0,1,0,0,0,0,1,0,1,0,1,1,0,1,0,1,0,0,0.3418418874172186,0.345,0.03588333333333333,0.00842769693272886,0.9259094877417003,1.0,1.0,119.4,False,
488,0,20309725,0.1,B345/S1234578,0,0,0,1,1,1,0,0,0,0,1,1,1,1,1,0,1,1,0.6482864238410595,0.676875,0.3230333333333334,0.19248551324503269,0.891680137833962,1.0,0.9575,21.6,False,
488,1,20309726,0.2,B345/S1234578,0,0,0,1,1,1,0,0,0,0,1,1,1,1,1,0,1,1,0.6723427152317881,0.69,0.33344583333333333,0.06073098204949454,0.9024274332527974,1.0,0.8206249999999999,23.6,False,
488,2,20309727,0.3,B345/S1234578,0,0,0,1,1,1,0,0,0,0,1,1,1,1,1,0,1,1,0.6794536423841059,0.685625,0.33351249999999993,0.017352736144998156,0.9012208107402384,1.0,0.704375,15.8,False,
488,3,20309728,0.4,B345/S1234578,0,0,0,1,1,1,0,0,0,0,1,1,1,1,1,0,1,1,0.6800413907284768,0.67125,0.33862083333333326,0.0013724294179145802,0.9016997119907442,1.0,0.7150000000000001,4.6,False,
488,4,20309729,0.5,B345/S1234578,0,0,0,1,1,1,0,0,0,0,1,1,1,1,1,0,1,1,0.6818749999999999,0.6925,0.3365833333333333,-0.001811933600557894,0.9002922712707471,1.0,0.7581249999999999,3.6,False,
489,0,20309825,0.1,B1234678/S03567,0,1,1,1,1,0,1,1,1,1,0,0,1,0,1,1,1,0,0.7266018211920529,0.713125,0.41352083333333334,0.0315537861624249,0.8362925398239013,1.0,0.6956249999999999,21.6,False,
489,1,20309826,0.2,B1234678/S03567,0,1,1,1,1,0,1,1,1,1,0,0,1,0,1,1,1,0,0.7299254966887417,0.74625,0.41295833333333337,0.02050703642384077,0.8343506128332553,1.0,0.6725,22.0,False,
489,2,20309827,0.3,B1234678/S03567,0,1,1,1,1,0,1,1,1,1,0,0,1,0,1,1,1,0,0.7280546357615895,0.73,0.41491249999999996,0.015861689613105148,0.8387830501625901,1.0,0.67875,17.6,False,
489,3,20309828,0.4,B1234678/S03567,0,1,1,1,1,0,1,1,1,1,0,0,1,0,1,1,1,0,0.7296978476821192,0.739375,0.4126083333333333,0.014764726385500868,0.8382711414472883,1.0,0.663125,5.8,False,
489,4,20309829,0.5,B1234678/S03567,0,1,1,1,1,0,1,1,1,1,0,0,1,0,1,1,1,0,0.7289238410596026,0.735,0.41527916666666664,0.006154692401532658,0.840898194164863,1.0,0.66875,2.2,False,
490,0,20309925,0.1,B0347/S2456,1,0,0,1,1,0,0,1,0,0,0,1,0,1,1,1,0,0,0.6199172185430464,0.633125,0.3187375,0.027973052457301792,0.9508565832190224,1.0,0.7175,21.8,False,
490,1,20309926,0.2,B0347/S2456,1,0,0,1,1,0,0,1,0,0,0,1,0,1,1,1,0,0,0.6209561258278146,0.619375,0.3134625,0.03355949372603657,0.9513236543474547,1.0,0.733125,26.6,False,
490,2,20309927,0.3,B0347/S2456,1,0,0,1,1,0,0,1,0,0,0,1,0,1,1,1,0,0,0.6206705298013245,0.61625,0.3173083333333333,0.014047141861275491,0.9543505291705463,1.0,0.721875,19.2,False,
490,3,20309928,0.4,B0347/S2456,1,0,0,1,1,0,0,1,0,0,0,1,0,1,1,1,0,0,0.6223841059602648,0.626875,0.3177625,0.011615654409201091,0.9545637301577563,1.0,0.71625,8.6,False,
490,4,20309929,0.5,B0347/S2456,1,0,0,1,1,0,0,1,0,0,0,1,0,1,1,1,0,0,0.623294701986755,0.61125,0.3141958333333333,0.003934624433600162,0.9547019270376105,1.0,0.7362500000000001,3.0,False,
491,0,20310025,0.1,B12357/S367,0,1,1,1,0,1,0,1,0,0,0,0,1,0,0,1,1,0,0.5044122516556292,0.49625,0.6205333333333333,0.020752113105611418,0.9954806629090375,1.0,0.556875,28.6,False,
491,1,20310026,0.2,B12357/S367,0,1,1,1,0,1,0,1,0,0,0,0,1,0,0,1,1,0,0.5069453642384106,0.515,0.6190416666666668,0.004524769083304262,0.996694383506842,1.0,0.55625,29.8,False,
491,2,20310027,0.3,B12357/S367,0,1,1,1,0,1,0,1,0,0,0,0,1,0,0,1,1,0,0.5058360927152318,0.5125,0.6225958333333333,0.0023324764726382176,0.9977077929207694,1.0,0.5575,22.2,False,
491,3,20310028,0.4,B12357/S367,0,1,1,1,0,1,0,1,0,0,0,0,1,0,0,1,1,0,0.5061506622516557,0.505625,0.6212208333333332,0.0038209088532586534,0.9990139226543168,1.0,0.55125,11.0,False,
491,4,20310029,0.5,B12357/S367,0,1,1,1,0,1,0,1,0,0,0,0,1,0,0,1,1,0,0.5069163907284768,0.47625,0.6210416666666667,0.0022837879051932283,0.9992302225970455,1.0,0.55,9.2,False,
492,0,20310125,0.1,B01247/S3457,1,1,1,0,1,0,0,1,0,0,0,0,1,1,1,0,1,0,0.5888203642384107,0.5775,0.2874,0.014913079470198307,0.9691608256242058,1.0,0.765625,22.0,False,
492,1,20310126,0.2,B01247/S3457,1,1,1,0,1,0,0,1,0,0,0,0,1,1,1,0,1,0,0.5912127483443708,0.589375,0.2857458333333333,0.015015358138724207,0.9723096261638959,1.0,0.76125,27.4,False,
492,2,20310127,0.3,B01247/S3457,1,1,1,0,1,0,0,1,0,0,0,0,1,1,1,0,1,0,0.5914983443708609,0.59125,0.28657916666666666,0.011068316486580312,0.9734975572703959,1.0,0.756875,20.6,False,
492,3,20310128,0.4,B01247/S3457,1,1,1,0,1,0,0,1,0,0,0,0,1,1,1,0,1,0,0.5910637417218544,0.585,0.2828041666666667,0.00614652317880733,0.9748659445295148,1.0,0.75375,5.6,False,
492,4,20310129,0.5,B01247/S3457,1,1,1,0,1,0,0,1,0,0,0,0,1,1,1,0,1,0,0.5922599337748344,0.608125,0.2762958333333333,0.0019668220634364575,0.9747767195666887,1.0,0.759375,2.8,False,
493,0,20310225,0.1,B2467/S01348,0,0,1,0,1,0,1,1,0,1,1,0,1,1,0,0,0,1,0.49628311258278146,0.51625,0.5131125,0.03770292349250587,0.9941082844325654,1.0,0.811875,27.6,False,
493,1,20310226,0.2,B2467/S01348,0,0,1,0,1,0,1,1,0,1,1,0,1,1,0,0,0,1,0.5013079470198675,0.5325,0.5171833333333332,0.018416695712791586,0.9973335732105002,1.0,0.656875,25.6,False,
493,2,20310227,0.3,B2467/S01348,0,0,1,0,1,0,1,1,0,1,1,0,1,1,0,0,0,1,0.5001614238410595,0.506875,0.5154916666666666,0.006013201463924384,0.9982956807401262,1.0,0.58125,23.2,False,
493,3,20310228,0.4,B2467/S01348,0,0,1,0,1,0,1,1,0,1,1,0,1,1,0,0,0,1,0.5013865894039735,0.548125,0.5161916666666667,0.003291543220634108,0.9991215737979561,1.0,0.5449999999999999,10.0,False,
493,4,20310229,0.5,B2467/S01348,0,0,1,0,1,0,1,1,0,1,1,0,1,1,0,0,0,1,0.5023716887417219,0.476875,0.5183416666666667,-0.002727866852562048,0.9992049336611734,1.0,0.540625,8.6,False,
494,0,20310325,0.1,B025/S347,1,0,1,0,0,1,0,0,0,0,0,0,1,1,0,0,1,0,0.41810016556291396,0.418125,0.40673750000000003,0.0030396043917737944,0.977583499780478,1.0,0.6275,38.6,False,
494,1,20310326,0.2,B025/S347,1,0,1,0,0,1,0,0,0,0,0,0,1,1,0,0,1,0,0.4192259933774835,0.41125,0.4068875,0.002400117636807312,0.9796127655001131,1.0,0.625625,35.8,False,
494,2,20310327,0.3,B025/S347,1,0,1,0,0,1,0,0,0,0,0,0,1,1,0,0,1,0,0.41980960264900663,0.44,0.40611250000000004,0.010069057162774115,0.9804163493821179,1.0,0.625625,25.2,False,
494,3,20310328,0.4,B025/S347,1,0,1,0,0,1,0,0,0,0,0,0,1,1,0,0,1,0,0.4208940397350993,0.43625,0.40793333333333337,-0.0006986319275006459,0.9813444252147734,1.0,0.625,22.8,False,
494,4,20310329,0.5,B025/S347,1,0,1,0,0,1,0,0,0,0,0,0,1,1,0,0,1,0,0.42372102649006627,0.431875,0.40623333333333334,-0.00536489194841443,0.9824953113075551,1.0,0.620625,20.0,False,
495,0,20310425,0.1,B1245/S0124567,0,1,1,0,1,1,0,0,0,1,1,1,0,1,1,1,1,0,0.7600951986754967,0.765625,0.011216666666666663,0.039729544266293944,0.7844773168466644,1.0,1.0,23.4,False,
495,1,20310426,0.2,B1245/S0124567,0,1,1,0,1,1,0,0,0,1,1,1,0,1,1,1,1,0,0.7599627483443707,0.765,0.00932083333333333,0.02949873649355079,0.7881301421023709,1.0,1.0,23.4,False,
495,2,20310427,0.3,B1245/S0124567,0,1,1,0,1,1,0,0,0,1,1,1,0,1,1,1,1,0,0.7565355960264899,0.760625,0.010800000000000004,0.022267994074589827,0.7964760619051723,1.0,1.0,12.6,False,
495,3,20310428,0.4,B1245/S0124567,0,1,1,0,1,1,0,0,0,1,1,1,0,1,1,1,1,0,0.763162251655629,0.7675,0.007904166666666665,0.018242201115370584,0.7867228872825592,1.0,1.0,6.0,False,
495,4,20310429,0.5,B1245/S0124567,0,1,1,0,1,1,0,0,0,1,1,1,0,1,1,1,1,0,0.7622350993377484,0.765,0.010608333333333334,0.01620610404322033,0.7894629108867228,1.0,1.0,1.8,False,
496,0,20310525,0.1,B025/S2468,1,0,1,0,0,1,0,0,0,0,0,1,0,1,0,1,0,1,0.4025041390728477,0.37,0.4167,-0.0007332694318580135,0.9690776485888697,1.0,0.62375,42.2,False,
496,1,20310526,0.2,B025/S2468,1,0,1,0,0,1,0,0,0,0,0,1,0,1,0,1,0,1,0.4022889072847682,0.40375,0.4164833333333333,0.006150117636806839,0.9707860180887232,1.0,0.6131249999999999,42.2,False,
496,2,20310527,0.3,B025/S2468,1,0,1,0,0,1,0,0,0,0,0,1,0,1,0,1,0,1,0.4034519867549669,0.409375,0.41427083333333337,0.00378855873126532,0.9721578789927074,1.0,0.620625,35.0,False,
496,3,20310528,0.4,B025/S2468,1,0,1,0,0,1,0,0,0,0,0,1,0,1,0,1,0,1,0.40238824503311255,0.40625,0.41618333333333335,-0.0005411293133495074,0.9718684109595109,1.0,0.6125,23.0,False,
496,4,20310529,0.5,B025/S2468,1,0,1,0,0,1,0,0,0,0,0,1,0,1,0,1,0,1,0.4051117549668874,0.39875,0.4181375,-0.0023886807249917656,0.9731055296786656,1.0,0.6225,22.2,False,
497,0,20310625,0.1,B347/S1234567,0,0,0,1,1,0,0,1,0,0,1,1,1,1,1,1,1,0,0.7092715231788079,0.75125,0.030475000000000006,0.23059559079818706,0.8073917123816987,1.0,1.0,19.8,False,
497,1,20310626,0.2,B347/S1234567,0,0,0,1,1,0,0,1,0,0,1,1,1,1,1,1,1,0,0.7492715231788081,0.764375,0.03422083333333334,0.05533962181944895,0.8005476123060628,1.0,1.0,23.6,False,
497,2,20310627,0.3,B347/S1234567,0,0,0,1,1,0,0,1,0,0,1,1,1,1,1,1,1,0,0.7724958609271523,0.77625,0.04029166666666668,0.03513517340536679,0.7671810324691308,1.0,1.0,17.6,False,
497,3,20310628,0.4,B347/S1234567,0,0,0,1,1,0,0,1,0,0,1,1,1,1,1,1,1,0,0.7538700331125827,0.7575,0.026812499999999996,0.017789299407458794,0.8021047241877265,1.0,1.0,6.4,False,
497,4,20310629,0.5,B347/S1234567,0,0,0,1,1,0,0,1,0,0,1,1,1,1,1,1,1,0,0.752810430463576,0.75625,0.03810416666666667,0.009330886197281304,0.805325318497666,1.0,1.0,1.4,False,
498,0,20310725,0.1,B013567/S1368,1,1,0,1,0,1,1,1,0,0,1,0,1,0,0,1,0,1,0.48935844370860926,0.505625,0.6171041666666666,0.00026991111885611,0.9940189703897491,1.0,0.56,27.8,False,
498,1,20310726,0.2,B013567/S1368,1,1,0,1,0,1,1,1,0,0,1,0,1,0,0,1,0,1,0.48951572847682123,0.48,0.6181666666666666,-0.00374052370163885,0.9969685714891064,1.0,0.5700000000000001,28.4,False,
498,2,20310727,0.3,B013567/S1368,1,1,0,1,0,1,1,1,0,0,1,0,1,0,0,1,0,1,0.4886009933774835,0.485625,0.6150416666666666,0.007559145172533594,0.9984375026331392,1.0,0.559375,20.8,False,
498,3,20310728,0.4,B013567/S1368,1,1,0,1,0,1,1,1,0,0,1,0,1,0,0,1,0,1,0.49127069536423834,0.490625,0.61705,0.002189351690484116,0.9992961587434157,1.0,0.5606249999999999,12.2,False,
498,4,20310729,0.5,B013567/S1368,1,1,0,1,0,1,1,1,0,0,1,0,1,0,0,1,0,1,0.49045943708609263,0.480625,0.6181708333333333,0.003801629487625757,0.9992623960243507,1.0,0.559375,8.0,False,
499,0,20310825,0.1,B156/S5,0,1,0,0,0,1,1,0,0,0,0,0,0,0,1,0,0,0,0.25030629139072846,0.246875,0.46949583333333333,0.005311301847333458,0.8098545293889813,1.0,0.77875,77.2,False,
499,1,20310826,0.2,B156/S5,0,1,0,0,0,1,1,0,0,0,0,0,0,0,1,0,0,0,0.25019039735099347,0.256875,0.47027083333333336,0.00015880968978708234,0.8106885611243788,1.0,0.6956249999999999,77.6,False,
499,2,20310827,0.3,B156/S5,0,1,0,0,0,1,1,0,0,0,0,0,0,0,1,0,0,0,0.2507574503311258,0.231875,0.4700083333333333,0.0018968935169045788,0.8115245179520764,1.0,0.711875,75.4,False,
499,3,20310828,0.4,B156/S5,0,1,0,0,0,1,1,0,0,0,0,0,0,0,1,0,0,0,0.2522557947019868,0.239375,0.4715166666666667,-0.005625326768909269,0.8135145307203618,1.0,0.691875,69.8,False,
499,4,20310829,0.5,B156/S5,0,1,0,0,0,1,1,0,0,0,0,0,0,0,1,0,0,0,0.2526365894039735,0.26875,0.47072916666666664,-0.008337835482746846,0.8131921476513776,1.0,0.694375,66.8,False,
